county_fips,county,2000,2001,2002,2003,2004,2005,2006,2007,2008,2009,2010,2011,2012,2013,2014,2015,2016,2017,2018,2019,2020,2021,2022,2023,2024
10001,Kent County,71,151,-15,-348,355,107,254,104,154,124,67,216,332,309,252,395,281,159,54,62,11,106,361,523,679
10003,New Castle County,493,1765,1737,1535,1564,1661,1755,1568,1545,1531,225,1090,714,1791,1367,1675,1304,1233,454,69,47,695,2030,3555,4521
10005,Sussex County,85,389,376,335,355,389,401,363,358,361,65,221,166,257,124,168,123,136,-24,-58,6,138,699,1244,1599
1001,Autauga County,5,6,-23,-71,41,-3,25,3,8,1,25,4,-14,12,7,13,-3,-12,-7,-16,0,15,41,102,135
1003,Baldwin County,45,225,218,201,229,237,246,221,215,216,36,177,239,204,113,131,180,86,97,80,13,104,592,904,1228
1005,Barbour County,11,56,53,51,55,59,61,56,55,55,-1,-5,-12,-10,4,13,17,12,12,13,0,0,46,32,124
1007,Bibb County,0,8,6,4,9,7,9,7,7,7,0,10,19,20,14,13,14,10,10,10,0,1,4,6,39
1009,Blount County,24,114,117,106,107,117,120,108,106,106,-2,-16,5,45,40,13,22,-1,5,6,1,9,27,33,87
1011,Bullock County,11,44,43,37,41,47,48,46,44,44,1,17,7,18,6,0,8,8,13,-1,0,1,15,15,22
1013,Butler County,0,4,3,1,7,5,7,4,4,4,0,1,6,7,20,27,28,22,17,18,0,5,11,6,33
1015,Calhoun County,10,89,83,61,94,88,95,79,76,77,-4,26,67,45,66,66,102,69,103,14,0,12,51,79,155
1017,Chambers County,1,20,21,22,25,25,27,25,25,25,6,27,31,29,29,14,13,7,6,6,2,22,155,237,294
1019,Cherokee County,5,20,19,18,19,19,21,17,16,16,1,-2,7,9,-1,-2,-2,-3,-3,-3,0,7,14,36,42
1021,Chilton County,7,53,55,52,57,60,62,59,57,57,-2,28,-3,11,17,29,68,18,35,35,1,20,73,117,245
1023,Choctaw County,0,8,10,11,18,21,23,19,19,19,1,-2,-2,-2,-2,-1,-2,-2,-2,-2,0,1,2,5,-2
1025,Clarke County,1,7,7,4,3,5,5,3,2,3,1,2,3,4,-3,-4,-5,-5,-5,-5,0,0,3,0,8
1027,Clay County,0,6,7,6,9,7,8,8,7,7,0,2,-1,0,0,-2,-2,-2,-2,-2,0,-1,-3,4,1
1029,Cleburne County,3,15,14,12,12,12,13,13,12,13,0,0,-1,-4,-7,-12,-9,-11,-11,-11,0,0,1,11,6
1031,Coffee County,17,47,-24,-139,127,24,94,36,49,35,40,78,210,106,54,90,101,60,51,34,1,26,136,184,348
1033,Colbert County,1,24,19,15,23,24,26,21,21,21,7,29,12,5,3,59,101,69,75,73,2,10,61,60,227
1035,Conecuh County,0,4,4,4,3,4,3,4,3,4,0,0,0,2,0,1,1,1,1,1,0,0,1,5,17
1037,Coosa County,0,1,0,-2,1,-1,0,0,-1,-1,-1,1,-3,4,3,12,17,14,15,13,0,-1,-1,-1,-3
1039,Covington County,1,19,17,11,24,20,24,20,19,19,0,3,-4,-1,-2,-3,-5,-5,-5,-5,0,1,3,6,52
1041,Crenshaw County,0,0,-1,-3,1,-1,1,-1,-1,-1,8,14,15,2,-1,2,4,2,3,3,1,6,27,15,44
1043,Cullman County,26,106,109,103,115,117,118,110,108,109,-2,22,19,36,42,41,63,33,34,34,0,-6,38,53,165
1045,Dale County,26,38,-120,-364,220,-8,150,30,58,21,46,57,167,98,57,114,110,16,19,18,0,12,51,59,117
1047,Dallas County,1,6,4,1,4,2,4,2,2,2,0,-7,-3,-4,-4,1,8,5,5,5,1,10,52,70,118
1049,DeKalb County,57,209,220,203,207,237,238,217,208,211,11,84,61,66,34,27,91,39,53,44,4,35,168,171,534
1051,Elmore County,7,13,-18,-72,51,2,34,10,15,7,8,36,66,79,35,45,51,23,21,25,0,16,49,60,122
1053,Escambia County,0,12,12,9,13,13,15,13,12,12,-2,3,-5,5,-1,2,1,-3,-1,-1,0,0,4,14,12
1055,Etowah County,30,124,124,112,114,122,121,112,110,113,10,33,18,-7,15,38,63,29,37,37,0,19,112,123,262
1057,Fayette County,1,6,5,4,7,6,7,6,5,5,-2,-7,-4,0,4,6,9,5,5,5,0,0,0,-2,-3
1059,Franklin County,30,150,155,148,145,168,167,154,144,147,-2,66,83,109,52,31,48,25,28,29,1,33,109,176,437
1061,Geneva County,2,11,7,2,12,8,11,9,8,8,-1,-11,-11,-7,-4,-6,-6,-7,-7,-7,0,6,30,33,129
1063,Greene County,0,1,1,1,0,1,0,1,0,1,0,0,0,-1,0,1,1,0,0,0,0,0,0,0,0
1065,Hale County,0,3,3,3,3,4,3,4,3,4,8,8,-2,-1,-1,-3,-3,-3,-3,-3,0,1,1,0,0
1067,Henry County,0,10,12,11,9,10,9,10,9,10,5,17,0,8,1,1,3,-1,-1,-1,0,0,0,0,60
1069,Houston County,11,75,65,49,78,71,79,64,63,63,5,27,40,34,27,27,35,19,23,11,0,21,167,203,421
1071,Jackson County,0,13,13,11,15,13,13,13,11,12,7,32,70,53,12,-1,-4,-8,-7,-7,0,12,43,55,73
1073,Jefferson County,318,1159,1180,1078,1156,1283,1305,1184,1148,1151,98,774,671,760,520,668,843,399,453,460,23,266,1318,2132,4231
1075,Lamar County,3,14,12,9,12,11,12,12,11,11,0,2,1,3,-1,0,-1,-1,-1,-1,0,0,-1,0,0
1077,Lauderdale County,10,59,55,43,55,53,56,51,51,52,16,43,39,11,19,40,65,31,35,35,1,32,66,90,143
1079,Lawrence County,1,13,11,13,13,14,14,13,12,14,1,0,2,-2,-3,-1,-2,-3,-3,-3,0,0,0,21,25
1081,Lee County,57,226,208,161,223,210,233,208,210,209,108,480,832,623,476,504,524,309,283,303,20,183,775,1084,1673
1083,Limestone County,9,53,47,39,48,42,46,41,39,39,9,74,57,68,43,36,89,49,62,32,2,19,179,269,353
1085,Lowndes County,0,0,-1,-3,1,-1,0,-1,-1,-1,0,2,-1,0,-1,-1,-1,-1,-1,-1,0,0,9,1,5
1087,Macon County,2,18,16,14,19,19,21,17,16,16,-3,-12,6,5,5,0,5,1,1,1,0,1,36,19,44
1089,Madison County,174,608,547,415,648,608,672,581,577,562,100,513,648,457,402,542,610,362,450,230,9,213,1084,1477,2398
1091,Marengo County,3,22,21,17,23,22,24,22,20,20,1,11,18,15,3,4,9,6,8,3,0,0,21,21,55
1093,Marion County,0,13,13,14,15,18,18,16,15,16,2,10,15,10,-5,2,11,3,3,3,0,12,4,11,42
1095,Marshall County,77,303,320,308,313,346,345,317,305,311,17,163,152,109,16,61,112,58,65,65,4,46,399,543,974
1097,Mobile County,154,569,518,378,568,530,579,492,486,479,122,597,688,588,457,567,605,385,440,266,11,125,505,572,944
1099,Monroe County,0,0,-1,-3,1,-1,1,-1,-1,-1,0,-6,-2,-3,-1,-2,-2,-2,-2,-2,0,0,1,3,9
11001,District of Columbia,1067,3710,3176,2325,2627,2366,2508,2170,2134,2096,696,2414,3384,4737,5205,5024,3451,3541,2749,2604,52,1745,7513,7870,6307
1101,Montgomery County,64,198,39,-207,344,141,281,157,176,142,86,360,613,471,360,449,559,319,302,321,9,130,632,1202,1784
1103,Morgan County,58,246,237,210,218,235,239,218,205,205,18,137,74,11,80,111,215,105,148,113,1,18,165,479,725
1105,Perry County,0,0,0,-1,0,0,0,0,-1,0,0,1,4,-2,-1,5,1,2,1,2,0,0,1,9,17
1107,Pickens County,0,0,-1,-1,0,-1,0,0,-1,0,-1,-4,-2,2,3,9,25,9,14,14,0,3,16,7,44
1109,Pike County,7,34,27,15,34,29,34,28,26,26,28,96,128,112,121,102,127,79,75,79,2,26,78,69,155
1111,Randolph County,0,12,11,9,7,8,6,6,5,7,0,-8,-8,-7,-7,-4,-6,-6,-6,-6,0,1,13,18,29
1113,Russell County,7,58,36,-3,81,51,73,54,56,50,7,-23,104,44,22,44,-11,-47,-58,-49,12,6,43,44,131
1115,St. Clair County,4,25,24,20,31,27,31,29,27,27,11,46,44,39,23,40,43,22,23,23,0,8,23,30,64
1117,Shelby County,52,207,201,160,198,195,207,188,182,179,53,323,208,238,148,161,292,154,173,137,8,137,422,754,1081
1119,Sumter County,0,1,1,2,3,5,6,3,2,3,0,20,41,44,31,50,44,28,27,27,0,6,22,7,12
1121,Talladega County,6,33,32,32,34,36,37,35,34,34,-8,26,33,41,23,42,60,34,38,32,0,15,33,47,126
1123,Tallapoosa County,2,10,9,2,13,9,13,9,9,9,1,6,10,4,-9,-8,9,-1,2,2,0,4,32,63,72
1125,Tuscaloosa County,74,283,275,245,262,275,282,255,250,253,46,242,301,385,289,355,399,196,220,221,4,129,359,639,1176
1127,Walker County,8,39,39,32,35,34,36,31,30,30,3,23,37,29,14,2,8,-4,-3,-1,1,18,53,98,166
1129,Washington County,0,0,-1,-2,1,-1,0,-1,-1,-1,2,19,26,17,23,17,23,15,14,14,0,1,0,1,0
1131,Wilcox County,0,0,0,1,2,1,2,2,1,2,0,0,0,0,0,0,0,0,0,0,0,4,2,0,28
1133,Winston County,6,26,26,23,26,26,26,23,22,23,0,-4,-2,0,5,2,4,1,2,2,0,8,18,40,47
12001,Alachua County,258,919,895,808,799,850,909,821,819,820,273,1219,942,995,1157,1272,1396,1426,1040,798,15,429,1887,2306,2157
12003,Baker County,1,4,1,-5,7,4,7,2,3,2,-1,8,11,6,3,6,8,9,5,5,0,4,68,97,75
12005,Bay County,82,119,-98,-527,415,95,274,74,150,107,76,180,429,274,406,638,634,587,437,277,4,181,1400,1895,2004
12007,Bradford County,2,12,11,4,14,11,14,12,12,11,0,9,13,-1,0,8,7,10,6,2,0,0,-7,5,32
12009,Brevard County,264,700,558,232,754,604,744,550,583,555,227,871,1020,950,1130,1146,1298,1332,1035,429,15,376,1991,2514,2425
12011,Broward County,3798,16017,15409,13712,12901,13838,14330,12924,12668,12714,3128,13709,12313,13104,14205,16898,19936,20560,15473,13055,383,6714,36340,44436,36211
12013,Calhoun County,0,5,4,4,4,6,6,6,5,5,1,6,5,5,5,2,4,3,0,0,0,5,10,15,14
12015,Charlotte County,51,225,227,204,208,213,217,197,194,188,43,186,211,231,239,270,364,369,208,160,1,114,691,882,868
12017,Citrus County,17,87,87,77,79,81,86,75,74,68,15,52,53,48,38,36,45,48,14,-18,0,20,130,171,131
12019,Clay County,73,189,41,-240,359,153,288,144,198,170,112,411,407,268,291,434,441,419,305,170,7,109,625,637,561
12021,Collier County,681,2605,2550,2303,2161,2336,2347,2151,2087,2092,477,1855,1654,1868,1780,2447,3049,3005,2126,1906,53,890,5824,6820,6423
12023,Columbia County,3,42,40,32,43,43,48,41,41,40,4,29,18,21,4,43,54,56,64,4,0,45,229,297,139
12027,DeSoto County,109,432,424,385,355,383,383,353,343,349,14,174,114,77,89,223,264,219,156,154,0,39,173,253,387
12029,Dixie County,0,1,0,0,1,1,1,1,1,1,2,6,2,0,-3,-3,-3,-3,-3,-3,0,0,5,8,19
12031,Duval County,770,1761,843,-1013,2624,1396,2198,1281,1559,1397,634,2554,3139,2836,3020,3743,4109,3952,2823,2008,86,1351,9314,11202,9257
12033,Escambia County,228,262,-333,-1508,1081,177,676,133,345,229,225,351,1269,726,662,859,631,430,47,204,11,164,1302,1530,1499
12035,Flagler County,19,95,89,80,81,80,90,80,79,77,40,206,156,176,92,156,173,178,152,21,2,58,414,518,344
12037,Franklin County,1,4,3,2,3,3,3,3,3,3,5,5,9,7,16,11,4,3,2,2,0,0,14,16,49
12039,Gadsden County,22,87,85,78,80,86,92,85,81,81,17,74,44,67,23,49,70,60,50,41,1,22,119,216,302
12041,Gilchrist County,1,7,7,6,4,6,5,5,4,5,2,6,5,2,2,7,13,9,10,3,0,17,88,124,89
12043,Glades County,5,26,25,23,21,24,28,25,25,27,16,71,36,16,16,22,32,36,26,15,1,6,78,71,87
12045,Gulf County,0,1,1,-2,2,0,2,0,1,0,1,0,6,4,3,3,7,7,7,-2,0,2,28,32,6
12047,Hamilton County,1,21,21,20,15,19,18,16,15,16,1,12,10,7,7,9,1,1,0,-2,0,3,14,-2,1
12049,Hardee County,69,262,257,228,224,239,244,221,223,225,24,125,86,42,-11,23,21,9,-4,-2,1,15,70,125,187
12051,Hendry County,116,451,442,393,389,407,410,378,366,368,41,220,148,173,180,411,581,474,370,341,4,96,804,966,946
12053,Hernando County,16,121,119,106,124,125,144,124,128,124,42,130,85,96,220,280,318,343,366,50,3,75,520,610,538
12055,Highlands County,90,390,390,364,342,370,429,384,391,392,30,204,203,202,375,456,534,530,469,258,6,65,458,503,566
12057,Hillsborough County,1403,5114,4752,3835,4599,4579,5460,4666,4801,4762,1407,6606,6759,6660,7406,9334,10744,10958,9681,5266,274,3311,20994,22862,21054
12059,Holmes County,0,3,3,3,2,3,2,3,2,3,1,7,2,0,-8,-2,-3,-3,-3,-3,0,0,3,3,4
12061,Indian River County,83,323,319,278,288,299,303,277,272,272,30,215,194,234,246,301,349,346,223,205,6,124,664,753,613
12063,Jackson County,3,20,18,15,19,17,26,21,24,23,1,17,12,35,45,35,41,47,37,29,0,13,65,80,62
12065,Jefferson County,0,0,-1,-2,1,0,0,0,0,0,0,1,-3,-2,-1,6,9,9,6,6,0,10,53,19,28
12067,Lafayette County,1,32,33,31,26,29,27,27,24,27,2,14,2,7,30,52,54,61,94,-5,0,0,12,17,59
12069,Lake County,113,443,431,380,389,403,450,402,409,407,106,587,511,641,623,832,948,1021,1155,215,21,340,1713,2325,2669
12071,Lee County,564,1953,1891,1701,1623,1740,1859,1674,1661,1671,540,2477,2184,2186,2362,3326,3852,3927,2995,2183,84,1199,8665,11215,11463
12073,Leon County,172,596,569,500,514,542,562,510,493,490,139,598,628,602,645,669,771,791,537,420,3,289,1290,1807,1658
12075,Levy County,5,29,29,24,31,30,41,35,38,37,11,29,22,5,10,21,23,25,25,-1,1,17,100,122,116
12077,Liberty County,2,11,11,11,9,11,10,10,9,10,-1,-4,-2,-3,-3,1,-2,-2,-1,-5,0,0,0,19,15
12079,Madison County,0,17,16,15,13,14,13,13,11,12,-1,4,5,9,9,30,37,34,30,15,0,15,73,-2,16
12081,Manatee County,288,1051,968,752,976,944,1018,878,884,865,201,955,912,878,848,1282,1481,1460,1067,710,14,445,2859,4074,4077
12083,Marion County,105,419,406,371,376,387,425,382,381,382,107,439,406,433,474,456,540,584,668,15,14,191,1376,2263,2408
12085,Martin County,98,396,380,344,322,346,369,328,330,330,49,217,107,113,155,184,227,232,170,71,2,103,633,824,1119
12086,Miami-Dade County,9852,40585,39451,35539,33117,35810,36562,33153,32291,32380,8388,36377,35183,38319,39444,44139,53387,55190,41730,38016,740,15106,98977,101531,78261
12087,Monroe County,174,483,397,212,500,419,477,383,396,384,82,291,352,409,337,394,446,430,265,273,0,139,1329,1481,752
12089,Nassau County,12,46,31,-1,57,40,52,38,42,38,4,29,62,-13,12,47,46,37,43,-15,-1,16,43,97,74
12091,Okaloosa County,209,109,-539,-1792,998,28,549,-19,203,82,185,165,862,473,462,667,490,315,55,76,21,136,1495,1848,1997
12093,Okeechobee County,56,228,223,206,192,212,211,185,181,183,8,64,61,38,45,96,115,113,65,61,1,35,85,136,193
12095,Orange County,1713,6701,6584,6050,5803,6258,8005,7032,7357,7381,1696,9375,9196,9782,12051,14462,16595,17598,17622,7258,437,5211,28719,34819,30873
12097,Osceola County,473,1722,1718,1638,1588,1704,2676,2299,2541,2546,596,3478,3620,3748,4851,5490,6099,6720,8529,1208,155,1608,9659,10799,10724
12099,Palm Beach County,1936,8033,7794,6965,6496,7025,7268,6562,6425,6454,1450,7181,6897,7974,8344,9942,11953,12207,9033,7748,268,3772,22784,28817,22570
12101,Pasco County,213,709,680,604,597,628,687,601,602,598,136,806,678,664,757,954,1164,1214,952,519,7,399,2339,2978,2817
12103,Pinellas County,787,3121,2989,2572,2647,2771,2943,2606,2574,2561,372,2042,1927,2127,2221,2365,2859,2911,2059,1336,27,797,4063,5068,4358
12105,Polk County,394,1416,1378,1238,1216,1279,1445,1290,1307,1304,426,2596,2365,2098,2483,2682,3036,3229,3672,673,88,826,5142,7229,6277
12107,Putnam County,26,106,102,89,92,95,122,111,112,113,9,5,7,11,6,14,19,19,23,-24,0,25,98,201,256
12109,St. Johns County,46,170,136,75,178,147,183,150,158,153,11,65,144,219,171,236,298,292,182,83,2,133,927,1201,768
12111,St. Lucie County,168,631,617,546,539,580,607,545,534,532,161,612,586,637,793,950,1118,1154,854,603,12,263,2373,3353,2527
12113,Santa Rosa County,63,78,-95,-426,304,54,189,36,95,65,50,13,298,117,61,164,88,9,-96,-68,8,-3,168,342,398
12115,Sarasota County,334,1068,1042,937,872,931,938,854,824,822,128,659,509,598,820,1030,1307,1314,803,724,0,290,2323,3100,2896
12117,Seminole County,434,1414,1373,1229,1198,1272,1555,1353,1403,1386,247,1016,1012,1321,1654,1969,2349,2509,2470,836,37,774,3804,4475,3733
12119,Sumter County,5,73,71,64,65,70,80,70,70,70,-6,-5,-18,-13,-31,2,7,2,-15,-57,2,32,155,191,200
12121,Suwannee County,30,127,128,120,118,121,121,113,109,110,16,37,28,12,0,8,10,8,6,-5,0,4,115,203,226
12123,Taylor County,0,3,3,3,2,3,3,4,3,4,4,14,13,13,19,7,14,14,13,4,0,24,80,107,120
12125,Union County,0,0,0,0,1,1,1,1,1,1,3,10,12,17,9,6,6,8,8,0,0,1,0,6,20
12127,Volusia County,281,906,858,741,753,786,895,786,785,784,143,840,818,1003,1162,1232,1398,1471,1427,420,22,396,1748,2324,2354
12129,Wakulla County,1,7,6,6,7,8,8,8,8,8,0,10,6,5,15,9,9,11,18,-2,0,2,7,35,16
12131,Walton County,13,61,52,36,55,48,55,46,49,49,11,33,27,33,2,32,39,37,5,5,0,4,272,454,542
12133,Washington County,0,16,17,16,15,17,16,15,14,16,3,0,5,4,7,9,12,11,9,9,0,10,51,26,34
13001,Appling County,9,41,38,32,29,31,31,29,27,27,-3,-13,-5,-7,-7,8,8,4,2,2,0,2,43,58,140
13003,Atkinson County,11,56,57,53,48,56,55,48,46,47,0,-1,0,4,3,7,7,2,-2,-1,0,18,96,41,102
13005,Bacon County,1,13,13,12,12,14,13,13,12,13,0,-4,1,8,4,-3,-5,-5,-5,-5,0,2,2,1,2
13007,Baker County,0,5,4,3,4,4,4,3,3,3,0,2,2,3,-1,0,-1,-1,-1,-1,0,0,5,11,22
13009,Baldwin County,1,22,19,13,17,16,18,14,16,14,7,18,28,23,18,36,56,34,26,27,0,10,27,34,173
13011,Banks County,2,22,22,18,15,17,16,16,15,16,1,-2,3,2,5,23,25,15,11,11,0,0,4,39,66
13013,Barrow County,13,70,67,57,57,57,59,52,52,50,15,50,12,21,21,81,102,52,44,44,0,49,221,290,463
13015,Bartow County,43,136,127,108,106,109,110,101,100,99,3,12,7,-6,-13,37,66,27,19,20,1,43,143,142,394
13017,Ben Hill County,5,41,38,35,30,31,32,31,30,30,-1,-4,-4,-5,-1,3,11,7,6,6,0,4,5,19,36
13019,Berrien County,3,9,4,-9,11,5,10,2,5,3,0,6,35,26,14,34,28,18,15,12,0,0,1,-1,27
13021,Bibb County,47,179,151,103,147,131,142,122,123,122,33,106,191,225,159,201,249,160,136,130,0,49,155,347,609
13023,Bleckley County,2,6,5,1,9,6,8,6,8,6,1,9,10,18,7,11,11,5,5,5,0,2,-2,0,1
13025,Brantley County,1,1,-1,-6,5,1,3,1,3,1,-1,-11,-13,-21,-15,-8,6,2,1,1,0,0,24,32,10
13027,Brooks County,2,15,15,4,16,15,18,12,14,12,-2,2,7,12,17,21,28,13,12,12,1,4,47,59,75
13029,Bryan County,8,7,-19,-75,45,5,26,2,12,7,-1,8,111,62,36,68,40,9,-21,-3,4,-1,60,123,191
13031,Bulloch County,26,114,98,77,94,90,95,84,85,85,22,85,135,129,108,105,153,112,104,84,0,28,77,75,212
13033,Burke County,1,6,5,-3,8,5,7,5,6,4,-1,-4,-3,0,-1,1,8,0,-1,-2,0,1,3,5,-1
13035,Butts County,0,3,3,1,5,3,5,3,4,3,-1,-1,0,-1,-2,1,4,0,-2,-3,0,10,26,16,22
13037,Calhoun County,0,1,1,1,0,1,0,1,0,1,2,1,8,6,-1,3,5,3,2,2,0,0,3,3,3
13039,Camden County,71,-18,-261,-789,356,-32,173,-59,33,-8,46,-41,244,108,81,126,83,-6,-53,-29,-1,2,27,10,67
13043,Candler County,10,50,46,34,35,38,38,35,36,37,-2,0,-2,11,7,15,10,4,2,2,0,2,-2,-3,28
13045,Carroll County,58,213,205,186,183,194,202,188,181,179,26,57,86,168,83,117,144,96,91,55,0,36,253,384,648
13047,Catoosa County,2,31,27,23,27,24,26,23,25,23,9,7,19,21,-1,-3,20,7,1,2,0,-11,-2,25,71
13049,Charlton County,0,-1,-1,-4,3,0,2,0,2,0,-4,-20,-9,8,78,99,132,99,97,85,0,5,1,-4,-6
13051,Chatham County,189,453,227,-258,651,349,520,304,372,339,126,352,843,778,515,806,931,537,428,304,23,238,1232,1981,3762
13053,Chattahoochee County,88,-38,-340,-1007,446,-47,213,-77,39,-12,70,79,502,245,172,258,152,50,-8,38,15,-17,30,41,58
13055,Chattooga County,3,36,37,34,34,30,33,31,32,32,3,3,1,4,5,7,10,7,5,5,0,9,44,46,65
13057,Cherokee County,137,562,525,457,437,440,446,419,404,402,38,79,81,80,99,323,462,261,212,217,7,169,754,1053,1915
13059,Clarke County,218,742,695,576,622,609,653,587,586,588,73,222,307,445,311,499,690,451,371,326,2,162,612,740,1364
13061,Clay County,0,1,1,1,0,1,0,1,0,1,0,-3,-3,-4,-5,-2,-2,-2,-2,-2,0,3,6,0,0
13063,Clayton County,440,1611,1462,1157,1305,1281,1329,1174,1146,1135,103,333,590,689,526,768,1060,643,547,423,9,283,1190,1463,2301
13065,Clinch County,1,9,8,8,8,8,8,8,7,7,0,3,9,14,14,10,16,9,8,8,0,2,4,37,37
13067,Cobb County,1231,4694,4383,3747,3599,3734,3805,3426,3328,3322,431,1329,2007,2585,1659,2548,3676,2286,1858,1754,77,1256,5682,6290,9463
13069,Coffee County,42,153,145,128,115,120,119,111,106,108,5,19,44,37,-2,17,24,3,-1,-1,0,20,114,159,251
13071,Colquitt County,75,233,195,118,217,182,202,167,173,169,4,4,23,39,19,37,47,1,-18,-18,2,60,279,422,581
13073,Columbia County,48,120,61,-66,165,78,119,67,83,76,78,124,304,195,174,300,323,137,42,75,13,66,281,397,701
13075,Cook County,6,33,32,25,25,25,27,25,25,24,1,1,2,1,-2,0,0,0,0,0,0,23,65,94,96
13077,Coweta County,68,293,274,241,251,254,259,240,231,230,8,3,71,133,90,234,306,192,180,110,6,107,235,428,649
13079,Crawford County,0,1,1,1,0,1,0,1,0,1,0,4,6,16,9,14,15,10,7,7,0,0,0,2,9
13081,Crisp County,9,45,43,40,36,41,40,35,35,36,0,8,10,18,13,26,28,16,11,11,0,0,-3,0,79
13083,Dade County,4,13,13,9,12,11,10,10,10,11,0,1,-6,-6,-7,-8,-5,-7,-7,-7,0,2,6,0,5
13085,Dawson County,1,17,16,13,10,11,11,11,10,11,-3,-7,-6,1,3,29,21,9,6,6,0,1,52,37,86
13087,Decatur County,9,58,55,43,43,42,42,40,41,41,-4,-10,-15,-6,-10,-3,0,-3,-4,-4,0,4,11,25,52
13089,DeKalb County,1936,7540,7157,6300,5737,6061,6065,5527,5349,5408,864,3020,4275,4840,4003,4918,6984,4683,3908,3831,150,1754,6276,7548,11192
13091,Dodge County,3,21,21,17,16,17,17,15,14,14,0,-2,-1,4,1,8,11,6,5,5,0,3,20,16,35
13093,Dooly County,0,10,11,8,12,10,11,10,11,11,4,17,26,6,-4,-2,-2,-2,-2,-2,0,5,49,40,101
13095,Dougherty County,43,113,43,-114,193,90,145,75,101,91,14,50,98,109,65,85,119,78,76,48,1,14,94,133,276
13097,Douglas County,46,200,188,159,164,170,178,158,156,155,48,83,95,142,86,114,138,62,38,38,1,75,293,350,589
13099,Early County,2,7,8,9,9,11,11,10,10,10,0,2,1,-1,2,6,8,6,4,4,0,0,0,-1,0
13101,Echols County,16,57,55,52,50,54,54,47,47,47,-3,2,3,2,6,7,12,8,7,7,0,1,9,7,54
13103,Effingham County,3,16,11,0,17,13,16,12,15,13,2,9,17,20,31,54,85,46,38,30,1,4,30,78,190
13105,Elbert County,1,24,22,19,21,18,20,18,19,20,0,-8,-6,5,3,2,2,-3,-2,-2,0,0,14,23,70
13107,Emanuel County,26,115,104,96,92,92,94,89,87,88,-2,-3,-5,-6,-1,0,0,-1,-2,-2,0,3,23,22,51
13109,Evans County,7,43,40,32,33,31,32,29,29,28,0,-8,-11,-4,-3,-1,0,0,0,0,0,2,8,4,53
13111,Fannin County,0,5,4,1,6,4,6,4,6,4,-1,-6,-8,-17,-3,-3,-2,-3,-5,-5,0,-1,-3,-3,24
13113,Fayette County,72,232,204,136,214,187,203,169,167,163,47,106,180,195,165,206,319,211,170,166,1,139,359,363,534
13115,Floyd County,78,271,250,214,194,193,194,181,176,178,15,48,98,99,112,176,300,200,175,152,3,69,247,223,387
13117,Forsyth County,107,407,386,340,306,316,318,288,283,283,89,152,202,295,345,611,923,575,438,409,12,359,1266,1568,2091
13119,Franklin County,1,10,10,10,9,10,9,10,9,10,-1,0,2,26,16,26,50,33,26,26,0,10,39,50,65
13121,Fulton County,1511,5790,5466,4758,4406,4613,4645,4226,4085,4093,672,2354,3363,3950,2892,4127,6090,3853,3043,3003,135,1886,6116,6870,10889
13123,Gilmer County,26,113,110,103,93,103,101,93,89,91,7,16,54,69,36,22,23,3,-1,-1,0,18,40,24,154
13125,Glascock County,0,0,-1,-1,0,0,0,0,0,0,0,5,2,1,1,0,0,0,0,0,0,0,0,0,0
13127,Glynn County,42,161,147,117,135,125,130,117,119,118,5,41,110,138,108,55,63,24,16,8,0,51,182,293,586
13129,Gordon County,60,229,220,199,188,203,204,181,176,176,24,19,15,50,22,31,80,37,26,23,3,45,91,129,271
13131,Grady County,30,123,118,102,100,102,105,90,91,90,-1,-14,-22,-1,15,50,50,25,29,0,0,2,67,47,190
13133,Greene County,3,22,23,18,16,20,19,17,16,17,-4,9,18,25,19,18,47,37,34,25,0,11,30,40,28
13135,Gwinnett County,1479,5757,5452,4768,4335,4605,4622,4180,4057,4098,594,1936,2857,3001,2246,3681,5433,3482,3036,2348,186,1907,9902,11889,18997
13137,Habersham County,34,148,138,123,116,123,124,108,109,110,-6,-25,-8,11,9,50,46,12,5,2,3,42,115,135,368
13139,Hall County,458,1834,1744,1527,1382,1456,1445,1318,1281,1294,-1,3,48,105,186,313,418,190,136,73,4,120,1141,1453,2746
13141,Hancock County,0,0,-1,-2,1,0,0,-1,0,0,0,1,5,9,6,4,8,6,7,4,0,0,2,2,5
13143,Haralson County,3,10,9,4,8,6,7,6,7,7,0,-5,-3,-7,-5,-7,2,-2,-2,-5,0,-2,-1,9,14
13145,Harris County,6,14,7,-7,19,8,13,7,11,9,0,4,19,7,1,4,8,-1,-4,-2,2,6,23,42,53
13147,Hart County,5,17,17,14,17,14,15,14,14,14,0,2,5,9,6,3,5,-1,-2,-2,0,2,10,21,109
13149,Heard County,0,2,-1,-1,0,0,0,0,0,0,0,-1,-2,-1,0,-2,-2,-2,-2,-2,0,0,0,0,0
13151,Henry County,27,115,90,45,114,94,109,83,92,87,74,159,186,152,155,171,237,144,140,26,1,71,388,585,981
13153,Houston County,107,127,-139,-700,483,84,302,52,146,100,73,136,438,378,258,414,407,229,171,141,-1,89,189,360,813
13155,Irwin County,1,18,18,18,15,15,14,15,14,15,0,0,1,2,-1,-1,-1,-1,-1,-1,0,0,2,1,9
13157,Jackson County,12,74,71,62,56,62,63,51,52,54,2,16,-3,-8,26,39,60,31,24,26,0,35,223,231,385
13159,Jasper County,3,14,14,13,13,13,12,12,11,12,1,2,3,6,-1,3,2,-1,-1,-1,0,2,21,7,30
13161,Jeff Davis County,5,37,37,32,32,34,34,31,31,32,-2,-8,-1,-3,-3,8,18,9,9,9,0,2,12,21,60
13163,Jefferson County,1,3,3,2,3,3,5,4,5,5,-2,-4,0,5,5,10,12,6,4,5,0,4,9,28,39
13165,Jenkins County,3,16,16,14,13,16,15,14,13,14,-1,-8,-6,-7,-5,27,24,14,9,9,0,8,8,0,1
13167,Johnson County,0,2,2,0,1,1,1,1,1,1,0,0,0,-1,-2,-3,-2,-2,-2,-2,0,0,5,1,1
13169,Jones County,0,13,12,7,10,9,11,8,9,8,0,8,9,0,-1,-1,0,0,0,0,0,1,1,13,21
13171,Lamar County,0,9,7,6,4,5,5,4,3,3,1,5,10,32,28,27,42,29,25,25,0,2,6,12,13
13173,Lanier County,1,5,1,-11,12,4,9,3,5,3,2,5,31,11,7,8,-1,-4,-7,-4,2,22,73,32,68
13175,Laurens County,1,35,32,22,36,30,33,27,29,27,1,4,9,2,5,9,18,10,2,2,1,26,72,55,253
13177,Lee County,10,29,26,16,31,26,29,24,26,24,3,0,20,25,19,16,20,11,7,3,0,4,29,54,74
13179,Liberty County,185,13,-556,-1799,889,-30,475,-72,154,60,79,81,827,333,306,425,227,76,13,-45,12,-8,155,205,239
13181,Lincoln County,1,-1,-3,-7,3,-1,1,-1,1,-1,0,0,7,6,5,3,2,2,2,2,0,0,3,4,12
13183,Long County,16,44,13,-59,86,38,64,33,43,37,6,4,73,57,23,50,39,4,-16,1,2,-3,13,20,56
13185,Lowndes County,57,66,-72,-372,250,44,157,19,69,46,52,83,349,254,180,280,310,148,67,112,6,13,109,135,331
13187,Lumpkin County,12,44,27,2,50,36,45,33,37,34,7,10,8,2,3,-5,1,-8,-13,-13,1,48,87,24,78
13189,McDuffie County,1,5,3,-1,9,6,8,5,7,5,0,-4,-10,-12,-9,-10,-9,-11,-11,-11,0,-6,-5,14,18
13191,McIntosh County,0,1,1,-1,2,0,1,0,1,1,0,-1,0,0,0,-1,-1,-1,-1,-1,0,1,3,5,-1
13193,Macon County,4,17,14,13,15,13,15,13,12,12,7,21,19,4,4,7,7,4,3,4,0,0,14,27,64
13195,Madison County,3,30,28,25,19,21,24,21,22,22,2,12,18,30,16,30,44,26,17,19,0,6,7,53,92
13197,Marion County,6,26,26,17,19,22,24,20,18,17,4,21,21,-1,-4,2,2,-2,-3,-3,0,7,15,24,29
13199,Meriwether County,0,2,3,2,4,5,5,4,4,4,1,2,1,0,1,2,1,0,0,0,0,0,0,0,22
13201,Miller County,0,2,2,2,1,2,0,1,0,2,1,1,4,0,0,0,0,0,0,0,0,0,-1,0,7
13205,Mitchell County,4,28,27,20,23,22,24,22,22,21,0,-9,-1,2,6,26,28,13,8,8,0,-1,0,6,51
13207,Monroe County,4,26,24,20,24,24,26,24,25,23,0,3,1,-7,3,-7,-2,-6,-8,-8,0,-1,8,12,60
13209,Montgomery County,1,18,16,14,15,15,15,14,14,14,0,-1,5,11,4,4,4,4,2,3,0,3,17,11,6
13211,Morgan County,2,14,14,14,13,14,13,14,13,14,-1,-3,-3,-1,-1,-1,1,1,0,1,0,0,3,17,52
13213,Murray County,15,72,67,62,57,56,56,52,50,50,0,-2,0,11,3,68,61,27,21,21,0,8,13,21,154
13215,Muscogee County,211,274,-166,-1131,890,202,587,154,318,252,148,225,1204,705,512,776,641,317,188,204,29,84,452,530,846
13217,Newton County,20,72,72,56,54,53,53,48,47,47,1,15,50,54,49,70,96,58,55,37,1,57,336,325,487
13219,Oconee County,4,46,42,33,41,39,41,37,39,37,6,22,13,8,7,10,79,76,116,4,1,18,61,57,81
13221,Oglethorpe County,0,5,5,5,4,5,4,5,4,5,1,7,19,5,2,5,6,4,3,3,0,6,4,23,45
13223,Paulding County,12,65,52,25,59,45,53,39,42,40,18,28,93,79,45,56,88,50,50,5,5,60,418,549,751
13225,Peach County,15,69,63,46,59,54,55,49,52,52,0,6,29,25,18,34,34,15,11,11,0,-1,7,37,109
13227,Pickens County,2,22,20,18,17,19,18,17,17,18,3,15,13,12,-2,1,4,2,2,2,0,1,-4,36,55
13229,Pierce County,6,23,19,15,17,14,15,11,12,12,1,2,10,-2,-5,-9,-7,-9,-8,-8,0,-1,1,-1,-1
13231,Pike County,0,2,1,1,2,2,4,3,3,3,0,0,1,2,0,3,2,1,0,0,0,2,4,6,16
13233,Polk County,55,164,158,140,138,142,142,127,125,130,15,41,48,59,17,-6,5,-5,-5,-5,0,15,40,88,221
13235,Pulaski County,6,28,24,22,21,19,19,18,18,18,0,-1,-3,-3,-3,-2,-2,-2,-2,-2,0,0,4,16,18
13237,Putnam County,13,51,48,48,42,43,42,40,39,40,-2,-2,1,0,5,8,17,8,3,3,0,8,15,76,207
13239,Quitman County,0,3,4,4,3,4,3,4,3,4,0,-2,-1,-1,0,0,0,0,0,0,0,0,0,0,0
13241,Rabun County,10,58,56,52,49,51,51,47,45,45,-1,3,8,10,7,10,6,3,-1,0,1,6,30,45,128
13243,Randolph County,1,6,6,4,4,5,5,4,4,4,0,1,-1,0,-1,-1,-1,-1,-1,-1,0,0,3,1,11
13245,Richmond County,151,146,-230,-1039,661,89,417,52,192,132,133,150,647,424,262,426,336,149,64,82,5,41,195,369,632
13247,Rockdale County,121,420,392,336,326,334,336,310,299,300,11,16,63,112,23,78,113,63,53,38,0,45,164,288,402
13249,Schley County,0,5,6,4,7,6,7,5,6,6,0,-1,0,0,0,15,19,14,12,12,0,0,0,1,0
13251,Screven County,4,11,11,8,10,9,10,7,7,7,0,3,3,3,2,3,3,3,2,3,0,0,0,1,21
13253,Seminole County,2,1,-5,-18,11,1,6,-1,2,0,0,0,0,0,0,0,-1,-1,-1,-1,0,1,2,4,7
13255,Spalding County,31,117,116,99,93,89,91,87,87,85,8,22,29,14,7,9,16,5,2,3,0,3,74,127,272
13257,Stephens County,0,14,14,11,12,16,15,12,13,14,4,6,-12,1,-4,-1,9,0,0,0,0,7,10,29,55
13259,Stewart County,0,2,2,1,0,1,0,1,0,1,2,18,41,95,111,187,263,190,170,170,0,68,111,61,4
13261,Sumter County,6,37,34,30,27,29,28,26,26,27,0,2,9,5,5,27,55,33,26,27,0,12,24,71,83
13263,Talbot County,0,2,1,1,0,2,1,2,1,2,0,-1,0,0,0,0,0,0,0,0,0,0,0,0,0
13265,Taliaferro County,0,1,1,1,0,1,0,1,0,1,0,0,0,3,0,1,1,1,1,1,0,0,0,0,0
13267,Tattnall County,24,88,81,62,71,68,70,60,58,57,2,7,12,6,-1,44,84,70,84,32,0,6,1,31,54
13269,Taylor County,0,1,0,-2,4,2,4,2,3,1,0,-2,-1,1,0,0,0,0,0,0,0,-1,9,7,12
13271,Telfair County,1,12,10,8,9,8,8,8,8,8,5,3,39,40,15,67,92,64,50,50,0,19,32,16,-5
13273,Terrell County,0,2,2,1,3,4,4,3,3,3,0,1,0,0,0,0,0,0,0,0,0,0,1,3,1
13275,Thomas County,6,40,38,28,39,41,44,34,34,32,4,5,8,17,36,25,38,22,17,18,0,-3,12,32,93
13277,Tift County,58,196,180,142,159,157,162,137,137,135,-3,-5,2,4,-1,12,21,0,-5,-4,0,3,49,82,175
13279,Toombs County,32,112,108,100,97,103,104,98,94,94,5,-7,-5,7,-9,-8,-4,-9,-7,-17,2,17,59,102,195
13281,Towns County,2,16,16,15,12,13,12,13,12,13,0,-2,3,2,2,6,9,6,4,4,0,7,5,4,22
13283,Treutlen County,0,14,14,10,7,10,9,9,7,8,0,0,3,5,7,9,12,7,6,6,0,0,0,0,0
13285,Troup County,17,95,91,82,81,84,86,77,76,74,6,7,21,68,78,116,177,115,94,94,0,37,170,396,678
13287,Turner County,4,23,22,21,19,22,21,21,20,21,0,-1,-5,-5,-4,-1,0,0,0,0,0,0,0,15,25
13289,Twiggs County,0,0,-1,-4,3,0,2,0,2,0,0,4,2,1,12,17,25,19,13,14,0,0,0,0,0
13291,Union County,0,3,2,2,1,2,1,2,1,2,1,3,2,5,8,-9,-5,-5,-6,-6,0,7,28,14,44
13293,Upson County,13,52,53,47,43,47,46,41,39,40,3,-2,-3,-6,-2,1,1,-2,-4,-4,0,6,-4,-4,11
13295,Walker County,5,36,33,29,34,33,36,31,33,31,1,-17,-15,-26,-1,25,53,26,18,18,0,7,17,27,81
13297,Walton County,9,62,62,56,54,58,59,52,51,51,1,-15,28,52,41,29,23,3,-2,-9,1,25,122,177,346
13299,Ware County,14,67,58,47,53,49,52,43,47,48,2,1,15,25,2,-5,1,-6,-6,-6,0,3,46,89,212
13301,Warren County,0,1,1,1,0,1,0,1,0,1,0,-1,0,1,1,2,2,1,1,1,0,0,1,7,1
13303,Washington County,0,6,5,4,3,4,3,4,3,4,0,0,-1,0,0,2,4,1,1,1,0,0,3,19,34
13305,Wayne County,2,22,17,7,23,17,20,16,18,16,-2,-5,-1,13,11,30,34,13,8,8,0,53,48,51,92
13307,Webster County,0,7,7,6,5,6,5,6,5,6,0,1,-3,0,0,1,1,0,0,0,0,1,6,21,26
13309,Wheeler County,0,13,14,16,16,21,20,20,19,20,0,0,0,-1,0,0,0,0,0,0,0,0,0,0,0
13311,White County,2,16,15,12,12,15,14,11,10,11,1,2,23,23,16,21,16,15,20,2,0,2,16,23,56
13313,Whitfield County,233,969,923,814,732,778,774,699,673,679,-45,-82,5,-1,-26,147,239,87,50,41,2,37,308,572,918
13315,Wilcox County,0,1,1,1,0,1,1,0,0,0,0,1,2,1,0,1,3,1,1,1,0,0,-2,0,-1
13317,Wilkes County,2,13,12,11,10,11,10,11,9,10,0,0,0,11,11,30,28,10,6,6,0,3,8,26,24
13319,Wilkinson County,0,13,13,7,11,11,13,10,10,8,0,-2,0,-2,0,0,0,0,0,0,0,0,2,3,2
13321,Worth County,0,9,8,6,13,11,13,10,12,10,1,-9,-5,0,1,2,5,3,0,0,0,1,-1,0,11
15001,Hawaii County,150,509,499,438,454,490,495,443,438,432,168,638,709,451,224,466,841,393,425,427,13,327,608,751,919
15003,Honolulu County,1660,4157,1884,-2687,6053,3153,4713,2663,3366,2956,1562,5489,8122,4498,3129,5829,7126,3467,3153,3736,105,1378,3336,4758,4676
15005,Kalawao County,0,1,1,1,0,1,0,1,0,1,0,0,0,0,0,0,0,0,0,0,0,0,0,0,0
15007,Kauai County,37,172,173,154,155,160,163,147,148,148,87,415,435,241,128,272,447,247,261,269,0,108,179,198,254
15009,Maui County,198,651,623,550,528,578,576,518,504,496,158,687,850,491,373,700,1184,540,573,582,5,239,475,643,739
16001,Ada County,250,812,701,507,621,561,608,525,522,515,60,822,514,651,755,1227,1178,624,26,26,16,175,1711,1994,2284
16003,Adams County,0,2,4,4,4,7,6,6,5,6,0,0,0,0,1,1,1,1,1,1,0,2,1,5,4
16005,Bannock County,8,79,70,47,60,64,67,53,56,55,6,88,97,164,196,393,367,231,62,66,1,31,243,184,213
16007,Bear Lake County,0,1,1,1,0,1,0,1,0,1,0,0,1,3,0,1,4,1,2,2,0,2,17,11,8
16009,Benewah County,0,3,3,3,2,3,2,3,2,3,0,2,1,2,1,7,2,1,1,1,0,0,1,0,9
16011,Bingham County,15,88,85,81,81,85,86,79,78,77,-3,-39,-24,9,23,55,65,30,7,8,1,9,20,50,45
16013,Blaine County,25,131,130,119,114,129,127,120,119,121,5,47,41,59,33,97,233,121,117,119,6,46,399,337,416
16015,Boise County,0,11,9,8,14,13,15,12,14,12,0,9,1,3,0,2,8,4,1,1,1,11,66,24,10
16017,Bonner County,2,13,13,6,6,5,6,4,6,4,0,9,-2,-10,-7,25,26,6,-13,-13,0,11,111,88,53
16019,Bonneville County,34,108,108,86,86,96,95,81,79,80,-1,30,-26,18,20,89,91,12,-35,-33,2,14,111,136,362
16021,Boundary County,0,4,2,-2,2,0,1,0,2,0,1,5,10,10,3,22,27,15,1,2,0,19,73,70,9
16023,Butte County,0,4,5,5,4,6,5,6,4,5,0,-1,-3,-2,1,2,2,1,0,0,0,0,0,-1,2
16025,Camas County,0,1,1,2,1,2,1,2,1,2,0,-1,-2,-1,0,0,0,0,0,0,0,1,0,37,2
16027,Canyon County,101,408,382,325,336,347,350,315,305,303,-17,14,40,22,-64,71,165,-3,-90,-96,10,55,840,1295,1766
16029,Caribou County,0,6,6,6,5,9,8,8,7,8,0,6,13,14,4,5,10,6,7,7,0,6,4,0,30
16031,Cassia County,12,62,64,57,52,56,55,54,51,52,1,-1,46,30,-1,37,27,3,3,3,1,41,132,332,322
16033,Clark County,0,19,18,19,18,20,19,19,18,19,1,6,17,6,2,2,2,1,2,2,0,2,-1,5,3
16035,Clearwater County,0,0,1,0,1,1,1,1,1,1,0,3,2,1,2,6,4,3,0,0,0,2,7,2,1
16037,Custer County,0,2,3,1,2,2,2,2,2,2,0,2,2,1,0,1,1,1,0,0,0,3,0,5,5
16039,Elmore County,55,56,-108,-399,269,27,165,26,80,48,47,55,252,153,133,218,157,70,6,40,6,41,185,127,129
16041,Franklin County,0,27,26,22,22,25,25,23,22,22,0,-5,-2,-5,-16,-14,-13,-14,-15,-14,0,1,11,38,13
16043,Fremont County,8,55,51,44,47,45,47,40,41,41,1,-1,13,3,2,14,16,4,4,5,0,4,26,21,43
16045,Gem County,8,32,29,25,30,31,33,27,28,26,3,20,10,3,2,19,14,8,-1,-1,0,8,281,188,162
16047,Gooding County,16,66,64,59,60,64,62,58,54,58,2,32,42,21,-9,-4,11,-3,0,0,2,11,43,141,242
16049,Idaho County,2,7,5,5,3,6,5,5,4,5,-1,-3,-2,1,3,9,4,3,1,1,0,1,16,9,18
16051,Jefferson County,6,46,39,30,31,28,30,24,26,26,0,2,8,8,3,10,24,4,-1,-1,1,5,56,90,80
16053,Jerome County,24,90,82,79,70,73,71,67,66,67,6,27,84,128,12,60,171,84,93,93,5,75,189,349,295
16055,Kootenai County,6,48,40,23,36,25,29,23,25,23,-16,-12,-32,-55,-69,-47,-79,-99,-118,-118,0,-37,30,11,-3
16057,Latah County,17,75,64,52,57,56,60,49,49,48,0,101,56,131,125,266,279,174,49,52,4,51,388,225,172
16059,Lemhi County,0,8,8,7,5,7,6,7,5,6,0,2,-1,1,-1,-6,-4,-4,-4,-4,0,1,0,6,3
16061,Lewis County,0,1,1,1,0,1,0,1,0,1,0,-1,-2,0,5,11,12,8,3,3,0,0,4,0,0
16063,Lincoln County,0,19,24,22,22,29,28,25,23,24,-1,-1,19,28,6,15,39,23,22,23,0,6,19,65,57
16065,Madison County,8,45,46,42,43,46,46,41,43,43,-12,32,-23,-8,1,108,115,52,-13,-12,-2,20,418,396,408
16067,Minidoka County,19,94,99,90,86,99,96,90,85,88,2,41,80,80,1,1,27,-6,2,3,1,27,39,155,57
16069,Nez Perce County,4,29,29,24,28,29,31,27,28,26,0,25,8,13,15,9,-4,-12,-20,-20,0,5,75,11,22
16071,Oneida County,0,2,1,0,3,2,3,3,3,3,0,6,10,5,4,3,0,-2,-3,-3,0,0,0,0,0
16073,Owyhee County,15,68,63,63,64,69,69,65,60,60,1,3,4,27,-3,7,6,-6,-5,-5,0,2,8,48,68
16075,Payette County,5,23,20,19,19,18,17,16,16,17,-4,-15,-10,-22,-27,-26,-28,-35,-34,-34,0,3,5,19,38
16077,Power County,7,37,41,37,33,35,34,33,33,34,-2,6,36,38,15,8,6,-4,-1,-1,0,10,29,91,65
16079,Shoshone County,0,5,4,2,3,3,3,3,3,3,0,4,3,0,10,19,21,15,6,6,0,0,1,7,11
16081,Teton County,2,61,62,60,54,61,60,58,55,56,1,6,46,31,6,26,53,31,14,15,0,-1,32,114,171
16083,Twin Falls County,60,230,212,178,172,172,176,162,160,160,34,225,207,234,147,265,347,190,67,65,3,37,255,388,457
16085,Valley County,0,4,4,4,5,5,5,5,5,5,0,-4,-5,-9,-7,-8,-10,-13,-14,-14,0,-2,5,8,7
16087,Washington County,10,37,36,30,27,25,23,22,21,23,0,-5,-5,-4,-5,-8,-8,-8,-8,-8,0,1,58,98,95
17001,Adams County,3,16,13,7,17,14,14,10,9,8,5,12,13,29,46,27,23,27,18,18,0,2,11,23,34
17003,Alexander County,0,1,1,1,0,1,0,1,0,1,1,0,0,1,0,0,0,0,0,0,0,0,0,0,0
17005,Bond County,0,3,1,1,1,1,0,0,1,0,3,19,10,9,8,8,5,6,4,4,0,3,8,13,5
17007,Boone County,40,144,130,112,92,89,89,84,80,81,-7,-27,-58,-30,-2,19,11,14,2,2,0,-3,15,80,185
17009,Brown County,0,2,1,-1,0,1,0,0,0,0,0,2,4,3,-1,5,6,6,5,5,0,2,0,0,0
17011,Bureau County,0,15,13,9,12,11,12,8,9,8,2,13,14,15,23,23,17,21,17,18,0,4,34,40,65
17013,Calhoun County,0,1,1,1,0,1,0,1,0,1,0,2,2,3,0,1,1,1,1,1,0,0,0,0,0
17015,Carroll County,0,11,11,9,4,5,4,4,3,4,0,8,10,4,1,2,2,2,2,2,0,2,3,7,2
17017,Cass County,36,123,107,83,86,84,84,79,76,75,7,33,41,39,45,45,49,55,54,44,0,26,83,168,169
17019,Champaign County,285,1065,966,837,783,797,799,732,721,729,380,2071,1809,1927,1856,2064,1804,2127,1633,1608,30,708,2273,3250,3549
17021,Christian County,4,15,12,7,13,14,14,10,9,8,3,18,13,-1,-2,1,0,1,-1,-1,0,1,1,3,2
17023,Clark County,0,2,2,1,2,3,2,2,2,2,0,-1,-6,-3,0,-2,-2,-3,-3,-3,0,0,-4,14,30
17025,Clay County,0,6,6,6,5,6,5,6,5,6,3,17,1,-2,-1,0,1,1,1,1,0,0,0,0,-1
17027,Clinton County,7,11,0,-26,24,9,15,3,7,5,1,2,-1,-1,5,5,1,2,-2,-2,0,15,44,81,37
17029,Coles County,1,33,31,23,28,28,28,25,26,25,7,29,26,55,75,93,61,73,50,51,0,18,66,156,115
17031,Cook County,10378,40978,37290,31297,27212,27477,27578,24932,24156,24236,2808,19034,15720,16626,17140,17721,14599,17877,12490,11637,249,6599,30861,60294,73648
17033,Crawford County,0,8,6,5,4,5,4,5,4,5,1,9,5,5,4,-3,0,1,1,-2,0,0,1,2,8
17035,Cumberland County,0,2,2,2,1,2,1,2,1,2,4,14,15,9,2,2,1,1,0,0,0,1,2,3,0
17037,DeKalb County,94,337,314,273,246,245,249,230,225,226,42,149,218,216,189,243,226,270,197,198,3,117,380,345,367
17039,De Witt County,0,9,6,5,4,7,6,6,4,5,0,-1,0,1,2,1,0,0,0,0,0,1,5,-3,-3
17041,Douglas County,2,26,26,20,18,19,18,17,17,16,7,28,21,6,-2,1,1,0,-3,-3,0,4,17,62,62
17043,DuPage County,1334,5470,5002,4221,3671,3744,3724,3366,3248,3261,419,3073,2711,2547,2862,3111,2491,3063,2114,2050,93,1254,5853,8842,9113
17045,Edgar County,0,1,1,-1,2,2,2,0,2,1,0,-5,-2,-3,1,4,5,7,5,5,0,-1,3,6,14
17047,Edwards County,0,1,1,1,0,1,0,1,0,1,0,1,1,0,0,0,0,0,0,0,0,1,3,3,1
17049,Effingham County,0,14,13,10,9,10,9,8,9,8,-1,12,5,20,23,11,11,12,11,6,0,7,39,74,73
17051,Fayette County,0,2,1,1,2,3,2,2,3,2,5,24,18,-1,3,0,-2,-2,-2,-2,0,3,1,12,8
17053,Ford County,0,5,6,3,5,6,5,5,5,5,2,1,1,0,1,1,2,2,2,2,0,9,33,51,59
17055,Franklin County,1,4,2,-1,5,4,4,2,4,3,0,12,13,21,7,-2,-2,-2,-2,-2,0,2,4,12,16
17057,Fulton County,0,0,1,-2,2,2,2,0,2,1,1,-2,-2,0,9,17,13,12,13,5,0,1,0,8,9
17059,Gallatin County,0,1,1,1,0,1,0,1,0,1,0,0,0,0,0,0,0,0,0,0,0,0,1,0,0
17061,Greene County,0,-1,-1,-2,1,1,0,0,1,0,1,7,6,0,1,2,1,1,1,1,0,0,0,0,2
17063,Grundy County,8,42,39,36,30,30,29,28,26,27,-2,-1,-8,-4,3,6,12,15,8,8,0,18,42,85,82
17065,Hamilton County,0,1,1,1,0,1,0,1,0,1,0,0,1,0,1,0,0,0,-1,0,0,0,0,-2,-1
17067,Hancock County,0,0,0,-1,2,3,2,0,2,1,0,2,3,6,3,4,3,3,1,2,0,0,5,14,12
17069,Hardin County,5,9,9,6,5,6,5,6,5,6,0,0,0,0,0,0,0,0,0,0,0,-1,-1,-1,-1
17071,Henderson County,0,1,1,1,0,1,0,1,0,1,0,-6,-2,2,0,2,2,1,1,1,0,0,1,1,0
17073,Henry County,3,24,21,15,22,20,20,18,20,19,-3,2,-3,11,10,5,-1,1,0,-1,0,0,-1,8,24
17075,Iroquois County,3,33,31,20,20,21,20,17,18,17,3,11,12,15,7,3,0,0,-2,-2,0,0,2,19,42
17077,Jackson County,79,291,272,228,232,231,235,216,211,210,54,242,259,248,216,197,198,236,181,184,1,76,242,291,357
17079,Jasper County,0,1,1,1,0,1,0,1,0,1,0,2,8,8,11,8,12,15,12,12,0,2,8,7,7
17081,Jefferson County,1,10,6,1,9,7,8,5,7,6,10,33,32,52,30,23,21,27,25,14,0,4,9,16,24
17083,Jersey County,0,2,3,4,3,4,3,4,3,4,2,16,22,25,19,26,21,25,20,20,0,2,14,20,19
17085,Jo Daviess County,3,23,21,16,12,13,12,11,10,11,4,17,7,10,8,-8,-9,-9,-9,-9,0,1,9,6,12
17087,Johnson County,0,1,0,0,1,2,1,1,2,1,0,0,0,-1,0,0,0,0,-1,0,0,0,6,8,8
17089,Kane County,791,2971,2662,2227,1892,1884,1878,1709,1657,1671,51,500,174,242,567,501,184,207,21,-81,5,190,1400,3128,4372
17091,Kankakee County,34,159,150,129,114,116,114,106,101,102,12,107,75,53,62,66,45,49,32,29,0,42,163,291,418
17093,Kendall County,29,88,82,68,58,57,57,56,51,52,12,109,100,102,171,131,121,142,106,107,1,61,297,448,558
17095,Knox County,2,18,15,10,15,13,13,10,12,11,17,67,52,85,105,95,81,98,77,77,0,46,174,225,154
17097,Lake County,1263,3353,2305,-79,3461,2338,2857,1812,2093,2010,290,1221,2023,1627,1684,2134,1400,1491,688,817,105,522,3339,5428,5384
17099,LaSalle County,18,106,96,77,84,80,80,72,73,72,10,62,40,43,45,40,42,44,29,29,0,26,94,170,240
17101,Lawrence County,0,4,4,3,2,4,3,3,2,3,0,-2,1,-2,-1,6,3,6,4,4,0,2,3,8,12
17103,Lee County,0,18,14,13,13,14,13,11,12,11,0,2,4,1,6,7,8,8,7,7,0,3,23,34,37
17105,Livingston County,2,19,13,8,14,13,13,11,13,12,3,21,28,12,36,39,34,39,32,32,0,11,26,48,39
17107,Logan County,1,10,10,7,10,10,9,8,9,8,1,16,17,7,12,13,14,20,13,13,0,4,12,13,23
17109,McDonough County,21,83,78,68,70,72,72,65,65,64,13,27,46,87,82,91,85,100,77,77,0,12,43,41,50
17111,McHenry County,237,773,703,575,519,525,525,463,452,442,27,230,137,201,159,107,67,86,20,7,1,46,204,651,637
17113,McLean County,88,305,285,245,244,246,248,231,227,230,114,617,614,655,734,754,632,764,568,567,12,207,632,904,1125
17115,Macon County,6,54,47,29,50,44,46,35,36,34,21,60,65,58,62,44,35,50,34,34,0,52,183,216,242
17117,Macoupin County,1,3,2,-2,6,5,5,2,3,2,2,7,4,7,1,1,3,3,3,3,0,2,23,18,34
17119,Madison County,38,119,92,18,134,99,113,80,90,88,31,123,143,86,54,46,19,29,4,1,1,42,166,251,464
17121,Marion County,0,1,0,-2,3,3,3,0,2,1,0,2,9,8,26,22,16,15,10,10,0,2,5,12,26
17123,Marshall County,0,1,1,-1,3,3,3,0,2,1,2,0,-2,3,2,1,1,1,1,1,0,0,4,5,1
17125,Mason County,1,-1,-2,-5,2,1,1,-1,1,0,1,0,2,0,0,0,0,0,0,0,0,1,4,2,5
17127,Massac County,0,1,1,1,0,1,0,1,0,1,0,0,4,2,1,-4,-3,-3,-3,-3,0,0,-6,-4,-5
17129,Menard County,1,3,1,-2,5,4,4,1,2,1,0,-4,-4,-4,-4,-4,-4,-4,-4,-4,0,2,2,6,1
17131,Mercer County,0,4,3,1,2,3,2,2,2,2,0,4,3,3,2,2,1,1,0,0,0,0,1,1,2
17133,Monroe County,0,10,9,8,7,7,6,6,5,6,-1,-6,-7,-6,2,1,0,5,0,0,0,3,0,-1,-1
17135,Montgomery County,1,0,-1,-4,3,2,2,-1,1,0,0,3,-4,-1,1,-1,0,0,0,0,0,1,5,8,-1
17137,Morgan County,1,12,11,6,13,11,11,7,9,8,3,28,29,32,33,43,43,53,44,44,0,4,11,26,12
17139,Moultrie County,0,2,2,0,4,4,4,2,4,3,0,2,1,0,3,3,3,3,3,3,0,1,6,6,5
17141,Ogle County,31,127,112,93,88,89,89,79,78,77,2,6,7,7,28,30,16,16,5,5,0,15,21,56,76
17143,Peoria County,73,301,277,213,245,242,253,213,215,216,78,390,427,417,314,335,298,351,258,258,1,202,661,1009,1088
17145,Perry County,0,2,0,0,1,2,1,1,2,1,3,23,17,17,3,4,4,5,4,4,0,4,5,16,12
17147,Piatt County,1,6,5,4,6,7,6,3,5,4,1,3,3,2,2,-1,-1,-1,-1,-1,0,0,1,4,22
17149,Pike County,0,4,4,2,3,4,3,2,2,2,0,-1,0,0,-1,-1,-1,-1,-1,-1,0,4,9,14,13
17151,Pope County,0,2,2,2,1,2,1,1,0,1,0,2,3,1,-1,-1,0,0,0,0,0,-1,-1,0,1
17153,Pulaski County,0,1,1,1,0,1,0,1,0,1,0,2,2,3,3,2,2,2,2,2,0,0,-1,1,-1
17155,Putnam County,0,2,2,1,1,3,2,2,2,2,1,1,2,2,2,0,0,0,0,0,0,0,0,0,0
17157,Randolph County,0,0,-1,-4,2,1,1,-1,1,0,0,8,6,-1,5,9,8,11,8,8,1,21,54,69,141
17159,Richland County,0,0,0,-1,1,1,0,0,1,0,0,4,3,-1,6,5,1,3,1,1,0,1,8,10,23
17161,Rock Island County,86,302,271,227,226,212,215,199,198,198,59,336,398,466,474,376,341,409,312,298,1,136,472,839,995
17163,St. Clair County,142,73,-194,-904,574,156,344,25,150,122,73,67,325,154,186,270,137,122,6,61,-5,56,261,400,535
17165,Saline County,1,7,7,5,8,7,6,5,7,6,2,7,6,3,2,0,-2,-2,-2,-2,0,0,4,13,9
17167,Sangamon County,32,111,85,28,124,96,109,81,88,85,28,231,248,261,261,271,232,278,201,203,1,106,333,491,523
17169,Schuyler County,0,1,1,-1,3,3,3,1,3,2,3,-1,0,13,4,6,6,7,6,6,0,3,11,3,2
17171,Scott County,0,0,0,-1,0,1,0,0,0,0,0,0,0,0,1,0,6,7,6,6,0,0,0,1,2
17173,Shelby County,0,0,1,-1,3,3,3,0,2,1,1,8,5,5,2,0,0,0,0,0,0,3,6,1,1
17175,Stark County,0,-1,-1,-3,1,1,0,-1,1,0,0,1,0,0,0,2,2,2,2,2,0,1,4,6,8
17177,Stephenson County,10,67,58,46,46,44,46,39,41,40,2,7,9,30,28,20,26,30,23,24,0,4,52,110,167
17179,Tazewell County,6,46,38,23,38,33,35,26,28,26,3,22,20,40,47,74,76,88,74,67,0,26,45,46,44
17181,Union County,2,17,13,10,9,11,10,10,9,8,0,6,7,3,7,2,1,0,-1,0,0,2,21,34,36
17183,Vermilion County,6,54,47,38,41,39,39,33,35,34,6,21,15,18,29,31,24,33,18,19,0,13,28,37,42
17185,Wabash County,0,3,3,3,1,3,2,2,1,2,0,19,23,29,32,33,33,39,34,34,0,3,12,25,20
17187,Warren County,0,4,4,4,4,5,4,4,5,4,3,28,49,45,49,47,42,42,36,37,0,9,31,57,65
17189,Washington County,0,2,2,0,4,3,3,0,2,1,0,-1,0,1,3,2,4,4,5,0,0,1,1,0,0
17191,Wayne County,0,3,3,3,1,2,1,2,1,2,1,3,2,11,9,4,3,4,3,3,0,10,63,60,75
17193,White County,0,3,3,2,1,2,1,2,1,2,0,5,2,4,2,8,4,7,1,2,0,3,14,7,8
17195,Whiteside County,8,47,42,35,39,36,35,32,33,32,4,16,2,1,0,0,-3,-6,-9,-7,0,18,45,65,33
17197,Will County,365,1115,999,804,708,699,696,615,592,581,151,933,687,457,444,505,350,461,223,171,4,371,1849,3434,3744
17199,Williamson County,1,14,12,-1,11,8,9,6,8,7,6,37,47,66,61,46,45,46,37,28,0,26,67,77,40
17201,Winnebago County,267,873,783,643,578,574,573,524,506,510,66,345,374,338,373,431,434,503,394,329,3,230,743,1265,1382
17203,Woodford County,0,5,5,3,7,7,7,5,7,6,4,10,18,11,12,9,7,8,6,6,0,5,27,43,27
18001,Adams County,1,21,20,16,16,15,16,16,15,15,1,9,8,8,3,-3,6,1,8,8,0,3,4,35,39
18003,Allen County,258,908,874,779,760,807,817,745,729,735,186,778,770,604,531,395,677,442,757,747,8,339,1326,1611,2110
18005,Bartholomew County,66,264,250,220,216,226,229,208,201,203,69,258,315,298,413,410,578,383,621,629,19,248,796,702,1063
18007,Benton County,0,1,0,-2,2,0,2,1,0,0,0,0,5,1,2,1,1,1,1,1,0,0,13,17,34
18009,Blackford County,0,1,1,1,0,1,0,1,0,1,1,6,9,-1,3,7,9,7,10,10,0,3,6,3,16
18011,Boone County,7,27,26,19,25,24,25,20,21,22,18,46,52,39,42,24,67,44,81,72,0,45,144,133,152
18013,Brown County,2,5,3,1,2,0,2,0,0,0,1,-3,-5,-1,-2,-3,-3,-3,-3,-3,0,0,5,8,2
18015,Carroll County,2,24,22,23,21,21,22,22,20,21,1,-3,7,3,6,3,13,10,16,16,1,8,13,21,16
18017,Cass County,26,106,106,97,81,90,88,81,78,81,24,62,107,99,80,32,97,81,123,112,2,43,237,251,245
18019,Clark County,19,124,122,107,112,112,120,109,106,108,25,73,94,49,34,-14,47,26,69,64,0,43,211,223,413
18021,Clay County,0,11,9,4,14,10,14,10,10,10,2,-1,-1,-1,-1,-2,1,1,1,1,0,2,4,2,1
18023,Clinton County,52,188,183,167,161,173,177,165,158,159,10,22,32,9,-4,0,17,11,28,20,0,14,85,199,312
18025,Crawford County,0,0,-1,-1,0,-1,0,0,-1,0,0,0,0,0,0,0,3,3,5,0,0,0,-1,-1,0
18027,Daviess County,11,56,56,51,52,55,57,52,49,49,7,28,14,13,0,6,22,19,30,21,0,39,187,244,119
18029,Dearborn County,1,14,13,7,16,16,18,15,13,13,3,-13,-9,-14,-20,-11,-11,-13,-8,-15,0,3,13,12,24
18031,Decatur County,7,37,36,29,29,28,29,28,27,28,10,37,25,36,8,11,17,9,17,17,1,12,29,16,51
18033,DeKalb County,1,21,21,19,17,16,17,17,16,16,4,10,0,-3,-11,-7,-8,-9,-9,-9,0,4,15,34,52
18035,Delaware County,35,161,157,140,151,155,162,142,140,141,33,144,169,144,161,106,172,120,193,180,4,46,132,215,285
18037,Dubois County,13,77,79,75,70,78,77,69,66,68,14,40,41,40,56,40,90,63,101,101,1,23,120,225,295
18039,Elkhart County,237,993,967,887,831,900,908,817,787,790,3,-31,64,93,85,56,180,98,228,209,8,160,862,904,1560
18041,Fayette County,0,3,2,-1,3,1,3,2,1,1,0,0,3,8,6,2,14,13,15,15,0,4,13,15,26
18043,Floyd County,8,36,32,26,30,25,28,24,24,24,1,-11,13,22,21,3,54,35,62,62,1,47,119,83,131
18045,Fountain County,0,9,9,9,10,10,10,10,9,10,-1,-3,0,0,1,2,2,1,3,3,0,2,20,-1,15
18047,Franklin County,0,3,2,2,3,2,3,2,1,2,3,12,9,7,22,3,7,2,6,6,0,6,32,14,5
18049,Fulton County,2,26,25,21,20,21,21,19,18,19,5,2,-4,-3,-4,1,-1,-2,-1,-1,0,8,14,3,18
18051,Gibson County,1,15,14,12,11,11,10,10,9,11,0,-1,1,4,0,22,61,44,65,64,0,24,23,35,55
18053,Grant County,0,20,17,15,22,20,22,20,19,19,3,16,16,13,14,18,31,16,34,26,0,14,126,161,216
18055,Greene County,1,5,3,2,5,3,5,2,2,2,1,1,7,-1,5,0,4,4,4,4,1,13,35,19,26
18057,Hamilton County,101,368,337,290,292,295,301,277,272,272,188,642,690,605,599,486,771,496,885,792,33,580,2132,2176,2776
18059,Hancock County,1,7,10,8,14,11,13,10,10,10,1,-18,-3,-10,-10,0,22,16,31,18,1,16,83,81,169
18061,Harrison County,5,24,21,17,21,20,22,17,16,16,4,13,10,12,11,17,15,11,20,20,0,4,23,32,40
18063,Hendricks County,27,105,94,81,80,84,84,75,72,74,88,257,318,168,179,148,271,186,302,273,7,100,531,700,922
18065,Henry County,1,4,2,-1,4,2,4,2,2,2,1,0,4,3,5,3,4,1,4,4,0,1,3,7,16
18067,Howard County,11,70,70,62,69,69,72,65,64,64,24,82,53,19,31,9,30,19,37,37,3,27,73,79,76
18069,Huntington County,0,14,13,9,11,9,11,7,6,6,3,9,7,8,13,5,14,9,20,20,1,21,53,87,104
18071,Jackson County,24,110,111,106,102,115,118,108,103,104,17,54,93,69,83,80,134,103,161,114,1,77,364,485,574
18073,Jasper County,0,16,17,17,17,19,18,19,17,18,0,-1,6,1,17,-5,6,4,11,3,0,1,19,10,168
18075,Jay County,3,31,31,29,24,27,25,24,23,25,-1,2,2,4,0,-1,-6,-7,-7,-7,0,2,17,21,38
18077,Jefferson County,1,17,14,13,16,17,19,17,15,15,0,5,10,4,16,7,15,12,24,10,1,17,42,34,41
18079,Jennings County,0,11,9,10,11,10,11,11,10,11,1,2,0,-7,-5,-1,-2,-3,-1,-1,0,1,4,4,57
18081,Johnson County,24,108,99,88,101,98,102,92,89,88,58,191,204,151,222,210,320,220,362,302,3,73,305,633,922
18083,Knox County,9,44,42,38,39,37,39,32,31,31,8,18,11,5,3,4,16,11,20,20,0,16,113,115,67
18085,Kosciusko County,34,152,140,128,122,123,124,114,114,116,14,29,45,29,34,37,80,51,98,85,2,89,166,133,322
18087,LaGrange County,10,49,47,42,43,41,43,40,39,39,3,11,24,7,-5,-5,-2,-3,0,0,0,7,23,16,30
18089,Lake County,212,675,633,554,517,541,578,504,496,493,12,39,181,60,107,28,225,43,308,260,14,224,914,836,1309
18091,LaPorte County,28,115,100,90,81,84,84,76,71,74,4,-6,15,-4,7,-12,21,7,42,7,0,8,41,94,169
18093,Lawrence County,3,18,15,11,16,14,16,13,13,13,6,34,26,16,8,2,4,-1,5,5,0,8,15,36,11
18095,Madison County,19,93,89,85,83,84,90,83,79,79,21,61,87,27,39,31,57,47,82,64,1,33,80,89,247
18097,Marion County,745,2805,2692,2381,2347,2503,2545,2313,2233,2239,677,2581,3060,2539,2812,2539,4305,3018,4813,4759,156,1835,9757,12215,14520
18099,Marshall County,40,152,139,122,118,120,122,107,104,107,13,26,28,17,20,32,51,31,55,56,0,2,71,90,118
18101,Martin County,0,0,-1,-2,1,-1,0,0,-1,-1,0,0,4,0,-1,-2,-1,-1,-1,-1,0,0,0,1,3
18103,Miami County,0,4,2,-2,5,2,4,1,1,1,0,-8,-1,12,16,13,24,18,28,26,0,7,14,25,59
18105,Monroe County,139,517,500,440,440,461,464,432,417,421,212,927,1011,802,940,799,1152,777,1217,1218,18,350,1033,972,1246
18107,Montgomery County,9,63,61,59,59,66,67,61,58,58,0,-7,-2,22,25,7,32,26,44,44,0,5,78,66,119
18109,Morgan County,3,25,24,25,34,37,39,34,33,33,8,17,20,17,25,32,46,29,44,45,1,18,69,95,83
18111,Newton County,1,15,16,16,14,15,13,14,13,15,2,8,8,22,11,6,18,15,25,25,0,11,36,75,75
18113,Noble County,53,198,195,176,167,181,177,163,151,157,2,-20,-10,-4,-12,3,11,-3,15,15,0,25,71,82,179
18115,Ohio County,0,0,-1,-1,0,-1,0,0,-1,0,0,-3,-3,-1,1,-1,4,5,8,0,0,1,2,0,0
18117,Orange County,3,12,11,10,8,8,7,7,5,6,0,3,3,8,8,9,14,13,15,15,0,0,2,3,2
18119,Owen County,0,3,2,1,4,3,4,3,2,2,0,-2,3,1,4,5,7,5,5,5,0,2,5,13,9
18121,Parke County,0,0,-1,-2,1,-1,0,0,-1,-1,1,3,0,2,-1,0,4,3,5,5,0,0,1,0,0
18123,Perry County,0,7,6,7,7,9,9,8,6,7,0,-3,-5,-3,-3,0,0,-2,-1,-1,0,4,29,22,26
18125,Pike County,0,2,1,0,1,1,1,1,0,1,0,2,3,2,4,9,10,6,11,11,0,0,-3,-2,-1
18127,Porter County,42,171,159,138,136,135,138,123,122,124,28,101,128,72,94,43,98,42,102,103,0,52,212,170,219
18129,Posey County,0,10,9,8,8,8,9,8,7,7,-1,2,4,3,3,2,4,3,4,4,0,2,2,8,17
18131,Pulaski County,0,3,2,0,3,1,2,2,1,1,1,1,1,4,4,11,13,9,14,14,0,7,14,14,21
18133,Putnam County,3,21,20,16,16,16,17,16,15,16,9,32,45,28,33,28,38,20,40,40,0,26,46,64,71
18135,Randolph County,0,15,13,10,12,12,11,11,10,12,0,-5,-5,0,6,7,10,4,9,10,0,13,51,66,140
18137,Ripley County,0,6,5,3,5,5,6,5,3,3,4,23,26,15,24,7,9,5,9,9,0,4,12,13,11
18139,Rush County,0,5,3,3,2,4,3,3,2,3,0,-2,-3,-1,3,-1,4,3,7,7,0,2,13,10,7
18141,St. Joseph County,198,714,685,614,576,611,613,565,548,552,114,345,454,467,541,396,718,489,842,802,7,255,980,1136,1451
18143,Scott County,0,2,2,2,1,2,1,2,1,2,0,-4,3,8,19,14,16,11,20,20,0,1,7,21,46
18145,Shelby County,17,75,73,60,60,58,59,54,54,55,8,35,8,0,20,11,30,20,32,32,0,22,95,104,148
18147,Spencer County,0,13,14,15,13,15,14,15,14,15,0,0,-1,1,0,-2,-2,-2,-3,-2,0,7,15,11,6
18149,Starke County,5,22,21,19,22,22,23,22,20,20,0,-3,-2,-2,-2,-1,-2,-2,-2,-2,0,6,15,19,34
18151,Steuben County,7,30,29,25,27,25,26,21,20,21,1,-3,10,20,11,-4,12,5,16,15,0,10,30,56,63
18153,Sullivan County,0,0,0,-2,2,0,2,0,0,0,-1,-1,2,1,-2,-2,-2,-2,-2,-2,0,0,10,0,-1
18155,Switzerland County,0,1,1,1,0,1,0,1,0,1,2,2,0,12,11,7,12,10,13,13,0,1,1,3,-1
18157,Tippecanoe County,256,1019,1007,898,862,939,953,880,854,856,314,1466,1703,1507,1691,1356,1933,1313,2064,2070,39,650,2203,2118,2612
18159,Tipton County,1,7,8,7,5,6,5,6,4,5,0,-1,-1,1,10,3,5,4,7,7,0,8,9,19,27
18161,Union County,0,1,0,-2,1,-1,0,0,-1,-1,0,-1,-1,0,-9,-9,-10,-10,-10,-10,0,2,2,0,3
18163,Vanderburgh County,30,158,149,132,135,134,137,125,122,122,29,125,199,136,108,86,191,109,216,217,7,114,368,713,764
18165,Vermillion County,1,5,4,3,5,3,4,4,3,3,0,1,1,10,9,7,16,11,17,17,0,3,4,2,18
18167,Vigo County,28,131,121,97,107,99,105,97,96,95,49,169,196,121,134,123,191,117,193,194,1,53,239,288,324
18169,Wabash County,0,1,0,-1,2,0,1,1,0,0,2,1,21,8,-3,1,10,6,10,10,0,4,18,15,17
18171,Warren County,0,0,0,0,0,0,0,0,-1,0,0,4,2,4,2,0,2,3,4,4,0,1,7,14,4
18173,Warrick County,0,19,19,16,20,18,20,15,15,15,16,55,70,64,61,40,52,31,58,58,0,22,100,80,84
18175,Washington County,0,6,4,2,7,6,8,5,5,5,1,10,1,-2,0,0,0,0,0,0,0,5,22,9,5
18177,Wayne County,11,60,56,52,49,52,55,51,45,45,-3,-29,0,13,44,24,63,42,79,70,0,47,104,92,203
18179,Wells County,0,4,1,-1,3,1,3,1,1,1,3,18,18,15,26,15,30,22,32,31,0,8,37,48,74
18181,White County,12,65,63,65,62,65,64,61,57,59,5,7,2,11,19,16,28,22,32,28,0,17,129,142,249
18183,Whitley County,0,19,17,14,15,14,14,14,13,14,4,17,9,10,16,5,10,7,12,12,0,5,7,6,21
19001,Adair County,0,2,2,1,2,2,2,2,1,2,0,0,1,0,0,3,3,4,3,2,0,4,9,13,13
19003,Adams County,0,0,0,-1,0,0,0,0,-1,0,0,0,0,0,0,0,0,0,0,0,0,0,1,1,1
19005,Allamakee County,13,101,80,73,62,61,62,55,54,54,22,20,16,19,20,30,30,26,16,16,0,11,95,98,145
19007,Appanoose County,1,5,3,3,2,1,1,1,0,2,1,1,1,2,5,4,1,2,0,0,0,3,3,12,14
19009,Audubon County,0,3,2,2,1,2,1,2,1,2,0,0,1,2,1,1,1,1,1,1,0,1,7,10,2
19011,Benton County,0,5,4,3,2,0,1,1,0,1,6,2,4,4,5,9,7,13,6,6,0,5,13,9,3
19013,Black Hawk County,136,429,367,282,230,196,198,177,176,179,33,254,179,348,427,321,313,323,187,188,7,208,430,714,649
19015,Boone County,1,7,3,-2,8,3,7,4,2,2,1,-1,-2,-6,-10,-14,-13,-15,-15,-15,0,2,0,-1,6
19017,Bremer County,0,7,6,2,2,1,2,2,1,2,2,8,9,38,34,30,33,39,23,23,0,21,24,28,12
19019,Buchanan County,1,4,3,2,3,3,3,3,2,3,1,5,3,11,7,9,7,5,3,4,0,14,29,40,22
19021,Buena Vista County,40,155,143,128,111,115,115,105,99,102,27,67,49,120,86,96,101,99,36,40,6,60,175,236,176
19023,Butler County,0,0,-1,-1,0,0,0,0,-1,0,2,5,8,11,14,8,11,13,6,6,0,5,9,18,19
19025,Calhoun County,0,3,2,2,0,1,0,1,0,1,0,3,0,0,5,5,6,7,4,4,0,0,2,6,6
19027,Carroll County,0,7,6,5,5,4,4,4,3,4,1,5,1,7,5,6,11,9,7,7,0,11,36,14,6
19029,Cass County,1,3,2,0,4,2,4,1,0,0,5,3,1,1,0,1,10,14,7,7,0,1,2,9,13
19031,Cedar County,0,1,0,-1,2,-1,0,0,-2,-2,2,4,4,14,14,5,0,1,-1,0,0,4,10,16,10
19033,Cerro Gordo County,4,30,24,21,16,16,17,15,14,15,9,19,25,45,29,24,30,22,15,15,0,14,36,72,44
19035,Cherokee County,0,0,-1,-1,0,-1,0,0,-1,0,1,-1,-1,3,11,4,4,7,3,3,0,0,-1,37,27
19037,Chickasaw County,0,7,6,4,5,4,5,5,4,5,-1,0,0,1,9,13,11,1,6,6,0,-1,50,66,64
19039,Clarke County,1,7,6,4,5,5,5,5,4,5,1,-1,-2,11,4,11,28,33,19,19,1,23,29,11,28
19041,Clay County,3,21,18,13,15,14,15,14,12,12,0,-4,-3,6,6,7,8,11,4,4,0,4,11,13,64
19043,Clayton County,0,10,8,5,2,3,2,2,0,1,1,2,3,6,9,8,14,15,9,9,0,4,15,16,8
19045,Clinton County,2,44,44,37,41,44,45,38,36,36,7,15,15,47,32,35,38,32,12,12,0,10,6,16,38
19047,Crawford County,23,93,88,77,70,72,71,66,65,67,22,21,15,34,34,83,85,27,37,38,2,26,77,155,118
19049,Dallas County,20,82,71,55,65,59,63,57,57,56,32,231,208,293,317,250,222,240,112,115,2,133,283,632,658
19051,Davis County,0,1,-1,-1,0,0,0,0,-1,0,0,0,0,0,0,0,0,0,0,0,0,3,32,27,15
19053,Decatur County,0,6,5,5,5,5,5,3,2,3,-1,10,9,4,7,11,9,10,5,3,0,6,9,16,6
19055,Delaware County,0,2,2,2,1,2,1,2,1,2,0,1,1,14,14,9,10,6,5,5,0,2,5,6,1
19057,Des Moines County,3,32,26,23,25,23,26,21,22,22,6,9,4,31,26,23,24,29,28,-12,1,39,41,92,70
19059,Dickinson County,0,3,3,3,3,3,3,3,1,2,-1,3,5,7,11,5,9,10,5,5,1,13,12,14,8
19061,Dubuque County,27,122,109,82,71,57,62,55,54,54,19,107,52,101,84,77,122,131,62,60,1,51,131,189,196
19063,Emmet County,0,11,11,10,7,7,6,7,6,8,18,61,2,9,4,8,10,12,10,5,0,3,6,1,4
19065,Fayette County,0,9,7,5,3,2,1,2,1,2,2,27,18,25,30,22,24,25,13,13,0,13,22,20,20
19067,Floyd County,0,13,12,10,12,13,14,12,9,10,2,-3,-6,-6,-4,19,19,21,34,-5,0,-1,5,11,0
19069,Franklin County,5,51,56,52,51,56,55,52,49,50,5,0,-3,5,11,6,9,10,6,6,0,-1,27,54,82
19071,Fremont County,0,4,2,-1,2,0,1,1,0,0,0,3,1,2,2,3,3,4,2,2,0,0,1,1,0
19073,Greene County,0,2,1,1,0,0,0,0,-1,0,3,1,4,3,-2,0,-1,-1,-1,-1,0,1,1,12,9
19075,Grundy County,0,1,0,-2,1,-1,0,0,-1,-1,0,1,1,1,0,0,0,0,0,0,0,6,6,17,23
19077,Guthrie County,0,3,0,0,1,1,1,1,0,1,1,3,1,4,7,5,7,6,5,5,0,3,13,38,8
19079,Hamilton County,3,13,13,10,7,6,6,4,2,3,0,-5,8,19,19,9,7,4,0,1,0,2,50,116,157
19081,Hancock County,1,11,10,10,10,13,14,12,9,10,0,1,2,4,7,4,4,2,1,1,0,4,17,5,7
19083,Hardin County,0,15,15,12,11,10,11,9,8,9,1,14,6,30,13,10,17,17,10,10,0,17,83,53,40
19085,Harrison County,1,6,4,2,3,2,3,2,1,1,0,0,0,0,-2,-2,-1,-1,-1,-1,0,0,1,5,3
19087,Henry County,0,6,6,5,9,7,9,7,7,7,11,11,3,5,21,17,23,29,20,6,0,2,8,21,22
19089,Howard County,0,1,1,1,0,1,0,1,0,1,2,10,1,2,-3,-4,-4,-4,-4,-4,0,2,11,7,33
19091,Humboldt County,1,14,11,9,7,11,10,11,8,9,1,2,2,8,6,9,11,2,5,5,0,3,23,37,17
19093,Ida County,0,0,0,-1,0,0,0,0,-1,0,0,0,0,2,2,8,1,2,1,1,0,0,4,4,29
19095,Iowa County,0,2,2,1,0,1,0,1,0,1,0,-4,-2,-6,-2,-4,-1,-1,-2,-2,0,0,-2,-1,0
19097,Jackson County,0,0,-1,-2,1,-1,0,0,-1,-1,1,1,1,0,2,0,2,2,2,2,0,6,14,17,9
19099,Jasper County,3,26,25,19,20,17,18,16,15,16,3,13,3,8,-1,6,18,3,10,10,0,30,48,114,89
19101,Jefferson County,2,22,19,13,12,12,11,11,10,11,39,231,235,364,305,220,244,273,142,142,5,112,130,256,227
19103,Johnson County,167,559,515,433,402,403,409,369,354,357,204,1101,677,1034,1091,823,884,1041,488,478,42,551,905,1122,994
19105,Jones County,0,1,0,0,1,0,1,1,0,1,0,9,3,15,38,18,16,15,10,11,0,0,0,4,21
19107,Keokuk County,0,1,0,0,1,0,1,1,0,1,0,1,1,4,5,6,6,6,4,4,0,2,7,5,7
19109,Kossuth County,1,5,4,2,5,3,4,4,3,3,0,8,2,8,8,7,7,9,5,5,0,4,38,42,36
19111,Lee County,3,20,16,13,14,14,16,12,11,11,5,19,10,4,-1,-4,-4,-3,-5,-5,0,0,-4,0,82
19113,Linn County,82,293,261,211,197,183,181,166,163,170,87,385,246,408,392,351,362,381,168,168,17,355,663,1098,977
19115,Louisa County,5,38,31,27,26,28,27,25,25,26,2,22,24,48,57,45,45,45,16,17,0,26,57,35,31
19117,Lucas County,0,1,1,1,0,1,0,1,0,1,3,16,2,0,0,-1,-2,-2,-2,-2,0,2,10,6,61
19119,Lyon County,0,3,2,2,1,1,0,1,0,1,0,0,2,1,1,1,6,6,5,5,0,3,28,44,22
19121,Madison County,0,-1,-2,-4,2,-1,1,-1,-1,-1,5,5,2,17,16,6,6,8,3,3,0,0,1,2,11
19123,Mahaska County,6,26,22,19,16,17,15,14,12,14,3,7,3,36,33,30,31,38,15,15,0,8,18,48,31
19125,Marion County,1,11,9,6,8,5,6,6,5,5,8,16,14,11,15,5,10,13,4,4,0,6,3,37,28
19127,Marshall County,33,151,136,111,98,101,100,88,85,90,68,167,124,182,106,114,122,34,34,35,14,121,322,323,306
19129,Mills County,2,5,1,-1,5,1,3,1,0,0,3,-2,-2,-2,-2,4,8,-2,3,3,0,4,13,1,0
19131,Mitchell County,0,0,-1,-1,0,0,0,0,-1,0,1,6,2,1,4,1,2,3,1,1,0,7,29,33,25
19133,Monona County,0,0,-1,-2,1,-1,0,0,-1,-1,2,4,1,4,3,-1,0,0,0,0,0,2,6,1,2
19135,Monroe County,1,3,2,0,1,1,1,1,0,1,2,2,3,8,4,2,6,6,4,4,0,0,0,-2,-2
19137,Montgomery County,1,8,7,5,8,5,7,5,5,5,1,-3,0,7,6,2,4,3,1,1,0,0,2,8,8
19139,Muscatine County,19,85,81,69,61,59,57,54,53,57,12,42,28,115,96,104,98,107,79,47,2,25,142,122,160
19141,O'Brien County,0,11,10,9,11,10,11,10,9,10,0,8,3,4,8,6,2,2,1,1,0,9,46,76,58
19143,Osceola County,0,5,4,3,2,3,2,3,2,3,5,3,2,10,8,8,7,1,2,2,0,4,17,18,24
19145,Page County,0,7,6,5,8,5,6,6,5,5,2,5,4,17,14,10,9,-4,1,1,0,3,5,7,10
19147,Palo Alto County,0,6,5,1,2,2,2,1,0,1,2,11,6,14,20,23,23,27,12,12,0,0,0,9,11
19149,Plymouth County,0,15,11,9,9,6,8,6,6,6,1,5,5,27,38,27,25,31,17,17,1,33,64,78,51
19151,Pocahontas County,0,4,3,2,3,1,2,2,0,1,0,1,0,0,2,5,4,2,0,0,0,4,31,36,19
19153,Polk County,432,1425,1261,1001,863,820,832,743,723,728,413,1595,935,1445,1320,934,963,1037,381,385,66,814,2132,3553,3395
19155,Pottawattamie County,14,66,56,38,45,34,39,33,33,33,16,-4,-5,76,72,28,37,3,-9,-8,2,77,253,212,137
19157,Poweshiek County,2,21,16,14,9,10,10,8,7,8,7,44,20,34,43,30,29,36,9,9,1,10,32,44,62
19159,Ringgold County,0,0,0,-1,0,0,0,0,-1,0,0,0,1,0,2,4,2,2,1,1,0,0,1,2,0
19161,Sac County,0,7,6,3,3,3,4,4,3,4,0,0,0,0,0,0,0,0,0,0,0,0,4,11,7
19163,Scott County,63,261,232,188,166,152,157,141,134,134,23,156,115,281,300,249,215,204,95,65,4,83,320,343,484
19165,Shelby County,0,1,1,1,0,2,1,2,0,1,0,1,8,11,12,-1,-1,0,-1,-1,0,2,70,43,35
19167,Sioux County,8,38,32,26,23,20,21,20,18,20,23,61,44,86,78,60,66,42,24,24,0,32,208,209,241
19169,Story County,128,525,490,417,394,397,408,379,365,367,138,909,587,891,939,700,708,841,369,355,16,278,519,725,683
19171,Tama County,0,14,10,9,7,8,7,7,6,7,1,5,1,1,4,13,10,-1,3,3,2,15,48,44,31
19173,Taylor County,0,2,2,1,1,2,2,1,0,1,3,2,1,16,16,7,3,0,1,1,0,7,23,15,13
19175,Union County,0,6,6,5,4,5,4,5,4,5,2,10,6,13,15,7,8,9,4,4,0,13,61,21,24
19177,Van Buren County,0,0,-1,-1,0,0,0,0,-1,0,0,1,0,0,0,0,0,0,0,0,0,0,1,0,1
19179,Wapello County,3,38,33,27,31,31,32,28,27,28,31,57,66,119,121,101,133,151,87,87,0,55,192,325,270
19181,Warren County,0,10,6,3,8,4,6,3,3,3,4,25,18,26,7,7,6,5,1,1,0,6,26,41,35
19183,Washington County,1,13,11,9,10,10,11,10,7,8,2,1,-2,6,18,12,2,4,-1,-1,1,22,37,41,23
19185,Wayne County,0,0,0,-1,0,1,1,0,-1,0,0,7,0,0,0,-1,1,1,0,0,0,0,0,3,2
19187,Webster County,3,32,31,25,24,23,25,21,21,21,3,39,30,49,53,66,64,50,29,28,1,21,146,217,157
19189,Winnebago County,3,23,19,14,8,8,7,7,6,7,1,2,-3,1,1,7,5,5,1,1,0,3,11,4,10
19191,Winneshiek County,0,9,7,7,5,5,4,4,3,4,-2,6,-2,1,4,11,13,16,4,4,0,16,10,32,64
19193,Woodbury County,105,406,353,286,278,273,278,254,247,247,73,199,160,212,200,158,231,194,102,100,4,179,551,712,656
19195,Worth County,0,3,3,2,0,2,1,1,0,1,0,1,1,1,1,1,1,1,0,0,0,1,3,6,5
19197,Wright County,2,35,30,27,27,28,29,27,25,26,7,8,4,9,16,14,22,16,11,11,0,19,135,146,172
20001,Allen County,0,5,5,1,4,2,3,2,4,2,0,4,5,8,2,23,15,4,8,8,0,4,2,22,44
20003,Anderson County,0,3,2,3,2,3,2,3,2,3,0,-3,-3,-3,-3,-3,-4,-4,-4,-4,0,0,0,3,10
20005,Atchison County,0,4,3,2,1,2,2,1,1,2,0,-3,-2,-2,-1,1,0,-4,-2,-2,0,-1,1,23,43
20007,Barber County,0,2,1,1,0,1,0,1,0,1,0,0,1,1,0,0,1,1,1,1,0,1,0,0,2
20009,Barton County,21,80,78,64,63,65,66,60,60,59,5,-18,-16,9,34,9,11,-12,4,5,1,19,13,10,50
20011,Bourbon County,0,3,3,1,3,1,3,1,3,1,0,12,16,21,24,23,19,5,9,9,0,0,-1,-1,-1
20013,Brown County,0,10,12,10,8,10,9,9,8,9,0,-1,2,3,1,2,-1,-1,-1,-1,0,0,2,16,12
20015,Butler County,6,42,37,19,41,30,35,28,31,29,2,49,35,41,12,38,36,9,25,20,0,35,91,161,259
20017,Chase County,0,3,2,2,1,2,1,2,1,2,0,0,0,0,0,0,0,0,0,0,0,1,14,32,56
20019,Chautauqua County,0,2,2,2,1,2,1,2,1,2,0,0,1,0,0,0,0,0,0,0,0,0,0,0,1
20021,Cherokee County,0,8,8,5,4,5,4,5,4,5,-1,-9,-5,-7,-4,0,13,6,10,10,0,1,-1,-2,-3
20023,Cheyenne County,0,6,6,5,2,3,2,3,2,3,0,1,4,5,4,3,2,1,2,2,0,1,1,0,1
20025,Clark County,0,1,2,2,1,2,1,2,1,2,0,1,0,-1,0,0,0,0,0,0,0,0,0,0,0
20027,Clay County,1,-1,-4,-11,4,-1,2,-1,1,-1,0,-1,-1,-3,-1,-1,3,0,1,1,0,0,0,0,17
20029,Cloud County,0,6,5,4,3,4,4,4,5,4,1,21,18,10,12,11,6,2,5,5,0,2,8,13,18
20031,Coffey County,0,5,6,6,6,8,7,7,6,7,0,-2,1,2,-2,3,3,0,1,1,0,6,8,15,2
20033,Comanche County,0,1,1,1,0,1,0,1,0,1,0,0,0,0,0,-1,-1,-1,-1,-1,0,0,0,0,1
20035,Cowley County,0,26,24,21,21,19,20,18,20,19,12,42,36,44,70,60,33,2,19,19,0,1,25,62,131
20037,Crawford County,27,105,92,72,74,69,70,65,65,64,14,105,77,105,143,159,141,50,84,85,1,12,40,154,265
20039,Decatur County,0,6,6,5,4,6,5,6,5,6,0,-1,0,1,3,3,5,3,4,4,0,1,1,11,6
20041,Dickinson County,4,11,2,-14,16,5,12,4,7,4,1,7,7,6,5,3,4,2,1,2,0,1,0,0,-2
20043,Doniphan County,0,1,1,-2,2,1,3,0,2,0,0,5,5,7,0,7,3,-1,0,1,0,0,6,18,13
20045,Douglas County,104,370,349,301,308,315,322,293,284,283,90,630,606,634,613,841,677,249,395,387,11,159,339,732,749
20047,Edwards County,0,12,9,6,2,4,3,3,2,3,0,-1,3,8,10,1,2,0,2,2,0,5,7,16,11
20049,Elk County,0,1,1,1,0,1,0,1,0,1,0,0,0,0,1,0,0,0,0,0,0,0,0,0,0
20051,Ellis County,5,37,34,20,24,18,20,16,18,16,8,35,54,51,59,96,85,40,58,44,2,26,15,94,87
20053,Ellsworth County,0,-1,-1,-3,1,-1,0,-1,1,-1,0,5,0,-1,-1,1,2,0,2,2,0,1,0,1,1
20055,Finney County,124,445,400,338,317,320,317,287,276,276,35,143,110,161,167,179,175,38,102,105,2,78,176,453,295
20057,Ford County,124,443,399,332,288,284,284,260,248,250,21,89,111,259,365,324,350,134,238,240,3,75,185,277,395
20059,Franklin County,0,19,18,13,13,8,9,5,7,6,0,11,4,6,6,22,17,5,9,9,0,4,5,24,54
20061,Geary County,43,37,-112,-413,232,5,144,12,68,39,86,116,512,217,134,264,169,11,-59,24,3,22,76,281,259
20063,Gove County,0,1,1,1,0,1,0,1,0,1,0,0,0,2,2,2,3,2,2,2,0,0,1,0,0
20065,Graham County,0,1,1,1,0,1,0,1,0,1,0,0,2,4,8,4,4,2,3,3,0,0,0,1,0
20067,Grant County,8,48,47,43,38,41,40,39,38,39,5,6,-1,-10,-14,0,-2,-8,-5,-9,1,15,29,43,82
20069,Gray County,1,61,53,52,49,55,54,48,43,44,0,3,0,3,11,25,24,12,16,16,0,4,6,17,-1
20071,Greeley County,0,8,8,5,4,8,7,8,7,8,0,0,0,1,3,4,3,2,2,2,0,0,0,0,0
20073,Greenwood County,0,4,4,1,0,1,0,1,0,1,0,0,0,0,0,0,0,0,0,0,0,0,3,3,2
20075,Hamilton County,1,27,24,23,17,18,18,18,16,17,1,2,5,11,38,19,23,7,15,15,0,11,36,44,68
20077,Harper County,0,2,2,2,0,1,0,1,0,1,1,5,1,1,4,5,3,1,2,2,0,1,0,2,16
20079,Harvey County,16,70,67,61,54,59,60,51,51,49,9,23,12,44,73,56,54,13,37,37,2,4,3,19,23
20081,Haskell County,2,29,25,23,23,25,25,24,23,23,1,6,5,10,2,0,4,2,2,3,0,3,3,21,20
20083,Hodgeman County,0,1,1,1,0,1,0,1,0,1,0,-1,-1,10,4,15,15,2,6,6,0,2,1,0,0
20085,Jackson County,0,1,1,-1,4,2,4,2,4,2,1,1,-3,-2,-1,1,-2,-4,-3,-3,0,9,27,42,23
20087,Jefferson County,0,1,0,-4,3,0,2,0,2,0,0,0,1,0,1,-3,-2,-2,-2,-2,0,3,2,5,5
20089,Jewell County,0,1,1,-1,0,0,0,0,0,0,0,1,0,0,0,0,0,0,0,0,0,0,1,3,3
20091,Johnson County,414,1450,1367,1171,1103,1163,1164,1058,1026,1025,143,1198,967,1009,1172,2050,1761,530,1009,937,36,496,1880,3822,4446
20093,Kearny County,0,36,30,26,25,25,24,22,20,21,3,3,4,10,14,6,8,4,5,5,0,4,0,9,54
20095,Kingman County,0,-1,-1,-3,0,-2,-1,-2,0,-2,1,5,-5,-4,-2,-1,-1,-1,-1,-1,0,0,0,0,1
20097,Kiowa County,0,4,4,4,3,5,4,5,3,4,0,3,3,2,6,3,3,0,1,1,0,0,7,19,21
20099,Labette County,1,3,3,0,4,2,3,2,4,2,2,10,6,-3,-3,0,2,0,1,-3,0,2,5,11,19
20101,Lane County,0,1,1,1,0,2,1,1,0,1,0,0,0,0,0,0,0,0,0,0,0,0,0,0,0
20103,Leavenworth County,41,34,-95,-366,224,19,128,8,56,31,33,46,243,136,118,230,140,27,34,17,-5,2,43,175,205
20105,Lincoln County,0,1,1,1,0,2,1,1,0,1,0,3,2,2,2,0,0,0,0,0,0,0,0,1,2
20107,Linn County,0,0,-1,-1,0,0,0,0,0,0,0,1,0,0,1,0,0,0,0,0,0,0,1,0,1
20109,Logan County,0,2,2,2,1,3,2,3,1,2,1,5,1,0,0,1,0,0,0,0,0,1,1,13,2
20111,Lyon County,55,195,176,149,134,137,135,115,115,119,21,105,110,84,96,120,94,20,45,47,4,70,168,203,205
20113,McPherson County,0,4,3,-1,5,2,4,2,4,2,5,20,11,13,3,11,6,-3,0,0,0,6,6,49,59
20115,Marion County,1,4,3,3,1,3,2,2,1,2,0,5,8,10,9,12,8,2,5,5,0,1,2,7,4
20117,Marshall County,0,4,4,2,5,3,5,3,5,3,1,3,2,3,2,4,3,1,3,3,0,0,1,6,2
20119,Meade County,0,26,23,23,22,24,24,20,20,20,0,2,0,11,21,8,9,4,6,7,0,2,5,13,12
20121,Miami County,0,7,5,2,6,4,6,4,6,4,-1,-10,-6,5,4,17,19,8,12,12,0,6,16,11,-3
20123,Mitchell County,0,2,2,2,1,2,1,2,1,2,0,0,3,9,10,11,4,2,2,2,0,0,0,6,3
20125,Montgomery County,2,22,19,11,15,11,13,10,12,10,7,38,36,60,76,82,94,46,64,61,0,7,14,58,91
20127,Morris County,0,5,5,3,5,4,6,3,5,3,0,0,2,1,1,9,13,5,8,8,0,2,4,7,8
20129,Morton County,0,23,24,23,21,22,21,19,17,18,3,5,-3,-4,-4,2,4,1,3,-2,0,3,5,13,1
2013,Aleutians East Borough,0,1,1,1,0,2,1,1,0,1,14,83,54,87,73,77,93,118,45,43,0,16,77,81,78
20131,Nemaha County,0,2,1,1,0,1,0,1,0,1,0,1,-2,-1,4,7,5,2,5,5,0,0,3,11,16
20133,Neosho County,0,3,4,3,3,4,4,4,3,3,4,23,24,8,5,38,55,28,38,38,0,13,15,30,35
20135,Ness County,0,0,-1,-1,0,0,0,0,0,0,0,0,0,11,16,9,7,3,7,7,0,3,5,4,23
20137,Norton County,0,2,2,2,1,2,1,2,1,2,0,-3,-2,2,3,1,1,1,1,1,0,1,4,-1,9
20139,Osage County,1,2,0,-5,5,1,3,1,3,1,0,1,4,1,3,5,3,2,3,3,0,0,0,0,2
20141,Osborne County,0,1,1,1,0,1,0,1,0,1,0,3,3,7,4,3,3,1,1,1,0,0,0,5,2
20143,Ottawa County,0,1,-1,-1,0,0,0,0,1,0,0,2,0,3,4,1,1,1,0,1,0,0,0,0,0
20145,Pawnee County,1,4,4,3,2,3,2,3,2,3,0,-1,-2,-1,-2,-4,-1,-1,-1,-1,0,0,0,4,-1
20147,Phillips County,0,0,-1,-1,0,0,0,0,1,0,0,1,1,0,1,4,3,0,0,0,0,0,1,2,4
20149,Pottawatomie County,1,0,-3,-10,4,-1,2,-1,1,-1,4,25,18,1,4,16,14,1,6,6,0,2,20,47,81
20151,Pratt County,0,9,6,6,6,6,6,6,6,6,0,2,1,3,14,9,10,3,4,4,0,2,1,3,2
20153,Rawlins County,0,1,1,1,0,1,0,1,0,1,0,2,4,3,6,3,8,1,7,7,0,0,0,3,3
20155,Reno County,9,55,54,43,43,43,45,39,38,36,2,-3,-13,-9,24,72,62,18,38,38,0,7,24,76,58
20157,Republic County,0,1,1,1,0,1,0,1,0,1,0,0,2,2,8,7,7,0,5,5,0,0,1,4,14
20159,Rice County,2,21,18,16,16,15,15,15,14,14,1,8,10,16,11,12,11,4,7,7,0,4,7,16,18
2016,Aleutians West Census Area,1,17,15,9,28,29,32,25,28,26,11,67,83,162,76,101,120,146,52,53,0,65,132,126,124
20161,Riley County,158,243,-84,-709,617,151,401,129,236,178,165,515,1135,688,749,1159,778,286,322,416,14,79,384,576,469
20163,Rooks County,0,1,1,1,0,1,0,1,0,1,0,2,1,3,2,2,2,1,0,0,0,0,1,2,1
20165,Rush County,0,1,1,1,0,1,0,1,0,1,1,1,1,0,0,0,0,0,0,0,0,0,1,5,5
20167,Russell County,0,1,1,1,0,1,0,1,0,1,0,0,-3,-4,-5,-6,-6,-7,-7,-7,0,1,4,1,1
20169,Saline County,23,101,91,67,71,66,68,60,60,59,17,30,27,38,24,16,24,-7,7,2,0,28,88,145,218
20171,Scott County,1,5,4,4,2,3,2,3,2,3,11,16,-3,2,0,0,0,-3,-3,-2,0,-1,-4,-2,9
20173,Sedgwick County,460,1437,1200,736,1274,1125,1232,1009,1019,992,120,830,1050,1016,1118,1502,1215,303,601,622,38,397,886,2064,2699
20175,Seward County,103,357,322,283,241,248,244,229,219,221,15,13,75,64,134,210,174,61,106,106,1,24,41,113,152
20177,Shawnee County,72,250,230,167,238,213,230,204,208,207,19,101,132,146,249,323,261,79,151,132,1,45,172,273,495
20179,Sheridan County,0,1,1,1,0,1,0,1,0,1,0,0,-1,2,0,3,2,2,2,2,0,0,0,7,2
20181,Sherman County,1,5,3,3,1,2,1,2,1,2,1,-3,-4,-3,-3,0,-1,-1,-1,-1,0,0,-4,-3,-1
20183,Smith County,0,0,-1,-1,0,0,0,0,0,0,0,0,0,0,0,0,0,0,0,0,0,1,0,1,12
20185,Stafford County,0,10,10,4,2,3,2,3,2,3,0,0,0,-1,0,0,1,0,0,0,0,-1,-2,4,3
20187,Stanton County,0,20,20,16,13,14,13,13,12,13,0,-3,0,6,11,3,17,9,10,12,0,0,-3,63,81
20189,Stevens County,5,41,40,34,30,31,30,30,28,29,3,6,8,20,49,27,33,6,23,23,0,1,-4,6,32
20191,Sumner County,0,2,0,-1,2,0,1,0,2,1,0,2,7,15,12,17,17,7,8,9,0,-1,-3,3,13
20193,Thomas County,0,1,1,1,0,1,0,1,0,1,2,6,3,-1,10,12,14,6,11,11,0,10,7,39,30
20195,Trego County,0,1,1,1,0,1,0,1,0,1,0,1,1,0,0,1,2,1,2,2,0,1,2,4,5
20197,Wabaunsee County,0,-1,-1,-2,1,-1,0,-1,1,0,1,3,2,0,2,8,3,1,2,2,0,2,3,8,4
20199,Wallace County,0,1,1,1,0,1,0,1,0,1,0,-1,0,1,0,1,0,0,0,0,0,0,0,0,0
2020,Anchorage Municipality,334,650,184,-793,1233,600,975,508,655,568,256,723,1247,1468,547,1081,1180,1373,290,364,45,525,1112,1424,1451
20201,Washington County,0,1,1,2,1,2,1,2,1,2,0,8,4,2,3,3,3,0,3,3,0,6,2,24,27
20203,Wichita County,0,4,2,1,0,2,0,0,-1,1,0,1,-2,2,4,2,1,0,0,0,0,3,4,23,3
20205,Wilson County,0,3,3,3,1,2,1,2,1,2,0,3,0,1,-1,1,1,1,1,1,0,0,0,0,0
20207,Woodson County,0,0,0,0,0,0,0,0,0,0,0,0,0,0,0,0,0,0,0,0,0,0,0,0,0
20209,Wyandotte County,262,1023,946,801,722,731,729,672,656,663,42,432,510,673,761,860,850,255,509,500,21,333,1331,2217,2872
2050,Bethel Census Area,1,5,3,-2,5,3,5,3,5,3,0,0,5,7,7,3,11,16,2,2,0,2,7,65,71
2060,Bristol Bay Borough,0,1,1,1,0,1,0,1,0,1,0,0,0,0,0,1,2,2,1,1,0,3,6,7,17
2063,Chugach Census Area,,,,,,,,,,,,,,,,,,,,,0,8,15,3,4
2066,Copper River Census Area,,,,,,,,,,,,,,,,,,,,,0,-1,-1,0,1
2068,Denali Borough,2,-1,-7,-19,9,-1,4,-2,2,0,4,18,16,28,14,23,30,38,8,8,0,9,6,7,0
2070,Dillingham Census Area,0,-1,0,-1,2,0,1,0,2,1,0,0,1,0,0,1,2,2,1,1,0,2,12,12,11
2090,Fairbanks North Star Borough,117,72,-251,-914,601,97,379,69,196,137,88,122,420,464,214,476,324,238,-23,16,9,15,172,234,313
2100,Haines Borough,0,4,4,4,4,5,4,5,4,5,1,13,13,1,0,1,6,3,-1,0,0,0,6,6,2
21001,Adair County,4,14,14,11,14,12,13,12,13,13,1,4,-1,19,6,3,6,2,-1,-1,0,4,20,46,77
21003,Allen County,0,8,8,6,5,6,5,6,5,6,2,7,-2,1,-2,-1,0,6,1,1,0,-1,-5,11,20
21005,Anderson County,2,7,8,4,12,10,12,10,12,10,2,-1,0,3,4,15,18,15,5,6,0,1,14,24,79
21007,Ballard County,0,3,2,2,1,2,1,2,1,2,0,2,3,0,1,2,2,3,0,0,0,0,-1,10,11
21009,Barren County,4,33,34,30,27,32,31,28,25,26,7,28,39,43,22,22,20,19,0,0,0,8,31,112,180
21011,Bath County,0,-1,-2,-4,1,-1,1,-1,1,-1,1,3,1,-2,0,4,0,0,-2,-2,0,0,0,0,5
21013,Bell County,2,21,17,13,15,15,15,13,13,14,1,-6,-5,5,1,7,3,7,5,5,0,0,-2,-2,-3
21015,Boone County,58,228,223,205,194,210,218,200,196,196,94,236,298,306,139,191,225,180,15,0,6,88,612,965,801
21017,Bourbon County,7,42,38,36,32,36,36,36,33,34,11,63,38,23,-2,9,1,2,-3,-3,0,4,21,57,47
21019,Boyd County,1,12,9,2,12,7,9,7,9,7,-2,-9,-6,-2,-7,-5,0,1,-11,-11,0,-1,5,17,38
21021,Boyle County,3,54,50,39,43,52,53,43,41,41,4,7,8,20,12,33,23,18,-2,-2,0,9,34,71,78
21023,Bracken County,0,1,1,1,0,1,0,1,0,1,2,6,5,2,2,3,2,3,2,2,0,0,5,10,7
21025,Breathitt County,0,4,4,2,1,2,1,2,1,2,1,9,4,0,1,0,1,1,0,0,0,0,1,8,9
21027,Breckinridge County,0,5,4,2,4,3,4,3,4,4,0,-2,-1,-3,-2,5,8,15,9,9,0,1,2,4,0
21029,Bullitt County,3,8,-4,-27,22,6,16,4,9,6,0,-20,9,10,2,2,1,-2,-8,-8,0,13,155,149,177
21031,Butler County,4,23,25,22,23,27,27,25,25,26,4,19,24,0,1,1,2,2,3,0,0,5,40,42,56
21033,Caldwell County,0,1,1,1,0,1,0,1,0,1,0,0,0,-1,-1,-1,-1,-1,-1,-1,0,0,-7,-3,-5
21035,Calloway County,13,80,76,68,69,70,70,66,65,66,24,93,123,223,139,203,167,133,12,14,0,11,76,138,148
21037,Campbell County,14,75,74,57,64,64,73,64,64,62,8,68,113,193,79,127,127,97,14,-1,0,19,78,137,271
21039,Carlisle County,0,1,1,1,0,1,0,1,0,1,1,2,3,4,2,0,0,0,0,0,0,0,1,14,6
21041,Carroll County,2,8,7,6,7,7,7,6,6,6,7,35,22,4,-7,-2,2,1,0,0,0,0,7,34,26
21043,Carter County,0,2,1,1,2,2,2,2,1,1,2,0,0,24,6,3,8,12,3,3,0,0,0,-1,13
21045,Casey County,6,28,29,31,32,35,37,31,32,32,0,-4,-7,-1,-3,-1,-2,-1,-2,-2,0,0,2,6,36
21047,Christian County,143,-33,-542,-1562,691,-90,338,-114,72,-25,100,58,898,354,225,394,180,30,-126,-62,2,-1,55,165,186
21049,Clark County,5,22,23,20,24,21,23,21,22,20,4,-2,-2,12,-6,2,2,-1,-11,-10,1,7,21,42,51
2105,Hoonah-Angoon Census Area,0,0,-1,-1,0,0,0,0,0,0,0,2,3,1,2,9,12,13,4,4,0,1,3,1,1
21051,Clay County,0,1,1,1,0,1,0,1,0,1,1,-1,1,5,7,8,5,7,9,-3,0,0,5,3,3
21053,Clinton County,0,8,7,3,8,7,8,7,8,6,0,15,14,19,13,14,7,3,-2,-2,0,3,10,20,31
21055,Crittenden County,0,1,-1,-1,0,0,0,0,0,0,1,1,-1,0,0,-1,-2,-2,-2,-2,0,1,4,5,7
21057,Cumberland County,0,1,1,1,0,1,0,1,0,1,1,5,7,7,2,0,0,0,0,0,0,1,1,2,0
21059,Daviess County,9,56,53,49,54,57,59,51,50,50,10,34,73,136,123,224,216,180,40,42,0,28,188,442,609
21061,Edmonson County,0,4,4,3,2,3,2,3,2,3,-1,-1,5,9,2,-3,-1,-1,-5,-5,0,1,0,0,23
21063,Elliott County,0,2,2,2,1,2,1,2,1,2,0,1,0,0,1,0,0,0,0,0,0,0,0,0,0
21065,Estill County,0,1,1,1,1,2,2,2,2,2,0,0,0,0,0,0,1,1,1,1,0,3,9,11,17
21067,Fayette County,336,1259,1237,1129,1106,1191,1197,1098,1063,1072,294,1192,1449,1746,1022,1424,1483,1298,296,242,24,339,1917,3920,4834
21069,Fleming County,0,1,0,0,1,1,1,1,1,1,0,-2,-5,-1,0,0,0,0,0,0,0,-1,-2,-1,-1
21071,Floyd County,1,7,6,6,6,6,7,7,7,7,2,4,12,12,9,12,8,7,0,0,0,-2,5,8,-1
21073,Franklin County,8,75,66,47,58,50,53,43,45,44,18,88,66,54,31,66,77,91,26,28,0,25,138,183,115
21075,Fulton County,0,0,-1,-1,0,-1,-1,-1,-1,-1,0,-1,0,2,0,0,0,1,0,0,0,0,-1,-2,-2
21077,Gallatin County,0,0,0,-1,0,0,0,0,0,0,6,17,2,13,7,9,6,5,0,0,0,0,4,3,17
21079,Garrard County,0,22,23,17,12,15,14,12,11,12,-2,3,3,6,-1,0,0,0,-2,-2,0,11,24,41,34
21081,Grant County,2,12,11,9,10,9,9,9,8,8,-1,-8,-5,-4,-8,-12,-13,-13,-14,-14,0,0,5,7,0
21083,Graves County,22,86,91,90,86,95,94,90,87,90,28,74,47,34,16,45,62,68,49,19,1,1,54,119,179
21085,Grayson County,0,5,2,0,5,3,5,3,4,2,1,-9,-6,7,8,8,9,6,-1,-1,0,1,4,8,9
21087,Green County,0,2,2,0,6,3,5,3,5,3,2,5,7,9,-2,0,0,0,0,0,0,0,0,-1,0
21089,Greenup County,0,0,0,-2,2,0,1,0,2,0,0,0,-6,-8,-3,-2,-1,-1,-3,-3,0,0,-2,30,24
21091,Hancock County,0,3,3,3,2,3,3,4,2,3,0,-2,-1,-1,-1,0,0,0,0,0,0,0,0,0,0
21093,Hardin County,118,98,-211,-831,517,63,319,32,146,87,113,102,518,363,250,300,156,100,-3,-59,0,24,175,338,263
21095,Harlan County,0,11,12,12,14,18,18,17,16,16,1,4,8,2,2,2,1,1,0,0,0,1,0,-3,-1
21097,Harrison County,2,5,3,0,6,3,5,2,4,2,0,15,32,30,-1,-2,-1,6,-2,-2,0,0,0,-2,-1
21099,Hart County,1,9,8,7,6,9,9,8,7,7,1,5,8,8,4,7,5,5,-1,0,0,1,0,-1,0
2110,Juneau City and Borough,8,54,44,17,56,48,55,42,43,40,8,63,80,105,35,82,92,113,19,20,2,43,63,47,111
21101,Henderson County,2,26,26,25,20,21,20,17,17,18,5,1,-4,2,0,0,0,-1,-5,-5,0,4,45,132,116
21103,Henry County,2,20,19,22,25,27,27,25,25,25,1,12,13,14,2,1,0,0,0,0,0,1,6,16,30
21105,Hickman County,0,1,1,1,0,1,0,1,0,1,0,-1,0,-1,0,0,0,0,0,0,0,0,1,3,4
21107,Hopkins County,0,16,13,7,8,8,9,5,7,6,4,9,16,32,22,35,30,27,7,7,0,7,69,127,134
21109,Jackson County,0,2,1,1,0,2,1,2,1,2,0,0,-1,0,0,0,-1,-1,-1,-1,0,0,-1,0,0
21111,Jefferson County,492,1618,1579,1345,1380,1464,1485,1329,1287,1291,438,1780,2485,3232,1779,2619,2592,2174,511,499,72,796,6298,11136,13065
21113,Jessamine County,0,42,48,48,54,61,62,53,54,56,18,28,94,135,88,118,134,123,35,35,0,14,116,379,553
21115,Johnson County,0,9,7,6,7,7,7,7,6,6,0,-1,-1,1,-1,-2,-4,-4,-4,-4,0,1,5,7,18
21117,Kenton County,23,147,140,122,115,124,125,115,114,114,28,100,159,178,96,116,144,101,-18,-25,4,61,396,979,1107
21119,Knott County,0,1,0,0,1,2,2,2,1,1,0,-2,0,0,3,3,2,1,-2,-2,0,1,5,14,12
21121,Knox County,1,1,0,-5,6,2,4,2,4,2,1,-2,-8,-7,29,31,22,16,-4,-3,0,2,11,21,15
21123,Larue County,0,1,1,1,0,0,-1,0,-1,0,3,-2,-1,1,-3,-2,2,1,-3,-3,0,1,3,5,36
21125,Laurel County,2,32,33,27,25,25,26,24,26,24,11,38,36,29,-12,-4,-7,-7,-9,-9,0,4,20,33,21
21127,Lawrence County,0,2,1,1,0,1,0,1,0,1,0,-1,5,18,11,22,12,10,9,-4,0,0,6,-1,-1
21129,Lee County,0,2,2,1,0,1,0,1,0,1,-1,-3,-2,-3,-1,4,8,3,-1,0,0,2,0,0,0
21131,Leslie County,0,1,1,1,0,1,0,1,0,1,0,-7,-3,-4,-1,1,1,1,-1,-1,0,0,0,0,0
21133,Letcher County,0,-1,0,-1,2,0,1,0,1,1,0,7,4,4,0,2,2,3,1,1,0,0,0,0,16
21135,Lewis County,0,1,1,1,2,2,2,2,2,2,0,-2,0,-3,0,0,-1,-1,-1,-1,0,1,0,-1,-2
21137,Lincoln County,2,18,19,18,14,19,17,17,14,16,0,-2,-1,-1,0,-1,-1,-1,-1,-1,0,0,-1,-3,-2
21139,Livingston County,0,0,-1,-1,0,1,1,1,1,1,0,1,4,5,0,0,0,0,0,0,0,0,0,0,-1
21141,Logan County,2,16,12,8,16,16,18,14,16,14,5,16,-6,-6,-6,-2,-1,-3,-3,-3,0,7,21,28,2
21143,Lyon County,0,8,8,6,6,6,6,6,6,6,0,0,1,1,-3,-2,0,0,-3,-3,0,-1,14,1,1
21145,McCracken County,1,20,17,9,20,24,26,20,21,19,0,-23,-7,22,3,16,18,14,-11,-9,0,2,23,76,205
21147,McCreary County,2,11,13,14,15,18,17,18,16,17,0,-9,-7,-3,3,4,2,1,-4,-4,0,1,5,0,0
21149,McLean County,0,9,10,10,9,11,10,11,9,10,1,6,4,1,1,1,2,2,0,0,0,0,-1,3,8
21151,Madison County,12,71,65,55,67,70,73,62,62,60,16,48,42,81,87,138,126,108,1,2,0,13,83,202,282
21153,Magoffin County,0,1,1,1,0,1,0,1,0,1,0,-1,1,1,4,3,3,2,1,1,0,2,-1,-4,-5
21155,Marion County,1,27,26,23,23,24,24,22,22,22,11,36,14,22,2,3,-1,-1,-4,-4,0,2,18,32,141
21157,Marshall County,0,19,18,13,12,13,13,12,12,12,3,8,10,16,2,3,8,6,0,1,0,0,-2,-3,-1
21159,Martin County,0,1,1,1,0,1,0,1,0,1,0,0,-1,1,-2,-1,-1,-1,-1,-1,0,0,-1,0,0
21161,Mason County,1,16,13,10,7,6,6,6,5,5,1,-7,-4,2,3,17,21,28,11,11,0,5,9,21,12
21163,Meade County,14,11,-37,-139,91,16,59,10,28,18,36,53,118,78,30,37,13,0,-27,-14,0,3,23,3,11
21165,Menifee County,0,0,-1,-2,1,-1,0,-1,0,0,0,-1,-2,-2,0,0,0,0,0,0,0,0,-1,0,0
21167,Mercer County,4,37,37,34,41,40,42,39,40,38,2,32,38,43,8,12,9,19,6,6,0,-2,2,28,36
21169,Metcalfe County,0,1,1,1,0,1,0,1,0,1,0,1,2,-2,0,1,0,0,-1,-1,0,0,13,52,33
21171,Monroe County,3,21,24,22,26,28,29,27,27,27,1,11,9,14,2,2,0,2,-2,-2,0,0,-1,11,15
21173,Montgomery County,1,4,3,3,1,4,3,4,2,3,3,-6,-6,-7,-3,-3,-4,-8,-10,-10,0,-1,6,0,9
21175,Morgan County,0,2,2,1,0,1,0,1,0,1,1,3,11,0,0,9,11,8,1,1,0,2,26,68,82
21177,Muhlenberg County,0,0,-1,-3,2,1,3,1,2,0,0,0,-2,-2,-2,0,-1,-2,-2,-2,0,1,5,8,31
21179,Nelson County,3,41,41,32,38,37,38,35,36,35,-2,-8,-2,-1,-5,0,-3,-4,-7,-7,0,7,51,165,231
21181,Nicholas County,0,2,2,2,3,3,3,3,3,3,1,0,0,1,2,-2,0,0,0,0,0,0,0,0,0
21183,Ohio County,3,16,14,13,11,14,13,12,11,12,1,-8,8,16,6,-8,-2,-4,-7,-7,0,2,97,107,49
21185,Oldham County,7,43,40,30,36,37,39,32,34,32,17,67,59,23,-5,31,26,35,-1,-1,0,9,90,131,217
21187,Owen County,0,5,4,0,4,4,6,3,5,3,1,1,-1,0,0,0,0,0,0,0,0,1,2,5,7
21189,Owsley County,0,1,1,1,0,1,0,1,0,1,0,-1,-1,-1,0,0,0,0,0,0,0,0,0,0,0
21191,Pendleton County,0,8,8,9,10,12,12,11,11,11,0,-1,-4,3,0,9,8,7,3,3,0,1,2,6,2
21193,Perry County,2,19,21,18,14,18,17,16,14,15,-1,-3,-3,-5,1,30,38,33,4,5,0,5,6,-4,-2
21195,Pike County,3,15,13,8,13,11,13,11,13,11,2,-11,-6,10,-3,13,13,21,-2,-1,0,-1,13,51,58
21197,Powell County,0,1,1,1,0,1,0,1,0,1,0,0,-2,-3,-3,5,8,9,2,2,0,1,-1,-1,-1
21199,Pulaski County,3,27,25,20,27,28,30,24,26,25,8,11,20,63,34,44,26,23,-2,-2,0,6,40,89,182
21201,Robertson County,0,1,1,1,0,1,0,1,0,1,0,0,0,0,0,0,0,0,0,0,0,0,2,6,0
21203,Rockcastle County,0,-1,-2,-4,1,-1,1,-1,1,-1,0,2,2,3,0,0,1,1,0,0,0,0,0,0,0
21205,Rowan County,3,12,11,7,13,11,13,10,12,10,-3,-17,3,9,21,24,14,9,-5,-5,0,0,36,28,-1
21207,Russell County,0,4,3,4,3,4,3,4,3,4,7,31,45,13,2,7,7,13,7,7,0,7,26,87,118
21209,Scott County,3,53,49,40,44,43,45,39,40,38,7,53,75,62,18,54,38,32,6,-6,0,6,80,158,131
21211,Shelby County,31,131,129,111,116,123,125,116,114,113,18,110,132,147,88,119,101,92,23,25,1,31,172,164,417
21213,Simpson County,0,13,14,14,12,14,13,13,12,13,-5,-7,-4,3,13,27,20,14,3,3,0,1,2,26,59
21215,Spencer County,3,13,13,9,14,13,14,11,13,11,-1,-1,1,-2,-3,7,14,18,10,10,0,2,11,18,15
21217,Taylor County,1,10,8,8,7,7,7,6,6,6,11,38,26,61,32,53,42,33,7,7,0,9,19,41,55
21219,Todd County,1,6,5,3,10,7,9,6,8,6,6,26,16,8,-3,6,6,10,4,5,0,-2,21,57,67
2122,Kenai Peninsula Borough,3,20,17,1,32,23,28,22,25,23,5,16,24,80,18,57,68,98,19,20,1,20,39,29,37
21221,Trigg County,2,1,-7,-23,10,-1,6,-3,1,-1,0,0,-1,4,3,0,1,1,-1,-1,0,1,0,3,4
21223,Trimble County,0,4,3,1,0,1,0,1,0,1,-1,8,-2,-5,-1,0,-1,-1,-1,-1,0,-1,6,0,2
21225,Union County,0,6,6,7,6,8,7,8,7,8,0,-5,1,0,0,-8,0,-1,-9,-9,0,-1,1,0,-1
21227,Warren County,109,410,388,349,330,339,341,313,305,306,95,438,550,784,525,654,726,594,109,111,8,128,775,1389,1700
21229,Washington County,0,4,3,-1,3,1,3,1,3,1,0,-2,13,34,17,23,13,15,5,5,0,-1,21,10,23
21231,Wayne County,8,32,29,24,23,23,22,22,21,22,0,0,0,5,10,0,1,1,1,1,0,1,16,32,15
21233,Webster County,5,32,32,31,27,34,32,29,28,30,3,7,10,12,11,12,7,4,2,2,0,2,40,54,86
21235,Whitley County,0,9,9,10,8,10,9,10,9,10,9,12,1,3,4,12,25,19,-6,-6,0,7,18,42,63
21237,Wolfe County,0,6,6,7,7,7,6,6,5,6,0,-1,0,0,0,-3,-4,-4,-4,-4,0,0,1,44,36
21239,Woodford County,13,78,77,73,72,75,75,70,69,72,0,14,46,20,-5,12,17,22,1,1,0,2,68,190,222
2130,Ketchikan Gateway Borough,5,24,10,-13,23,9,17,7,12,9,3,39,56,57,21,39,42,53,24,24,0,15,29,34,38
2150,Kodiak Island Borough,35,98,52,-44,144,84,119,74,87,79,25,48,114,123,61,105,102,114,11,33,5,62,89,98,85
2158,Kusilvak Census Area,,,,,,,,,,,0,3,0,5,3,14,11,18,7,7,0,0,1,0,0
2164,Lake and Peninsula Borough,0,2,2,2,1,2,1,2,1,2,0,1,2,7,2,7,6,8,3,3,0,0,1,3,5
2170,Matanuska-Susitna Borough,13,50,29,-16,65,38,54,30,39,34,7,6,56,98,54,87,82,107,17,16,1,38,54,47,86
2180,Nome Census Area,1,9,6,2,11,10,12,10,11,9,0,3,4,9,4,8,6,9,2,2,0,2,8,7,18
2185,North Slope Borough,0,15,15,15,18,22,22,20,20,20,2,18,22,21,12,7,10,14,1,1,0,11,43,16,30
2188,Northwest Arctic Borough,0,0,-1,0,1,1,1,1,1,1,1,6,2,6,14,8,12,15,7,7,0,0,-1,-2,-1
2195,Petersburg Census Area,0,8,7,8,9,12,11,11,10,11,,,,,,,,,,,,,,,
2195,Petersburg Borough,,,,,,,,,,,1,8,15,17,5,6,9,9,2,2,0,10,25,15,10
2198,Prince of Wales-Hyder Census Area,0,1,1,1,0,0,-1,0,-1,0,0,1,-1,1,2,4,5,7,2,2,0,0,2,2,9
22001,Acadia Parish,1,10,10,8,9,7,8,7,8,7,5,32,22,53,33,33,45,19,17,17,0,-2,100,110,194
22003,Allen Parish,0,0,1,0,3,1,2,1,2,2,3,26,-1,0,0,8,12,2,-2,-3,0,15,128,184,171
22005,Ascension Parish,18,117,119,107,123,141,143,134,128,127,4,118,19,128,35,73,111,54,57,38,5,28,253,552,800
22007,Assumption Parish,2,12,14,14,16,16,17,14,15,15,1,10,3,21,18,11,8,2,6,-2,0,3,1,18,4
22009,Avoyelles Parish,0,0,-1,-4,4,1,3,1,3,1,2,25,21,33,21,5,19,7,5,5,0,2,33,24,46
22011,Beauregard Parish,3,5,-3,-18,16,3,10,2,6,3,8,12,46,30,22,53,39,19,23,11,0,7,15,11,19
22013,Bienville Parish,0,-1,0,-2,2,0,1,0,1,0,0,-3,-3,-1,-1,1,4,2,3,3,0,6,5,28,6
22015,Bossier Parish,61,52,-137,-523,328,33,201,30,94,57,53,135,292,322,214,237,193,41,-23,41,6,83,561,678,881
22017,Caddo Parish,43,128,55,-105,207,101,163,93,115,101,45,125,170,166,136,153,112,20,18,19,0,37,236,270,401
22019,Calcasieu Parish,11,91,83,69,89,88,91,80,82,83,33,176,94,171,98,147,197,92,103,58,6,139,679,683,903
22021,Caldwell Parish,0,-1,-1,-2,1,-1,0,-1,0,0,0,3,1,15,10,0,12,0,-2,-2,0,1,2,4,3
22023,Cameron Parish,0,15,15,14,11,15,14,14,11,12,0,-3,-2,-2,0,-2,-2,-1,0,-4,0,0,27,22,18
22025,Catahoula Parish,0,1,1,1,0,1,0,1,0,1,1,20,5,20,11,21,13,10,10,11,0,1,2,-1,-1
22027,Claiborne Parish,0,1,1,1,0,1,0,1,0,1,2,22,4,5,-1,0,3,2,0,0,0,2,0,-1,0
22029,Concordia Parish,0,0,-1,-3,0,-2,0,-2,-1,-2,1,-2,-4,-5,1,-6,1,-4,-4,-8,0,33,133,147,301
22031,De Soto Parish,0,11,11,8,11,9,10,9,9,9,2,1,1,0,1,-3,-1,-3,-3,-3,0,0,0,2,6
22033,East Baton Rouge Parish,254,875,837,734,738,792,808,743,725,727,164,932,546,691,644,1010,1086,644,664,640,49,620,3108,3406,4605
22035,East Carroll Parish,0,14,12,11,9,11,10,10,9,10,0,-2,-1,-3,-1,-3,-3,-3,-3,-3,0,0,-1,0,0
22037,East Feliciana Parish,0,2,2,2,0,1,0,1,0,1,0,-3,-1,-3,-2,0,1,1,1,1,0,0,0,2,3
22039,Evangeline Parish,1,8,6,5,5,5,5,5,5,5,2,56,43,68,78,70,85,61,60,60,0,43,333,405,289
22041,Franklin Parish,0,5,4,3,0,1,0,1,0,1,0,-5,-3,-3,0,0,0,0,0,0,0,0,1,4,10
22043,Grant Parish,1,2,0,-5,5,1,3,1,2,0,3,15,-4,22,8,4,9,0,3,-1,0,7,34,80,87
22045,Iberia Parish,4,47,42,29,36,33,36,27,29,27,14,213,28,152,86,33,62,10,4,6,1,26,113,99,91
22047,Iberville Parish,0,3,2,-1,2,0,1,1,1,1,5,23,7,20,-4,-6,-5,-8,-8,-8,0,13,75,71,125
22049,Jackson Parish,0,1,-1,-1,0,0,0,0,0,0,0,-6,-6,-6,-1,2,2,-1,-1,-3,0,1,241,356,612
22051,Jefferson Parish,292,914,873,674,920,924,984,848,845,822,310,1737,897,1302,1179,1712,1708,1060,1161,1033,78,893,6252,6527,7772
22053,Jefferson Davis Parish,0,5,5,1,8,6,8,5,6,5,2,5,-2,2,2,4,11,6,5,6,0,-1,-1,0,6
22055,Lafayette Parish,75,291,267,221,237,245,252,225,223,220,71,580,209,359,275,338,398,181,191,184,11,270,1242,1244,1867
22057,Lafourche Parish,17,76,60,49,61,58,60,52,53,52,32,219,83,133,94,102,110,57,62,50,0,25,87,137,302
22059,La Salle Parish,0,2,1,0,2,2,2,2,2,2,,,,,,,,,,,,,,,
22059,LaSalle Parish,,,,,,,,,,,1,11,4,24,15,10,11,4,3,4,0,3,127,175,210
22061,Lincoln Parish,10,57,49,37,44,43,44,42,43,41,41,224,112,126,124,147,159,91,93,85,2,24,35,42,106
22063,Livingston Parish,4,33,31,26,37,35,36,31,32,31,11,54,-28,15,-14,11,24,3,11,-7,2,69,458,642,658
22065,Madison Parish,0,1,1,1,0,1,0,1,0,1,0,-1,-1,0,0,0,0,0,0,0,0,1,4,1,12
22067,Morehouse Parish,1,3,4,4,3,3,2,3,2,3,1,8,6,7,3,-2,-1,-1,-1,-1,0,3,26,2,22
22069,Natchitoches Parish,8,34,35,30,33,34,34,33,33,33,0,16,-6,25,8,27,34,19,23,23,0,-4,7,20,55
22071,Orleans Parish,202,602,490,217,624,527,618,478,487,469,153,793,612,685,622,920,793,450,456,441,11,317,2087,2202,2591
22073,Ouachita Parish,9,56,51,29,52,45,50,40,43,40,28,136,42,96,76,85,78,38,39,40,0,48,391,625,758
22075,Plaquemines Parish,4,-3,-19,-50,20,-5,8,-5,1,-3,-2,-5,21,14,20,39,29,15,12,12,0,6,42,23,72
22077,Pointe Coupee Parish,0,-1,-2,-4,1,-1,1,-1,0,-1,5,25,1,4,5,-5,5,-4,-6,-5,1,2,29,18,28
22079,Rapides Parish,16,87,71,38,103,89,103,83,88,84,18,101,84,132,81,38,84,23,21,16,1,43,130,324,555
22081,Red River Parish,1,3,2,2,3,3,3,3,3,3,0,1,5,7,7,11,12,9,9,9,0,0,0,0,0
22083,Richland Parish,0,1,1,0,2,0,1,0,1,1,0,2,2,-1,-2,-1,-1,-1,-1,-1,0,4,25,25,12
22085,Sabine Parish,0,13,13,12,10,12,11,11,10,11,0,0,0,15,6,4,8,1,-2,-2,0,1,2,0,9
22087,St. Bernard Parish,3,35,27,1,39,28,38,27,31,29,6,21,11,49,62,72,83,45,45,45,0,15,309,236,488
22089,St. Charles Parish,6,52,48,40,42,41,42,35,36,37,5,63,34,55,31,35,41,21,25,26,0,0,53,14,99
22091,St. Helena Parish,0,0,0,0,2,1,1,1,1,1,-2,-2,0,4,8,3,-2,-2,-2,-2,0,12,44,40,0
22093,St. James Parish,0,1,0,-1,1,-1,0,0,0,0,3,12,2,1,1,4,6,4,5,5,0,3,8,0,21
22095,St. John the Baptist Parish,3,34,32,24,33,35,41,33,38,37,3,89,31,94,57,47,37,18,13,15,0,11,110,105,145
22097,St. Landry Parish,1,15,10,3,15,12,14,12,14,12,0,-1,-11,-1,-3,0,13,4,5,6,0,21,106,99,130
22099,St. Martin Parish,0,10,11,11,13,14,14,13,12,13,3,45,21,88,42,33,53,16,15,11,0,13,70,88,140
22101,St. Mary Parish,4,40,41,30,34,32,35,33,34,33,7,97,44,88,70,66,85,46,49,38,2,46,248,246,262
22103,St. Tammany Parish,31,142,95,-1,169,112,151,103,116,107,20,245,110,169,107,173,229,117,124,105,12,192,902,932,1191
22105,Tangipahoa Parish,5,42,40,25,52,43,48,42,45,43,9,122,29,164,74,24,77,8,0,1,1,23,174,212,358
22107,Tensas Parish,0,8,9,7,6,8,7,8,6,7,0,0,0,0,-1,-1,0,0,0,0,0,0,0,0,0
22109,Terrebonne Parish,16,62,65,52,65,66,69,60,59,57,11,92,49,153,65,54,119,30,39,-1,2,32,360,636,681
22111,Union Parish,0,20,18,16,21,25,25,21,18,19,1,20,2,33,13,6,13,4,5,5,0,10,20,61,113
22113,Vermilion Parish,15,72,67,53,55,51,53,49,50,49,8,50,34,62,35,16,19,6,3,4,0,1,3,133,209
22115,Vernon Parish,98,3,-368,-1112,534,-55,267,-52,71,2,100,36,501,289,195,290,163,37,-29,31,2,4,60,100,133
22117,Washington Parish,1,4,3,1,8,6,8,6,8,6,0,-9,-12,-15,-12,-14,-8,-15,-15,-16,0,1,0,66,71
22119,Webster Parish,0,10,7,1,5,4,6,4,5,4,2,-4,-6,11,5,15,8,5,5,5,0,12,25,24,30
22121,West Baton Rouge Parish,0,5,7,8,11,15,15,12,12,12,2,14,-2,31,-12,-9,-8,-9,-9,-9,0,3,72,66,100
22123,West Carroll Parish,0,1,0,0,1,1,1,0,0,0,0,0,-1,1,2,8,14,7,6,6,0,1,1,0,3
22125,West Feliciana Parish,0,4,3,2,2,2,2,2,2,2,4,13,1,3,-1,8,12,8,7,7,0,7,2,0,12
22127,Winn Parish,0,2,3,3,2,3,2,3,2,3,0,-1,-3,-3,-2,-4,-2,-2,-2,-2,0,6,368,565,945
2220,Sitka City and Borough,4,14,0,-29,23,6,16,3,9,6,2,33,56,52,27,40,37,46,18,16,0,16,21,16,30
2230,Skagway Municipality,0,2,1,1,2,2,2,1,1,1,0,1,0,2,0,0,0,0,0,0,0,1,4,4,5
2240,Southeast Fairbanks Census Area,8,38,29,-1,45,32,39,26,31,29,0,16,36,26,7,31,27,31,23,12,0,9,23,34,28
2261,Valdez-Cordova Census Area,5,16,10,-2,22,15,20,13,16,14,1,17,29,23,-4,-6,0,2,-4,-6,,,,,
2270,Wade Hampton Census Area,0,1,1,1,0,1,0,1,0,1,,,,,,,,,,,,,,,
2275,Wrangell City and Borough,0,2,2,0,0,0,0,0,0,0,0,0,5,8,3,8,10,14,5,5,0,1,0,0,5
2282,Yakutat City and Borough,0,1,1,1,0,1,0,1,0,1,1,5,4,1,1,1,1,1,1,1,0,-1,1,2,0
2290,Yukon-Koyukuk Census Area,0,0,-1,-1,0,0,0,0,0,0,0,2,2,4,0,2,3,4,1,2,0,1,27,17,39
23001,Androscoggin County,15,76,68,32,85,73,85,66,70,66,38,102,42,168,265,98,171,77,90,92,1,110,454,727,1064
23003,Aroostook County,14,78,68,39,65,51,58,45,46,42,6,31,-7,24,76,30,86,33,51,39,0,28,92,162,43
23005,Cumberland County,144,439,386,223,510,430,491,401,413,404,155,594,306,802,1445,371,963,342,459,456,45,521,1747,2174,3205
23007,Franklin County,0,6,6,4,7,5,6,5,5,5,12,35,15,25,18,-6,4,-1,-1,-1,0,7,22,28,42
23009,Hancock County,5,35,11,-31,54,26,43,24,32,26,22,72,48,78,103,41,96,32,40,41,0,31,50,251,247
23011,Kennebec County,7,54,42,14,49,42,52,34,40,37,7,22,13,79,190,19,108,26,39,40,2,49,215,439,381
23013,Knox County,3,21,17,6,24,18,22,15,17,15,2,10,12,102,125,5,16,0,3,3,0,10,69,38,42
23015,Lincoln County,2,8,3,-6,9,4,7,2,5,4,4,29,15,31,33,10,31,12,15,15,0,2,8,24,47
23017,Oxford County,1,18,20,19,22,19,20,19,20,19,2,14,-7,7,35,9,49,14,23,19,0,7,11,9,10
23019,Penobscot County,34,142,131,92,140,135,148,124,127,123,25,107,49,123,191,15,153,45,59,62,5,88,436,870,647
23021,Piscataquis County,0,3,1,-1,1,-1,0,0,0,0,0,1,1,2,0,7,23,11,14,14,0,23,8,1,9
23023,Sagadahoc County,10,8,-26,-83,51,4,32,4,15,7,4,8,6,3,0,-3,8,0,2,2,0,8,44,86,131
23025,Somerset County,0,8,6,-3,2,2,4,1,2,1,6,12,0,18,20,-3,5,1,2,2,0,8,43,61,30
23027,Waldo County,2,4,1,-4,7,4,6,3,5,3,7,46,29,84,70,16,59,20,32,32,1,2,8,24,19
23029,Washington County,4,18,10,-4,29,16,23,15,18,15,1,5,5,53,81,20,58,35,43,31,0,11,18,49,30
23031,York County,30,107,65,-6,116,66,92,59,69,61,3,14,-51,143,342,-6,136,-19,3,5,6,107,581,770,565
24001,Allegany County,0,16,15,7,15,13,15,12,12,12,7,49,69,63,75,75,60,69,41,42,0,0,36,34,39
24003,Anne Arundel County,380,673,88,-1078,1413,566,1099,551,705,581,346,649,1363,916,996,1466,918,778,366,436,-15,404,1978,1875,2223
24005,Baltimore County,594,2062,2000,1738,1755,1888,1915,1697,1644,1635,868,2837,3237,2594,2797,3268,2497,2692,1770,1727,64,1109,4570,4248,4576
24009,Calvert County,15,57,29,-28,90,49,73,45,53,49,19,30,119,60,70,97,61,52,12,26,0,10,82,73,56
24011,Caroline County,11,67,67,66,73,76,83,72,74,74,4,28,48,60,60,68,56,61,46,43,0,30,134,120,168
24013,Carroll County,23,103,94,73,101,92,100,83,85,85,14,20,81,47,48,67,46,42,23,21,0,62,258,269,288
24015,Cecil County,7,59,53,42,60,58,63,57,55,55,11,64,77,62,80,84,43,46,43,-12,1,37,171,104,215
24017,Charles County,39,73,-32,-237,211,49,145,54,83,62,79,158,224,156,172,198,123,102,40,65,1,99,486,446,595
24019,Dorchester County,2,8,7,2,11,8,11,9,9,10,6,15,14,14,31,70,52,55,67,8,0,13,44,18,40
24021,Frederick County,106,329,276,164,356,303,354,286,295,288,189,513,736,577,649,740,521,535,346,325,5,315,1482,1256,1522
24023,Garrett County,0,6,5,5,6,7,7,7,5,6,4,10,14,2,9,-2,-1,-1,-1,-1,0,3,6,12,8
24025,Harford County,71,231,135,-47,304,181,263,175,197,181,116,226,335,213,240,333,290,285,216,136,0,48,215,292,474
24027,Howard County,375,1153,1079,891,1062,1077,1127,992,970,954,411,1189,1485,1235,1446,1532,1193,1263,805,779,12,409,1721,1644,1829
24029,Kent County,0,13,11,8,10,10,11,8,7,8,5,0,6,-5,0,13,11,7,9,8,0,8,46,34,36
24031,Montgomery County,2428,10279,10183,9165,9388,10212,10324,9335,9054,9067,2154,7512,9090,7998,8603,9890,7837,8468,5960,5699,251,2912,13819,12398,13668
24033,Prince George's County,1319,5162,4956,4051,5348,5479,5769,5008,4936,4891,1521,4723,5583,4621,5135,6287,5189,5548,4102,3991,165,2555,11922,11727,14284
24035,Queen Anne's County,9,54,53,42,49,47,49,44,43,43,1,-3,21,53,59,57,35,40,29,23,0,28,138,166,275
24037,St. Mary's County,40,57,-77,-330,246,39,153,41,80,53,62,75,298,192,141,201,132,106,56,60,-2,68,225,150,226
24039,Somerset County,2,34,34,31,34,38,40,33,31,31,13,27,35,37,37,48,31,35,21,18,0,9,68,52,67
24041,Talbot County,4,37,39,37,43,44,45,40,39,39,5,27,25,38,-1,14,17,20,12,9,0,23,148,160,239
24043,Washington County,20,102,90,64,96,91,99,83,85,84,50,158,208,196,199,205,190,196,178,116,0,72,322,359,583
24045,Wicomico County,37,189,175,152,170,167,188,169,170,172,111,418,408,345,316,313,255,252,220,185,1,154,817,833,615
24047,Worcester County,9,71,69,58,65,64,67,60,60,60,18,43,23,41,34,52,34,34,15,17,1,23,102,120,177
24510,Baltimore city,402,1315,1287,1138,1173,1260,1279,1152,1123,1125,531,1717,2041,1639,1930,2220,1823,1932,1433,1290,16,642,3231,3291,5172
25001,Barnstable County,125,424,351,220,397,335,383,312,315,299,99,208,346,224,343,418,422,486,330,317,4,275,1561,1795,1827
25003,Berkshire County,30,158,147,132,125,133,135,121,118,120,50,161,269,262,297,322,285,334,267,175,0,79,392,522,657
25005,Bristol County,230,754,691,577,577,586,775,645,669,657,166,832,1048,1092,1419,1506,1650,1861,1718,810,20,723,3486,3843,4371
25007,Dukes County,8,66,63,55,50,51,50,51,46,47,5,0,-3,-2,0,0,1,1,1,-1,0,28,302,308,344
25009,Essex County,797,2800,2699,2406,2259,2413,2689,2385,2396,2397,960,3513,4212,4229,4946,4573,4899,5447,4595,3236,94,2016,8525,9333,9455
25011,Franklin County,32,142,134,112,112,106,117,107,104,105,32,102,157,167,223,145,158,181,132,102,0,30,168,183,148
25013,Hampden County,396,1301,1236,1087,1110,1116,1688,1434,1565,1562,572,2725,2747,2424,2693,2452,2441,2786,3483,367,64,578,1948,2662,2585
25015,Hampshire County,90,376,369,326,333,343,380,347,343,343,179,671,699,717,758,631,729,798,573,490,6,278,782,663,725
25017,Middlesex County,2367,10059,9540,8344,7974,8392,8583,7745,7568,7585,2825,10490,11694,10969,12969,11679,12923,14137,9878,8965,301,5206,24401,22421,23422
25019,Nantucket County,13,56,48,37,56,52,58,47,47,46,18,52,55,85,98,75,76,80,60,60,0,15,104,113,136
25021,Norfolk County,716,2554,2413,2103,1960,2072,2082,1879,1810,1816,688,2695,3166,2947,3826,3390,3892,4237,2750,2645,115,1633,6546,6283,5781
25023,Plymouth County,308,903,840,722,720,741,768,676,659,650,338,1122,1332,1235,1428,1472,1730,1883,1452,1300,16,564,3164,4162,3998
25025,Suffolk County,2130,8352,8035,7173,6650,7138,7329,6662,6498,6522,2168,8048,8997,9191,10837,9932,10923,12009,9059,7805,190,3508,14546,16949,15604
25027,Worcester County,746,2690,2573,2275,2199,2308,2654,2370,2378,2369,772,3098,3522,3337,4111,3687,4132,4554,4054,2155,98,1542,7672,8351,8904
26001,Alcona County,0,1,2,1,2,3,3,2,1,2,0,2,5,4,2,1,3,2,3,3,0,1,9,9,5
26003,Alger County,0,1,2,1,2,2,2,2,1,2,0,3,0,1,1,3,4,3,4,4,0,2,1,1,3
26005,Allegan County,29,140,125,114,99,96,96,88,84,87,25,51,71,73,66,42,90,58,49,49,2,51,150,142,263
26007,Alpena County,1,14,8,-2,21,10,16,11,12,11,4,7,4,-2,4,9,12,11,8,8,0,0,4,3,-2
26009,Antrim County,0,4,4,2,3,3,3,3,2,3,0,4,1,7,5,5,12,6,7,7,0,0,18,18,31
26011,Arenac County,0,0,0,-1,0,0,0,0,-1,0,0,2,2,-1,1,2,2,2,0,0,0,0,0,0,4
26013,Baraga County,0,4,4,4,3,4,3,4,3,4,0,7,4,5,5,6,6,5,4,4,0,0,0,1,1
26015,Barry County,0,7,4,2,7,4,6,4,4,4,2,12,12,4,13,28,42,27,20,20,0,5,11,44,115
26017,Bay County,4,34,29,13,31,20,25,20,20,20,10,69,46,25,18,10,11,3,-1,-5,0,0,17,34,55
26019,Benzie County,0,6,6,4,7,6,7,5,1,2,0,-3,-3,-3,-3,-2,-1,-3,-5,-4,0,1,15,21,20
26021,Berrien County,92,413,403,365,356,376,379,345,339,343,85,333,451,408,396,337,424,310,215,216,0,70,262,524,649
26023,Branch County,11,101,92,76,72,72,74,69,65,66,9,44,54,47,51,45,65,48,29,29,0,35,189,291,248
26025,Calhoun County,45,221,204,180,200,202,207,188,184,184,50,190,318,282,326,300,380,302,198,198,0,40,143,283,389
26027,Cass County,0,18,16,12,13,11,12,10,10,10,8,13,9,-7,6,4,1,0,-5,-5,0,1,14,8,42
26029,Charlevoix County,1,7,2,-8,8,2,7,1,2,1,5,55,69,22,31,26,31,28,20,20,0,7,24,13,20
26031,Cheboygan County,3,6,-1,-11,10,1,7,2,3,2,0,9,7,1,3,2,3,3,2,-1,0,1,15,21,34
26033,Chippewa County,3,24,11,-9,17,5,12,5,4,3,7,50,65,57,43,18,18,11,2,3,0,6,47,63,51
26035,Clare County,0,1,1,0,1,1,1,1,0,0,0,3,3,4,3,7,8,7,6,6,0,2,5,1,1
26037,Clinton County,4,15,9,3,12,8,10,6,6,6,21,86,113,96,81,85,100,76,47,47,0,26,79,124,237
26039,Crawford County,0,2,0,-1,2,0,1,0,0,0,1,-1,8,9,8,9,8,8,6,6,0,1,3,9,7
26041,Delta County,0,8,7,5,6,5,6,6,5,6,0,-2,0,3,1,-4,0,0,-3,-3,0,0,-4,6,30
26043,Dickinson County,0,7,6,3,4,2,3,3,2,2,3,-5,-4,0,0,3,7,3,0,0,0,2,8,24,16
26045,Eaton County,19,102,91,72,86,80,84,73,70,71,49,219,193,132,146,160,205,164,110,103,0,45,184,257,330
26047,Emmet County,1,22,19,16,15,14,14,13,10,11,2,19,19,15,13,14,15,11,5,5,0,4,5,11,28
26049,Genesee County,78,244,230,194,193,192,194,178,175,180,70,238,206,176,214,192,279,214,134,117,0,83,464,685,768
26051,Gladwin County,0,1,1,0,1,1,1,0,-1,0,2,11,12,0,2,2,2,2,2,2,0,0,0,14,20
26053,Gogebic County,0,3,3,3,1,3,2,2,1,2,3,0,7,6,5,2,3,3,3,3,0,0,3,8,7
26055,Grand Traverse County,13,60,50,33,52,42,48,41,38,37,3,-4,38,9,21,16,30,15,7,7,0,23,61,68,66
26057,Gratiot County,0,15,14,12,15,13,15,15,14,14,5,21,19,14,9,10,14,9,7,7,0,3,26,24,47
26059,Hillsdale County,0,17,15,12,10,11,11,11,9,10,0,-6,6,1,3,5,11,5,2,2,0,7,15,26,47
26061,Houghton County,11,61,60,46,51,50,53,48,47,47,40,189,199,186,170,112,135,103,60,64,1,35,146,194,212
26063,Huron County,0,8,5,1,8,5,7,5,5,5,0,17,18,17,11,12,18,14,11,11,0,6,18,34,30
26065,Ingham County,368,1262,1192,1054,985,1032,1033,955,926,939,437,2116,2036,2029,2055,1921,2396,1954,1300,1294,17,415,1389,2241,2344
26067,Ionia County,2,21,18,13,16,15,15,11,10,11,1,2,12,5,1,7,15,12,5,5,0,7,13,13,39
26069,Iosco County,0,3,2,1,4,2,3,2,2,2,4,9,16,7,6,1,4,2,3,-4,0,6,16,29,27
26071,Iron County,0,0,0,0,0,0,0,0,-1,0,0,1,0,1,1,1,1,0,0,0,0,0,2,11,11
26073,Isabella County,24,104,103,90,89,92,94,88,84,84,31,212,241,230,248,199,230,187,120,121,0,20,66,167,228
26075,Jackson County,21,115,103,84,90,86,101,89,93,94,34,97,74,78,81,70,102,72,60,30,0,28,91,219,219
26077,Kalamazoo County,162,603,556,480,457,463,464,428,414,419,142,567,595,591,514,414,606,435,316,303,5,275,884,1106,1263
26079,Kalkaska County,0,1,0,0,1,0,1,1,0,1,2,13,12,7,12,1,5,5,3,3,0,-1,4,5,9
26081,Kent County,678,2284,2097,1775,1584,1620,1635,1466,1416,1427,226,1181,1635,1623,1626,1412,2048,1528,1066,1018,23,566,2305,3691,4866
26083,Keweenaw County,0,1,1,1,0,1,0,1,0,1,0,1,1,0,0,0,1,0,0,0,0,0,0,1,1
26085,Lake County,0,1,1,1,0,1,0,1,0,1,0,-1,0,3,13,1,5,4,3,3,0,1,2,4,4
26087,Lapeer County,5,50,48,40,39,38,39,35,33,34,14,49,69,52,36,25,33,22,13,10,0,33,83,49,75
26089,Leelanau County,0,20,16,13,19,19,20,18,15,15,4,19,22,10,14,14,16,11,9,9,0,3,12,10,10
26091,Lenawee County,8,56,55,41,44,43,44,39,39,40,23,41,27,16,41,36,57,54,65,5,2,36,108,65,58
26093,Livingston County,49,180,163,139,135,132,134,123,119,119,21,43,65,72,89,85,119,73,51,53,0,18,41,75,138
26095,Luce County,0,1,1,1,0,1,0,1,0,1,0,1,4,1,6,2,2,2,1,1,0,0,-1,2,5
26097,Mackinac County,0,2,3,1,9,8,10,8,7,7,0,8,15,13,27,29,40,34,27,27,0,6,50,75,100
26099,Macomb County,536,2065,1832,1443,1385,1336,1374,1211,1159,1142,492,2526,2969,2864,2691,2393,2977,2304,1312,1281,44,592,2074,3492,4124
26101,Manistee County,1,6,6,5,4,5,4,4,3,4,5,12,14,10,6,7,18,8,12,12,0,4,15,25,16
26103,Marquette County,3,25,18,12,21,15,19,16,13,13,2,12,34,47,50,51,67,54,29,30,0,7,37,73,57
26105,Mason County,0,5,3,-1,7,4,6,3,3,3,3,13,18,10,10,4,7,5,4,4,0,4,14,17,23
26107,Mecosta County,6,55,51,45,47,45,47,43,41,41,12,70,64,79,65,28,40,34,19,19,0,5,10,30,27
26109,Menominee County,0,8,7,4,6,3,4,4,2,3,0,5,14,-1,-5,0,-1,-3,-2,-2,0,1,8,9,18
26111,Midland County,27,157,154,132,121,120,123,116,114,114,35,145,171,181,125,120,144,113,62,64,0,38,96,113,127
26113,Missaukee County,0,0,-1,-2,1,-1,0,0,-1,-1,3,17,16,11,9,5,7,6,5,5,0,1,14,19,32
26115,Monroe County,28,121,113,96,97,100,104,95,93,94,20,57,74,66,46,8,24,8,-8,-10,0,43,125,210,219
26117,Montcalm County,1,21,18,14,17,17,18,15,14,14,11,36,21,9,11,5,3,0,-2,-2,0,11,87,181,196
26119,Montmorency County,0,1,0,-1,0,0,0,0,-1,0,0,-1,0,1,4,2,3,3,2,2,0,0,1,9,6
26121,Muskegon County,24,130,119,101,101,99,101,90,87,88,19,55,84,56,73,66,72,56,34,32,1,39,105,138,193
26123,Newaygo County,2,44,41,37,36,34,34,31,27,29,6,10,27,18,13,11,23,16,12,11,0,16,38,52,49
26125,Oakland County,1184,4992,4614,3957,3500,3631,3639,3289,3185,3209,1021,5294,5492,5702,5995,5679,7352,5554,3625,3617,144,2000,7098,10778,11274
26127,Oceana County,6,64,62,52,54,54,56,48,47,47,3,18,41,32,38,33,64,39,41,42,1,39,67,26,25
26129,Ogemaw County,0,0,0,-1,0,1,1,1,0,1,3,13,12,15,15,12,10,9,5,5,0,3,17,25,11
26131,Ontonagon County,0,0,0,-1,1,1,2,1,1,2,0,2,1,3,5,1,3,2,2,2,0,1,1,2,1
26133,Osceola County,0,6,7,8,12,14,14,14,12,13,0,7,6,14,15,5,12,6,11,8,0,2,12,16,29
26135,Oscoda County,0,1,1,1,0,1,0,1,0,1,0,2,1,2,1,1,1,1,1,1,0,0,2,2,2
26137,Otsego County,0,8,7,5,8,6,7,6,5,5,4,12,17,15,23,-1,-1,-1,-1,-1,0,2,15,36,33
26139,Ottawa County,125,425,391,336,309,310,311,285,271,273,114,482,687,491,483,350,588,325,294,295,4,133,314,579,822
26141,Presque Isle County,0,1,1,0,4,3,4,3,2,2,0,2,2,4,4,2,5,2,3,3,0,2,5,6,2
26143,Roscommon County,0,2,2,0,1,1,1,1,0,1,6,35,28,11,2,-1,4,2,2,2,0,0,1,2,1
26145,Saginaw County,38,176,166,139,131,128,129,117,113,116,40,177,224,210,231,213,264,198,127,125,1,33,112,204,234
26147,St. Clair County,25,129,115,88,100,92,99,88,87,87,33,105,130,121,63,33,62,37,25,22,0,28,80,132,139
26149,St. Joseph County,31,143,132,114,99,100,103,93,89,89,8,46,78,39,38,11,41,14,23,22,0,20,59,88,162
26151,Sanilac County,0,5,3,1,4,2,3,3,2,2,0,4,8,9,8,11,11,7,4,4,0,18,29,26,30
26153,Schoolcraft County,0,2,1,1,0,1,0,1,0,1,1,1,3,1,0,0,-1,-1,-1,-1,0,1,7,6,5
26155,Shiawassee County,0,7,5,2,7,4,6,3,3,3,7,6,4,10,7,15,16,12,9,8,0,1,17,23,22
26157,Tuscola County,1,7,6,5,4,4,4,4,3,4,2,13,17,14,10,6,10,6,7,7,0,3,32,32,32
26159,Van Buren County,11,78,65,57,53,52,51,46,46,48,11,13,91,40,50,41,88,43,39,39,0,20,114,139,194
26161,Washtenaw County,578,2218,2081,1832,1654,1708,1707,1575,1525,1527,517,2159,2202,2304,2219,2016,2452,1965,1208,1160,21,636,2412,3624,4237
26163,Wayne County,1531,6578,6066,5124,4526,4673,4714,4257,4107,4132,855,4251,4585,4482,4366,4397,5665,4269,2739,2533,143,1468,6276,10728,14940
26165,Wexford County,1,14,13,9,9,9,9,9,8,9,0,4,7,12,12,12,17,14,14,6,0,3,25,50,33
27001,Aitkin County,0,0,-1,-1,0,-1,0,0,-1,0,0,3,4,0,3,-1,1,-1,-1,-1,0,1,9,3,4
27003,Anoka County,160,534,484,416,406,423,429,384,369,373,137,409,416,371,531,506,473,270,229,234,4,361,1239,1631,2682
27005,Becker County,0,10,6,3,5,3,5,3,3,3,3,11,29,33,45,43,38,26,26,26,0,6,19,14,16
27007,Beltrami County,0,20,19,19,16,21,21,18,17,18,11,26,18,42,62,59,54,31,29,29,0,14,23,23,37
27009,Benton County,5,34,29,25,27,28,30,23,22,22,0,6,4,5,51,77,72,53,50,50,2,46,135,46,48
27011,Big Stone County,0,1,1,1,0,1,0,1,0,1,0,0,0,4,2,2,1,1,1,1,0,0,4,3,11
27013,Blue Earth County,14,102,100,83,85,88,91,80,80,81,20,99,74,80,197,194,180,124,106,103,3,86,253,293,244
27015,Brown County,0,8,6,4,6,5,6,6,5,5,1,6,3,7,18,16,17,9,8,8,0,6,32,28,31
27017,Carlton County,1,9,6,0,10,7,10,6,6,6,0,7,4,3,14,18,12,6,3,2,0,7,15,19,20
27019,Carver County,37,172,162,139,131,129,131,118,117,117,21,76,48,55,72,80,82,52,45,47,0,57,191,239,233
27021,Cass County,0,1,0,0,3,1,2,2,1,1,0,11,6,8,11,17,8,8,7,7,0,0,11,12,18
27023,Chippewa County,0,1,1,0,1,1,1,1,0,1,3,16,23,20,27,37,23,22,21,21,0,16,106,114,113
27025,Chisago County,1,5,4,3,6,4,5,5,4,4,6,18,13,8,12,23,41,24,20,20,0,14,25,33,52
27027,Clay County,6,41,38,28,36,31,34,32,30,30,18,57,45,65,144,150,183,120,97,100,1,62,149,149,117
27029,Clearwater County,0,0,-1,-1,0,-1,0,0,-1,-1,0,2,0,6,6,6,6,5,5,5,0,0,1,1,2
27031,Cook County,0,6,5,5,2,3,2,3,2,3,0,5,7,10,23,35,32,22,22,22,0,2,20,11,5
27033,Cottonwood County,0,2,2,0,1,1,1,1,0,1,1,12,0,5,11,3,2,-2,-4,-4,0,1,17,53,119
27035,Crow Wing County,4,20,18,10,25,20,24,20,20,19,9,18,39,22,23,18,19,8,6,6,0,3,17,28,27
27037,Dakota County,266,830,758,598,640,629,659,588,571,561,176,515,555,483,791,899,814,520,462,427,20,373,1602,1947,2730
27039,Dodge County,0,18,15,12,10,14,14,13,11,12,3,17,18,20,19,13,9,6,6,6,0,0,48,25,41
27041,Douglas County,1,8,6,4,7,5,6,5,3,3,4,13,11,12,2,2,1,2,2,2,0,7,46,22,51
27043,Faribault County,0,8,9,6,5,6,6,5,3,4,0,0,1,2,0,0,-1,-2,-2,-2,0,0,9,12,22
27045,Fillmore County,0,2,2,2,1,2,1,2,1,2,0,10,12,20,21,35,27,20,17,16,0,4,42,13,19
27047,Freeborn County,5,45,43,35,31,33,31,31,27,29,3,14,18,11,20,45,41,26,25,25,0,17,45,25,49
27049,Goodhue County,1,22,18,11,10,10,11,11,10,10,6,6,5,19,29,26,9,4,3,3,0,8,61,56,79
27051,Grant County,0,1,0,0,1,0,1,1,0,1,0,1,0,0,0,0,0,0,0,0,0,1,19,16,18
27053,Hennepin County,1708,7020,6655,5834,5327,5643,5640,5137,4951,4988,1187,4975,4567,4521,6284,6442,6444,4189,3640,3649,135,1793,6670,9229,13849
27055,Houston County,0,6,5,4,4,7,7,4,3,4,2,1,-2,3,6,9,5,1,0,0,0,7,3,19,8
27057,Hubbard County,0,0,-1,-1,0,-1,0,0,-1,0,1,9,8,9,12,10,9,3,2,2,0,5,13,10,25
27059,Isanti County,1,16,13,11,14,12,13,11,10,10,2,12,22,19,30,22,23,15,13,13,0,4,26,33,57
27061,Itasca County,1,27,28,30,31,37,37,33,32,33,3,3,2,-1,6,12,11,10,8,8,0,2,1,4,14
27063,Jackson County,0,0,1,0,1,3,3,3,0,1,0,0,-2,-1,2,12,9,8,7,7,0,2,15,9,25
27065,Kanabec County,0,2,2,2,0,1,0,1,0,1,1,3,0,0,12,14,13,9,9,9,0,0,4,0,0
27067,Kandiyohi County,14,78,72,68,69,73,77,65,64,64,20,90,102,131,226,261,273,201,193,193,1,85,425,559,622
27069,Kittson County,0,1,1,1,0,1,0,1,0,1,0,0,0,0,2,4,4,4,3,3,0,3,7,18,13
27071,Koochiching County,0,18,15,12,14,12,13,12,10,10,1,4,5,5,6,7,9,6,3,3,0,1,1,2,0
27073,Lac qui Parle County,0,0,-1,-1,0,-1,0,0,-1,0,0,2,2,5,4,8,9,4,3,3,0,5,0,7,12
27075,Lake County,0,0,-1,-1,0,-1,0,0,-1,0,1,0,6,7,15,7,10,7,5,5,0,0,0,2,-1
27077,Lake of the Woods County,0,7,5,2,4,3,3,3,2,3,0,5,4,4,4,0,-1,-1,-1,-1,0,1,0,1,0
27079,Le Sueur County,2,21,17,13,11,12,14,12,10,11,0,8,4,2,11,32,37,26,29,30,0,10,74,44,104
27081,Lincoln County,0,1,1,1,0,1,0,1,0,1,0,0,0,0,0,0,0,0,0,0,0,1,5,6,2
27083,Lyon County,12,88,86,81,75,75,77,74,71,71,9,55,55,64,106,132,142,102,94,94,0,50,213,124,155
27085,McLeod County,3,40,36,31,30,33,33,30,29,30,1,16,11,31,26,23,12,8,5,5,0,5,71,64,87
27087,Mahnomen County,0,2,2,2,1,2,1,2,1,2,0,0,0,0,1,1,1,0,0,0,0,0,8,2,6
27089,Marshall County,0,3,3,3,2,3,2,3,2,3,0,1,1,0,1,3,2,2,2,2,0,0,2,2,5
27091,Martin County,1,10,8,6,7,7,7,7,6,7,0,-3,0,-4,3,4,7,2,1,1,0,0,23,28,38
27093,Meeker County,1,5,5,5,6,6,6,6,5,6,1,10,15,19,24,25,18,14,15,15,0,4,45,35,40
27095,Mille Lacs County,0,3,2,1,2,2,3,3,2,2,1,11,2,5,9,10,10,8,7,7,0,2,1,1,8
27097,Morrison County,1,4,0,-5,10,4,8,5,4,3,4,16,6,7,8,8,7,3,3,3,0,1,7,6,10
27099,Mower County,23,113,106,98,87,91,91,80,77,78,11,36,80,76,159,238,186,132,127,126,2,110,254,330,431
27101,Murray County,0,2,1,0,1,0,1,1,0,0,0,9,11,10,9,9,8,5,5,5,0,1,12,8,9
27103,Nicollet County,6,51,48,41,43,44,45,41,40,40,2,-5,20,38,67,54,51,38,34,34,0,24,71,89,100
27105,Nobles County,14,85,84,71,72,78,77,69,68,72,45,193,189,168,194,151,159,103,88,87,2,70,278,305,365
27107,Norman County,0,0,0,-1,0,1,1,0,-1,0,0,2,2,3,11,15,13,10,8,8,0,2,12,12,17
27109,Olmsted County,203,692,661,581,531,556,552,514,497,506,153,449,462,476,672,751,724,492,436,423,8,269,629,747,790
27111,Otter Tail County,1,76,70,60,53,53,54,49,45,45,12,50,52,59,57,49,54,38,30,31,0,8,66,153,198
27113,Pennington County,0,9,8,6,8,9,9,8,7,8,4,21,10,17,17,17,14,10,9,9,0,1,13,18,85
27115,Pine County,0,4,4,3,3,3,3,3,2,3,2,3,4,1,0,2,6,3,3,3,0,2,14,22,23
27117,Pipestone County,0,1,0,0,1,1,1,1,0,1,0,-1,3,8,9,40,36,25,24,23,0,15,33,28,76
27119,Polk County,1,17,12,5,21,17,21,18,18,17,7,36,25,25,63,63,65,39,35,35,0,21,75,83,40
27121,Pope County,0,2,2,2,1,2,1,2,0,1,0,0,0,1,3,6,4,4,5,5,0,4,9,9,11
27123,Ramsey County,654,2451,2327,2049,1879,2006,2008,1820,1759,1768,698,3090,2882,2579,3601,3466,3491,2274,1925,1880,100,954,3398,3942,4706
27125,Red Lake County,0,1,1,1,0,1,0,1,0,1,0,2,2,0,2,2,1,1,1,1,0,0,0,1,0
27127,Redwood County,0,2,1,-1,2,0,1,1,0,0,0,5,6,3,4,6,7,5,4,4,0,4,21,14,8
27129,Renville County,0,8,7,6,5,7,8,5,4,4,0,11,9,13,14,18,11,9,8,8,0,1,9,14,42
27131,Rice County,44,189,175,149,141,143,144,130,125,126,29,112,90,117,210,254,264,188,180,181,2,107,329,494,694
27133,Rock County,0,2,1,0,7,5,7,5,5,5,0,0,-1,-2,-7,-7,-4,-5,-5,-5,0,1,6,7,14
27135,Roseau County,1,9,9,8,5,5,4,5,4,5,1,21,16,7,9,8,9,7,6,6,0,1,11,11,16
27137,St. Louis County,23,118,84,45,100,77,94,76,76,70,41,143,144,139,170,184,178,95,80,82,0,39,102,154,103
27139,Scott County,40,166,156,131,125,127,130,122,117,118,67,222,197,193,286,258,279,163,141,126,3,150,602,609,772
27141,Sherburne County,4,32,30,26,24,24,24,23,21,22,10,64,58,38,77,61,46,25,23,20,1,25,129,127,265
27143,Sibley County,6,25,24,23,24,26,28,23,21,22,0,4,12,29,23,19,9,7,5,6,0,6,18,37,38
27145,Stearns County,46,177,166,144,147,144,149,135,129,131,47,218,318,395,677,815,836,608,558,556,9,343,951,1165,923
27147,Steele County,23,116,115,105,97,98,99,95,89,89,3,24,18,10,7,-4,0,-4,-7,-6,0,11,62,93,129
27149,Stevens County,0,12,11,8,5,7,6,6,5,6,5,9,7,23,38,55,53,48,52,31,0,13,124,66,62
27151,Swift County,0,1,0,0,1,1,1,1,0,1,0,4,6,12,18,14,11,10,14,4,0,7,34,18,63
27153,Todd County,0,29,29,27,29,25,26,23,22,22,1,9,6,-2,-2,0,8,4,7,-6,0,16,100,86,102
27155,Traverse County,0,0,-1,-1,0,0,0,0,-1,0,0,0,0,1,1,4,3,2,1,1,0,0,5,3,4
27157,Wabasha County,5,38,35,28,27,26,27,26,24,24,2,12,8,6,2,5,6,4,4,4,0,5,9,22,32
27159,Wadena County,0,1,1,1,0,2,1,1,0,1,0,2,1,2,3,3,2,1,1,1,0,8,23,18,12
27161,Waseca County,1,8,6,5,8,7,9,7,6,6,2,0,5,11,-1,-1,-3,-4,-4,-4,0,3,17,15,18
27163,Washington County,76,287,254,214,232,217,225,204,197,198,105,360,275,248,345,263,294,172,129,124,0,147,642,614,591
27165,Watonwan County,4,46,41,34,27,29,27,25,23,25,6,25,6,23,50,81,49,43,43,43,0,11,154,126,168
27167,Wilkin County,0,1,-1,-2,1,-1,1,-1,-1,-1,0,-1,-3,0,-4,-4,-5,-5,-5,-5,0,0,-1,14,12
27169,Winona County,13,71,66,59,54,59,59,54,51,52,16,55,78,63,83,75,65,36,25,25,1,33,138,94,98
27171,Wright County,4,50,45,41,42,43,50,43,44,44,10,53,68,65,75,79,66,44,40,41,1,37,169,244,461
27173,Yellow Medicine County,0,2,1,-1,-1,-1,0,-1,-2,-1,0,-2,0,2,3,2,3,2,2,2,0,1,32,33,15
28001,Adams County,0,11,9,3,11,9,11,8,9,8,8,43,65,73,202,176,119,502,146,151,0,57,486,646,1905
28003,Alcorn County,0,25,30,27,34,36,37,34,34,34,-1,1,6,9,13,11,-6,8,-7,-7,0,4,26,10,289
28005,Amite County,0,0,0,-2,2,1,2,0,1,1,0,-1,-1,0,-2,-1,-2,-2,-2,-2,0,1,2,3,16
28007,Attala County,1,11,9,7,7,7,7,6,6,7,1,0,-6,-3,0,0,-2,0,0,0,0,0,-1,-1,7
28009,Benton County,0,5,5,5,6,8,7,8,7,8,0,-4,-5,-5,-3,-3,-2,-3,-3,-3,0,2,2,1,15
28011,Bolivar County,1,7,6,4,6,7,7,7,7,7,1,-5,5,10,20,23,6,13,23,23,0,-1,61,18,80
28013,Calhoun County,2,22,21,17,23,19,21,19,20,20,1,0,-3,-1,5,12,7,30,7,7,0,1,29,16,23
28015,Carroll County,0,6,6,6,5,8,7,6,5,6,0,0,-1,0,-1,-2,-2,-2,-2,-2,0,0,0,-1,-2
28017,Chickasaw County,7,35,37,38,37,41,40,38,34,35,0,11,11,16,31,14,9,29,19,19,0,0,2,6,18
28019,Choctaw County,0,4,4,2,2,1,1,1,1,1,1,1,0,2,2,3,0,0,1,1,0,0,-2,-1,16
28021,Claiborne County,0,1,1,0,3,2,3,2,3,3,1,7,1,11,14,12,0,0,1,1,0,2,20,11,18
28023,Clarke County,0,1,0,-2,3,0,2,0,1,0,0,1,1,0,5,2,-2,-1,0,0,0,0,-1,0,-1
28025,Clay County,2,6,3,-4,9,4,7,4,6,4,1,5,0,0,2,6,3,5,10,4,0,0,4,0,0
28027,Coahoma County,3,19,15,16,17,15,17,14,15,14,3,6,-2,0,-2,-6,-8,-8,-7,-7,0,1,165,156,302
28029,Copiah County,2,3,-4,-20,18,4,12,3,7,4,2,2,7,19,37,29,6,26,11,11,1,24,142,108,171
28031,Covington County,1,6,3,3,2,4,4,4,3,3,0,-3,7,7,3,6,3,3,5,5,0,0,-2,-6,44
28033,DeSoto County,34,156,154,136,150,151,154,145,141,139,7,93,-15,8,94,116,-14,212,68,66,7,28,332,237,686
28035,Forrest County,41,136,118,65,165,143,161,133,139,136,22,131,128,134,153,218,57,95,150,154,1,28,241,126,431
28037,Franklin County,0,1,2,2,1,2,1,2,1,2,0,0,0,-1,3,4,2,1,3,3,0,0,2,1,2
28039,George County,5,16,17,12,22,18,21,18,19,17,2,16,26,41,64,28,22,27,46,2,0,5,47,-1,64
28041,Greene County,1,0,0,-4,4,1,3,1,2,1,0,-1,-1,0,0,6,5,8,13,13,0,3,0,0,5
28043,Grenada County,1,15,14,7,18,18,20,16,17,15,0,-1,1,-6,-5,-3,-3,-3,-3,-3,0,6,15,16,30
28045,Hancock County,3,17,11,-2,27,19,25,18,21,19,23,28,34,23,28,36,-7,-20,-32,-22,1,-2,50,16,138
28047,Harrison County,160,153,-247,-1086,700,91,432,55,169,102,114,279,632,371,408,571,149,204,69,120,16,66,636,776,2055
28049,Hinds County,35,150,131,83,141,132,143,120,123,120,69,265,170,226,318,342,94,143,286,187,0,62,581,586,1373
28051,Holmes County,0,0,0,-1,3,3,5,3,3,2,0,-1,-1,0,0,0,0,0,0,0,0,0,1,1,0
28053,Humphreys County,1,9,10,10,9,11,10,10,9,10,0,2,4,5,10,7,2,12,2,2,0,1,8,11,30
28055,Issaquena County,0,1,1,1,0,1,0,1,0,1,0,0,0,0,0,0,0,0,0,0,0,0,0,0,0
28057,Itawamba County,0,4,4,1,4,4,6,4,5,5,-1,-2,-1,4,10,12,-1,3,8,8,0,1,4,4,13
28059,Jackson County,73,150,16,-261,343,146,267,136,179,156,64,263,283,220,290,379,228,296,468,76,9,77,383,277,622
28061,Jasper County,0,4,4,0,1,-1,0,-2,-1,0,0,-1,-1,-1,-2,-1,-2,-2,-2,-2,0,0,0,0,0
28063,Jefferson County,0,0,0,-1,0,0,0,0,0,0,0,0,0,0,0,0,0,0,0,0,0,0,3,0,0
28065,Jefferson Davis County,0,-1,-1,-3,1,-1,0,-1,0,0,0,0,0,0,0,-1,-1,-1,-1,-1,0,0,-1,0,-1
28067,Jones County,49,178,180,169,171,195,199,172,174,174,-2,1,-6,0,5,33,9,65,19,20,0,-1,79,17,215
28069,Kemper County,0,2,2,2,1,2,1,2,1,2,-1,-2,-1,0,0,0,0,0,0,0,0,0,-2,-1,-4
28071,Lafayette County,11,67,67,57,68,66,69,58,58,56,18,102,13,37,68,66,-18,32,19,19,-2,18,249,159,420
28073,Lamar County,3,12,5,-17,26,12,21,12,14,11,0,1,-1,-2,10,32,-10,6,34,34,2,21,53,43,181
28075,Lauderdale County,20,3,-64,-200,108,6,64,-2,19,7,39,62,102,35,24,62,-2,-21,-42,-26,5,0,114,99,184
28077,Lawrence County,0,1,0,-4,4,1,3,1,2,1,0,-1,-1,0,0,-1,0,0,0,0,0,0,0,0,5
28079,Leake County,3,20,19,15,17,18,19,16,15,15,-3,-8,-7,-4,-4,-3,-2,-2,1,-7,0,-1,141,100,249
28081,Lee County,7,50,46,30,46,43,46,39,39,39,5,20,9,8,9,13,6,22,30,18,4,32,73,65,311
28083,Leflore County,5,18,17,9,10,11,13,9,9,9,11,58,11,8,7,-3,-6,-7,-5,-5,1,10,51,46,14
28085,Lincoln County,1,6,4,2,0,0,0,0,0,0,5,14,2,7,7,7,3,24,5,6,0,4,19,22,30
28087,Lowndes County,24,17,-44,-173,110,13,67,7,27,16,31,45,142,131,128,186,49,43,68,89,0,4,39,87,276
28089,Madison County,7,57,46,30,40,38,41,33,33,32,57,230,132,116,134,197,31,115,121,121,2,46,509,513,1266
28091,Marion County,0,6,6,4,3,6,6,7,6,7,0,-8,-9,-7,-3,7,1,16,4,5,0,1,1,5,18
28093,Marshall County,0,7,5,0,1,-1,-1,-2,-1,0,2,-8,-6,-2,0,2,-4,2,-5,-5,0,-1,22,5,61
28095,Monroe County,1,2,-1,-5,2,-1,1,-1,0,-1,0,-4,-4,-3,-2,-2,-1,-1,-1,-1,0,0,-1,13,34
28097,Montgomery County,0,-1,-2,-4,2,-1,1,-1,0,-1,0,0,0,3,6,10,0,1,2,2,0,0,-1,-1,-1
28099,Neshoba County,1,4,2,-4,8,4,6,4,6,4,0,-1,-2,-4,-3,-3,-3,-3,-3,-3,0,1,11,31,71
28101,Newton County,2,2,-4,-17,17,7,13,6,10,7,5,18,13,0,3,3,-1,-1,0,0,0,0,5,3,39
28103,Noxubee County,1,9,10,9,8,7,7,7,7,7,0,-1,5,14,16,14,-1,1,5,6,0,0,0,0,19
28105,Oktibbeha County,31,134,129,106,103,105,105,97,95,96,20,114,79,89,105,154,27,58,120,114,7,56,280,329,717
28107,Panola County,2,7,3,-3,6,3,5,2,4,2,1,-5,-3,-1,39,49,19,67,24,24,0,-5,4,-5,28
28109,Pearl River County,4,13,5,-9,17,8,14,7,10,8,-2,-1,-1,-15,-34,-27,-30,-30,-30,-30,0,2,72,74,199
28111,Perry County,0,-1,-1,-2,1,-1,0,-1,0,0,0,-2,-4,-4,-2,-2,-3,-3,-3,-3,0,0,0,3,7
28113,Pike County,0,2,0,-3,4,2,4,1,3,2,3,-1,-4,3,20,3,-6,-4,4,4,0,1,11,22,27
28115,Pontotoc County,1,25,26,22,24,27,26,25,24,25,2,3,-9,-14,-5,12,13,85,23,24,0,3,53,91,205
28117,Prentiss County,0,1,0,-3,4,1,2,0,1,1,0,1,-7,-1,0,1,7,9,15,0,3,12,101,25,12
28119,Quitman County,0,1,1,-1,0,0,0,0,0,0,0,4,3,6,9,1,2,2,3,3,0,1,4,2,1
28121,Rankin County,23,113,103,67,107,100,109,94,95,92,27,92,64,46,155,190,21,126,110,92,0,12,296,291,676
28123,Scott County,24,127,135,135,143,163,165,153,144,143,23,107,58,53,49,39,23,72,53,20,1,20,217,119,328
28125,Sharkey County,0,1,1,1,0,2,1,2,1,2,0,1,0,1,2,1,0,0,1,1,0,0,0,0,0
28127,Simpson County,7,23,19,14,29,27,30,24,26,24,0,29,10,5,11,14,0,1,3,3,1,5,13,-2,13
28129,Smith County,1,3,2,2,0,1,0,1,0,1,0,-1,0,0,-1,1,1,2,1,1,0,0,1,0,14
28131,Stone County,1,2,1,-4,3,0,2,-1,0,-1,0,5,6,9,0,0,-1,3,-1,-1,0,1,2,14,30
28133,Sunflower County,1,17,12,0,6,4,6,4,5,4,1,1,-3,4,11,7,5,5,9,3,0,1,46,28,154
28135,Tallahatchie County,1,6,6,7,6,6,9,8,8,9,0,-9,-11,-21,-2,-3,-9,-9,-7,-7,0,2,25,7,52
28137,Tate County,1,2,2,-2,8,4,6,4,6,4,1,8,-2,0,12,12,-5,6,-6,-6,0,1,10,-1,-3
28139,Tippah County,12,58,68,69,75,91,91,83,82,83,5,20,5,-8,-9,6,0,9,0,0,0,2,27,36,104
28141,Tishomingo County,1,18,22,27,27,31,30,30,29,30,2,1,-5,1,14,9,3,18,3,3,0,-1,2,2,56
28143,Tunica County,0,8,7,6,8,11,11,9,9,9,14,19,3,1,4,4,-1,0,3,3,0,0,0,-2,0
28145,Union County,7,44,45,35,40,43,45,37,38,37,2,35,30,29,55,50,15,23,36,36,0,8,19,11,66
28147,Walthall County,1,7,7,8,9,11,11,10,10,10,0,4,0,-2,-1,2,-5,-5,-2,-2,0,-1,20,6,28
28149,Warren County,3,24,27,20,28,27,28,21,23,22,6,24,27,29,24,-3,3,6,20,16,1,14,81,33,25
28151,Washington County,1,38,37,30,35,38,39,35,34,34,-2,-6,-5,16,32,28,4,7,19,19,0,0,-1,6,39
28153,Wayne County,0,2,0,-2,2,-1,1,-1,0,0,0,-4,-4,-7,-4,-1,-1,-1,-1,-1,0,2,37,29,62
28155,Webster County,0,1,0,-3,2,0,2,0,1,0,0,-2,-1,0,-1,-3,-3,-3,-3,-3,0,-1,0,-1,-1
28157,Wilkinson County,0,0,-1,-1,0,0,0,0,0,0,0,0,-1,-1,0,-1,-1,-1,-1,-1,0,0,0,0,-2
28159,Winston County,0,20,20,20,22,25,25,22,19,19,0,-3,-2,-4,-2,0,0,0,0,0,0,-1,4,5,5
28161,Yalobusha County,0,2,2,2,1,2,1,2,1,2,0,0,0,0,0,-2,-3,-3,-3,-3,0,0,0,0,0
28163,Yazoo County,0,18,15,15,17,19,19,18,16,16,2,16,16,9,5,30,64,185,94,43,1,-1,24,27,164
29001,Adair County,4,34,32,30,29,32,31,27,25,26,17,95,83,67,52,92,87,119,99,99,4,54,102,129,251
29003,Andrew County,1,2,0,-4,6,3,5,3,5,3,0,0,-2,-3,-6,-3,-2,-1,-2,-2,0,0,6,11,5
29005,Atchison County,0,1,0,0,0,2,2,1,1,1,0,0,0,4,1,1,2,3,2,2,0,0,0,0,5
29007,Audrain County,0,1,1,1,0,1,0,1,0,1,1,-2,1,-4,-3,10,6,7,4,4,0,4,0,2,12
29009,Barry County,20,89,84,78,76,78,77,70,72,73,6,49,37,35,40,31,10,20,7,7,0,0,28,65,100
29011,Barton County,0,1,1,0,3,3,3,1,3,2,2,4,1,5,0,0,0,0,0,0,0,0,-1,-2,-2
29013,Bates County,1,7,7,5,5,7,7,5,5,5,1,5,2,-1,0,-1,-1,-1,-2,-1,0,1,5,2,-1
29015,Benton County,0,1,1,1,0,1,0,1,0,1,1,-1,0,-4,1,1,-3,-2,-3,-3,0,-1,-5,1,4
29017,Bollinger County,0,0,1,0,2,1,1,0,2,1,0,-1,0,0,0,0,0,0,0,0,0,0,0,0,-1
29019,Boone County,125,472,455,394,390,411,413,377,367,372,151,820,528,515,670,720,488,699,513,522,22,327,751,1011,1180
29021,Buchanan County,5,37,26,8,39,28,34,22,26,25,38,186,191,181,261,204,153,212,160,163,3,49,270,369,513
29023,Butler County,5,28,23,17,19,14,15,13,15,15,2,-7,-5,-2,-7,7,4,5,3,3,0,3,1,10,28
29025,Caldwell County,0,2,2,0,0,1,1,0,0,0,0,1,0,2,2,1,1,2,3,2,0,1,3,4,8
29027,Callaway County,5,31,25,14,28,24,27,24,24,22,7,55,37,18,5,22,14,20,14,14,0,6,1,22,59
29029,Camden County,2,14,11,6,12,10,12,7,8,6,5,19,23,12,7,9,-6,-4,-13,-12,0,-1,-2,56,133
29031,Cape Girardeau County,9,55,46,33,49,37,43,37,38,36,19,140,114,91,129,182,118,173,125,128,6,52,93,141,249
29033,Carroll County,0,1,1,1,0,1,0,1,0,1,3,7,3,1,1,1,0,0,-2,-2,0,1,-2,0,0
29035,Carter County,0,-1,-1,-2,1,0,0,-1,1,0,0,-2,-1,-1,-1,-1,-1,-1,-1,-1,0,0,-1,3,7
29037,Cass County,17,69,53,9,96,72,86,61,68,66,5,47,25,37,20,44,6,18,3,4,0,-7,-3,37,87
29039,Cedar County,1,6,5,4,5,5,4,4,4,5,0,0,0,-1,-4,-4,-4,-3,-3,-3,0,0,-1,-1,-1
29041,Chariton County,0,0,-1,-1,0,0,0,0,0,0,1,3,2,2,0,0,0,0,0,0,0,2,6,12,14
29043,Christian County,1,14,10,2,14,9,13,7,9,7,3,7,-17,-11,-7,20,12,19,17,10,3,46,81,120,111
29045,Clark County,0,0,-1,-1,0,0,0,0,0,0,0,1,1,0,3,5,3,6,4,4,0,0,0,-1,2
29047,Clay County,81,310,291,239,234,240,241,217,217,218,86,310,185,117,163,206,104,180,108,109,5,177,580,733,730
29049,Clinton County,0,0,0,-2,2,0,2,0,2,0,0,-6,-6,-7,-9,-4,-2,-2,-2,-2,0,0,-2,-3,-1
29051,Cole County,28,114,107,74,103,101,109,91,92,89,17,62,81,54,81,84,53,82,58,57,3,26,132,161,245
29053,Cooper County,0,1,0,-1,2,1,1,1,2,1,2,5,1,0,10,15,11,13,12,12,0,1,0,-2,0
29055,Crawford County,1,16,14,14,13,13,12,12,11,12,0,-1,0,-4,-5,-4,-4,-4,-4,-4,0,1,7,-3,0
29057,Dade County,0,3,2,2,1,2,1,2,1,2,0,0,0,1,3,6,5,5,4,5,0,0,2,1,1
29059,Dallas County,0,4,2,-1,6,3,5,3,5,3,-1,-3,-7,-6,-6,0,-1,1,-1,-1,0,12,8,4,3
29061,Daviess County,0,0,-1,-1,0,0,0,0,0,0,0,1,1,1,1,3,0,2,-1,0,0,0,1,-1,0
29063,DeKalb County,0,5,6,5,4,4,4,4,4,4,3,5,-2,-8,-7,-6,-5,-5,-5,-5,0,-1,-6,2,21
29065,Dent County,0,2,2,2,1,2,1,2,1,2,5,-1,5,5,9,9,5,8,6,6,0,1,-2,-2,-3
29067,Douglas County,0,5,6,4,4,4,4,4,2,2,0,-3,-6,-6,-4,-7,-7,-7,-7,-7,0,-1,4,19,6
29069,Dunklin County,3,24,18,14,18,19,21,14,17,16,3,-13,-6,6,18,49,31,49,29,29,0,6,10,11,64
29071,Franklin County,3,16,13,10,17,13,14,11,13,12,2,8,2,3,5,24,8,20,13,12,0,9,27,48,67
29073,Gasconade County,0,-1,-1,-3,1,-1,1,-1,1,0,0,3,-1,-1,2,1,-1,-1,-1,-1,0,0,-1,0,1
29075,Gentry County,0,3,2,2,1,2,1,2,1,2,1,3,2,3,2,0,0,1,0,0,0,0,1,0,0
29077,Greene County,54,198,184,139,161,160,164,144,142,143,45,284,191,202,274,424,221,345,220,224,5,153,524,707,883
29079,Grundy County,2,15,15,12,9,11,10,11,10,11,1,13,7,5,6,24,6,9,6,6,0,2,6,10,4
29081,Harrison County,0,4,3,2,3,3,3,2,2,2,0,-1,-2,-3,-2,-4,-3,-3,-3,-3,0,0,10,7,5
29083,Henry County,2,8,3,-5,13,7,10,5,8,6,1,-1,-1,-2,-5,-5,-5,-5,-6,-6,0,3,4,8,8
29085,Hickory County,0,1,1,0,1,1,1,1,1,1,0,0,1,0,0,-1,-1,-2,-3,-3,0,0,1,1,1
29087,Holt County,0,0,-1,-1,0,0,0,0,0,0,0,0,0,0,0,0,0,0,0,0,0,0,6,7,0
29089,Howard County,0,2,4,2,2,4,3,3,2,3,4,18,6,2,3,3,0,0,0,0,0,0,1,-1,2
29091,Howell County,4,25,21,15,22,17,19,17,18,16,7,13,10,6,11,18,8,11,8,9,0,0,-7,-4,-1
29093,Iron County,0,0,0,-1,0,0,1,1,1,1,1,9,5,3,0,4,2,3,2,2,0,2,6,10,14
29095,Jackson County,481,1639,1570,1371,1343,1423,1446,1295,1264,1262,170,916,637,514,524,1001,580,912,617,602,31,639,2187,3140,4696
29097,Jasper County,52,179,175,149,156,158,162,139,138,136,23,162,115,95,92,138,99,141,114,100,7,79,220,268,369
29099,Jefferson County,14,94,83,60,78,69,82,67,71,69,19,89,35,27,54,86,43,70,38,39,0,27,44,83,79
29101,Johnson County,64,82,-50,-338,290,84,192,57,105,83,44,58,266,136,131,216,98,54,-15,41,5,19,94,195,197
29103,Knox County,0,1,1,1,0,1,0,1,0,1,0,0,0,0,0,0,0,0,0,0,0,0,0,0,0
29105,Laclede County,1,3,1,-2,3,-1,1,-1,0,-2,1,-1,-6,-8,-8,-2,-3,-2,-3,-2,0,0,10,27,42
29107,Lafayette County,2,4,2,-4,7,3,6,2,4,2,1,-2,-2,-1,-5,7,-5,-2,-7,-7,0,1,-2,37,54
29109,Lawrence County,6,57,55,46,41,41,40,40,38,39,1,-1,-5,-14,-16,-9,-17,-16,-22,-22,0,4,6,6,4
29111,Lewis County,0,1,2,2,1,2,1,2,1,2,0,3,3,-1,3,-3,-2,-2,-2,-2,0,1,2,6,9
29113,Lincoln County,2,11,9,4,13,9,11,8,10,8,2,11,9,14,5,7,2,5,2,2,0,0,29,40,68
29115,Linn County,0,5,4,3,6,5,5,5,6,5,-1,2,0,3,4,8,5,6,5,5,0,0,0,0,0
29117,Livingston County,0,4,4,3,5,5,5,3,4,3,0,6,5,4,4,6,3,7,3,3,0,9,5,9,10
29119,McDonald County,23,106,103,92,90,95,94,87,86,88,7,37,23,6,48,51,24,34,24,24,1,43,99,204,207
29121,Macon County,0,1,1,0,3,3,3,1,3,2,0,2,2,3,3,6,7,8,6,6,0,6,5,6,13
29123,Madison County,0,4,4,4,4,4,4,4,4,4,4,25,15,6,-1,-1,-1,-1,-2,-2,0,-1,10,25,43
29125,Maries County,0,0,0,-1,1,0,0,-1,1,0,2,8,5,2,-1,3,2,5,4,4,0,5,6,6,0
29127,Marion County,0,7,5,4,6,6,6,5,6,5,3,14,4,11,13,13,10,17,12,12,0,7,22,12,12
29129,Mercer County,0,1,1,1,0,1,0,1,0,1,0,3,0,1,1,1,1,2,0,1,0,1,6,12,16
29131,Miller County,0,1,0,-2,4,2,4,1,3,1,4,-1,-4,-5,-3,-1,-4,-3,-4,-4,0,1,-3,0,46
29133,Mississippi County,0,2,2,2,3,4,4,3,3,3,0,-11,-9,-6,-4,-1,0,1,0,0,0,0,0,0,0
29135,Moniteau County,0,4,3,3,3,3,3,3,3,3,0,9,10,3,5,22,15,21,17,17,0,1,4,7,25
29137,Monroe County,0,1,0,0,1,2,2,2,2,2,0,0,0,0,0,0,0,0,0,0,0,1,7,11,9
29139,Montgomery County,0,3,3,2,2,2,2,1,1,1,1,4,5,5,3,3,3,3,4,2,0,0,0,0,0
29141,Morgan County,0,6,5,5,5,5,5,4,4,4,1,1,-1,-4,-6,-2,-5,-6,-6,-6,0,0,-3,-2,-1
29143,New Madrid County,0,1,0,-1,0,0,0,0,0,0,0,-6,-1,-1,2,3,1,2,0,0,0,-1,-2,0,6
29145,Newton County,2,32,31,22,27,26,28,25,26,24,12,24,9,25,24,6,5,17,5,6,1,32,157,207,374
29147,Nodaway County,3,24,24,22,23,25,25,22,23,22,4,28,19,16,3,18,3,11,4,4,0,-1,27,50,78
29149,Oregon County,0,1,1,1,0,1,0,1,0,1,0,-7,-7,-4,-3,-3,0,1,1,1,0,1,1,3,5
29151,Osage County,0,1,0,0,1,2,2,1,1,1,1,2,2,2,1,0,0,0,0,0,0,0,0,-2,4
29153,Ozark County,0,0,0,-1,0,0,0,0,0,0,0,-5,-5,-5,-3,0,0,0,0,0,0,0,2,1,-1
29155,Pemiscot County,0,11,10,9,8,10,9,7,6,7,1,-2,-7,-4,-7,-8,-8,-8,-8,-8,0,0,16,31,42
29157,Perry County,0,5,4,3,6,5,5,4,6,5,3,14,0,-1,-4,-6,10,14,10,10,0,6,11,20,25
29159,Pettis County,21,94,84,61,114,98,107,87,89,89,9,42,27,40,38,49,20,33,15,15,1,39,109,176,275
29161,Phelps County,24,120,111,79,101,90,96,79,80,79,44,214,141,170,189,240,163,230,172,173,4,84,168,254,272
29163,Pike County,6,26,25,19,23,25,27,23,24,22,0,-2,-1,-1,0,6,1,1,0,0,0,3,1,2,6
29165,Platte County,31,162,149,105,145,134,142,122,125,123,34,117,146,139,178,281,197,287,235,208,3,95,267,358,607
29167,Polk County,6,30,28,24,26,23,25,22,23,21,6,16,4,2,-4,-12,-13,-13,-13,-13,0,6,33,73,41
29169,Pulaski County,123,-74,-512,-1450,657,-42,332,-100,64,-10,140,171,784,367,267,462,201,151,34,48,39,-31,42,60,53
29171,Putnam County,0,1,1,1,0,1,0,1,0,1,0,-1,-1,-1,-2,-1,0,0,0,0,0,0,3,1,0
29173,Ralls County,0,2,2,2,1,2,1,2,1,2,0,0,0,0,0,0,0,0,0,0,0,0,1,0,0
29175,Randolph County,4,25,23,18,21,21,21,21,21,21,0,2,3,2,2,7,6,10,5,5,0,4,5,0,0
29177,Ray County,0,-1,-2,-4,2,-1,1,-1,1,-1,1,-1,0,0,-1,-4,-4,-3,-3,-4,0,-1,-2,-1,4
29179,Reynolds County,0,1,1,1,0,1,0,1,0,1,0,0,0,0,0,0,0,0,0,0,0,0,-1,0,0
29181,Ripley County,0,4,5,6,5,6,5,6,5,6,0,-2,-2,-3,-1,-2,-2,-2,-2,-2,0,0,-3,4,12
29183,St. Charles County,71,263,238,202,233,220,229,210,209,208,100,520,399,376,502,576,447,624,514,387,11,293,720,1395,1723
29185,St. Clair County,0,-1,-1,-2,1,0,0,-1,1,0,0,-4,-4,-6,-3,-5,-5,-5,-5,-5,0,2,8,4,8
29186,Ste. Genevieve County,0,2,2,1,0,1,0,1,0,1,0,32,36,39,21,0,-1,-1,-1,-1,0,1,0,2,-1
29187,St. Francois County,4,24,21,16,22,19,22,17,19,17,3,9,2,-8,-5,3,-8,-5,-7,-7,0,12,30,25,64
29189,St. Louis County,512,1947,1791,1464,1470,1488,1516,1338,1289,1274,431,2347,1464,1452,1808,2591,1658,2415,1829,1722,92,1044,2969,4745,6608
29195,Saline County,6,53,49,40,44,42,45,40,42,40,11,49,31,20,22,70,41,53,45,45,0,21,43,126,137
29197,Schuyler County,0,3,3,3,3,4,3,4,3,4,0,0,-1,0,3,5,3,4,2,2,0,0,5,1,6
29199,Scotland County,0,1,0,0,-1,0,-1,0,-1,0,0,-4,-3,-3,0,0,0,0,0,0,0,0,-1,4,6
29201,Scott County,2,14,12,9,13,13,15,11,13,11,6,6,14,-5,-3,2,2,6,8,-6,0,-1,6,25,29
29203,Shannon County,0,2,2,2,0,1,0,1,0,1,1,1,0,0,0,0,0,0,0,0,0,0,1,2,0
29205,Shelby County,0,2,1,1,0,1,0,1,0,1,0,0,0,1,1,2,1,1,1,0,0,1,6,2,12
29207,Stoddard County,2,10,9,7,8,9,8,6,7,7,1,1,0,-6,-2,-2,-2,-2,-2,-2,0,0,-1,7,12
29209,Stone County,0,8,9,6,10,10,12,7,9,8,2,-2,3,0,5,1,-4,-1,-5,-5,0,-1,10,17,23
29211,Sullivan County,1,32,31,31,29,26,26,26,26,26,0,13,22,19,22,20,19,28,27,10,0,4,15,28,39
29213,Taney County,5,44,42,37,38,38,40,36,38,38,30,79,28,23,-13,29,8,31,16,7,1,2,18,4,155
29215,Texas County,2,5,-1,-15,12,1,7,1,4,2,1,6,1,-6,-8,-10,-11,-11,-11,-11,0,0,-2,0,-2
29217,Vernon County,0,1,1,1,1,1,1,1,1,1,12,60,29,4,2,5,2,5,3,3,0,5,9,37,51
29219,Warren County,1,16,16,13,10,12,11,11,10,11,-2,-7,-13,-4,6,17,5,9,7,7,0,-1,11,-1,35
29221,Washington County,0,6,5,6,6,6,6,6,6,6,0,1,0,0,0,-1,-1,-1,-1,-1,0,0,8,12,16
29223,Wayne County,0,2,2,2,1,3,2,3,1,2,0,0,-3,-1,3,-2,-2,-2,-2,-2,0,0,2,1,6
29225,Webster County,1,8,8,8,6,10,9,7,6,7,1,-6,-3,-3,-1,1,0,2,-1,0,0,12,18,6,-10
29227,Worth County,0,1,1,1,0,1,0,1,0,1,0,0,0,0,0,0,0,0,0,0,0,0,0,0,0
29229,Wright County,0,5,4,4,5,5,5,5,5,5,3,-3,-4,0,-6,-6,-7,-7,-7,-7,0,0,-1,-2,4
29510,St. Louis city,494,1785,1622,1369,1205,1239,1236,1126,1100,1112,295,1220,771,675,625,1030,692,990,744,734,24,459,1162,2100,2641
30001,Beaverhead County,0,5,2,3,6,10,10,8,9,8,1,8,1,0,4,10,18,47,13,13,0,0,2,5,-3
30003,Big Horn County,0,3,4,2,7,6,7,5,7,6,1,0,0,-2,15,22,16,27,12,12,0,-1,35,16,0
30005,Blaine County,0,1,-1,-1,0,1,1,0,0,0,0,1,27,19,22,10,6,8,4,4,0,0,0,-1,2
30007,Broadwater County,0,1,0,-1,1,1,1,1,1,1,0,-4,-6,-1,0,1,-1,-1,-1,-1,0,1,2,0,-2
30009,Carbon County,0,8,8,7,8,10,9,8,7,8,1,-4,11,8,5,2,3,2,2,2,0,11,12,-1,2
30011,Carter County,0,1,1,1,0,1,0,1,0,1,0,0,0,0,0,0,0,0,0,0,0,0,0,0,0
30013,Cascade County,48,0,-156,-458,212,-21,99,-35,21,-6,61,29,216,157,75,99,98,41,-23,6,3,2,-9,7,147
30015,Chouteau County,0,1,1,-1,2,0,1,0,2,1,2,8,4,8,4,2,3,11,1,1,0,1,3,2,1
30017,Custer County,0,4,3,2,1,2,1,2,1,2,2,2,-5,6,-3,3,3,2,2,2,0,1,-1,-1,8
30019,Daniels County,0,0,2,2,2,4,4,4,3,3,0,1,0,4,5,3,2,1,1,1,0,0,0,0,1
30021,Dawson County,0,2,1,1,0,1,0,1,0,1,0,-4,-8,-2,-8,-3,0,-1,-1,-1,0,3,3,1,0
30023,Deer Lodge County,0,0,0,-2,2,0,1,0,2,1,0,-3,-4,-1,-5,-3,-3,6,-3,-3,0,9,6,-1,5
30025,Fallon County,0,0,-1,-1,0,0,0,0,0,0,0,0,0,-1,-1,0,0,0,0,0,0,3,-1,-1,-2
30027,Fergus County,0,3,4,7,9,12,12,12,11,11,2,3,0,7,5,4,17,12,10,10,1,2,1,12,9
30029,Flathead County,7,46,41,32,35,36,38,33,34,34,26,45,-25,49,-25,-19,-17,81,-43,-42,1,95,89,-1,106
30031,Gallatin County,25,106,98,77,79,84,87,77,74,71,68,82,38,361,170,128,216,180,111,111,7,131,189,175,605
30033,Garfield County,0,1,1,1,0,1,0,1,0,1,0,0,0,0,0,0,0,0,0,0,0,0,0,0,0
30035,Glacier County,0,9,5,2,1,2,1,2,1,2,9,17,3,23,7,2,13,59,3,3,1,0,1,-2,4
30037,Golden Valley County,0,1,1,1,0,1,0,1,0,1,0,0,0,0,0,0,0,0,0,0,0,0,0,0,0
30039,Granite County,0,1,1,1,0,1,0,1,0,1,0,2,1,7,2,1,6,5,4,4,0,2,0,0,8
30041,Hill County,0,-1,-1,-2,1,0,0,-1,1,0,9,12,12,13,6,5,14,8,7,7,0,4,-3,-3,-3
30043,Jefferson County,0,-1,-2,-4,2,-1,1,-1,1,-1,3,5,3,25,7,3,5,3,2,2,0,0,23,0,-1
30045,Judith Basin County,0,1,1,1,0,1,0,1,0,1,0,0,0,0,1,1,2,1,1,1,0,0,4,1,0
30047,Lake County,0,9,8,7,3,4,3,4,3,4,4,10,25,104,36,-4,-3,10,-5,-5,0,17,3,-1,40
30049,Lewis and Clark County,3,34,31,11,40,34,40,31,32,29,17,37,17,96,-6,-20,1,-9,-17,-17,1,38,50,22,80
30051,Liberty County,0,1,2,3,2,3,2,3,2,3,3,2,1,0,0,-1,-1,-1,-1,-1,0,0,-2,-1,12
30053,Lincoln County,0,3,0,-1,2,1,1,0,2,1,5,2,-4,6,2,8,21,20,9,9,2,20,7,-4,6
30055,McCone County,0,1,1,1,0,1,0,1,0,1,0,0,0,0,0,0,0,0,0,0,0,0,0,0,0
30057,Madison County,0,0,-2,-3,0,-1,-1,-2,0,-1,0,1,-2,9,50,62,3,52,0,0,2,26,21,8,12
30059,Meagher County,0,1,2,2,1,2,1,2,1,2,-1,1,1,2,1,0,3,1,1,1,0,0,0,0,0
30061,Mineral County,0,0,0,0,1,1,1,1,1,1,0,-1,-1,0,-1,-2,-2,-2,-2,-2,0,3,1,-1,0
30063,Missoula County,21,89,73,52,47,50,52,45,44,43,44,89,17,356,93,87,210,152,111,112,12,81,108,60,305
30065,Musselshell County,0,1,1,1,0,0,-1,0,-1,0,0,3,-2,25,7,5,6,5,3,3,0,0,-1,-3,-3
30067,Park County,1,8,7,7,10,11,12,10,12,12,5,-2,-2,9,12,23,-3,18,-4,-4,0,7,6,8,29
30069,Petroleum County,0,1,1,1,0,1,0,1,0,1,0,-1,0,0,0,0,0,0,0,0,0,0,0,0,0
30071,Phillips County,0,0,-1,-1,0,0,0,0,0,0,0,-1,11,-2,-1,-1,0,0,0,0,0,0,0,0,7
30073,Pondera County,0,0,0,-2,1,0,0,-1,1,0,6,8,5,21,3,6,17,14,12,13,0,6,6,1,11
30075,Powder River County,0,0,0,-1,0,0,0,0,0,0,0,0,0,0,0,0,0,5,0,0,0,0,0,0,0
30077,Powell County,0,1,0,-2,4,3,5,3,5,3,0,-1,0,0,0,0,1,7,1,1,0,0,-1,0,7
30079,Prairie County,0,1,1,1,0,1,0,1,0,1,0,2,2,2,2,0,0,0,0,0,0,0,3,0,0
30081,Ravalli County,1,8,6,3,5,4,4,3,4,3,19,26,-1,1,-18,-21,-12,-15,-17,-17,2,32,15,3,71
30083,Richland County,0,3,3,3,2,3,2,3,2,3,0,-7,-9,-13,-17,-8,-16,-8,-16,-16,0,10,28,9,27
30085,Roosevelt County,0,1,-1,-1,0,0,0,0,0,0,1,-1,0,-1,0,3,8,6,6,6,0,4,4,2,5
30087,Rosebud County,1,5,6,6,4,6,5,5,4,5,2,1,-1,17,7,9,3,2,1,1,0,5,23,13,54
30089,Sanders County,0,3,2,4,5,7,7,7,7,7,3,9,3,0,-5,-3,-1,-1,-1,-1,0,3,2,0,0
30091,Sheridan County,0,2,-1,-1,0,0,0,0,0,0,0,0,0,0,10,13,0,11,0,0,0,1,1,0,19
30093,Silver Bow County,3,9,6,1,4,2,4,2,4,2,28,39,7,162,96,91,86,63,50,51,3,71,60,12,33
30095,Stillwater County,0,1,1,1,0,1,0,1,0,1,0,0,0,22,13,14,12,10,9,9,0,0,-2,-1,0
30097,Sweet Grass County,0,3,3,3,1,3,2,3,2,3,0,0,0,6,3,2,3,2,2,2,0,1,0,18,0
30099,Teton County,0,4,6,8,13,15,16,15,16,15,4,5,-1,17,5,2,8,6,6,6,0,2,1,0,-1
30101,Toole County,0,5,3,3,6,5,5,4,6,5,0,-3,-1,1,-1,-4,-4,-4,-4,-4,0,8,14,3,16
30103,Treasure County,0,1,1,1,0,1,0,1,0,1,0,0,0,0,0,0,0,0,0,0,0,0,0,0,0
30105,Valley County,0,2,1,-1,0,0,0,0,0,0,1,2,-2,13,5,4,3,3,2,2,0,7,9,3,3
30107,Wheatland County,0,1,1,1,0,1,0,1,0,1,0,0,0,0,9,20,1,14,-2,-2,0,0,0,0,0
30109,Wibaux County,0,1,1,1,0,1,0,1,0,1,0,0,0,0,0,0,0,0,0,0,0,0,0,0,0
30111,Yellowstone County,6,44,43,32,51,55,58,51,52,50,21,15,-5,114,18,29,104,96,42,43,7,106,86,53,309
31001,Adams County,30,121,104,91,83,81,83,77,73,73,0,-4,-3,-2,43,42,80,93,58,59,1,34,148,71,52
31003,Antelope County,0,1,1,1,0,1,0,1,0,1,0,1,2,4,1,4,5,9,4,4,0,1,8,1,3
31005,Arthur County,0,1,1,1,0,1,0,1,0,1,0,0,0,0,0,0,0,0,0,0,0,0,0,0,0
31007,Banner County,0,1,1,1,0,1,0,1,0,1,1,2,2,2,4,0,0,0,0,0,0,0,1,0,13
31009,Blaine County,0,1,1,1,0,1,0,1,0,1,0,0,0,0,0,0,0,0,0,0,0,0,0,0,0
31011,Boone County,0,3,2,2,1,2,1,2,1,2,0,1,0,2,1,0,2,3,2,2,0,1,4,5,27
31013,Box Butte County,1,21,20,18,16,17,16,16,15,16,0,-6,1,7,7,6,6,4,2,2,0,18,45,31,13
31015,Boyd County,0,1,1,1,0,1,0,1,0,1,0,0,1,1,0,2,3,1,1,1,0,0,0,3,9
31017,Brown County,0,1,1,1,0,1,0,1,0,1,0,0,0,0,0,0,0,0,0,0,0,-1,4,12,16
31019,Buffalo County,6,48,45,34,34,29,30,29,29,30,18,93,115,110,143,55,68,59,37,38,0,17,86,103,119
31021,Burt County,0,0,-1,-2,1,-1,0,0,-1,0,0,1,1,1,1,1,1,1,1,1,0,1,1,1,6
31023,Butler County,0,5,3,0,1,1,1,1,0,1,0,1,1,2,3,1,1,1,0,0,0,1,4,-2,-3
31025,Cass County,3,7,-3,-16,17,5,12,5,7,6,2,7,4,-1,4,3,9,15,7,7,0,4,22,10,17
31027,Cedar County,0,1,1,1,0,1,0,1,0,1,0,0,0,-3,-2,1,3,1,1,1,0,1,0,2,6
31029,Chase County,0,1,1,1,0,1,0,1,0,1,0,-3,-2,18,1,8,12,21,9,9,0,2,12,18,10
31031,Cherry County,0,3,3,3,2,3,1,2,1,3,0,-2,-2,-2,0,-1,0,-1,-2,-2,0,0,1,16,24
31033,Cheyenne County,0,4,2,0,1,2,2,2,1,2,2,1,-2,-6,-7,-4,-3,-3,-3,-3,0,3,18,15,21
31035,Clay County,0,3,2,2,4,5,5,4,3,4,0,0,0,0,0,0,0,0,-1,-1,0,1,9,6,8
31037,Colfax County,31,98,94,81,76,79,78,72,69,71,2,9,29,81,107,121,177,169,119,120,3,48,291,211,228
31039,Cuming County,0,24,24,23,19,19,19,16,15,16,5,0,14,18,6,-1,1,-1,-1,-2,0,0,17,6,21
31041,Custer County,0,0,0,-1,0,0,0,0,-1,0,0,-2,-2,-2,-4,-2,-2,-2,-2,-2,0,0,0,4,26
31043,Dakota County,46,167,161,136,123,126,126,116,111,112,23,26,13,15,12,16,33,30,-3,0,2,42,224,133,306
31045,Dawes County,0,4,4,1,6,3,5,3,3,3,-2,9,9,12,8,11,19,16,15,6,0,0,0,-3,-5
31047,Dawson County,78,241,231,207,192,204,204,190,184,187,15,29,47,61,106,106,182,161,115,116,4,66,367,417,394
31049,Deuel County,0,1,1,1,0,1,0,1,0,1,0,0,0,1,0,1,1,2,1,1,0,0,0,1,2
31051,Dixon County,0,15,13,9,10,10,10,9,8,9,0,0,1,8,3,6,8,13,8,8,0,-1,70,61,74
31053,Dodge County,4,41,36,28,28,28,29,24,22,22,3,5,8,3,60,76,107,81,64,61,0,17,134,238,334
31055,Douglas County,493,1729,1612,1356,1378,1410,1439,1295,1275,1272,237,848,1142,1190,1931,1562,2491,1896,1370,1396,61,632,3132,4346,5394
31057,Dundy County,0,0,0,-3,1,0,1,-1,-1,-1,0,-1,-2,-3,-3,-4,-3,-3,-3,-3,0,0,0,0,0
31059,Fillmore County,0,3,2,2,0,1,0,1,0,1,0,1,1,0,0,0,0,0,0,0,0,0,0,1,0
31061,Franklin County,0,1,1,1,0,1,0,1,0,1,0,0,0,0,0,0,0,0,0,0,0,0,0,0,0
31063,Frontier County,0,1,1,1,0,1,0,1,0,1,0,2,1,1,2,1,2,2,0,0,0,0,0,1,22
31065,Furnas County,0,1,1,1,0,1,0,1,0,1,0,0,0,0,0,0,1,0,0,0,0,0,5,5,8
31067,Gage County,0,2,1,-1,4,1,3,1,1,1,0,-6,-1,-1,-3,1,5,2,1,1,0,5,17,3,-2
31069,Garden County,0,1,1,1,0,1,0,1,0,1,0,-1,0,0,0,0,0,0,0,0,0,1,0,0,1
31071,Garfield County,0,1,1,1,0,2,1,1,0,1,0,0,0,0,0,0,0,0,0,0,0,0,0,0,0
31073,Gosper County,0,1,1,1,0,1,0,1,0,1,0,0,0,0,0,0,0,0,0,0,0,0,0,0,0
31075,Grant County,0,1,1,1,0,1,0,1,0,1,0,0,0,0,0,0,0,0,0,0,0,0,0,0,0
31077,Greeley County,0,1,1,1,0,1,0,1,0,1,0,1,0,0,1,1,0,0,0,0,0,0,0,0,0
31079,Hall County,80,268,248,213,199,206,206,186,181,183,62,210,220,247,331,262,338,294,233,208,3,112,760,928,1129
31081,Hamilton County,0,1,1,1,0,1,0,1,0,1,1,0,0,1,0,0,1,0,-1,-1,0,0,0,-1,-1
31083,Harlan County,0,1,1,1,0,1,0,1,0,1,0,1,1,0,0,0,0,0,0,0,0,0,3,5,2
31085,Hayes County,0,1,1,1,0,1,0,1,0,1,0,0,0,3,0,0,1,1,1,1,0,0,7,3,3
31087,Hitchcock County,0,0,0,-1,0,0,0,0,-1,0,1,0,1,5,0,0,0,1,0,0,0,0,0,1,1
31089,Holt County,0,2,1,0,1,-2,-1,-2,-2,-2,1,8,3,0,4,1,7,10,6,6,0,10,36,23,37
31091,Hooker County,0,1,1,1,0,1,0,1,0,1,0,0,0,0,0,0,0,0,0,0,0,0,0,0,0
31093,Howard County,0,1,1,1,0,1,0,1,0,1,0,1,1,1,1,0,1,0,0,0,0,1,6,3,5
31095,Jefferson County,0,1,1,1,0,1,0,1,0,1,0,4,2,5,2,13,15,13,9,10,0,3,13,22,45
31097,Johnson County,0,6,5,8,9,10,10,10,9,10,0,1,0,1,2,3,4,3,2,2,0,2,9,8,3
31099,Kearney County,0,0,-1,-1,1,-1,0,0,-1,0,0,-1,-2,-1,-3,1,1,-1,-1,-1,0,8,24,-1,10
31101,Keith County,0,6,5,2,1,2,1,2,1,2,0,-9,-3,-8,-4,-7,-5,-5,-5,-5,0,0,1,3,2
31103,Keya Paha County,0,1,1,1,0,1,0,1,0,1,0,0,1,0,0,0,0,0,0,0,0,0,0,1,1
31105,Kimball County,0,2,2,2,1,3,2,3,2,3,5,26,2,8,8,8,2,2,3,1,0,2,9,14,8
31107,Knox County,0,1,2,2,1,2,1,2,1,2,0,1,4,2,2,0,3,2,2,2,0,0,5,7,6
31109,Lancaster County,313,984,880,700,699,669,691,621,612,615,152,586,817,732,1356,1037,1421,1103,827,799,17,348,1384,2036,2253
31111,Lincoln County,4,21,22,13,15,17,19,14,13,13,2,16,19,10,32,7,26,20,17,17,0,7,32,84,63
31113,Logan County,0,1,1,1,0,1,0,1,0,1,0,0,0,1,2,2,3,2,2,2,0,0,1,2,0
31115,Loup County,0,1,1,1,0,1,0,1,0,1,0,0,0,0,0,0,0,0,0,0,0,0,0,0,0
31117,McPherson County,0,1,1,1,0,1,0,1,0,1,0,0,0,0,0,0,0,0,0,0,0,0,0,1,0
31119,Madison County,23,94,97,91,88,90,90,84,82,85,13,29,44,56,113,97,106,89,77,71,0,12,110,208,300
31121,Merrick County,0,3,2,1,0,1,0,1,0,1,0,0,0,-1,-1,0,0,0,0,0,0,1,8,12,2
31123,Morrill County,0,0,1,0,1,1,1,1,0,1,1,-3,0,4,0,2,6,8,3,3,0,1,6,14,21
31125,Nance County,0,1,1,1,0,1,0,1,0,1,0,0,0,0,4,3,3,4,5,1,0,0,0,0,0
31127,Nemaha County,0,1,1,1,0,1,0,1,0,1,0,-4,-1,0,4,4,4,3,3,3,0,1,1,-1,-1
31129,Nuckolls County,0,4,5,6,7,9,8,9,8,9,0,0,1,2,2,8,11,8,4,4,0,1,0,0,0
31131,Otoe County,0,5,4,0,7,4,6,3,3,3,2,24,35,34,41,27,41,40,31,31,0,25,106,134,55
31133,Pawnee County,0,1,1,1,0,1,0,1,0,1,0,0,0,0,0,0,0,0,0,0,0,0,2,2,1
31135,Perkins County,0,1,1,1,0,1,0,1,0,1,0,0,0,1,0,0,1,2,1,1,0,1,13,3,22
31137,Phelps County,1,4,4,4,3,3,3,3,2,3,0,0,3,1,1,3,5,7,5,5,0,2,11,17,7
31139,Pierce County,0,2,2,2,1,2,1,2,1,2,1,2,1,3,1,1,2,0,0,0,0,5,21,3,21
31141,Platte County,9,66,70,53,53,51,52,47,47,47,5,13,34,33,65,82,119,100,73,73,3,39,367,539,573
31143,Polk County,0,3,3,3,1,2,1,2,1,2,0,2,2,6,12,4,7,4,3,3,0,2,23,7,18
31145,Red Willow County,1,4,2,1,2,0,1,0,0,1,1,1,-2,3,12,5,13,8,7,7,0,1,3,7,5
31147,Richardson County,0,2,2,2,1,2,1,2,1,2,0,0,-1,-1,-1,-1,2,1,1,1,0,-1,-1,-1,0
31149,Rock County,0,1,1,1,0,1,0,1,0,1,0,0,0,0,0,0,0,0,0,0,0,0,0,0,0
31151,Saline County,16,65,60,49,49,48,50,46,46,46,9,31,56,65,105,58,91,90,59,60,0,21,162,143,151
31153,Sarpy County,95,129,-168,-684,481,35,286,43,109,52,75,103,507,276,391,329,319,168,48,107,3,44,345,621,972
31155,Saunders County,3,12,11,8,14,11,13,10,10,10,3,11,10,8,4,4,5,5,3,3,0,1,5,6,5
31157,Scotts Bluff County,11,71,69,58,62,66,67,57,57,57,3,-18,0,27,27,30,41,34,22,23,0,16,117,57,65
31159,Seward County,1,9,6,-2,8,4,6,4,4,4,-2,1,5,9,14,14,15,13,9,9,0,6,4,4,5
31161,Sheridan County,0,1,1,1,0,1,0,1,0,1,0,0,1,0,0,3,5,3,3,3,0,1,4,2,3
31163,Sherman County,0,1,1,1,0,1,0,1,0,1,0,0,0,0,0,0,1,0,0,0,0,0,0,0,0
31165,Sioux County,0,1,1,1,0,1,0,1,0,1,0,0,0,0,0,0,0,0,0,0,0,1,38,11,56
31167,Stanton County,1,8,8,7,6,8,7,7,6,7,0,6,4,2,5,4,4,4,3,3,0,3,0,0,0
31169,Thayer County,0,1,1,1,0,1,0,1,0,1,0,1,0,0,0,1,2,2,2,2,0,1,1,1,-1
31171,Thomas County,0,1,1,1,0,1,0,1,0,1,0,2,2,1,1,1,2,0,0,0,0,0,0,0,0
31173,Thurston County,0,5,8,10,10,16,14,12,11,13,0,4,0,3,7,5,4,3,1,1,0,1,9,11,14
31175,Valley County,0,1,1,1,0,1,0,1,0,1,0,0,0,1,11,8,12,11,8,8,0,0,0,1,10
31177,Washington County,2,18,16,11,9,9,9,7,6,7,0,-4,2,6,15,10,17,11,10,10,0,3,13,9,3
31179,Wayne County,0,11,10,9,8,9,8,9,6,7,6,16,20,14,-4,1,1,5,1,1,0,2,57,34,24
31181,Webster County,0,0,1,0,1,1,1,1,0,1,0,0,-1,0,0,0,0,0,0,0,0,0,0,0,3
31183,Wheeler County,0,1,1,1,0,1,0,1,0,1,0,0,0,0,0,0,0,0,0,0,0,0,0,3,11
31185,York County,1,20,17,14,13,14,13,14,13,14,3,0,3,6,5,2,5,4,3,1,0,5,21,36,26
32001,Churchill County,20,37,-16,-106,97,22,61,20,34,26,25,4,99,61,35,70,34,6,-27,-5,0,2,-8,28,33
32003,Clark County,2602,10690,10155,8586,9586,9910,10213,9045,8852,8800,810,1041,3266,4129,3521,5739,2755,2822,-404,-360,132,3075,7960,18688,18957
32005,Douglas County,10,58,56,51,52,53,53,45,44,47,5,-19,-12,-2,18,6,8,5,-16,-16,0,5,1,6,55
32007,Elko County,36,158,154,143,127,130,131,126,119,119,5,-24,-22,-29,-5,16,-30,-30,-45,-45,0,15,-9,62,100
32009,Esmeralda County,0,2,3,3,2,4,3,3,2,3,0,1,-1,-1,-1,1,-1,0,0,0,0,1,2,0,-2
32011,Eureka County,0,8,7,6,6,8,7,7,6,7,0,1,-1,0,0,0,0,0,0,0,0,2,6,2,6
32013,Humboldt County,13,71,70,63,56,59,58,55,49,50,-4,-15,-9,1,-2,24,2,7,-1,-1,0,6,9,39,49
32015,Lander County,0,5,5,5,3,4,3,4,2,3,1,-1,3,7,12,5,4,4,-2,-2,0,-1,-1,8,5
32017,Lincoln County,0,1,1,1,0,1,0,1,0,1,0,-2,-1,-4,-3,-2,-2,-2,-2,-2,0,0,0,0,0
32019,Lyon County,10,53,54,47,54,52,54,50,49,49,20,-22,-28,-42,-32,-28,-40,-37,-38,-46,0,-5,-27,41,98
32021,Mineral County,0,3,3,3,4,4,4,4,3,4,2,11,14,10,10,6,2,3,0,0,0,1,-1,-1,0
32023,Nye County,11,56,57,52,48,54,53,52,50,51,2,-18,-15,-25,-22,-25,-48,-50,-64,-63,0,-2,64,130,205
32027,Pershing County,1,13,12,9,14,15,17,12,11,11,0,-2,-2,1,-1,1,0,0,0,0,0,3,5,18,26
32029,Storey County,0,4,4,4,3,4,3,4,3,4,0,0,-1,-1,0,-2,-4,-4,-4,-4,0,0,1,18,28
32031,Washoe County,522,2004,1972,1763,1689,1846,1850,1669,1594,1588,48,-109,123,140,55,367,-98,-55,-371,-387,5,465,1079,3131,3410
32033,White Pine County,1,8,9,7,6,7,6,7,6,7,1,-2,-4,0,0,13,13,14,4,4,0,7,-3,-1,1
32510,Carson City,65,232,232,207,206,214,214,201,197,199,-4,-49,-51,-23,-3,28,-10,-4,-22,-43,0,39,120,135,200
33001,Belknap County,7,50,50,38,39,37,39,35,34,34,14,119,74,68,29,49,54,31,27,28,0,19,-19,-1,5
33003,Carroll County,1,27,29,25,25,26,27,26,25,25,-2,25,34,29,22,23,23,12,9,10,0,15,13,27,20
33005,Cheshire County,6,45,41,36,37,38,44,37,38,38,-2,31,50,44,66,113,103,57,51,52,0,31,8,54,99
33007,Coos County,0,13,13,8,9,6,8,6,6,6,4,14,12,4,1,5,5,-1,-3,-2,0,9,7,22,29
33009,Grafton County,28,121,113,91,94,92,100,87,86,86,38,383,359,240,230,288,276,164,160,131,5,157,96,192,219
33011,Hillsborough County,409,1384,1338,1201,1174,1280,1350,1209,1180,1172,270,1485,1680,1238,1385,1917,1949,1371,1272,1002,60,850,990,1841,2730
33013,Merrimack County,39,193,180,149,142,148,154,136,134,134,50,301,384,357,463,516,483,330,299,279,12,152,75,170,217
33015,Rockingham County,96,304,276,204,242,224,245,205,200,191,50,255,301,261,305,539,397,223,183,181,9,173,118,306,441
33017,Strafford County,34,154,122,72,121,101,115,96,92,89,21,245,304,254,302,432,468,296,287,259,2,119,72,172,262
33019,Sullivan County,4,28,22,14,16,14,15,15,12,12,5,30,43,25,12,3,12,7,7,7,0,17,35,64,6
34001,Atlantic County,385,1389,1302,1143,1080,1102,1192,1075,1072,1070,231,1129,898,817,820,879,768,886,576,271,4,275,1279,1990,1921
34003,Bergen County,1785,7208,6703,5798,5107,5317,5285,4815,4628,4621,658,3773,2992,2807,3017,4125,3787,4567,2060,1909,127,1358,6242,9125,9564
34005,Burlington County,300,686,370,-229,837,441,686,413,482,408,183,509,725,508,504,702,530,544,200,120,8,249,2315,2584,2787
34007,Camden County,376,1215,1120,964,905,920,1097,955,977,969,222,974,882,964,1016,1359,1300,1459,1099,556,17,439,2002,3051,3368
34009,Cape May County,11,67,30,-41,108,53,107,71,85,76,32,145,163,108,113,146,121,118,129,-15,3,15,60,128,148
34011,Cumberland County,117,525,500,440,405,412,481,422,437,438,63,324,209,282,345,441,491,400,561,74,3,93,880,1481,1478
34013,Essex County,1667,6366,5980,5166,4595,4799,4986,4500,4413,4419,857,4014,3350,3561,3420,4870,4715,5602,3755,3009,169,2218,12391,19298,22164
34015,Gloucester County,38,205,185,162,158,156,166,151,149,148,51,196,172,214,181,222,221,248,183,61,2,87,460,575,658
34017,Hudson County,2355,9244,8666,7551,6750,7052,7203,6552,6364,6371,1385,7018,5824,6012,6615,8990,8420,9802,5730,5294,186,2980,12883,17888,19157
34019,Hunterdon County,68,274,259,237,210,217,218,202,199,199,26,136,78,99,57,148,120,138,82,63,0,73,271,404,467
34021,Mercer County,616,2254,2096,1844,1671,1734,1785,1612,1575,1567,386,1726,1396,1610,1747,2227,2108,2474,1510,1182,30,817,4527,6188,7693
34023,Middlesex County,2079,8061,7551,6592,5869,6146,6189,5617,5471,5503,981,5282,4072,4099,4617,6361,5970,6827,3655,3354,113,1981,9090,13160,12532
34025,Monmouth County,639,1997,1731,1228,1578,1435,1562,1308,1316,1287,191,680,379,511,471,700,643,627,213,191,5,309,2097,3043,3478
34027,Morris County,752,2774,2575,2226,1999,2101,2125,1928,1861,1864,301,1423,1104,1063,1027,1496,1335,1563,801,628,31,670,2799,4122,4304
34029,Ocean County,262,704,617,467,524,506,569,461,456,440,92,187,138,186,277,400,368,331,122,42,5,175,1293,2062,2758
34031,Passaic County,1177,4392,4124,3577,3159,3324,3443,3091,3029,3053,467,2501,2028,2191,2186,3219,3140,3529,2467,1837,86,1035,6103,11007,10591
34033,Salem County,12,78,74,63,65,63,74,70,70,70,5,22,-1,19,52,84,76,63,88,9,0,13,123,168,196
34035,Somerset County,620,2189,2043,1777,1588,1673,1678,1528,1468,1462,248,1083,881,919,861,1240,1129,1357,613,598,34,567,2292,3440,3352
34037,Sussex County,38,188,170,142,144,147,156,144,141,139,19,88,44,36,14,34,20,38,-1,-5,0,36,172,290,288
34039,Union County,1188,4485,4208,3662,3245,3396,3467,3134,3054,3055,566,2783,2149,2303,2354,3218,3193,3641,2392,2002,80,1286,8452,13524,13625
34041,Warren County,57,256,247,221,210,213,222,203,199,201,31,126,114,134,143,190,164,182,105,104,0,71,300,486,540
35001,Bernalillo County,576,2013,1822,1319,2059,1948,2104,1776,1794,1751,165,1642,1463,2012,672,1311,1047,824,738,773,77,919,2012,2905,3810
35003,Catron County,0,0,0,-1,0,0,0,0,0,0,0,0,-1,0,-1,-1,0,0,0,0,0,7,15,-1,0
35005,Chaves County,56,177,174,158,158,168,171,156,153,152,4,59,4,89,13,126,61,102,25,26,1,62,112,198,354
35006,Cibola County,2,17,19,17,20,18,19,18,20,18,6,23,34,57,14,14,14,11,8,9,0,10,56,78,67
35007,Colfax County,0,5,4,3,7,6,7,5,7,5,2,32,11,20,4,1,-2,1,-3,-3,0,-1,30,60,44
35009,Curry County,56,98,-19,-272,275,90,188,69,117,89,50,178,404,305,113,217,89,30,-71,-8,4,38,79,174,318
35011,De Baca County,0,1,2,2,1,2,1,2,1,2,0,2,1,4,4,1,1,1,1,1,0,0,0,0,0
35013,Doña Ana County,189,754,717,612,658,690,713,635,621,613,-66,232,203,555,104,438,268,248,130,128,36,303,403,1061,913
35015,Eddy County,10,63,57,53,50,52,54,50,50,48,0,12,51,106,55,116,67,73,42,47,1,28,64,295,489
35017,Grant County,3,16,15,15,19,19,20,18,19,17,10,63,21,13,-4,-6,-9,-10,-10,-10,0,16,29,64,10
35019,Guadalupe County,0,9,11,11,10,13,12,13,12,13,0,-1,-1,-1,0,0,0,0,0,0,0,0,10,24,35
35021,Harding County,0,1,1,1,0,1,0,1,0,1,0,0,0,1,0,0,0,0,0,0,0,0,1,1,1
35023,Hidalgo County,0,21,21,18,19,23,23,22,22,22,0,0,0,3,1,1,1,2,1,1,0,2,3,13,10
35025,Lea County,31,119,119,107,103,112,112,93,92,92,14,153,96,269,54,199,99,152,46,22,6,160,300,1137,1086
35027,Lincoln County,11,51,51,48,53,55,56,51,52,50,-2,-2,-8,3,1,41,28,42,17,18,0,-2,-9,28,24
35028,Los Alamos County,12,74,78,70,65,68,66,63,61,63,8,107,86,113,51,81,68,52,62,62,2,58,130,96,47
35029,Luna County,51,186,180,169,161,170,170,164,156,156,1,-6,-24,-7,10,45,26,11,16,16,1,44,48,169,67
35031,McKinley County,14,71,70,62,60,59,59,56,57,57,1,53,32,114,103,118,20,15,16,17,0,25,71,78,146
35033,Mora County,0,5,5,4,7,6,7,5,7,6,-1,-3,-2,0,0,0,0,0,0,0,0,0,0,9,9
35035,Otero County,164,385,195,-190,591,352,501,308,367,327,70,374,589,797,336,533,338,226,213,263,8,156,475,806,859
35037,Quay County,1,14,12,10,12,12,13,12,13,12,0,-4,-1,7,9,24,18,22,16,16,0,0,6,13,28
35039,Rio Arriba County,25,101,100,94,98,102,103,98,96,95,9,30,44,69,36,41,34,26,30,30,0,25,88,135,124
35041,Roosevelt County,3,28,19,4,39,27,35,25,28,26,1,20,18,60,26,68,45,63,33,34,0,21,-11,9,42
35043,Sandoval County,20,106,95,70,94,89,96,82,83,80,11,89,24,17,-26,13,5,-16,7,-22,3,50,169,323,448
35045,San Juan County,33,152,149,135,129,141,142,133,132,130,1,22,19,96,-1,4,-3,-3,-14,-12,1,40,82,159,141
35047,San Miguel County,0,12,11,11,10,13,13,12,12,11,6,63,73,114,71,71,42,35,41,41,0,9,40,12,10
35049,Santa Fe County,202,817,804,738,722,791,790,725,707,707,74,708,345,417,39,155,121,111,57,63,11,198,475,939,1034
35051,Sierra County,2,33,31,28,30,31,31,31,32,31,-1,-7,-3,-3,-3,1,2,-1,1,1,0,4,-1,3,2
35053,Socorro County,13,62,59,57,54,63,63,60,58,57,5,22,29,46,41,64,51,37,47,47,0,2,2,10,55
35055,Taos County,14,79,74,62,65,62,64,59,57,55,4,34,37,100,20,24,-11,-4,-15,-14,1,1,29,102,174
35057,Torrance County,3,19,18,18,22,23,22,21,21,21,11,53,50,87,35,46,27,37,22,23,1,8,0,0,3
35059,Union County,0,6,5,5,6,7,7,6,7,6,0,-4,0,-1,-2,1,-2,-2,-2,-2,0,2,0,0,-2
35061,Valencia County,43,153,140,114,137,134,139,119,118,115,4,47,56,87,5,-11,-8,-9,-17,-21,6,75,118,144,229
36001,Albany County,217,733,677,557,542,533,545,492,477,475,239,1040,996,884,1078,1088,1134,879,654,546,18,479,1473,2514,3283
36003,Allegany County,1,30,27,19,22,20,22,18,20,18,11,54,52,38,50,48,46,39,32,28,0,6,22,42,52
36005,Bronx County,3291,12644,11632,9890,8644,8871,9516,8518,8417,8462,2722,13347,13687,12283,13215,13303,14467,12012,11429,8697,294,4168,14764,29555,45502
36007,Broome County,112,399,363,324,289,287,288,261,257,260,94,401,444,376,450,491,507,394,309,248,6,191,490,675,793
36009,Cattaraugus County,1,17,13,8,11,9,12,9,11,9,5,40,30,45,44,19,17,14,11,5,0,5,27,47,39
36011,Cayuga County,1,32,30,22,22,20,21,20,21,19,7,45,60,50,56,57,59,48,50,26,0,11,57,42,133
36013,Chautauqua County,7,62,47,19,65,42,85,61,75,71,23,172,185,171,212,177,177,168,218,21,1,25,89,163,150
36015,Chemung County,7,51,47,37,32,33,35,31,32,32,15,48,57,40,39,43,44,29,24,17,0,17,90,95,91
36017,Chenango County,0,7,6,2,4,2,3,1,3,1,1,-1,9,6,8,8,7,1,-2,-2,0,0,8,10,19
36019,Clinton County,6,65,56,53,49,47,48,41,42,43,24,107,97,90,102,88,92,70,60,49,0,24,83,141,175
36021,Columbia County,4,70,63,46,50,48,53,46,46,44,11,41,40,65,85,66,70,51,44,43,0,23,94,151,233
36023,Cortland County,1,32,28,24,25,20,21,18,20,18,6,17,9,15,29,34,33,28,22,19,1,5,17,25,41
36025,Delaware County,0,17,14,9,11,9,10,7,9,8,1,20,19,18,36,33,43,29,30,19,0,9,19,16,20
36027,Dutchess County,219,693,646,567,525,526,541,491,485,470,178,664,572,437,461,456,497,347,258,232,0,209,773,1254,1926
36029,Erie County,371,1294,1148,909,841,825,943,796,817,814,502,2326,2590,2474,2808,2928,3000,2519,2376,1278,55,879,2412,3842,3808
36031,Essex County,1,15,12,5,12,9,11,8,8,6,8,63,55,40,25,17,15,14,9,4,0,14,44,63,57
36033,Franklin County,1,10,8,3,8,6,8,5,7,5,11,49,41,20,9,15,14,14,15,-6,0,7,30,36,40
36035,Fulton County,5,38,34,28,34,31,37,30,32,30,2,19,17,22,14,18,12,8,6,0,0,6,18,29,55
36037,Genesee County,4,32,25,17,24,20,23,19,21,19,9,60,46,31,15,16,13,13,17,2,0,5,116,287,352
36039,Greene County,6,30,25,12,25,19,24,17,20,18,2,27,53,50,83,59,65,52,55,20,0,7,45,57,69
36041,Hamilton County,0,0,-1,-1,0,0,0,0,0,0,0,0,0,0,-1,-2,-2,-2,-2,-2,0,0,-2,-1,1
36043,Herkimer County,5,21,15,8,15,12,14,12,13,11,11,47,27,21,21,11,12,7,5,2,0,5,16,20,37
36045,Jefferson County,137,-3,-472,-1401,644,-64,311,-96,93,-7,129,118,1130,527,375,611,259,47,-118,-45,5,21,208,365,349
36047,Kings County,7616,29824,27131,22753,19686,19924,20130,18145,17588,17652,3868,17865,17178,14552,15692,15138,15770,11703,8924,8203,255,5078,23956,45346,58553
36049,Lewis County,2,-1,-9,-22,9,-2,3,-3,1,-2,-1,12,39,19,22,23,14,8,6,8,0,2,9,6,15
36051,Livingston County,2,15,12,10,8,8,9,8,8,8,13,94,70,63,79,100,109,85,89,50,0,23,55,79,76
36053,Madison County,7,40,34,27,24,21,21,17,19,19,3,19,20,25,29,37,42,31,26,28,0,11,51,104,135
36055,Monroe County,541,1765,1598,1311,1173,1151,1284,1128,1124,1123,426,2002,2153,1986,2204,2272,2363,2068,2155,760,32,759,1864,2870,2913
36057,Montgomery County,1,22,17,10,16,8,28,22,26,24,11,78,93,116,162,127,131,142,193,14,0,9,45,51,72
36059,Nassau County,1062,4582,4172,3454,3023,3102,3098,2742,2639,2588,581,2988,3273,2933,3072,3119,3320,2485,1840,1650,54,1079,5894,8187,10560
36061,New York County,4049,16260,14901,12681,10974,11182,11290,10241,9921,9922,2460,11281,12263,10991,12188,11779,12514,9629,7599,6727,193,3978,12661,25444,35724
36063,Niagara County,50,190,162,117,150,132,147,129,131,126,36,143,153,121,152,167,177,149,150,61,0,64,171,308,399
36065,Oneida County,217,768,665,525,512,477,506,451,454,455,130,574,609,567,635,626,653,543,486,263,3,207,497,694,509
36067,Onondaga County,339,1089,978,789,762,726,791,700,698,685,280,1299,1419,1340,1522,1603,1635,1322,1126,842,4,507,1307,1843,2139
36069,Ontario County,14,92,82,64,65,60,77,66,69,67,13,107,107,91,131,130,140,120,146,42,0,40,104,114,139
36071,Orange County,307,790,506,-43,880,551,758,500,580,514,113,411,537,395,400,439,457,298,243,145,2,251,1806,2969,3795
36073,Orleans County,1,18,14,12,12,12,12,12,12,11,8,19,26,20,15,26,26,23,29,2,0,10,37,54,133
36075,Oswego County,6,37,25,12,33,25,33,27,30,28,10,44,51,43,65,59,62,49,68,15,0,28,72,79,92
36077,Otsego County,3,23,17,13,16,14,16,13,14,12,9,24,27,41,42,47,50,41,32,25,0,12,52,112,112
36079,Putnam County,66,241,235,203,176,175,180,167,166,163,27,109,107,101,136,131,134,98,83,67,0,37,278,283,611
36081,Queens County,8629,33775,31039,26428,22915,23533,23485,21326,20570,20563,4324,19636,19745,16796,17692,17494,18549,13628,10411,9883,232,6388,30356,51176,75075
36083,Rensselaer County,70,272,249,206,197,190,201,184,184,185,57,253,303,241,277,242,265,188,149,126,0,129,372,632,538
36085,Richmond County,553,1883,1709,1390,1270,1254,1290,1132,1102,1075,156,806,919,664,812,864,924,576,397,308,7,385,1827,3610,4724
36087,Rockland County,462,1462,1358,1152,1025,1053,1044,920,899,895,334,1129,1110,836,836,885,909,674,540,504,5,396,2786,4568,6814
36089,St. Lawrence County,19,101,85,58,82,70,77,64,67,64,16,126,179,129,148,159,159,133,96,96,0,45,129,176,173
36091,Saratoga County,58,173,108,-27,198,113,157,103,122,109,69,181,412,340,309,402,378,213,99,132,0,101,301,383,403
36093,Schenectady County,72,291,268,216,222,213,228,204,203,200,75,273,320,297,370,433,434,364,344,223,1,134,344,522,595
36095,Schoharie County,0,2,1,-1,2,1,1,0,2,1,2,13,24,7,8,8,10,8,5,6,0,1,8,16,14
36097,Schuyler County,0,1,-1,-2,1,-1,0,-1,1,0,0,5,13,7,8,9,12,8,6,6,0,0,2,1,3
36099,Seneca County,3,28,25,19,19,18,20,16,18,16,2,7,16,11,22,14,15,15,16,8,1,5,17,56,63
36101,Steuben County,8,55,47,35,39,35,38,32,32,30,13,52,41,38,48,86,91,70,47,49,0,43,82,94,122
36103,Suffolk County,1050,4319,3938,3266,2927,2967,3044,2716,2629,2623,782,3418,3331,2817,2903,2880,3051,2337,1862,1603,84,1179,7969,10653,13713
36105,Sullivan County,29,149,137,118,105,102,113,104,104,102,27,145,157,160,153,141,136,136,200,-2,2,47,284,447,737
36107,Tioga County,0,21,19,15,13,13,13,11,11,11,0,-17,-10,-15,-9,-2,-3,-6,-7,-9,0,-2,2,0,11
36109,Tompkins County,187,737,668,581,524,523,528,489,479,481,170,819,845,733,836,827,870,663,476,447,5,184,536,819,936
36111,Ulster County,55,229,201,154,177,162,177,154,158,151,63,291,279,280,316,300,321,248,210,148,0,86,387,657,970
36113,Warren County,4,37,31,25,25,23,25,22,24,22,5,12,17,22,37,47,46,35,26,23,0,10,22,47,75
36115,Washington County,3,15,11,4,16,12,14,10,11,9,0,6,8,4,7,13,16,10,9,7,0,5,31,98,162
36117,Wayne County,7,36,36,29,28,28,37,32,36,34,19,60,54,22,52,48,51,31,39,21,0,7,27,90,319
36119,Westchester County,1726,6894,6341,5425,4726,4871,4890,4435,4294,4295,721,3618,3464,2864,3340,3538,3901,2817,2320,2060,81,1411,6291,9293,11872
36121,Wyoming County,0,12,11,5,7,6,7,5,6,4,4,14,11,7,7,5,15,10,8,1,0,6,34,61,98
36123,Yates County,0,11,11,9,7,9,8,8,7,8,2,5,9,1,31,17,18,9,9,10,0,1,11,13,18
37001,Alamance County,174,692,632,554,478,490,488,447,439,443,15,22,60,78,96,134,82,69,78,67,0,122,417,736,1431
37003,Alexander County,9,52,46,38,42,39,40,37,37,36,6,-3,4,16,8,9,5,6,0,0,0,0,-2,4,73
37005,Alleghany County,4,58,53,50,45,47,46,42,41,42,0,-3,1,-3,0,6,3,3,5,5,0,0,6,12,38
37007,Anson County,1,10,8,7,5,6,5,6,5,6,5,-5,4,-2,24,30,26,27,30,29,0,0,9,40,57
37009,Ashe County,7,33,30,24,23,25,25,23,23,23,3,7,17,0,-9,-7,-9,-12,-13,-13,0,5,20,20,89
37011,Avery County,4,25,24,18,18,18,20,16,17,16,-1,-2,6,6,6,10,10,13,9,10,0,5,39,45,115
37013,Beaufort County,20,97,85,76,72,74,74,69,67,66,5,10,-7,-10,0,11,2,-2,3,3,0,4,27,31,56
37015,Bertie County,0,4,4,1,4,2,3,2,4,3,0,1,5,4,14,33,24,24,31,31,0,0,-1,24,65
37017,Bladen County,18,64,58,48,48,43,45,41,43,42,7,26,11,-3,10,9,9,6,21,21,1,-1,7,36,102
37019,Brunswick County,38,120,89,40,109,86,96,70,78,77,1,-26,15,-20,-19,-6,-12,-15,-9,-36,0,26,52,70,324
37021,Buncombe County,150,535,494,418,401,411,420,373,364,373,24,45,48,137,114,200,156,172,134,108,7,182,661,927,1533
37023,Burke County,60,224,215,190,175,184,181,165,160,163,21,70,83,50,68,80,85,95,65,66,0,13,74,113,261
37025,Cabarrus County,115,431,396,330,305,302,305,278,273,273,36,81,114,117,174,219,214,212,196,185,2,107,485,994,1629
37027,Caldwell County,23,99,87,77,76,76,76,67,68,68,2,4,14,44,36,61,61,67,57,57,1,7,31,92,185
37029,Camden County,2,-2,-6,-17,6,-1,2,-2,1,-1,2,10,12,21,15,9,13,13,11,11,0,5,8,8,10
37031,Carteret County,23,29,-10,-91,76,23,49,13,31,24,31,45,144,81,53,83,61,41,15,22,2,5,36,97,115
37033,Caswell County,1,19,17,14,14,15,15,15,16,15,1,-2,8,9,11,13,11,12,12,13,0,2,7,5,16
37035,Catawba County,191,690,631,535,505,513,515,467,456,458,27,31,155,186,171,265,241,240,238,233,2,75,271,355,612
37037,Chatham County,107,383,359,310,280,284,287,261,260,260,11,-3,16,8,-22,4,-10,-15,-6,-8,0,50,198,315,544
37039,Cherokee County,2,8,5,0,8,6,8,5,7,5,3,1,1,3,-14,-13,-13,-13,-14,-14,0,2,-3,-8,11
37041,Chowan County,0,3,3,1,4,3,3,2,4,3,1,17,21,-2,-1,2,-4,-5,0,0,0,0,-2,-1,68
37043,Clay County,0,2,0,-1,2,1,1,1,2,1,2,-3,-1,-1,-6,-4,-5,-7,-9,-8,0,2,2,2,5
37045,Cleveland County,15,82,72,58,61,57,60,52,52,50,6,23,47,43,59,51,64,69,57,44,0,2,50,118,247
37047,Columbus County,7,30,25,12,23,18,21,16,19,17,2,2,11,8,9,26,19,15,18,18,0,8,8,26,196
37049,Craven County,153,29,-321,-1133,600,58,308,-44,134,77,134,150,682,414,259,372,167,26,-102,20,13,32,128,143,189
37051,Cumberland County,784,-61,-1872,-6061,2872,99,1446,-376,563,264,443,531,2956,1855,1456,1705,1118,704,202,330,3,269,1223,1664,1963
37053,Currituck County,4,1,-9,-33,18,3,12,1,7,5,3,-2,-3,1,1,-7,-2,-1,3,-13,0,-1,-1,13,101
37055,Dare County,7,43,37,19,39,33,38,27,30,28,0,-19,9,5,12,53,47,53,44,40,1,22,83,137,168
37057,Davidson County,118,429,397,344,317,319,325,298,294,292,16,26,63,43,25,17,25,24,19,-18,5,105,280,513,485
37059,Davie County,17,88,83,80,66,67,66,62,61,62,4,9,14,17,5,9,3,-1,2,3,0,7,41,91,99
37061,Duplin County,120,449,408,339,307,308,316,288,285,287,55,106,97,82,63,131,141,138,135,121,5,86,340,490,848
37063,Durham County,576,2168,2040,1804,1665,1730,1727,1592,1550,1562,279,957,1308,1465,1380,1571,1766,1900,1463,1376,62,902,2876,3891,5655
37065,Edgecombe County,17,93,88,76,70,71,69,62,63,64,-4,-14,5,7,1,24,8,5,24,16,0,17,66,106,107
37067,Forsyth County,405,1469,1358,1160,1039,1066,1074,986,960,967,149,379,451,306,354,552,559,579,546,333,7,313,1172,2013,2770
37069,Franklin County,39,147,141,128,112,123,120,105,103,105,8,4,24,29,38,92,86,73,101,103,3,48,103,137,375
37071,Gaston County,150,583,555,480,448,471,470,424,419,424,47,91,129,152,92,109,99,101,74,59,1,122,548,1138,1476
37073,Gates County,0,9,8,5,10,8,10,8,9,8,0,0,3,7,6,7,7,7,6,6,0,1,-4,-4,12
37075,Graham County,0,6,5,4,4,3,3,3,3,3,0,1,0,-2,-1,0,-3,-3,1,1,0,-1,9,1,2
37077,Granville County,48,176,163,142,132,133,133,123,121,122,8,3,8,-22,-18,-13,4,3,15,-11,0,6,29,79,160
37079,Greene County,33,107,96,84,79,79,78,67,67,67,-4,-19,-2,-6,-1,19,7,2,16,16,0,8,40,12,36
37081,Guilford County,629,2169,2066,1809,1688,1784,1793,1633,1598,1614,318,889,1371,1498,1596,1298,1475,1603,1187,1132,50,749,2423,3257,4784
37083,Halifax County,3,33,37,34,35,36,36,32,31,30,6,10,14,4,14,15,16,17,9,9,0,9,50,60,41
37085,Harnett County,115,263,120,-185,388,209,299,163,222,202,62,52,415,269,263,300,205,115,105,29,3,52,257,374,676
37087,Haywood County,5,30,29,25,24,28,28,23,23,23,-2,-21,-25,-32,-25,-8,-17,-20,-20,-23,0,15,31,56,106
37089,Henderson County,98,346,326,276,248,245,244,230,221,224,12,-16,-15,-32,8,9,-23,-36,-21,-20,0,26,128,450,915
37091,Hertford County,6,22,19,15,16,14,14,11,12,11,13,36,28,32,30,35,34,36,36,36,0,9,44,42,74
37093,Hoke County,72,136,60,-126,220,114,167,88,118,105,47,45,259,170,136,200,128,80,51,4,2,15,78,356,379
37095,Hyde County,0,5,3,3,2,3,2,3,2,3,3,-2,8,9,0,-3,-1,-1,-1,-1,0,0,-1,0,4
37097,Iredell County,94,373,346,301,282,289,293,272,267,266,35,104,229,200,186,193,214,252,163,165,4,129,532,688,961
37099,Jackson County,2,20,23,23,28,31,31,29,30,29,15,57,65,22,47,99,75,58,116,81,1,13,113,116,210
37101,Johnston County,154,557,501,416,392,394,395,347,344,352,26,3,43,52,84,216,167,141,208,121,8,111,567,800,1338
37103,Jones County,3,10,7,0,9,4,6,4,6,4,2,3,12,10,3,3,0,-1,-1,-2,0,1,7,2,12
37105,Lee County,94,332,303,230,250,235,245,218,216,212,11,15,52,32,85,83,92,92,81,56,1,10,316,436,841
37107,Lenoir County,23,101,94,72,85,78,79,67,70,70,19,7,13,18,21,60,24,16,41,42,1,13,45,101,161
37109,Lincoln County,92,298,268,227,209,212,212,193,188,189,2,-1,-4,-25,-5,58,45,49,53,40,2,57,140,205,267
37111,McDowell County,18,93,86,71,68,63,64,58,57,56,1,-8,10,23,27,52,31,15,39,39,1,15,64,117,210
37113,Macon County,6,35,35,29,29,28,28,22,24,23,3,4,11,6,25,56,41,34,52,44,1,12,42,48,91
37115,Madison County,2,12,7,3,8,4,6,3,5,4,3,-5,-2,2,10,24,11,10,18,19,0,10,18,15,13
37117,Martin County,2,25,23,24,30,28,31,26,28,27,3,0,-2,-4,0,-1,-1,-1,-1,-1,0,0,2,0,17
37119,Mecklenburg County,1309,4864,4566,3952,3588,3732,3756,3415,3317,3332,873,2695,3896,4417,4480,4906,5686,6265,4690,4335,238,3155,11757,14834,22545
37121,Mitchell County,2,21,24,24,21,24,23,21,18,19,0,4,6,12,15,22,17,15,18,19,0,-1,13,8,60
37123,Montgomery County,42,162,155,140,133,134,132,127,127,128,0,-14,-7,-9,-14,2,-3,-8,-5,-4,3,16,49,84,69
37125,Moore County,67,186,150,57,181,140,157,118,129,128,21,-16,98,107,100,140,125,100,46,78,3,30,99,244,388
37127,Nash County,33,127,113,91,104,92,96,86,88,86,20,-7,15,39,39,45,46,46,34,31,0,39,116,214,373
37129,New Hanover County,89,305,258,177,256,235,254,210,221,221,33,122,225,168,110,156,179,186,132,126,8,96,486,758,1280
37131,Northampton County,0,5,5,2,4,3,3,2,4,3,-1,-5,4,8,16,24,10,10,7,7,0,3,7,5,8
37133,Onslow County,598,-374,-1951,-5629,2312,-150,983,-582,240,-24,493,218,3002,1400,769,1529,697,76,-558,-2,64,-171,150,457,603
37135,Orange County,232,810,770,673,638,653,650,587,581,589,174,442,660,734,677,582,653,725,507,499,10,260,674,945,1392
37137,Pamlico County,0,6,5,4,6,5,5,4,5,4,1,-2,8,7,8,4,2,0,1,2,0,1,3,5,14
37139,Pasquotank County,13,40,13,-45,77,40,58,28,38,33,30,23,110,85,77,80,63,57,36,34,1,14,38,74,92
37141,Pender County,23,114,104,84,106,105,107,94,97,97,9,-14,7,19,17,6,12,16,14,-2,0,33,105,132,189
37143,Perquimans County,1,0,-3,-9,5,0,2,-1,2,0,0,1,2,2,-4,-7,-8,-8,-8,-8,0,-2,-7,-8,-10
37145,Person County,5,25,22,16,24,22,24,21,23,21,1,-13,-7,-6,-8,-4,-7,-5,-8,-8,0,1,19,87,186
37147,Pitt County,93,327,305,247,261,261,264,238,236,239,46,128,190,190,161,156,132,151,116,101,3,70,452,491,940
37149,Polk County,5,34,31,28,27,28,29,26,26,26,0,-5,-5,0,-1,18,15,16,13,13,0,7,-1,-4,8
37151,Randolph County,163,672,625,553,500,519,521,479,464,464,1,1,26,51,34,81,52,32,47,48,1,19,229,320,525
37153,Richmond County,29,70,43,-16,88,56,71,48,58,55,5,-15,5,-4,12,24,4,-2,2,3,0,-4,6,28,76
37155,Robeson County,134,496,454,385,359,362,366,332,332,336,11,12,48,46,48,72,77,72,67,58,0,44,251,711,971
37157,Rockingham County,58,212,199,168,153,158,159,140,139,140,6,-4,19,18,22,15,7,1,4,2,1,14,40,60,184
37159,Rowan County,110,405,377,315,294,300,311,285,275,274,10,-17,15,27,59,84,90,90,132,51,2,59,312,401,735
37161,Rutherford County,5,29,29,23,23,23,23,21,21,20,6,5,20,15,8,-7,-3,0,-6,-6,0,6,34,1,4
37163,Sampson County,101,334,295,252,235,231,234,212,207,204,23,48,72,114,132,161,165,183,145,128,2,43,271,397,693
37165,Scotland County,5,25,23,16,25,21,24,19,21,19,4,11,20,12,19,17,17,18,13,13,0,14,67,87,102
37167,Stanly County,26,100,96,85,77,79,79,75,72,71,11,21,17,32,37,14,10,10,10,10,0,6,94,139,232
37169,Stokes County,7,53,51,44,46,46,45,44,45,45,1,-4,1,0,2,16,28,29,23,22,1,8,-5,-2,3
37171,Surry County,72,225,208,180,159,164,161,142,142,143,15,6,-5,-7,23,84,48,32,65,40,0,16,105,92,398
37173,Swain County,0,5,5,3,2,3,2,3,2,3,2,7,0,2,-1,-2,-3,-3,-3,-3,0,5,32,31,60
37175,Transylvania County,7,40,40,38,38,44,43,41,39,40,4,-7,-7,5,2,1,-1,-3,-3,-3,0,7,56,107,161
37177,Tyrrell County,2,12,12,12,13,15,15,14,14,13,0,-1,0,1,2,1,1,1,0,0,0,1,3,7,16
37179,Union County,163,594,541,469,420,429,428,392,385,388,35,28,68,88,57,91,89,104,37,19,1,171,809,1233,1568
37181,Vance County,36,125,120,103,93,92,92,86,87,87,-3,-14,-20,-4,12,48,42,37,43,32,1,45,165,138,288
37183,Wake County,1207,4530,4230,3622,3369,3491,3517,3189,3090,3103,740,2252,3490,3646,3503,3725,4098,4447,3334,3165,146,1958,6487,8918,13146
37185,Warren County,0,21,22,23,22,26,25,25,24,25,0,4,14,-8,-2,-5,-6,-7,-6,-6,0,1,17,23,46
37187,Washington County,2,14,17,17,16,19,18,18,17,18,2,9,9,10,8,-7,-6,-7,-8,-8,0,0,6,0,35
37189,Watauga County,11,57,50,45,45,43,43,40,40,39,-1,-8,11,24,6,49,42,45,42,43,1,21,38,121,194
37191,Wayne County,137,234,44,-384,441,179,306,114,198,171,77,104,442,362,332,405,281,235,186,214,4,60,409,636,1174
37193,Wilkes County,49,182,165,136,128,134,137,120,118,117,-1,-11,4,28,21,65,59,61,55,52,1,35,66,98,194
37195,Wilson County,75,288,255,212,203,202,204,183,179,181,13,42,72,88,66,77,86,78,90,77,0,30,82,185,338
37197,Yadkin County,26,97,88,73,69,73,73,67,67,65,-4,-17,-10,-3,4,27,5,-5,18,18,0,8,63,97,230
37199,Yancey County,12,62,57,50,47,48,48,44,44,44,1,0,1,-1,0,-1,-1,-1,-2,-2,0,5,28,9,61
38001,Adams County,0,-1,-1,-2,1,-1,0,-1,1,0,0,0,3,4,5,8,9,13,5,6,0,0,3,32,55
38003,Barnes County,0,8,6,4,11,11,12,9,10,9,10,25,5,0,-6,-5,-6,-4,-6,-6,0,7,48,46,36
38005,Benson County,0,0,-1,-1,0,0,0,0,0,0,1,7,1,0,0,0,1,1,1,1,0,0,7,14,13
38007,Billings County,0,2,2,2,1,2,1,2,1,2,4,10,6,3,0,2,2,2,2,2,0,0,0,0,0
38009,Bottineau County,1,1,-1,-5,5,2,4,1,3,1,5,13,5,0,2,8,4,12,4,4,0,2,8,9,26
38011,Bowman County,0,0,0,-1,0,0,0,0,0,0,2,0,0,0,0,0,0,0,0,0,0,0,1,8,9
38013,Burke County,0,1,1,1,0,1,0,1,0,1,0,0,-1,0,0,1,0,0,0,0,0,0,0,5,4
38015,Burleigh County,6,40,27,8,42,30,38,30,33,30,8,19,-6,10,34,161,123,194,134,131,1,36,340,445,545
38017,Cass County,110,378,365,297,305,315,323,291,290,290,197,663,464,560,355,875,561,1190,414,416,17,231,1227,1284,1481
38019,Cavalier County,0,7,5,5,3,5,4,5,4,5,0,-1,0,0,1,9,8,15,14,2,0,0,1,1,1
38021,Dickey County,0,3,4,3,2,4,3,4,3,4,1,1,0,2,2,14,11,21,9,9,0,1,16,13,26
38023,Divide County,0,2,2,2,1,3,2,3,2,3,1,4,5,4,6,18,13,19,8,8,0,0,2,1,1
38025,Dunn County,0,1,1,1,0,1,0,1,0,1,6,15,7,2,8,13,11,22,9,9,0,5,22,25,14
38027,Eddy County,0,1,1,1,0,1,0,1,0,1,0,0,1,0,0,1,0,1,0,0,0,0,8,3,8
38029,Emmons County,0,0,0,-1,0,0,0,0,0,0,0,0,1,2,1,3,4,6,3,3,0,0,0,0,0
38031,Foster County,0,3,3,3,1,2,1,2,1,2,1,5,2,0,0,-2,-2,-2,-2,-2,0,0,0,16,18
38033,Golden Valley County,0,1,1,1,0,1,0,1,0,1,0,0,0,0,0,0,0,0,0,0,0,0,0,0,0
38035,Grand Forks County,70,124,2,-247,256,83,175,63,101,81,82,193,207,181,109,253,138,295,34,61,2,55,335,428,782
38037,Grant County,0,2,2,2,1,2,1,2,1,2,0,2,3,3,2,1,1,1,0,0,0,0,10,12,10
38039,Griggs County,0,0,-1,-1,0,0,0,0,0,0,0,0,0,0,0,0,0,0,0,0,0,0,0,0,0
38041,Hettinger County,0,0,-1,-1,0,0,0,0,0,0,0,0,0,0,0,1,0,0,0,0,0,0,0,0,0
38043,Kidder County,0,0,0,-1,0,0,0,0,0,0,0,0,0,0,0,2,1,-4,5,5,0,0,1,0,3
38045,LaMoure County,0,0,0,-1,0,1,1,1,1,1,0,0,0,0,0,0,4,8,3,3,0,0,5,2,8
38047,Logan County,0,2,2,2,1,2,1,2,1,2,0,1,1,1,2,6,5,10,5,5,0,0,-1,-1,14
38049,McHenry County,0,-1,-2,-4,1,0,2,0,2,0,0,3,2,0,-1,0,0,0,0,0,0,0,5,1,2
38051,McIntosh County,0,1,1,1,0,1,0,1,0,1,0,1,3,1,0,0,0,0,0,0,1,1,5,5,17
38053,McKenzie County,0,5,4,4,3,6,5,6,5,6,3,-3,-2,2,-1,5,-6,-6,-6,-6,0,4,23,41,21
38055,McLean County,0,-1,0,-1,2,0,1,0,2,1,1,7,6,4,1,1,1,1,1,1,0,0,5,7,10
38057,Mercer County,1,7,3,1,2,1,1,1,2,1,0,4,4,5,-1,-1,-4,-1,-4,-4,0,4,25,26,1
38059,Morton County,2,9,9,3,13,9,11,9,11,9,0,-2,-5,-10,7,61,67,80,123,3,0,10,11,58,97
38061,Mountrail County,0,0,0,0,0,0,0,0,0,0,0,-1,-1,1,1,22,20,24,29,29,0,2,11,32,73
38063,Nelson County,0,0,1,-1,3,1,2,1,3,2,0,1,0,4,1,4,12,-1,25,25,0,4,11,13,9
38065,Oliver County,0,1,1,1,1,2,1,2,1,2,0,-1,0,0,0,0,0,0,0,0,0,0,0,0,2
38067,Pembina County,0,2,3,0,7,6,8,5,7,5,2,6,9,6,14,28,17,34,14,14,0,0,11,13,18
38069,Pierce County,0,2,2,1,0,1,0,1,0,1,0,0,0,0,0,0,0,0,0,0,0,3,5,-1,0
38071,Ramsey County,1,9,5,-6,9,4,7,4,6,4,1,9,10,10,0,17,24,43,19,19,0,6,9,23,22
38073,Ransom County,0,2,2,1,0,1,0,1,0,1,0,-1,1,2,0,2,3,8,1,1,0,4,12,15,10
38075,Renville County,1,-1,-2,-6,2,-1,1,-1,1,-1,1,3,0,0,0,0,0,0,0,0,0,0,23,31,34
38077,Richland County,1,7,2,-3,9,7,9,6,8,6,3,0,-4,-2,-10,-3,-6,5,-7,-7,0,-1,-5,7,15
38079,Rolette County,0,8,7,6,10,13,13,10,10,10,3,1,0,1,0,0,1,1,2,0,0,1,7,7,9
38081,Sargent County,0,2,3,3,4,6,6,6,6,6,0,2,0,3,5,8,5,14,3,3,0,0,2,0,3
38083,Sheridan County,0,1,1,1,0,2,1,2,1,2,0,0,0,0,0,0,0,0,0,0,0,0,0,4,1
38085,Sioux County,0,0,-1,-1,0,0,0,0,0,0,0,1,1,0,0,2,2,4,2,2,0,0,0,1,8
38087,Slope County,0,1,1,1,0,1,0,1,0,1,0,0,0,0,0,0,1,1,1,1,0,0,0,0,0
38089,Stark County,1,12,10,3,10,7,9,6,8,6,19,48,24,32,33,76,51,125,32,33,3,8,55,75,96
38091,Steele County,0,0,-1,-1,0,0,0,0,0,0,0,0,0,0,0,0,0,0,0,0,0,0,0,0,1
38093,Stutsman County,0,6,4,2,6,5,7,5,7,6,6,1,0,2,17,32,16,35,11,8,0,14,51,73,32
38095,Towner County,0,0,-1,-1,0,0,0,0,0,0,0,0,0,0,0,4,4,-1,14,14,0,2,8,7,14
38097,Traill County,0,2,1,-1,4,3,5,2,4,2,1,0,2,2,0,-1,3,5,4,4,0,4,9,17,15
38099,Walsh County,0,2,2,3,1,2,1,2,1,2,1,4,11,19,12,23,18,32,17,13,0,2,17,25,20
38101,Ward County,64,-9,-221,-631,297,-20,147,-39,35,0,75,44,384,250,191,383,279,398,94,117,4,14,136,202,250
38103,Wells County,0,2,2,2,1,2,1,2,1,2,1,1,4,3,4,2,1,2,1,1,0,0,0,2,3
38105,Williams County,0,7,9,7,10,11,11,10,10,10,1,-15,-21,-13,-11,33,39,89,45,23,2,34,85,131,246
39001,Adams County,0,3,2,1,2,2,2,2,1,2,-1,-5,2,4,14,8,10,8,5,5,0,7,35,40,35
39003,Allen County,2,34,34,29,34,30,34,32,32,32,12,51,34,18,-4,20,26,21,5,-8,0,26,93,188,241
39005,Ashland County,2,22,20,16,17,15,17,14,14,14,8,46,89,92,100,123,105,86,54,56,0,14,21,9,37
39007,Ashtabula County,7,51,55,53,57,65,80,69,71,72,10,45,46,64,54,80,91,89,125,-6,0,9,27,70,91
39009,Athens County,42,174,166,135,140,142,143,130,127,129,41,236,271,384,302,282,287,210,136,128,3,88,315,294,235
39011,Auglaize County,3,27,27,26,23,26,26,23,20,21,3,25,33,40,34,38,32,22,17,18,0,4,7,6,26
39013,Belmont County,3,14,12,11,11,11,11,10,9,10,1,-6,-13,-18,-15,-3,-1,-3,-11,-12,0,1,-2,14,25
39015,Brown County,0,7,6,5,6,6,6,6,5,6,0,-5,-7,-9,-2,-4,-6,-6,-8,-8,0,2,5,23,19
39017,Butler County,118,416,395,353,360,375,383,345,340,344,151,653,618,936,730,886,832,655,441,313,24,473,2071,2908,3476
39019,Carroll County,0,4,5,5,4,6,5,5,4,5,-1,0,0,6,2,1,1,1,-2,-2,0,0,1,3,1
39021,Champaign County,0,6,4,3,5,4,5,4,3,3,3,20,21,11,3,8,10,7,3,3,0,3,8,20,13
39023,Clark County,4,43,32,9,50,35,47,33,34,31,26,76,40,24,25,73,75,67,30,23,1,47,369,790,832
39025,Clermont County,27,130,118,110,99,98,94,85,82,87,30,65,97,116,70,148,150,105,58,38,2,104,311,436,484
39027,Clinton County,7,43,40,36,34,37,38,35,34,35,4,10,11,12,8,13,22,25,7,3,0,33,96,109,91
39029,Columbiana County,2,22,18,10,16,15,18,12,12,12,11,-1,9,0,9,7,22,11,2,-1,1,0,5,-1,23
39031,Coshocton County,2,30,29,28,25,28,27,25,23,24,1,1,7,14,11,2,9,7,5,4,0,3,22,13,13
39033,Crawford County,1,9,5,4,6,4,5,3,3,3,0,-1,4,12,22,31,30,20,13,13,0,20,47,57,58
39035,Cuyahoga County,704,2875,2636,2191,2026,2096,2322,2032,2003,1987,502,2626,2913,3927,3671,3952,3921,3172,2721,1220,102,1210,4553,5989,6382
39037,Darke County,0,9,8,8,8,10,10,9,8,9,3,-2,3,10,8,17,13,17,10,10,0,-1,12,16,21
39039,Defiance County,1,15,16,12,11,11,13,10,9,9,8,23,34,34,31,39,29,30,9,9,0,29,100,135,30
39041,Delaware County,15,75,66,54,55,53,55,50,47,47,70,234,288,339,314,489,508,370,248,212,7,211,848,1097,1318
39043,Erie County,5,32,29,25,27,27,29,25,25,25,9,17,44,31,31,28,19,16,4,-6,0,10,64,126,253
39045,Fairfield County,1,24,18,4,24,15,21,15,15,14,20,80,152,204,157,203,231,171,131,118,2,80,332,468,645
39047,Fayette County,1,11,10,10,10,10,11,11,7,8,3,1,8,17,13,21,12,11,6,4,0,7,33,4,8
39049,Franklin County,1115,4749,4652,4190,4037,4370,4408,4031,3909,3915,930,4408,5267,7225,6175,7400,7441,5923,3877,3595,190,2879,12313,16004,19175
39051,Fulton County,2,15,13,12,15,12,13,11,11,12,7,10,4,23,7,27,23,38,10,10,0,22,61,84,77
39053,Gallia County,0,3,2,0,2,0,2,0,0,0,2,17,23,24,-5,41,40,26,14,16,0,6,7,7,11
39055,Geauga County,7,41,34,25,27,22,24,19,19,19,11,28,31,55,51,46,45,33,24,24,1,34,97,47,62
39057,Greene County,74,244,94,-138,339,147,268,156,173,146,77,266,564,632,513,640,529,366,177,209,4,135,451,450,475
39059,Guernsey County,1,5,3,-1,7,6,8,4,3,3,0,-5,4,7,8,8,10,12,10,-1,0,4,3,8,16
39061,Hamilton County,467,1658,1591,1417,1345,1450,1456,1313,1264,1260,308,1477,1706,2444,2132,2519,2418,1867,1224,1071,73,1089,4630,6341,7911
39063,Hancock County,16,95,85,74,71,74,76,68,66,66,17,34,92,152,140,213,221,159,100,98,4,72,221,319,361
39065,Hardin County,2,11,9,7,6,7,6,7,6,7,5,21,19,22,21,1,5,1,-1,-1,0,11,39,39,40
39067,Harrison County,0,3,3,1,0,1,0,1,0,1,0,2,1,1,0,1,3,2,1,1,0,1,1,2,-1
39069,Henry County,3,18,21,24,24,27,27,26,25,26,2,-3,5,7,-4,1,1,3,0,0,0,0,5,56,53
39071,Highland County,0,12,11,10,10,11,11,11,9,10,0,-3,4,15,11,12,6,0,-1,-1,0,1,10,9,10
39073,Hocking County,0,16,13,10,12,10,11,10,9,9,1,5,5,2,3,7,7,6,3,3,0,1,0,-1,1
39075,Holmes County,1,6,5,5,3,4,4,3,2,3,2,3,-2,-4,1,1,1,-1,-2,-2,0,1,12,16,23
39077,Huron County,17,85,82,76,72,77,78,69,67,68,13,46,22,43,11,13,12,15,-4,-4,0,19,57,112,153
39079,Jackson County,6,28,32,31,36,39,40,37,36,37,1,-3,-2,24,15,27,28,19,12,12,0,3,20,21,18
39081,Jefferson County,3,24,21,16,18,16,20,18,18,18,0,-13,-17,-8,-10,-11,-13,-22,-27,-27,0,4,20,39,25
39083,Knox County,0,10,11,7,8,7,8,7,5,6,4,-2,3,6,-4,4,-1,-3,-5,-5,0,11,39,87,81
39085,Lake County,134,508,509,472,471,514,517,473,461,465,40,121,191,350,284,384,344,289,205,69,2,132,345,398,649
39087,Lawrence County,0,19,18,16,16,17,18,16,15,16,-4,-26,-36,-26,-22,-18,-19,-22,-24,-24,0,3,-1,-4,-10
39089,Licking County,9,60,47,29,54,44,51,42,41,41,13,56,132,127,135,153,150,108,56,57,0,59,184,313,314
39091,Logan County,2,32,31,29,30,30,31,30,29,30,1,8,12,28,23,8,8,5,-2,-2,0,7,36,53,46
39093,Lorain County,49,266,250,214,222,219,287,245,263,262,80,369,473,574,562,592,574,530,610,108,3,165,356,502,507
39095,Lucas County,166,600,586,539,530,564,589,531,524,526,93,305,390,587,456,633,608,494,265,182,12,202,619,798,907
39097,Madison County,0,34,26,21,26,25,27,24,24,24,8,43,52,55,35,52,38,38,16,12,0,12,53,44,64
39099,Mahoning County,27,122,114,98,104,97,139,117,127,127,47,200,220,291,300,283,304,297,350,22,2,67,330,446,530
39101,Marion County,3,21,19,16,23,20,22,20,18,18,6,4,-7,13,5,53,72,54,42,28,0,7,21,21,86
39103,Medina County,26,132,132,113,107,108,112,96,93,93,36,85,79,93,72,49,73,75,22,12,3,46,127,209,248
39105,Meigs County,0,4,3,2,4,4,5,4,3,3,0,-1,-2,1,-5,-3,-1,-2,-3,-3,0,7,17,23,2
39107,Mercer County,0,11,12,11,11,12,15,14,14,15,1,2,11,13,13,16,16,18,7,7,0,8,24,47,64
39109,Miami County,14,76,71,59,65,63,64,59,58,58,17,50,65,63,90,90,96,71,41,43,1,50,196,148,119
39111,Monroe County,0,2,2,2,1,2,1,2,1,2,0,-1,1,-1,1,-3,-2,-2,-2,-2,0,3,9,4,6
39113,Montgomery County,179,450,299,60,527,355,477,349,360,328,219,784,989,1312,1057,1192,1223,1010,555,533,24,518,1774,2121,2759
39115,Morgan County,0,0,-1,-3,1,-1,1,-1,-1,-1,0,1,0,1,2,2,2,1,0,0,0,0,0,0,0
39117,Morrow County,1,5,6,8,7,8,8,8,7,8,0,5,5,5,0,-6,-5,-6,-6,-6,0,1,2,7,15
39119,Muskingum County,1,15,12,6,20,13,16,13,13,13,7,30,41,77,70,94,80,58,41,43,0,6,10,16,31
39121,Noble County,0,1,0,0,1,1,1,1,0,1,0,2,6,2,0,-2,-2,-2,-2,-2,0,1,2,0,0
39123,Ottawa County,0,5,4,0,7,5,7,5,5,5,3,3,7,1,-2,-5,-5,-5,-5,-5,0,7,15,14,30
39125,Paulding County,0,1,0,-1,2,0,1,1,0,1,2,4,5,8,5,11,7,10,3,3,0,0,3,35,76
39127,Perry County,1,9,7,4,8,8,9,8,7,7,1,2,1,6,13,6,13,10,6,6,0,1,2,8,18
39129,Pickaway County,0,1,0,-3,4,1,3,1,1,1,2,5,13,8,12,11,10,7,-1,-1,0,6,23,11,22
39131,Pike County,1,11,10,8,8,8,8,8,7,8,1,1,6,8,-1,-3,-2,-2,-2,-2,0,0,0,3,6
39133,Portage County,35,132,124,101,107,102,103,96,93,96,54,300,344,603,562,651,608,500,299,303,7,105,316,387,521
39135,Preble County,1,16,15,13,15,15,15,15,13,14,4,5,23,21,20,32,36,27,20,15,0,5,7,5,8
39137,Putnam County,0,8,6,5,9,9,10,9,7,7,4,16,16,14,7,8,10,8,9,7,0,7,16,55,65
39139,Richland County,12,64,53,36,66,60,68,55,55,53,3,14,18,29,44,41,37,26,15,11,0,28,66,88,81
39141,Ross County,3,27,27,26,27,25,25,23,22,24,7,24,19,27,19,20,18,15,8,9,0,2,5,1,5
39143,Sandusky County,3,21,18,14,15,14,18,14,15,15,6,15,12,3,-1,16,15,13,5,2,2,45,95,111,93
39145,Scioto County,0,16,13,9,14,12,14,12,12,12,7,22,26,50,31,30,23,15,7,8,0,1,20,64,91
39147,Seneca County,3,20,18,17,19,16,17,16,14,14,10,39,43,49,50,81,73,51,36,34,0,20,86,107,84
39149,Shelby County,15,66,63,56,48,53,55,48,46,46,8,43,54,103,62,82,73,58,34,34,0,11,54,69,23
39151,Stark County,38,137,134,116,118,131,135,116,109,109,46,117,150,202,88,161,143,107,26,27,1,97,344,379,538
39153,Summit County,221,654,591,501,480,496,506,436,419,411,167,829,859,1218,1073,1271,1273,1000,639,533,24,433,1282,1502,2035
39155,Trumbull County,10,67,58,34,47,39,46,37,38,37,5,-18,-1,2,-5,11,14,10,6,-17,0,14,52,39,40
39157,Tuscarawas County,9,42,42,41,40,46,47,42,42,43,11,83,55,63,74,78,91,76,81,26,0,25,128,225,335
39159,Union County,0,16,16,13,16,13,15,13,13,13,5,33,51,88,88,93,91,58,36,36,0,33,180,172,230
39161,Van Wert County,0,8,8,8,9,9,9,9,8,9,2,6,5,2,7,2,13,17,19,-1,0,7,26,35,32
39163,Vinton County,0,0,-1,-1,0,0,0,0,-1,0,0,-1,-1,0,0,0,0,0,0,0,0,0,0,0,0
39165,Warren County,51,199,183,151,157,157,165,144,140,141,67,297,386,571,474,514,521,372,231,187,21,306,952,1676,1551
39167,Washington County,0,3,2,0,2,-1,0,0,-1,0,2,-3,-2,18,26,35,37,33,9,10,0,13,42,26,43
39169,Wayne County,18,112,108,95,92,97,107,91,88,88,8,84,109,163,115,116,105,83,47,47,1,52,185,204,283
39171,Williams County,2,19,18,19,17,15,16,16,15,16,2,-1,-6,-8,-5,-6,-5,-4,-6,-6,0,21,51,60,86
39173,Wood County,31,149,133,100,111,104,105,96,91,95,36,128,163,228,202,200,200,148,99,83,1,74,259,220,295
39175,Wyandot County,0,7,8,7,5,6,5,6,5,6,0,-1,-6,-1,14,10,12,14,24,-5,0,1,6,20,79
40001,Adair County,0,4,3,1,1,2,2,1,1,1,0,0,4,2,3,9,5,3,3,3,0,1,7,10,10
40003,Alfalfa County,0,0,0,-1,0,0,0,0,0,0,-1,-1,-1,-2,0,9,14,7,6,6,0,4,18,7,18
40005,Atoka County,0,1,1,1,0,1,0,1,0,1,2,9,4,8,6,14,4,2,3,3,0,4,23,21,9
40007,Beaver County,0,11,10,5,6,9,9,7,6,6,0,-2,2,3,11,12,20,13,12,12,0,8,36,24,19
40009,Beckham County,1,14,13,11,9,10,8,9,8,10,4,-2,-11,-7,7,7,5,0,3,3,0,3,-1,11,38
4001,Apache County,1,21,22,18,21,20,21,19,21,20,6,29,47,85,78,71,62,49,40,37,0,23,56,97,99
40011,Blaine County,2,33,33,29,27,26,26,25,23,24,5,19,16,2,5,16,41,21,16,16,0,20,62,38,31
40013,Bryan County,6,54,49,44,43,43,44,42,41,41,3,10,28,-5,19,33,33,10,13,14,0,12,51,46,66
40015,Caddo County,5,31,29,21,30,30,32,25,26,24,-1,-6,14,16,25,58,94,59,45,46,0,24,86,42,33
40017,Canadian County,20,111,99,77,101,87,93,79,81,78,18,78,53,68,68,128,116,54,66,57,4,41,197,211,382
40019,Carter County,2,33,28,22,22,21,23,19,20,18,13,31,11,10,16,43,23,8,4,4,0,28,96,90,130
40021,Cherokee County,24,98,93,77,71,75,77,68,66,65,3,10,12,14,45,73,62,40,42,42,0,16,38,34,83
40023,Choctaw County,0,2,1,1,2,3,3,3,2,2,0,-1,3,2,-1,0,0,0,0,0,0,0,4,6,24
40025,Cimarron County,0,27,25,23,21,22,22,22,21,21,1,2,0,0,1,2,2,1,2,2,0,0,0,0,0
40027,Cleveland County,165,513,422,200,527,433,498,382,406,394,114,647,630,639,621,844,487,287,356,369,9,191,787,812,1382
40029,Coal County,0,4,5,5,4,4,3,4,2,3,0,1,0,0,0,0,0,0,0,0,0,1,2,-1,-1
4003,Cochise County,180,312,36,-545,654,260,468,188,292,231,98,275,502,340,286,471,212,153,96,66,8,122,229,311,240
40031,Comanche County,183,-35,-660,-1937,893,-61,443,-134,109,1,153,371,860,420,263,467,208,61,-32,56,33,11,145,156,426
40033,Cotton County,1,2,1,-1,8,6,8,6,7,5,0,1,4,0,-1,0,0,0,0,0,0,0,0,0,0
40035,Craig County,0,2,1,0,1,1,1,1,1,1,1,3,3,4,5,4,3,1,0,0,0,5,40,18,18
40037,Creek County,2,11,7,1,8,5,9,7,9,7,1,19,33,37,54,87,79,56,51,49,0,10,30,18,26
40039,Custer County,10,34,30,24,25,21,23,19,21,19,8,37,37,22,66,87,111,62,55,55,0,7,22,39,45
40041,Delaware County,2,22,22,20,21,23,22,20,20,21,6,33,11,12,8,5,13,9,8,8,0,2,12,5,24
40043,Dewey County,0,3,3,3,2,4,3,4,1,2,0,2,1,5,11,14,22,14,8,8,0,0,1,0,0
40045,Ellis County,0,1,1,1,0,1,0,1,0,1,2,1,2,4,4,10,7,4,7,7,0,0,9,11,7
40047,Garfield County,25,49,-14,-142,119,28,75,20,42,30,49,277,258,150,115,133,215,141,156,147,6,42,121,151,205
40049,Garvin County,2,12,10,7,10,8,8,7,7,8,5,10,27,37,40,55,45,31,29,29,0,7,25,64,93
4005,Coconino County,68,245,241,216,207,224,222,202,197,200,36,133,156,255,296,131,170,85,24,25,-4,99,299,348,582
40051,Grady County,1,6,3,-4,9,5,8,5,7,5,8,48,49,71,45,35,33,26,24,24,0,8,39,38,38
40053,Grant County,0,2,2,1,0,1,0,1,0,1,0,1,0,0,0,0,0,0,0,0,0,0,0,0,0
40055,Greer County,0,2,1,0,1,1,1,1,0,0,0,-2,-2,0,-1,-2,-2,-2,-2,-2,0,0,2,3,2
40057,Harmon County,0,5,6,6,8,9,11,9,10,10,0,3,5,6,4,7,6,2,3,3,0,0,0,0,1
40059,Harper County,0,7,7,8,10,11,11,10,10,10,1,18,27,29,45,28,32,24,22,20,0,3,24,12,22
40061,Haskell County,0,5,6,6,4,4,3,4,3,4,6,15,7,10,10,6,11,6,6,6,0,2,9,7,8
40063,Hughes County,0,9,9,10,6,7,6,6,5,6,-1,-1,5,2,6,4,5,4,3,3,0,0,-1,-1,17
40065,Jackson County,32,35,-47,-214,153,34,100,21,51,36,24,39,118,65,96,124,85,41,22,45,1,-1,50,91,129
40067,Jefferson County,0,4,4,3,4,4,4,4,4,4,0,1,2,1,3,2,1,1,1,1,0,0,3,3,11
40069,Johnston County,0,1,0,-3,1,-1,0,-1,1,0,2,10,3,1,-4,0,2,1,1,1,0,0,4,5,14
4007,Gila County,7,60,60,54,49,56,55,54,50,51,6,22,28,27,34,28,29,22,7,9,1,9,-3,6,38
40071,Kay County,8,62,59,53,51,53,53,49,48,48,0,7,2,-5,1,3,16,-1,-2,-2,0,4,33,46,85
40073,Kingfisher County,1,25,23,22,19,24,24,20,19,19,-1,1,1,-3,12,13,39,16,9,9,0,23,74,83,99
40075,Kiowa County,0,3,2,-1,3,0,1,0,2,1,2,8,7,0,0,1,3,2,2,2,0,0,4,3,2
40077,Latimer County,0,9,10,10,7,9,8,8,7,8,0,-1,1,5,3,10,2,2,2,2,0,0,2,1,1
40079,Le Flore County,26,114,111,93,91,90,91,85,81,80,9,38,55,56,79,63,55,35,39,39,0,15,36,34,36
40081,Lincoln County,1,6,3,-5,10,5,8,4,7,5,1,-10,0,1,3,8,9,5,3,3,0,2,8,2,5
40083,Logan County,2,12,12,9,13,10,12,9,11,9,7,1,-10,0,6,13,14,5,0,1,0,14,95,83,85
40085,Love County,0,12,10,8,7,8,8,8,8,8,2,10,6,3,3,11,20,12,6,6,0,5,19,50,62
40087,McClain County,9,37,32,25,31,26,27,25,26,25,2,25,19,12,11,13,14,10,9,9,0,5,19,19,15
40089,McCurtain County,3,33,30,27,26,28,26,24,21,23,-1,5,2,4,30,68,96,79,90,89,0,13,44,47,41
4009,Graham County,1,24,22,20,20,21,22,18,18,17,2,1,8,38,57,82,36,36,32,30,0,-1,0,55,54
40091,McIntosh County,1,10,8,6,8,7,7,7,6,6,0,3,1,4,4,2,1,1,1,1,0,0,1,8,9
40093,Major County,0,4,2,1,2,2,2,2,2,2,-1,1,10,4,8,17,15,10,10,11,0,3,7,12,27
40095,Marshall County,6,50,50,42,43,48,48,43,39,40,5,26,13,7,17,10,17,8,5,5,0,10,57,50,37
40097,Mayes County,0,13,16,16,18,20,21,18,20,19,-1,-1,-1,2,8,18,14,9,11,11,0,0,6,6,20
40099,Murray County,2,23,20,16,16,15,16,13,12,12,0,0,0,0,10,17,20,9,5,5,0,1,-1,-1,4
40101,Muskogee County,18,87,79,64,63,63,65,58,57,55,9,38,30,-1,6,23,28,8,7,7,0,15,51,43,73
40103,Noble County,0,-1,-1,-2,1,-1,0,-1,1,0,0,-3,0,-1,2,3,2,2,2,2,0,5,18,11,10
40105,Nowata County,0,2,2,2,0,1,0,1,0,1,0,1,1,2,2,1,2,1,2,2,0,3,8,3,7
40107,Okfuskee County,0,0,-1,-2,1,0,0,-1,0,0,1,13,2,5,9,12,7,3,5,5,0,0,12,13,18
40109,Oklahoma County,771,2599,2242,1432,2349,2111,2307,1874,1906,1878,411,2264,2346,1947,2141,3007,2468,1322,1216,1315,57,617,3561,3315,6049
4011,Greenlee County,1,11,11,9,6,7,6,7,6,7,2,24,17,20,19,17,10,10,7,8,0,6,31,34,41
40111,Okmulgee County,3,16,13,8,14,13,15,12,14,12,1,9,2,0,2,2,0,0,1,1,0,1,7,0,17
40113,Osage County,4,26,24,22,19,20,20,17,17,17,14,27,13,2,5,8,14,10,8,6,0,1,16,12,18
40115,Ottawa County,2,24,23,15,21,22,24,18,19,17,2,22,16,7,14,18,15,10,15,15,0,5,33,15,69
40117,Pawnee County,0,0,1,0,1,2,2,1,1,1,2,6,4,5,9,5,5,5,4,4,0,1,0,2,4
40119,Payne County,75,300,279,240,233,233,240,222,220,220,50,559,349,428,465,755,433,309,390,396,14,153,488,408,623
4012,La Paz County,7,69,73,70,68,78,77,71,68,69,3,50,39,48,80,115,69,75,64,68,1,12,79,111,120
40121,Pittsburg County,2,18,14,9,16,12,14,11,13,11,6,11,-3,-1,5,5,8,5,3,3,0,5,13,10,18
40123,Pontotoc County,2,20,18,17,18,16,17,16,18,17,5,29,31,50,47,65,51,35,42,42,0,3,12,28,72
40125,Pottawatomie County,3,31,21,6,26,18,23,16,19,17,4,32,24,33,20,33,35,19,19,20,0,9,20,30,69
40127,Pushmataha County,0,1,1,0,1,1,1,1,1,1,0,6,8,4,5,8,14,8,5,5,0,0,6,8,12
40129,Roger Mills County,0,2,2,2,1,2,1,2,1,2,0,4,-1,0,0,-1,-1,-1,-1,-1,0,1,7,4,3
4013,Maricopa County,6240,26220,25473,22650,22370,23980,24122,21879,21268,21364,1788,11616,10158,12191,14571,12601,14336,9492,5676,5520,134,5515,19134,28220,42778
40131,Rogers County,9,46,46,46,46,52,55,53,53,53,10,39,21,25,43,46,74,45,35,34,0,9,67,63,117
40133,Seminole County,0,13,12,11,13,13,13,10,10,10,1,3,2,3,8,7,4,3,1,1,0,4,12,9,22
40135,Sequoyah County,1,13,10,2,9,5,8,5,7,5,-1,3,12,15,25,42,38,20,22,23,0,4,2,4,16
40137,Stephens County,1,3,1,-4,4,1,3,1,3,1,4,6,25,13,26,39,45,24,21,22,0,11,43,46,79
40139,Texas County,81,269,259,242,226,253,250,228,220,224,28,170,71,63,67,105,124,68,60,61,7,82,265,186,255
40141,Tillman County,6,18,18,11,16,13,15,12,14,12,4,2,2,5,14,15,38,22,16,16,0,0,0,0,0
40143,Tulsa County,541,1952,1860,1637,1564,1650,1673,1507,1461,1474,181,1463,1102,1149,1526,2219,1963,1161,1206,1127,47,647,3746,4283,6926
40145,Wagoner County,9,47,41,32,35,31,33,29,31,29,2,10,22,16,39,57,53,33,38,36,0,21,157,181,254
40147,Washington County,12,94,97,98,102,111,111,106,99,99,12,92,82,76,101,132,101,62,82,83,0,23,94,72,104
40149,Washita County,0,3,4,5,8,9,9,9,9,9,1,0,0,0,3,5,6,4,3,3,0,4,8,11,7
4015,Mohave County,94,340,330,299,287,307,302,277,269,272,-45,-53,-147,-113,-122,-148,-165,-209,-248,-246,2,33,123,148,195
40151,Woods County,0,4,4,3,3,4,3,4,3,4,0,3,4,7,10,12,7,3,6,6,0,1,3,5,2
40153,Woodward County,0,12,10,9,7,8,7,7,6,7,3,10,12,19,31,53,46,29,22,22,0,10,19,28,18
4017,Navajo County,12,73,74,68,70,69,71,65,64,62,6,31,31,57,84,73,87,59,42,44,0,11,41,84,164
4019,Pima County,976,3509,3174,2297,3356,3247,3451,2898,2880,2832,465,2452,2444,2855,3272,3161,2978,2022,1226,1204,64,1162,3393,4746,5716
4021,Pinal County,149,595,584,530,513,551,547,486,466,469,110,1143,1072,1246,1354,1084,1089,759,492,487,14,340,1760,2591,3982
4023,Santa Cruz County,97,305,295,250,232,251,250,217,209,207,-8,79,8,40,130,276,83,79,52,56,4,164,333,376,455
4025,Yavapai County,100,382,372,332,326,339,341,313,308,312,36,197,70,49,36,24,47,-19,-65,-72,1,74,185,367,518
4027,Yuma County,323,1118,907,446,1196,1006,1129,885,915,884,45,490,667,859,1137,1525,1019,772,492,546,24,447,1016,2253,5761
41001,Baker County,1,13,11,9,10,6,7,5,5,5,0,6,8,7,7,11,20,20,10,10,0,5,4,4,12
41003,Benton County,111,392,359,283,280,274,278,252,243,245,94,601,417,321,500,472,937,558,324,331,9,209,356,738,739
41005,Clackamas County,305,984,921,787,731,748,747,672,650,641,107,546,111,28,225,103,549,275,43,23,7,200,365,976,1111
41007,Clatsop County,25,80,34,-28,88,37,67,40,46,38,11,45,43,7,9,2,16,4,-18,-12,0,13,54,69,174
41009,Columbia County,1,12,9,5,15,9,11,9,9,9,7,35,1,-2,8,8,17,4,-10,-8,0,-4,-3,44,41
41011,Coos County,7,44,30,7,51,29,39,26,27,24,-3,40,47,31,34,-4,10,-3,-15,-15,0,5,22,103,83
41013,Crook County,5,34,30,28,21,18,17,17,16,17,1,6,-3,2,-8,-10,-10,-10,-11,-11,0,0,1,-2,4
41015,Curry County,3,14,5,-2,16,8,13,8,9,8,3,-14,-22,-22,-21,-24,-18,-22,-24,-24,0,-3,-9,-11,0
41017,Deschutes County,29,116,103,84,85,82,85,77,76,77,-8,-39,-63,-39,-6,-37,36,-1,-54,-52,0,18,124,390,520
41019,Douglas County,7,43,34,21,34,27,31,25,25,25,6,17,-10,-13,10,-21,28,-4,-25,-35,0,8,11,32,58
41021,Gilliam County,0,1,1,1,0,1,0,1,0,1,0,0,1,1,0,1,1,1,1,1,0,0,-1,0,-1
41023,Grant County,0,1,1,1,0,1,0,1,0,1,0,2,0,0,0,-2,-1,-2,-2,-2,0,0,5,7,11
41025,Harney County,0,3,2,2,1,2,1,2,0,1,-1,-3,4,6,14,4,7,5,5,5,0,0,-2,-2,-1
41027,Hood River County,33,114,99,90,81,86,83,78,72,76,7,18,-33,-29,13,-9,9,47,1,1,0,8,8,76,93
41029,Jackson County,79,273,241,196,187,182,187,160,156,154,6,117,-97,-126,-29,-60,65,66,-42,-41,1,10,26,175,392
41031,Jefferson County,10,37,34,30,24,22,21,17,15,17,3,19,5,2,-10,-8,-6,-9,-10,-10,0,1,8,52,100
41033,Josephine County,3,26,20,13,18,14,15,13,12,13,5,-12,-33,-30,-19,-6,9,0,-28,-26,1,15,26,70,83
41035,Klamath County,24,75,60,27,88,64,79,62,63,58,5,19,-1,9,-8,-1,24,45,-5,-2,0,12,12,57,74
41037,Lake County,0,9,7,6,5,5,5,4,2,3,0,0,0,-3,4,0,1,-1,-1,-1,0,10,13,25,-1
41039,Lane County,217,759,699,595,545,563,564,518,498,498,161,1106,510,252,610,418,984,554,227,230,8,193,380,730,961
41041,Lincoln County,24,115,108,88,90,87,91,83,81,78,8,39,4,18,38,9,9,25,0,0,0,14,58,134,100
41043,Linn County,28,107,94,73,75,65,68,61,61,61,20,57,-27,-43,-3,7,79,72,21,21,1,6,32,139,171
41045,Malheur County,31,111,106,86,76,71,71,66,62,61,4,-6,-31,-30,-12,-22,-9,8,-14,-14,0,11,38,132,115
41047,Marion County,459,1761,1659,1442,1308,1354,1356,1239,1188,1186,80,649,104,-17,123,1,355,392,44,17,9,130,522,2073,2982
41049,Morrow County,12,79,76,65,58,58,59,53,51,51,14,46,-1,-10,8,-3,12,36,12,12,0,14,48,54,97
41051,Multnomah County,1122,4213,3919,3357,2991,3081,3063,2782,2672,2677,543,3836,1941,1819,3083,2512,5201,3125,1674,1654,59,691,1941,4181,5163
41053,Polk County,48,198,179,158,140,143,141,131,125,129,15,65,26,42,93,70,170,139,55,56,1,33,67,180,194
41055,Sherman County,0,4,3,3,3,4,3,4,3,4,0,2,-1,1,1,0,0,1,0,0,0,0,1,0,0
41057,Tillamook County,14,58,45,36,44,37,39,33,32,32,5,38,6,10,0,-6,-8,-8,-13,-13,0,4,11,41,83
41059,Umatilla County,60,201,176,143,129,124,124,114,108,105,-9,-2,-67,-64,15,-27,77,156,35,38,0,27,116,418,449
41061,Union County,4,37,33,19,23,23,25,21,19,19,7,42,4,8,15,17,37,26,11,11,0,6,7,21,12
41063,Wallowa County,0,1,1,1,0,1,0,1,0,1,1,3,1,1,-1,0,0,0,0,0,0,0,0,0,0
41065,Wasco County,2,39,40,35,34,35,34,28,27,29,7,28,-15,9,-2,1,13,22,3,3,0,4,2,31,74
41067,Washington County,871,3186,2972,2547,2273,2369,2366,2135,2063,2070,447,2830,1362,1015,1929,1694,3945,2492,1208,1193,78,928,2521,5445,6085
41069,Wheeler County,0,1,1,1,0,1,0,1,0,1,0,0,0,0,0,0,0,0,0,0,0,0,0,1,0
41071,Yamhill County,86,318,288,235,202,202,200,179,178,184,19,91,-4,17,80,4,45,13,-46,-45,3,42,136,450,602
42001,Adams County,44,193,188,169,187,196,196,179,173,176,5,13,27,18,64,86,160,41,76,54,1,23,84,246,208
42003,Allegheny County,497,2165,2053,1751,1753,1829,1876,1688,1615,1596,541,2799,2557,3259,3721,3216,3843,3032,2540,2392,63,1124,3490,6265,5237
42005,Armstrong County,0,3,1,-2,8,6,8,5,5,5,3,3,3,0,2,2,2,0,0,0,0,3,12,17,25
42007,Beaver County,4,62,55,40,63,58,67,58,58,57,0,15,20,26,20,13,29,16,13,9,0,15,137,175,187
42009,Bedford County,0,5,4,3,4,5,5,5,4,5,0,-2,0,7,9,4,14,7,8,4,0,3,19,61,34
42011,Berks County,194,720,712,653,658,720,976,833,888,888,221,1230,984,1195,1620,1619,1980,1769,2294,694,23,438,1510,2945,3180
42013,Blair County,4,39,34,28,40,34,38,34,34,33,9,17,21,16,23,36,45,36,33,30,0,17,58,115,111
42015,Bradford County,0,5,5,3,10,8,10,7,7,7,2,9,18,19,28,29,32,26,19,16,0,11,53,122,98
42017,Bucks County,343,1046,986,800,886,914,974,843,821,800,201,731,599,707,922,853,1095,736,642,536,16,373,1429,2788,2105
42019,Butler County,18,102,97,91,104,102,106,99,98,98,24,60,59,93,99,82,108,66,62,58,0,34,166,249,229
42021,Cambria County,7,51,41,23,41,39,48,37,35,34,11,37,37,59,45,35,47,43,41,29,0,8,42,71,59
42023,Cameron County,0,2,2,1,0,1,0,1,0,1,0,1,2,3,8,8,10,8,8,8,0,0,1,1,0
42025,Carbon County,5,19,17,14,19,16,18,15,16,17,-6,-9,-5,-1,17,11,17,16,17,6,0,5,34,59,38
42027,Centre County,180,701,671,593,581,607,618,572,551,554,157,931,885,1075,1246,1127,1255,1046,859,835,24,313,1150,1565,1186
42029,Chester County,341,1174,1148,1049,1023,1121,1159,1050,1010,996,252,1017,849,931,1441,1371,1831,1004,1039,895,34,411,1622,2663,2480
42031,Clarion County,2,8,7,7,11,10,11,8,9,9,3,21,23,30,19,19,17,12,10,11,0,5,22,31,19
42033,Clearfield County,0,11,7,2,9,6,8,6,6,6,6,34,56,49,64,66,83,71,59,59,0,18,28,40,50
42035,Clinton County,0,13,11,9,13,12,15,12,13,13,1,17,6,21,12,12,15,12,12,8,0,4,26,41,28
42037,Columbia County,4,30,28,21,28,28,32,27,26,26,12,47,26,25,25,6,9,8,4,-4,0,8,60,127,101
42039,Crawford County,1,16,15,10,17,16,22,17,17,17,3,-4,6,25,36,21,35,27,22,22,0,13,18,41,29
42041,Cumberland County,119,371,306,172,362,290,345,281,289,276,146,511,559,615,651,627,653,568,493,354,0,181,548,867,849
42043,Dauphin County,151,562,537,462,514,529,631,553,563,566,176,824,845,989,1169,1083,1282,1118,1116,725,10,316,1098,2089,2068
42045,Delaware County,413,1357,1333,1198,1158,1264,1288,1150,1133,1121,390,1630,1371,1549,1740,1697,2057,1686,1554,1252,31,646,1969,3627,3972
42047,Elk County,1,7,8,7,5,5,4,5,4,5,0,0,1,2,2,2,2,1,0,1,0,0,-2,13,8
42049,Erie County,121,451,425,367,372,375,403,364,357,358,71,487,830,536,520,471,855,716,669,525,2,144,381,585,562
42051,Fayette County,4,18,16,11,19,16,18,16,16,16,4,21,0,74,81,97,47,47,58,7,0,32,87,156,99
42053,Forest County,0,1,0,0,1,0,1,1,0,1,0,3,3,3,3,4,6,6,10,0,0,0,2,2,3
42055,Franklin County,27,157,150,133,155,155,168,150,150,148,35,172,161,142,173,160,205,151,209,53,6,88,373,417,468
42057,Fulton County,0,0,-1,-1,0,1,1,1,0,1,0,2,3,5,0,1,1,1,1,1,0,0,4,3,2
42059,Greene County,1,8,7,2,12,9,11,8,8,8,0,1,-7,3,0,0,0,0,1,-1,0,-2,-2,14,6
42061,Huntingdon County,0,3,3,2,4,3,4,4,3,3,0,6,20,30,26,43,49,39,35,35,0,4,11,24,8
42063,Indiana County,10,58,54,43,50,51,53,46,45,45,9,67,58,89,91,73,84,68,54,50,0,24,78,140,100
42065,Jefferson County,0,7,5,2,10,8,11,7,7,7,1,9,4,4,5,1,1,1,0,0,0,2,5,16,12
42067,Juniata County,0,8,8,6,9,7,8,7,6,6,2,37,21,24,32,39,34,36,44,14,0,15,65,84,65
42069,Lackawanna County,37,175,160,141,158,158,168,144,144,143,100,451,503,664,779,733,864,767,828,395,4,158,509,842,980
42071,Lancaster County,212,593,577,522,545,579,755,657,682,691,222,1180,1091,1292,1402,1422,1543,1367,1593,647,13,423,1279,2434,1704
42073,Lawrence County,3,22,16,9,24,19,23,19,19,18,7,17,20,16,25,22,26,23,31,9,0,2,10,46,23
42075,Lebanon County,21,139,115,75,119,104,159,131,138,136,54,393,520,564,588,537,630,623,844,124,5,115,335,548,395
42077,Lehigh County,262,896,880,812,801,858,1079,953,984,986,297,1531,1558,1838,2032,1991,2315,2209,2719,818,46,718,2265,3941,3763
42079,Luzerne County,33,215,200,173,187,186,198,178,172,173,132,640,508,743,1003,1016,1176,998,1023,732,7,371,1119,2236,2320
42081,Lycoming County,5,28,23,12,31,25,31,24,25,24,12,52,34,51,59,88,111,67,63,65,1,45,135,159,91
42083,McKean County,0,6,4,3,7,4,11,9,10,10,1,15,9,14,8,6,6,3,4,1,0,10,12,25,8
42085,Mercer County,4,38,34,25,38,32,41,36,35,35,2,6,22,37,54,50,71,46,46,20,0,6,0,24,30
42087,Mifflin County,0,5,6,3,4,4,4,4,3,4,3,20,20,13,24,15,15,13,14,11,0,5,7,13,5
42089,Monroe County,24,166,167,147,154,152,163,147,147,146,33,215,200,235,372,274,352,285,289,153,2,54,181,361,435
42091,Montgomery County,472,1630,1538,1281,1395,1430,1509,1323,1292,1286,442,2119,1826,2242,2551,2246,2702,2013,1702,1584,50,676,2244,3808,3539
42093,Montour County,2,10,8,7,5,6,5,5,5,6,11,76,52,23,31,31,39,37,44,12,0,11,42,73,39
42095,Northampton County,144,576,572,535,535,565,686,611,630,631,130,574,494,550,645,634,740,654,753,272,7,217,895,1403,1458
42097,Northumberland County,1,28,28,24,34,36,49,40,43,43,10,52,44,40,-2,6,20,22,36,-8,0,19,38,113,82
42099,Perry County,0,7,6,4,9,7,9,7,6,6,2,11,5,10,11,16,22,15,19,5,0,3,51,85,50
42101,Philadelphia County,1527,6016,5907,5350,5090,5562,6216,5525,5535,5560,1541,8308,7589,8448,9799,8828,10287,8608,8628,5649,272,2690,11845,18436,17625
42103,Pike County,1,21,21,17,22,20,22,18,18,18,5,36,32,50,53,47,32,26,35,6,0,10,72,165,110
42105,Potter County,0,2,2,2,3,4,4,3,2,3,0,0,1,2,4,2,3,3,2,2,0,0,0,1,2
42107,Schuylkill County,4,24,16,6,26,18,24,18,18,17,13,69,60,49,61,47,65,37,40,23,0,25,115,257,267
42109,Snyder County,1,5,3,1,8,7,10,6,7,7,2,20,25,29,23,9,12,8,8,5,0,2,20,33,34
42111,Somerset County,4,20,16,14,19,17,20,17,17,17,2,13,22,39,50,34,33,27,23,17,0,1,11,20,50
42113,Sullivan County,0,1,1,3,2,3,2,3,2,3,0,8,5,7,7,4,5,4,5,2,0,0,11,10,9
42115,Susquehanna County,0,2,1,-3,1,-1,0,-1,-1,-1,0,3,2,-3,2,1,6,4,1,1,0,-1,36,31,28
42117,Tioga County,0,11,12,11,14,13,14,13,12,11,0,3,3,1,9,7,9,8,8,8,0,3,4,8,2
42119,Union County,3,19,19,16,18,18,21,16,15,15,8,26,30,39,72,35,40,35,50,2,-1,12,40,76,42
42121,Venango County,1,6,4,-2,8,5,14,9,10,10,1,3,0,-1,1,3,3,2,2,1,0,6,10,29,21
42123,Warren County,0,3,2,1,2,1,2,2,1,2,0,13,10,9,10,13,14,8,5,5,0,2,14,19,7
42125,Washington County,7,64,53,32,60,48,56,45,45,44,10,59,86,99,137,95,118,80,74,47,0,41,172,358,268
42127,Wayne County,1,12,9,4,14,11,15,11,10,10,-1,-2,-7,1,4,5,10,4,3,1,0,6,2,11,37
42129,Westmoreland County,37,115,106,71,97,97,109,87,85,85,11,58,68,55,104,83,91,58,56,42,0,39,112,246,215
42131,Wyoming County,0,4,3,1,5,3,4,3,3,3,0,18,12,10,6,3,5,2,3,3,0,3,21,28,33
42133,York County,123,387,372,334,362,374,484,424,439,439,87,563,511,591,709,589,707,576,722,200,10,251,962,1866,1166
44001,Bristol County,3,37,35,26,31,34,35,27,26,26,14,35,98,59,70,90,25,-8,19,21,0,5,18,11,67
44003,Kent County,38,191,176,142,169,163,174,154,149,144,90,194,116,44,46,90,139,51,152,153,0,84,376,324,571
44005,Newport County,50,127,-26,-272,285,62,190,74,106,71,113,191,370,261,197,313,213,61,136,152,3,10,193,222,279
44007,Providence County,898,3088,3022,2733,2580,2783,3089,2763,2748,2741,1392,3879,3680,3371,3092,3917,3645,2100,4242,3220,73,909,6048,6020,8981
44009,Washington County,33,146,118,76,141,121,142,116,118,114,52,156,112,64,64,99,98,22,104,99,1,62,313,269,165
45001,Abbeville County,1,14,14,12,10,14,13,12,10,11,2,6,18,0,-6,-7,-7,-7,-11,-11,0,4,11,17,16
45003,Aiken County,55,205,188,151,205,204,211,179,181,182,19,22,62,103,129,223,143,176,200,140,6,101,233,321,462
45005,Allendale County,2,9,9,8,11,10,10,9,11,10,0,0,-2,0,1,9,7,7,9,9,0,1,3,8,7
45007,Anderson County,27,155,151,128,141,147,148,133,132,132,30,130,136,131,164,110,46,85,72,67,5,84,320,458,670
45009,Bamberg County,2,13,9,4,13,10,12,9,11,9,-1,-8,-10,2,0,0,0,0,1,0,0,6,28,31,38
45011,Barnwell County,1,4,3,2,5,3,3,2,3,2,1,-2,-3,-2,5,4,-1,-1,1,1,0,1,32,38,49
45013,Beaufort County,275,426,20,-998,1127,531,844,354,527,488,148,95,850,421,377,530,262,163,82,187,24,162,830,1281,1512
45015,Berkeley County,122,79,-189,-837,558,134,341,48,165,136,85,72,671,423,413,567,362,276,199,285,32,245,1131,1182,2282
45017,Calhoun County,0,7,7,4,11,10,11,9,11,10,0,-1,-1,7,12,6,2,2,2,2,0,0,0,3,6
45019,Charleston County,258,660,472,-16,872,655,792,541,606,589,77,66,364,304,464,590,432,451,478,423,37,471,1816,2712,4395
45021,Cherokee County,6,42,41,39,32,38,36,32,30,32,-2,-15,-17,-10,-10,-6,-10,-5,-9,-9,2,35,92,123,218
45023,Chester County,0,15,15,14,14,14,14,14,14,14,-2,-8,-8,-4,-4,2,4,4,4,4,0,5,26,18,33
45025,Chesterfield County,13,59,55,50,46,51,50,43,44,44,0,6,14,37,31,16,20,25,26,13,0,24,90,177,200
45027,Clarendon County,6,31,27,25,31,30,32,26,27,26,2,-8,-7,1,1,3,-2,0,-1,-1,0,7,20,30,18
45029,Colleton County,5,33,33,20,45,43,47,39,42,40,-1,-10,-10,-8,-17,-17,-16,-20,-21,-21,1,28,80,171,221
45031,Darlington County,6,33,30,25,27,30,30,25,27,27,6,43,4,6,17,22,18,22,20,21,1,14,68,41,101
45033,Dillon County,1,24,24,23,27,27,28,25,27,26,0,22,72,54,57,27,34,38,42,42,0,7,35,30,53
45035,Dorchester County,48,125,78,-40,187,122,155,101,121,117,48,65,274,151,173,157,108,88,85,80,13,149,475,530,779
45037,Edgefield County,0,18,19,19,20,26,25,25,22,23,-4,-6,-9,-4,12,18,6,10,7,3,1,25,98,173,135
45039,Fairfield County,0,5,4,3,6,6,6,4,6,5,0,16,24,21,13,22,15,18,19,20,0,0,-1,8,1
45041,Florence County,10,100,91,73,93,94,96,82,84,84,9,17,37,30,58,73,88,104,117,107,2,38,171,279,497
45043,Georgetown County,11,68,66,62,74,71,75,70,70,68,5,14,26,13,-2,6,-6,2,7,-13,0,13,55,81,122
45045,Greenville County,394,1555,1572,1465,1466,1631,1650,1503,1469,1480,159,680,739,811,1115,1354,1234,1465,1670,1469,73,891,3036,3914,5566
45047,Greenwood County,42,198,203,186,186,201,206,190,186,186,9,32,75,69,142,127,67,91,85,76,2,39,117,138,173
45049,Hampton County,1,3,4,1,12,9,11,9,10,8,1,3,-4,-2,5,1,0,4,1,1,0,4,33,53,72
45051,Horry County,125,521,505,465,436,487,507,449,447,447,42,141,175,299,361,355,194,260,295,293,19,249,1426,1727,2759
45053,Jasper County,29,127,136,125,128,144,145,133,132,131,21,51,28,20,21,60,44,63,56,57,2,41,230,490,569
45055,Kershaw County,7,28,24,10,34,30,34,24,27,26,8,16,24,23,21,31,44,51,71,28,2,9,97,137,174
45057,Lancaster County,19,77,74,65,64,71,71,62,63,62,3,-14,17,54,119,67,23,38,45,45,3,30,260,561,715
45059,Laurens County,21,110,104,88,88,98,100,89,87,86,5,13,9,18,54,49,47,55,55,49,4,41,128,118,139
45061,Lee County,14,67,65,59,64,68,70,62,63,62,0,-3,-4,0,0,1,1,1,2,2,0,25,92,115,53
45063,Lexington County,121,439,427,354,458,471,491,431,428,427,75,230,309,367,480,506,337,394,444,372,11,158,687,1084,1855
45065,McCormick County,0,1,1,1,0,2,1,2,1,2,0,-4,-4,-4,-4,-3,-2,-2,-1,-1,0,0,0,0,0
45067,Marion County,16,60,59,50,57,61,63,58,59,58,6,6,8,18,46,33,10,16,6,6,0,0,1,5,16
45069,Marlboro County,0,4,3,1,3,4,4,1,3,2,1,7,5,10,6,10,0,1,1,1,0,-2,3,17,13
45071,Newberry County,37,146,152,148,152,173,175,156,151,151,9,32,18,23,9,17,1,4,9,-1,0,45,124,143,253
45073,Oconee County,19,91,90,80,84,85,87,78,77,76,2,0,18,75,121,124,128,143,157,150,2,26,151,281,476
45075,Orangeburg County,5,47,52,42,57,59,62,55,56,54,3,1,17,24,61,53,38,43,53,24,0,19,70,181,242
45077,Pickens County,57,263,259,235,237,248,250,233,229,232,32,135,197,158,273,236,180,206,239,240,4,92,257,299,388
45079,Richland County,340,580,140,-951,1320,700,1058,536,716,663,254,624,1349,974,932,1227,869,923,967,990,62,466,1326,1585,2691
45081,Saluda County,36,137,138,131,139,146,148,139,139,138,5,-1,-3,65,75,63,23,29,27,28,0,26,99,121,216
45083,Spartanburg County,141,590,591,549,537,604,607,557,537,540,34,83,76,120,157,252,195,248,272,242,7,212,955,1621,2332
45085,Sumter County,70,42,-127,-553,371,94,240,41,120,97,59,73,232,140,152,158,84,85,60,89,10,10,86,147,227
45087,Union County,1,3,0,-8,7,1,4,0,3,1,-1,-3,-5,-3,0,0,-1,-1,-1,-1,0,4,16,48,89
45089,Williamsburg County,2,9,6,1,10,6,8,6,8,6,2,16,14,5,36,38,26,34,37,28,0,16,36,30,57
45091,York County,70,271,272,257,255,277,279,260,257,255,16,36,62,114,164,175,118,168,188,188,12,205,522,1141,1870
46003,Aurora County,0,4,5,8,7,10,9,8,7,9,0,0,3,0,2,11,18,26,2,2,0,2,5,4,36
46005,Beadle County,0,7,9,6,10,9,11,9,10,10,8,131,150,23,126,211,322,456,107,52,6,152,304,176,391
46007,Bennett County,0,1,1,1,0,1,0,1,0,1,0,0,0,0,0,0,3,3,0,0,0,5,5,3,5
46009,Bon Homme County,0,1,1,1,2,2,2,2,2,2,0,3,4,0,0,3,-2,-2,-2,-2,0,1,4,1,0
46011,Brookings County,13,57,58,50,54,55,57,51,52,50,9,85,160,-3,109,157,369,381,71,69,5,117,245,184,745
46013,Brown County,1,12,12,8,12,12,13,11,11,11,10,87,174,17,59,67,187,192,75,19,4,59,78,45,92
46015,Brule County,0,0,-1,-1,0,0,0,0,0,0,0,0,0,0,0,0,1,2,-1,-1,0,6,7,1,10
46017,Buffalo County,0,0,-1,-1,0,0,0,0,0,0,0,0,0,0,0,0,0,0,0,0,0,0,0,0,0
46019,Butte County,0,6,8,7,6,7,6,7,6,7,0,-3,-1,-3,-5,-1,0,0,0,0,0,-1,-2,-2,2
46021,Campbell County,0,2,2,2,1,2,1,2,0,1,0,0,3,0,1,1,2,2,0,0,0,0,4,1,15
46023,Charles Mix County,0,4,6,5,5,7,7,7,7,7,0,0,2,-1,0,0,-1,-1,-1,-1,0,2,3,2,8
46025,Clark County,0,2,2,1,0,2,1,2,1,2,0,16,18,1,7,2,9,9,7,1,0,1,29,6,26
46027,Clay County,4,18,13,9,16,16,18,14,15,13,-3,6,46,-7,21,17,60,62,-1,-1,0,19,33,11,79
46029,Codington County,1,18,14,8,7,8,10,7,9,7,3,19,33,0,4,11,35,36,4,4,3,20,52,13,30
46031,Corson County,0,1,2,2,1,3,2,3,2,3,0,0,3,0,1,2,3,3,1,1,0,0,0,0,0
46033,Custer County,0,1,0,-2,1,-1,0,-1,0,0,0,-1,-1,0,0,-1,4,100,0,0,0,3,4,12,22
46035,Davison County,3,12,6,-2,3,0,2,0,2,0,-3,162,74,-9,-7,-6,2,1,-4,-4,0,6,107,14,61
46037,Day County,0,2,0,-2,2,2,4,2,4,2,1,-1,3,1,3,2,3,3,1,1,0,4,9,4,26
46039,Deuel County,0,1,1,0,1,1,1,1,1,1,0,19,10,-1,2,1,3,36,2,2,0,0,7,3,13
46041,Dewey County,0,3,4,4,3,5,4,4,3,4,0,1,0,0,0,0,0,0,-1,-1,0,0,1,1,0
46043,Douglas County,0,0,0,-1,0,0,0,0,0,0,1,1,0,1,2,7,14,15,3,3,0,0,10,4,21
46045,Edmunds County,0,1,1,1,0,1,0,1,0,1,0,0,0,1,4,7,12,13,2,2,0,3,33,2,12
46047,Fall River County,0,1,0,0,1,1,1,1,1,1,0,0,0,-3,0,4,13,14,0,0,0,0,-1,0,21
46049,Faulk County,0,1,1,1,0,1,0,1,0,1,0,-1,-1,-2,0,0,1,1,0,0,0,0,0,0,1
46051,Grant County,0,5,4,3,4,4,4,4,4,4,-2,112,75,3,1,-2,-4,4,-5,-5,0,9,65,18,60
46053,Gregory County,0,0,0,0,0,0,0,0,0,0,0,-1,0,0,0,0,0,0,0,0,0,0,7,1,2
46055,Haakon County,0,1,1,1,0,1,0,1,0,1,0,0,0,0,0,0,0,0,0,0,0,0,0,0,0
46057,Hamlin County,0,0,0,0,1,2,2,1,1,1,0,40,23,1,-1,0,2,6,0,0,0,6,42,26,124
46059,Hand County,0,2,2,1,0,2,1,1,0,1,0,5,2,0,0,0,0,0,0,0,0,2,3,6,6
46061,Hanson County,0,1,1,1,0,1,0,1,0,1,0,0,0,-1,-1,0,0,0,0,0,0,0,5,8,6
46063,Harding County,0,2,2,2,1,2,1,2,1,2,1,5,6,0,0,2,1,2,0,0,0,1,1,0,0
46065,Hughes County,1,19,24,23,28,33,33,30,28,28,-2,-2,-13,-8,-9,-1,3,3,-2,-2,0,0,-2,0,4
46067,Hutchinson County,0,1,2,2,1,2,1,2,1,2,0,1,6,-1,4,5,4,20,1,1,0,2,13,4,36
46069,Hyde County,0,1,1,1,0,1,0,1,0,1,0,0,1,0,0,0,0,0,0,0,0,0,0,0,0
46071,Jackson County,0,1,1,1,0,1,0,1,0,1,0,2,7,1,4,0,0,0,0,0,0,2,2,0,0
46073,Jerauld County,0,1,1,1,0,1,0,1,0,1,0,0,3,2,3,5,9,9,2,2,0,1,1,1,3
46075,Jones County,0,1,1,1,0,1,0,1,0,1,0,0,0,0,0,0,0,0,0,0,0,0,0,9,28
46077,Kingsbury County,0,0,2,1,3,3,3,2,2,3,1,0,3,1,3,0,3,3,1,1,0,1,4,0,8
46079,Lake County,1,6,4,5,6,7,7,7,7,7,6,19,43,-6,-3,-3,4,7,-3,-3,0,0,16,5,26
46081,Lawrence County,0,3,2,1,4,2,3,3,3,3,-2,-9,12,-14,6,26,118,128,17,17,2,19,33,45,77
46083,Lincoln County,2,19,13,8,14,12,14,12,11,9,2,-2,9,-11,5,3,29,28,-17,-17,1,48,121,94,66
46085,Lyman County,0,0,-1,-1,0,0,0,0,0,0,0,0,0,0,0,0,0,0,0,0,0,1,7,4,10
46087,McCook County,0,-1,-3,-4,-1,-4,-3,-4,-3,-3,3,8,14,1,-1,8,21,22,4,4,0,1,31,0,48
46089,McPherson County,0,1,1,1,1,2,1,2,1,2,0,0,0,-2,-1,-2,-1,-1,-1,-1,0,0,3,0,0
46091,Marshall County,0,1,1,1,0,1,0,1,0,1,0,40,33,1,0,28,16,101,2,2,0,2,25,1,17
46093,Meade County,21,3,-82,-227,115,-6,60,-10,16,0,18,3,128,39,47,56,41,20,-32,-9,3,14,-3,1,21
46095,Mellette County,0,3,4,5,5,7,6,6,5,6,0,0,2,0,1,0,0,0,0,0,0,0,0,0,0
46097,Miner County,0,1,0,0,-1,0,-1,0,-1,0,0,0,0,0,1,0,-1,-1,-1,-1,0,0,0,0,0
46099,Minnehaha County,154,530,489,405,405,409,420,386,386,387,98,406,819,88,583,779,1425,1513,296,272,33,462,812,496,1833
46101,Moody County,0,9,7,8,7,9,8,7,6,7,0,25,40,12,23,13,16,16,-4,-3,0,1,33,23,74
46102,Oglala Lakota County,,,,,,,,,,,0,-2,-1,-1,-4,-3,-4,-4,-5,-5,0,0,0,0,0
46103,Pennington County,29,51,-22,-152,125,26,77,15,36,25,21,0,160,-14,37,76,254,249,-33,-13,7,82,41,17,354
46105,Perkins County,0,1,2,3,2,3,2,3,2,3,0,0,1,0,0,0,0,0,0,0,0,0,0,0,0
46107,Potter County,0,1,1,1,0,1,0,1,0,1,0,0,0,1,0,1,2,2,1,1,0,0,0,0,8
46109,Roberts County,0,2,1,1,2,2,2,2,2,2,0,8,12,0,-1,10,8,18,2,2,0,2,3,7,13
46111,Sanborn County,0,0,0,-1,0,0,0,0,0,0,0,0,1,0,3,3,2,2,0,0,0,2,4,6,5
46113,Shannon County,0,2,2,2,0,1,0,1,0,1,,,,,,,,,,,,,,,
46115,Spink County,0,0,-1,-1,0,0,0,0,0,0,-1,71,38,-1,-1,0,-2,6,-2,-2,0,1,4,6,6
46117,Stanley County,0,2,2,2,1,3,2,3,2,3,0,0,0,0,0,0,0,0,0,0,0,0,0,0,0
46119,Sully County,0,1,1,1,0,2,1,2,1,2,0,3,4,2,1,0,0,0,0,0,0,1,9,3,8
46121,Todd County,0,8,11,11,12,15,14,15,13,14,0,-4,0,0,8,33,61,61,8,10,0,16,29,23,54
46123,Tripp County,0,0,-1,-1,0,0,0,0,0,0,-1,-1,-2,-3,-2,-2,1,1,-1,-1,0,3,1,2,0
46125,Turner County,0,0,0,-2,2,0,1,0,1,0,0,0,2,0,5,3,7,20,1,1,0,6,49,28,65
46127,Union County,1,26,26,25,29,29,30,26,28,27,0,-6,-10,-9,-1,44,95,97,12,14,0,14,36,15,51
46129,Walworth County,0,2,2,2,1,2,1,2,1,2,0,4,8,1,21,26,34,32,6,6,0,2,-2,0,0
46135,Yankton County,0,11,8,4,10,9,11,9,10,8,1,-14,-1,-8,5,12,29,31,1,1,0,0,49,27,125
46137,Ziebach County,0,1,1,1,0,1,0,1,0,1,0,2,0,0,1,0,1,1,0,0,0,0,1,0,0
47001,Anderson County,18,97,94,85,82,86,88,80,80,78,10,40,27,57,50,54,38,45,51,51,0,25,97,102,174
47003,Bedford County,73,266,277,268,256,290,287,259,255,261,9,99,60,41,27,86,67,94,86,88,0,21,168,192,461
47005,Benton County,0,3,3,3,2,5,4,4,3,4,0,0,0,4,-2,4,2,6,1,1,0,0,-1,-2,1
47007,Bledsoe County,0,2,1,1,0,1,0,1,0,1,0,-1,-2,-2,-1,20,20,29,23,22,0,11,11,11,11
47009,Blount County,14,106,93,59,103,91,100,82,87,84,6,73,44,28,28,79,57,87,71,71,0,35,102,160,278
47011,Bradley County,22,133,131,120,112,127,129,121,117,120,8,96,78,115,66,133,121,138,178,168,0,49,282,493,842
47013,Campbell County,3,30,31,27,30,31,33,28,30,28,0,-17,-12,-9,-14,8,14,16,23,23,0,5,15,19,42
47015,Cannon County,0,6,4,4,5,5,5,5,5,5,1,11,7,18,6,6,4,5,7,7,0,2,1,4,10
47017,Carroll County,0,5,5,2,6,4,5,4,6,4,1,1,3,4,4,4,-2,2,0,0,0,1,3,22,38
47019,Carter County,1,31,33,32,31,35,31,30,28,32,1,15,15,8,0,1,0,1,6,6,0,6,48,68,102
47021,Cheatham County,1,16,13,5,17,16,18,14,16,14,3,2,-1,2,1,0,-1,-2,-1,-1,0,13,17,58,67
47023,Chester County,1,5,4,3,2,3,2,3,2,3,0,7,-3,3,14,12,6,8,7,7,0,5,18,17,37
47025,Claiborne County,0,10,8,8,8,9,9,8,7,7,0,10,7,6,5,10,13,15,22,22,0,13,43,22,25
47027,Clay County,0,9,11,11,16,19,21,18,17,15,0,1,1,6,7,4,2,6,2,2,0,3,15,7,2
47029,Cocke County,1,8,8,5,9,9,9,8,9,8,7,1,-3,-2,-2,-9,-10,-9,-10,-10,0,1,20,37,54
47031,Coffee County,14,66,61,45,58,59,61,53,53,52,2,9,5,-17,-28,-18,-17,-14,-15,-20,1,33,98,131,173
47033,Crockett County,3,42,41,42,42,50,54,44,43,44,0,6,4,8,12,4,4,12,6,6,0,3,2,7,5
47035,Cumberland County,1,13,12,9,11,10,11,7,9,7,0,21,23,35,24,27,16,38,19,20,0,-6,18,8,48
47037,Davidson County,799,3093,3067,2819,2754,3057,3093,2818,2747,2760,332,2907,2348,3412,2792,3382,2608,2996,3511,3453,106,1050,6531,8118,14102
47039,Decatur County,0,17,19,20,20,23,22,21,20,21,0,14,10,19,6,6,7,11,7,7,0,0,0,14,16
47041,DeKalb County,9,48,52,50,48,54,53,47,46,47,1,37,23,72,52,77,58,94,54,54,0,13,21,42,64
47043,Dickson County,2,17,17,11,15,12,13,11,13,12,0,-1,3,-4,-4,-5,-11,-4,-11,-10,0,7,33,49,124
47045,Dyer County,9,42,43,37,40,39,40,35,36,35,2,15,13,17,8,-1,-1,1,-1,-1,0,0,0,-3,1
47047,Fayette County,0,8,8,8,9,12,11,10,8,9,1,2,5,16,22,26,17,24,22,23,0,3,-2,11,18
47049,Fentress County,0,5,6,6,5,7,6,6,5,6,0,-5,-4,-4,-1,-1,-2,-1,-1,-1,0,0,6,-3,1
47051,Franklin County,3,21,22,16,30,28,31,25,27,25,-1,-6,15,59,34,44,27,38,39,40,0,15,68,65,117
47053,Gibson County,5,27,26,23,24,20,21,20,22,22,-2,2,8,4,5,6,4,6,4,5,0,10,27,55,138
47055,Giles County,0,8,8,6,7,5,5,4,4,4,2,24,18,31,32,41,32,54,38,39,0,4,17,21,47
47057,Grainger County,1,18,17,20,19,24,24,21,18,19,0,-3,2,5,-6,2,-2,5,-2,-2,1,5,1,6,18
47059,Greene County,10,63,63,57,66,68,71,62,62,61,2,40,11,12,-7,14,7,16,9,9,0,14,23,36,57
47061,Grundy County,0,2,2,2,1,2,1,2,1,2,0,0,0,0,1,1,-1,0,0,0,0,0,-2,-2,3
47063,Hamblen County,87,351,353,332,323,350,350,321,313,315,4,97,69,136,80,78,48,58,83,59,1,15,182,277,626
47065,Hamilton County,163,573,557,511,518,538,545,499,490,489,37,597,355,470,343,363,304,395,440,411,10,185,918,1187,2652
47067,Hancock County,0,1,1,1,0,1,0,1,0,1,0,0,-1,1,1,1,1,2,1,1,0,0,0,1,1
47069,Hardeman County,0,0,-1,-1,0,0,0,0,0,0,0,-1,-1,-1,-2,-1,0,0,-1,0,0,1,0,2,21
47071,Hardin County,0,10,11,7,13,13,14,10,12,10,1,-1,0,-5,18,23,14,32,13,13,0,-1,-3,0,-1
47073,Hawkins County,3,22,19,11,21,18,23,20,22,20,1,-20,-15,-3,-5,13,13,15,14,15,0,9,6,10,44
47075,Haywood County,3,26,24,22,24,25,24,22,21,22,0,1,-4,9,7,7,0,1,-1,-1,0,3,5,23,25
47077,Henderson County,0,0,0,-1,1,-1,0,-1,1,0,-1,-2,-6,-4,-4,-2,-3,-3,-3,-3,0,0,-2,9,15
47079,Henry County,3,12,11,7,16,13,15,13,15,13,2,13,4,16,3,0,-6,-1,-5,-5,0,0,-3,10,30
47081,Hickman County,0,0,0,-2,2,0,2,0,2,0,3,1,-3,1,5,-5,-6,-6,-7,-7,0,2,20,16,22
47083,Houston County,0,10,12,12,12,13,13,12,12,12,0,2,2,1,0,-2,-1,-1,-1,-1,0,-1,0,0,2
47085,Humphreys County,0,4,3,0,1,1,1,1,1,1,0,5,3,2,2,0,-4,-4,-4,-4,0,1,5,6,14
47087,Jackson County,1,6,5,5,3,4,3,4,3,4,0,-3,-1,-1,0,1,1,1,1,1,0,1,1,1,5
47089,Jefferson County,7,66,62,53,57,58,60,54,54,52,3,7,18,18,18,25,3,6,15,15,0,14,65,83,95
47091,Johnson County,0,3,3,2,2,2,1,2,0,1,0,-2,-1,-1,-6,-6,-5,-6,-6,-6,0,6,19,10,65
47093,Knox County,165,528,505,445,442,479,484,435,422,424,56,572,471,614,403,768,600,687,865,818,9,208,1246,1629,3139
47095,Lake County,0,1,1,0,1,2,2,2,2,2,0,1,0,1,0,1,1,0,0,0,0,1,2,3,3
47097,Lauderdale County,2,21,21,19,21,24,25,22,21,21,2,25,21,30,2,-1,0,0,-1,-1,0,0,0,8,12
47099,Lawrence County,1,16,15,11,12,12,13,11,10,8,0,14,13,14,8,-6,-4,-5,-5,-5,0,0,6,7,49
47101,Lewis County,0,4,3,2,5,3,4,3,4,4,-1,-4,-4,-1,-2,-2,-1,-1,-1,-1,0,9,17,10,5
47103,Lincoln County,0,18,16,12,17,18,20,16,17,15,2,23,4,16,4,9,12,32,14,14,1,5,22,44,63
47105,Loudon County,8,40,41,42,40,44,44,39,38,38,3,60,-5,-8,17,44,35,73,30,30,3,24,108,153,423
47107,McMinn County,8,43,46,40,51,50,52,47,47,45,6,65,54,76,48,50,51,59,72,73,1,10,27,42,65
47109,McNairy County,1,10,10,10,10,11,11,9,9,9,0,9,-5,-1,-3,0,-1,1,2,2,0,3,19,-2,-2
47111,Macon County,6,40,39,38,36,39,39,38,36,36,9,74,50,54,2,1,1,2,4,4,0,6,31,28,56
47113,Madison County,33,171,166,148,153,158,160,145,144,142,-3,69,37,76,54,60,55,60,83,74,0,34,207,359,573
47115,Marion County,0,5,5,5,6,5,5,5,5,5,-2,5,0,12,2,-1,1,1,1,1,0,2,17,33,47
47117,Marshall County,11,50,50,49,52,56,57,53,52,52,3,9,11,17,3,43,37,59,50,15,0,31,46,33,46
47119,Maury County,31,141,140,136,145,161,163,150,146,145,15,100,63,72,32,44,10,39,24,19,0,11,39,86,513
47121,Meigs County,0,1,1,1,0,1,0,1,0,1,0,-5,-3,-4,-1,-1,-2,-2,-2,-2,0,0,0,0,0
47123,Monroe County,3,40,38,30,43,40,43,37,38,36,3,43,19,57,21,6,1,11,20,-30,0,-1,17,20,60
47125,Montgomery County,205,101,-492,-1700,957,60,568,26,244,126,125,269,1489,758,534,710,278,70,-103,15,6,-50,184,586,1154
47127,Moore County,0,-1,-2,-4,1,-1,1,-1,1,-1,0,1,0,-1,0,8,13,13,16,16,0,1,-1,0,5
47129,Morgan County,0,1,1,1,0,1,0,1,0,1,0,-2,-3,-3,1,2,2,3,2,1,0,1,0,1,3
47131,Obion County,9,38,38,35,38,36,36,34,35,35,-2,-9,-8,-2,1,7,3,10,4,5,0,7,2,20,69
47133,Overton County,0,0,-1,-2,1,0,0,-1,0,0,1,-1,0,1,1,2,1,1,2,2,0,1,0,0,-2
47135,Perry County,0,4,4,4,2,3,2,3,2,3,0,-2,-1,2,0,5,5,6,7,7,0,0,7,3,1
47137,Pickett County,0,1,1,1,0,1,0,1,0,1,1,-3,-1,-3,-3,-1,-1,-1,-1,-1,0,0,-1,-1,4
47139,Polk County,1,4,3,2,4,3,4,2,3,3,-1,-7,-4,-5,-3,1,0,2,2,2,0,-1,0,2,0
47141,Putnam County,38,178,176,161,155,164,166,152,150,150,13,184,193,341,266,246,148,175,205,207,0,27,207,201,482
47143,Rhea County,3,23,24,24,27,32,32,31,30,30,2,19,5,29,33,34,25,40,39,9,0,3,13,16,87
47145,Roane County,2,28,24,21,23,21,23,18,18,16,-1,7,13,7,-8,-13,-17,-14,-14,-13,0,-4,4,9,30
47147,Robertson County,38,160,160,142,155,166,170,152,149,147,1,54,4,63,56,60,45,79,55,46,0,47,88,236,347
47149,Rutherford County,108,423,403,354,395,408,418,380,372,374,35,473,393,568,509,602,418,500,570,551,15,214,2136,2714,4657
47151,Scott County,0,5,3,1,4,4,5,4,4,4,0,-4,-2,-5,-1,1,0,0,0,0,0,0,-1,0,-1
47153,Sequatchie County,1,11,12,11,8,12,11,10,8,9,-2,-4,-4,-2,-2,-1,-1,-1,-1,-1,0,13,50,46,89
47155,Sevier County,12,72,69,63,66,69,71,60,62,62,27,158,155,186,127,148,118,139,168,169,2,55,581,674,1467
47157,Shelby County,596,2097,2012,1681,2019,2126,2199,1911,1882,1874,176,1500,1126,1422,1091,1529,1196,1432,1579,1581,39,498,4180,5520,9807
47159,Smith County,1,11,10,6,12,13,12,10,10,11,0,-1,-1,-1,0,2,1,-2,-3,-3,0,4,6,21,12
47161,Stewart County,2,-1,-10,-28,11,-3,5,-3,1,-2,4,0,26,5,1,-3,-2,0,2,-7,0,1,3,15,27
47163,Sullivan County,23,112,102,84,98,99,102,91,91,91,1,3,-25,-14,-40,-15,-25,-14,-18,-18,0,5,41,55,187
47165,Sumner County,51,188,176,153,168,161,166,150,149,149,9,102,53,69,52,123,83,113,139,141,2,65,294,391,678
47167,Tipton County,5,23,9,-18,49,31,44,29,34,30,2,40,32,43,27,11,0,16,4,1,0,4,9,8,2
47169,Trousdale County,2,12,13,12,12,14,13,13,12,13,1,-4,-2,3,4,0,-2,-1,-1,0,0,-1,-2,0,6
47171,Unicoi County,0,0,0,-2,1,-1,0,-1,1,0,3,17,6,7,-8,7,8,14,12,12,1,13,4,2,20
47173,Union County,0,0,-1,-2,1,-1,0,-1,0,0,-1,-6,-2,-1,5,7,1,2,3,4,0,0,-2,-2,-1
47175,Van Buren County,0,0,-1,-1,0,0,0,0,0,0,0,0,0,0,0,0,0,0,0,0,0,0,-2,-2,-1
47177,Warren County,34,142,142,135,129,147,153,135,135,135,-2,28,9,57,44,41,30,58,37,37,1,25,83,104,106
47179,Washington County,16,124,120,101,121,122,126,111,112,111,1,53,65,119,113,196,126,140,181,182,2,46,228,193,449
47181,Wayne County,0,6,6,5,6,6,9,8,9,9,0,0,-2,2,0,1,2,1,1,1,0,-1,-5,0,1
47183,Weakley County,10,55,54,48,50,47,49,47,45,43,1,6,7,19,27,45,33,41,38,34,0,6,12,40,87
47185,White County,0,8,7,8,9,10,10,9,8,8,0,5,2,4,3,6,4,6,5,5,0,-1,0,-5,16
47187,Williamson County,72,283,294,278,277,301,300,273,264,267,50,369,337,425,329,507,402,456,562,574,6,116,839,838,1324
47189,Wilson County,6,69,70,57,70,65,70,62,64,62,10,138,75,81,69,129,110,126,174,156,1,98,473,591,1120
48001,Anderson County,18,71,66,64,57,61,59,53,51,54,2,-10,5,31,47,58,52,44,32,32,1,33,113,153,136
48003,Andrews County,2,27,25,24,23,26,24,22,20,22,9,0,5,23,32,38,40,17,12,14,0,34,72,26,88
48005,Angelina County,59,192,183,160,147,148,147,132,130,130,3,11,-12,24,49,65,58,32,5,6,0,-2,22,160,226
48007,Aransas County,9,44,39,24,44,40,43,35,36,34,3,17,9,4,0,-10,-9,-10,-11,-11,0,-2,-1,6,46
48009,Archer County,0,3,3,0,2,1,2,0,1,0,0,4,3,1,2,0,0,0,0,0,0,4,11,2,17
48011,Armstrong County,0,1,1,1,0,1,0,1,0,1,0,5,5,0,0,0,0,0,0,0,0,0,0,2,3
48013,Atascosa County,3,42,40,37,42,41,43,39,40,38,1,-12,-10,-3,6,14,14,13,8,8,0,1,-9,52,57
48015,Austin County,17,69,66,58,54,56,56,53,53,53,13,52,41,11,22,26,29,12,2,2,0,8,64,107,233
48017,Bailey County,0,11,11,10,10,10,10,9,9,8,4,39,44,22,32,39,47,28,19,23,0,15,98,126,143
48019,Bandera County,2,17,16,8,18,13,16,12,15,13,0,5,7,3,6,6,8,2,3,3,0,6,35,19,39
48021,Bastrop County,49,176,164,141,136,140,139,125,119,119,-2,18,23,-30,15,0,-4,-24,-39,-48,1,30,269,453,652
48023,Baylor County,0,3,3,3,2,3,2,3,2,3,0,0,-1,0,0,0,0,0,0,0,0,2,14,3,5
48025,Bee County,1,6,6,4,7,5,6,4,6,5,1,13,16,5,3,4,0,-1,-4,-5,0,4,12,20,49
48027,Bell County,494,257,-983,-3698,2150,198,1287,73,609,377,425,416,2330,1434,1494,1846,1174,858,636,115,15,94,784,1202,1651
48029,Bexar County,1532,4365,2787,-571,5153,3257,4316,2739,3171,2940,856,3841,5987,4730,5861,6135,5400,4445,3106,2339,120,1770,10595,15103,22913
48031,Blanco County,0,19,19,17,10,12,11,11,10,11,8,22,16,12,19,16,10,7,4,4,0,0,2,-1,22
48033,Borden County,0,1,1,1,0,1,0,1,0,1,0,0,0,0,0,0,0,0,0,0,0,0,0,0,0
48035,Bosque County,3,30,28,26,23,26,26,21,21,20,-2,-4,1,4,6,5,8,3,3,3,0,8,18,8,11
48037,Bowie County,8,56,50,39,50,48,49,38,39,39,3,34,48,43,94,56,57,38,17,17,1,47,96,142,338
48039,Brazoria County,216,764,718,620,584,600,599,541,523,522,82,306,434,424,648,495,476,415,316,171,15,315,1142,1435,1780
48041,Brazos County,332,1205,1132,978,953,987,993,890,872,876,298,1114,1307,1290,1712,1624,1451,1411,1011,1023,20,384,1167,1656,2340
48043,Brewster County,4,35,35,31,28,30,29,29,27,28,2,2,-1,-1,1,9,9,9,4,2,0,20,41,30,103
48045,Briscoe County,0,1,1,1,0,1,0,1,0,1,0,1,1,2,2,1,1,1,1,1,0,0,0,1,1
48047,Brooks County,1,6,5,5,4,5,4,5,4,5,5,25,38,55,36,46,48,51,41,41,0,20,38,22,18
48049,Brown County,5,33,30,23,28,23,25,20,22,20,3,20,20,32,39,27,24,21,12,13,0,3,38,59,58
48051,Burleson County,2,16,15,14,13,14,13,13,11,12,7,33,30,17,34,40,40,35,27,28,1,14,82,67,110
48053,Burnet County,13,77,73,66,65,64,67,60,62,60,13,34,28,1,-1,-12,-15,-17,-18,-22,0,0,91,189,402
48055,Caldwell County,9,57,56,51,55,56,58,50,53,51,3,6,3,-4,26,37,40,34,21,21,1,19,185,262,401
48057,Calhoun County,23,102,94,88,85,87,89,80,80,78,7,20,36,29,41,41,37,31,31,8,0,21,43,61,76
48059,Callahan County,1,3,4,0,7,4,6,4,5,3,0,4,5,5,8,8,8,6,5,5,0,0,3,5,-4
48061,Cameron County,495,2087,1931,1642,1464,1534,1526,1362,1295,1289,93,744,620,391,632,682,749,238,40,11,26,290,1703,2257,3407
48063,Camp County,17,81,76,68,64,66,64,61,57,59,9,36,64,26,47,43,48,27,19,20,0,10,27,48,36
48065,Carson County,0,3,2,1,2,2,2,2,2,2,0,1,4,1,2,5,3,3,0,0,0,0,1,2,4
48067,Cass County,0,10,9,6,6,7,7,5,5,5,-1,-4,15,12,14,9,6,8,6,6,0,-1,-3,8,40
48069,Castro County,0,19,19,17,14,16,15,15,14,15,6,53,51,50,43,38,43,29,24,24,0,15,26,68,107
48071,Chambers County,8,70,65,59,56,56,56,52,50,50,3,14,24,73,93,71,65,58,34,35,0,27,127,151,127
48073,Cherokee County,63,200,194,165,153,159,157,143,141,143,2,6,7,2,33,42,46,13,2,3,0,2,22,53,123
48075,Childress County,2,13,12,9,6,7,6,7,6,7,0,-2,-2,0,4,5,8,5,4,4,0,-1,10,-4,-1
48077,Clay County,1,1,-1,-6,4,0,2,0,2,0,0,3,7,5,9,12,11,8,6,7,0,4,10,4,5
48079,Cochran County,0,8,8,7,4,5,4,4,2,3,3,13,7,4,14,17,23,17,14,14,0,3,17,28,57
48081,Coke County,0,0,0,-1,0,0,0,0,0,0,0,0,0,0,1,0,-1,-1,-1,-1,0,0,0,0,0
48083,Coleman County,0,8,8,5,4,6,5,5,3,4,0,0,7,7,6,6,5,3,3,3,0,0,-2,-1,14
48085,Collin County,912,3465,3283,2883,2655,2797,2788,2543,2460,2467,603,2737,3431,4063,5577,6713,5958,5890,4211,4100,150,2863,11900,16122,20379
48087,Collingsworth County,0,5,4,1,4,3,3,2,4,3,1,5,5,5,6,1,2,1,-2,-2,0,0,-1,-1,-1
48089,Colorado County,25,89,85,80,71,73,72,68,65,68,10,54,42,43,50,81,82,80,61,62,0,28,62,53,127
48091,Comal County,34,124,109,79,117,102,113,96,99,96,25,61,84,98,158,169,165,129,77,85,2,10,109,153,296
48093,Comanche County,7,43,42,37,32,33,32,33,32,33,5,20,-1,6,12,22,22,13,6,7,0,0,15,25,34
48095,Concho County,0,1,1,1,0,1,0,1,0,1,1,29,48,22,35,40,43,35,26,26,0,8,43,154,140
48097,Cooke County,35,128,123,112,106,107,110,101,100,100,6,50,24,31,55,62,49,40,21,23,0,13,30,66,178
48099,Coryell County,198,-101,-784,-2281,1014,-94,466,-187,105,-22,145,148,762,406,380,475,258,122,-22,9,3,-16,131,194,217
48101,Cottle County,0,2,2,1,0,1,0,1,0,1,0,0,0,0,0,0,0,0,0,0,0,0,0,0,0
48103,Crane County,0,20,20,16,11,14,13,12,10,11,0,2,4,9,11,11,13,7,5,7,0,0,-1,1,9
48105,Crockett County,0,4,4,3,2,3,2,3,2,3,1,2,10,7,9,5,4,3,2,3,0,-1,-4,-6,-3
48107,Crosby County,0,3,3,3,2,3,2,3,2,3,0,5,3,2,1,1,2,1,1,1,0,2,12,13,7
48109,Culberson County,0,3,4,4,3,4,3,4,3,4,1,6,2,-1,1,0,0,0,0,0,0,0,1,1,15
48111,Dallam County,2,11,10,9,8,10,10,6,4,5,5,28,30,24,37,63,99,62,52,53,0,40,128,175,212
48113,Dallas County,7010,28247,26680,23421,21171,22283,22173,20321,19651,19785,2004,10043,10742,10235,13968,15816,15026,13550,9868,9242,299,6681,28196,39629,55809
48115,Dawson County,4,29,29,24,21,22,22,20,20,21,1,11,16,20,29,24,25,16,10,10,0,2,11,9,24
48117,Deaf Smith County,11,66,64,57,48,51,49,49,47,49,21,71,29,16,23,10,17,2,-3,-2,0,18,77,87,152
48119,Delta County,0,0,-1,-1,0,0,0,0,0,0,2,0,0,0,0,0,0,0,0,0,0,0,1,4,6
48121,Denton County,557,2013,1892,1645,1527,1591,1592,1449,1406,1404,388,1958,2063,1984,2555,2981,2764,2647,1856,1663,65,1298,6038,7794,10565
48123,DeWitt County,1,22,20,16,17,18,18,16,15,15,1,4,1,0,5,7,4,4,6,-2,0,-1,23,41,77
48125,Dickens County,0,2,2,2,1,2,1,2,1,2,0,2,3,1,4,0,0,0,0,0,0,1,3,1,5
48127,Dimmit County,0,2,1,1,2,2,2,2,2,2,2,6,22,18,10,-5,-2,-2,-2,-2,0,-1,0,5,-1
48129,Donley County,0,1,1,1,0,1,0,1,0,1,1,3,2,2,1,2,2,3,2,2,0,0,5,3,1
48131,Duval County,3,10,10,6,10,8,9,7,8,7,1,0,0,4,0,9,12,5,7,-1,0,3,0,1,0
48133,Eastland County,6,48,45,42,36,38,38,37,36,37,2,11,24,23,14,22,12,3,2,0,0,11,26,38,33
48135,Ector County,73,201,190,161,144,147,139,119,110,109,-27,8,130,173,311,417,435,343,268,238,7,331,1754,1564,1885
48137,Edwards County,0,1,1,1,0,1,0,1,0,1,0,2,3,1,1,-1,-1,-1,-1,-1,0,0,0,0,-1
48139,Ellis County,110,399,370,319,292,302,302,271,265,265,1,44,124,61,145,129,150,89,42,39,1,61,240,449,486
48141,El Paso County,1269,4567,3848,2300,3989,3467,3811,3026,3083,2980,339,2025,3794,2219,2681,2798,2488,953,264,167,-1,378,2500,4159,7898
48143,Erath County,28,105,100,92,79,83,81,70,68,70,8,27,26,3,4,25,10,0,-4,-7,0,16,23,33,80
48145,Falls County,4,33,32,28,28,28,28,27,26,26,0,12,10,15,12,-1,-1,-1,-3,-3,0,3,22,27,41
48147,Fannin County,6,36,33,28,29,31,30,26,25,26,2,6,13,13,40,57,60,53,44,41,0,7,15,26,52
48149,Fayette County,14,66,60,51,47,48,48,44,43,43,1,5,2,21,19,11,8,10,5,5,0,12,38,21,59
48151,Fisher County,0,4,4,3,3,3,3,3,3,3,0,1,1,1,10,8,9,6,6,6,0,0,4,1,1
48153,Floyd County,0,5,5,5,3,5,4,4,3,4,1,9,12,12,7,2,2,2,2,2,0,1,-2,10,15
48155,Foard County,0,1,1,1,0,1,0,1,0,1,0,0,1,1,0,0,0,0,0,0,0,0,0,0,0
48157,Fort Bend County,525,1904,1815,1598,1469,1550,1549,1388,1347,1335,696,3051,3491,4040,5469,6408,5984,6051,4463,4360,167,2476,8911,9838,12012
48159,Franklin County,5,24,23,19,19,19,19,18,18,18,3,10,-1,-1,-6,-2,3,0,0,0,0,3,28,39,55
48161,Freestone County,2,29,27,24,26,26,25,24,24,24,0,-2,1,5,21,20,26,15,13,13,0,6,15,40,42
48163,Frio County,3,22,19,15,18,17,18,15,17,16,8,31,91,154,176,288,309,296,236,236,0,114,202,343,126
48165,Gaines County,9,84,82,70,63,73,72,59,57,58,11,16,32,82,111,123,134,93,76,67,1,35,60,72,343
48167,Galveston County,236,846,783,649,691,697,723,629,624,617,131,511,499,537,539,648,611,554,443,329,2,183,862,992,1692
48169,Garza County,0,4,4,4,3,4,3,4,3,4,6,24,30,17,53,61,75,45,34,38,0,28,56,51,48
48171,Gillespie County,6,46,40,35,33,34,33,33,32,33,5,33,55,46,41,24,31,15,10,12,0,33,138,104,175
48173,Glasscock County,0,7,7,6,4,5,4,5,3,4,1,3,10,6,10,11,12,10,8,9,0,5,1,0,0
48175,Goliad County,0,4,4,2,1,2,1,2,1,2,0,-1,-2,-3,-2,-1,-1,-1,-1,-1,0,0,-2,-1,1
48177,Gonzales County,29,132,125,112,103,108,107,99,92,94,4,6,-5,-9,-6,-6,-3,-16,-24,-23,0,10,27,65,112
48179,Gray County,12,56,53,45,41,43,42,41,37,38,1,6,19,7,2,26,25,4,1,-1,0,19,42,48,83
48181,Grayson County,73,233,222,188,184,185,188,170,172,172,29,152,150,120,179,190,171,145,87,90,0,32,221,318,615
48183,Gregg County,85,291,270,241,220,230,228,208,195,198,53,213,206,152,181,130,137,75,26,23,1,64,185,271,419
48185,Grimes County,6,38,36,29,30,33,33,28,29,28,5,7,6,14,15,14,17,16,11,11,0,3,24,72,66
48187,Guadalupe County,80,208,143,11,241,162,212,148,169,158,29,127,160,82,122,81,71,53,19,21,0,27,226,322,607
48189,Hale County,19,96,92,79,74,81,80,72,70,70,6,27,22,16,31,18,18,4,0,0,0,23,74,89,128
48191,Hall County,0,12,11,9,6,7,6,7,5,6,3,4,-1,-1,1,0,0,-1,-1,-1,0,6,19,17,18
48193,Hamilton County,0,6,5,3,2,4,4,2,2,2,1,0,2,8,9,10,12,9,6,6,0,8,21,32,42
48195,Hansford County,4,48,47,40,36,39,38,37,35,36,1,20,18,14,34,40,45,25,22,23,0,7,-3,16,42
48197,Hardeman County,0,2,2,2,1,3,2,2,1,2,0,3,1,5,5,14,14,11,6,6,0,5,9,12,13
48199,Hardin County,2,11,10,9,9,9,9,8,7,7,2,-3,-3,4,8,8,4,-1,-4,-3,0,14,28,30,49
48201,Harris County,8596,35127,33117,28893,26228,27553,27531,25045,24233,24371,4293,20698,24280,25816,34427,37086,35520,34235,25972,24889,526,13920,64947,74467,97385
48203,Harrison County,30,113,109,94,100,102,105,93,93,91,5,33,57,82,52,79,70,57,39,40,0,22,45,95,217
48205,Hartley County,0,5,5,5,3,4,3,2,1,2,1,16,11,7,18,22,22,17,12,13,0,2,6,10,7
48207,Haskell County,0,5,5,5,4,5,4,5,4,5,2,18,33,41,60,38,39,41,36,36,0,2,15,14,5
48209,Hays County,57,220,206,181,180,181,186,165,161,160,25,76,137,166,242,417,406,345,281,212,8,169,823,1156,1721
48211,Hemphill County,0,3,2,1,0,1,0,1,0,1,4,10,13,5,4,7,8,1,1,1,0,1,0,1,3
48213,Henderson County,24,99,95,80,82,84,84,78,74,75,6,-2,2,15,81,51,52,19,8,9,0,-2,27,70,125
48215,Hidalgo County,1185,4952,4622,3982,3532,3686,3655,3282,3155,3153,285,2271,2020,1274,1599,1675,1981,562,99,-18,-17,590,2456,3570,5056
48217,Hill County,38,134,125,112,102,105,104,96,96,98,11,28,20,22,33,6,11,-3,-4,-4,0,12,49,59,121
48219,Hockley County,4,34,34,32,26,31,31,27,24,25,9,21,22,4,4,9,8,4,0,-1,0,15,32,21,47
48221,Hood County,16,73,71,61,59,60,62,53,53,52,18,80,84,74,58,11,8,5,2,2,0,-4,41,136,334
48223,Hopkins County,14,80,77,69,62,66,65,60,56,57,3,-4,-17,-18,-2,-4,-2,-7,-10,-9,0,24,66,92,195
48225,Houston County,6,46,43,39,34,39,39,36,35,35,5,11,15,11,21,15,14,11,4,6,0,2,18,23,28
48227,Howard County,8,28,25,21,19,20,19,20,18,19,22,93,67,46,95,116,136,101,81,81,0,36,93,165,220
48229,Hudspeth County,2,31,31,24,19,23,22,20,17,18,0,4,16,13,63,73,75,66,57,58,0,51,110,84,67
48231,Hunt County,55,213,200,177,167,167,169,152,150,154,28,90,89,66,120,116,129,108,70,73,1,59,189,291,652
48233,Hutchinson County,12,51,49,43,40,43,43,40,38,39,3,14,20,11,18,3,5,4,2,2,0,0,-4,2,19
48235,Irion County,0,2,2,2,0,2,1,1,0,1,0,0,0,0,0,0,0,0,0,0,0,0,0,0,0
48237,Jack County,0,10,9,8,6,8,7,7,6,7,2,13,1,0,-6,4,5,1,0,0,0,7,9,15,32
48239,Jackson County,4,37,35,33,31,32,32,28,27,27,1,1,7,7,9,19,18,14,11,11,0,3,15,36,75
48241,Jasper County,4,38,35,31,31,30,31,26,27,26,6,37,43,-7,-8,-6,-9,-9,-12,-12,0,8,32,23,10
48243,Jeff Davis County,0,9,9,7,4,4,3,3,2,3,0,-2,1,3,3,6,5,4,2,2,0,-1,-2,-3,-5
48245,Jefferson County,161,569,526,438,423,430,432,379,375,376,97,465,516,536,741,762,716,635,520,359,0,224,1140,1050,1732
48247,Jim Hogg County,0,6,6,4,3,4,3,4,3,4,-2,8,0,14,24,24,24,27,19,20,0,1,0,0,0
48249,Jim Wells County,7,34,31,27,23,25,23,23,23,25,2,8,21,22,53,64,66,55,45,47,0,3,19,53,61
48251,Johnson County,75,271,257,218,206,211,218,197,194,194,22,59,20,2,-14,27,27,8,-11,-18,0,38,416,524,891
48253,Jones County,1,5,3,-3,7,3,5,3,5,3,4,13,11,11,8,2,2,1,1,1,0,4,6,3,9
48255,Karnes County,0,4,3,4,4,5,5,4,4,4,6,17,6,15,82,104,107,102,86,86,0,49,116,93,7
48257,Kaufman County,61,205,187,170,158,164,164,147,147,147,15,58,54,35,84,49,61,26,7,-4,1,52,280,514,647
48259,Kendall County,8,50,46,34,40,36,38,35,37,35,9,48,64,36,42,61,62,64,66,27,1,29,154,127,215
48261,Kenedy County,0,2,2,1,0,1,0,1,0,1,0,7,7,8,11,10,12,9,8,9,0,0,0,0,6
48263,Kent County,0,1,1,1,0,1,0,1,0,1,0,0,0,0,0,0,0,0,0,0,0,0,0,0,0
48265,Kerr County,24,103,95,88,78,80,78,72,69,72,14,26,6,-6,44,66,67,51,28,29,1,18,64,82,204
48267,Kimble County,3,19,17,16,12,12,11,12,11,12,0,0,-1,-1,0,0,0,0,0,0,0,0,6,-2,-2
48269,King County,0,1,1,1,0,1,0,1,0,1,0,0,0,0,0,0,0,0,0,0,0,0,0,0,0
48271,Kinney County,0,9,7,5,6,4,4,3,4,3,2,16,19,28,36,23,29,21,20,20,0,5,14,24,39
48273,Kleberg County,26,64,31,-39,89,46,68,39,49,43,28,91,130,96,143,98,75,59,34,41,1,13,68,98,131
48275,Knox County,0,7,7,3,3,5,4,3,2,3,0,4,2,3,5,5,7,5,4,4,0,3,3,1,3
48277,Lamar County,19,83,77,58,68,63,67,57,58,57,4,-10,1,-4,6,9,16,7,0,2,0,10,70,86,56
48279,Lamb County,0,19,20,17,17,20,20,14,16,15,4,11,-3,6,9,4,6,3,-1,0,0,4,36,78,110
48281,Lampasas County,12,36,13,-35,58,28,44,21,30,25,10,42,48,39,19,13,6,8,1,1,0,5,22,40,63
48283,La Salle County,0,2,1,0,1,1,1,0,0,0,0,17,18,28,28,24,27,25,21,21,0,19,36,49,11
48285,Lavaca County,2,18,18,15,13,14,13,13,11,12,3,8,-2,5,6,15,17,13,12,12,0,4,6,13,18
48287,Lee County,2,30,28,22,25,26,27,24,24,23,0,-7,-8,-3,-3,-4,-2,-8,-9,-9,0,0,4,-1,32
48289,Leon County,2,25,21,20,18,19,18,18,16,17,1,1,1,2,2,5,8,5,4,4,0,2,19,21,27
48291,Liberty County,30,108,101,86,80,83,83,72,73,71,13,27,43,44,69,33,30,1,-7,-7,1,27,288,373,800
48293,Limestone County,16,77,74,69,61,64,60,55,53,58,18,44,47,23,33,17,17,10,5,6,0,0,150,44,104
48295,Lipscomb County,0,15,15,12,10,10,9,8,7,8,1,12,6,5,7,5,9,6,6,6,0,3,13,9,29
48297,Live Oak County,0,3,3,2,1,2,1,2,1,2,1,6,9,7,15,17,19,13,11,12,0,7,46,82,80
48299,Llano County,1,9,8,8,5,6,5,6,5,6,3,16,19,-1,5,-2,-4,-4,-4,-4,0,5,77,67,137
48301,Loving County,0,1,1,1,0,1,0,1,0,1,0,0,0,0,0,0,0,0,0,0,0,0,0,0,0
48303,Lubbock County,83,326,310,274,281,283,289,265,262,263,75,293,349,361,420,497,428,416,293,250,17,342,1019,1231,1558
48305,Lynn County,0,0,0,-1,0,0,0,0,0,0,0,-1,-1,-1,0,2,2,1,1,1,0,1,2,7,7
48307,McCulloch County,0,4,4,3,2,3,2,3,2,3,0,-4,-2,2,8,6,4,4,3,3,0,0,-1,-2,17
48309,McLennan County,182,633,591,504,480,496,502,449,445,440,39,168,232,246,385,406,408,307,235,164,2,99,441,553,883
48311,McMullen County,0,1,1,1,0,1,0,1,0,1,0,1,1,3,9,3,2,2,2,2,0,0,1,0,0
48313,Madison County,4,36,34,32,27,28,27,27,25,26,7,42,26,4,19,17,20,15,13,10,0,21,67,16,51
48315,Marion County,1,6,6,6,4,5,4,5,4,5,0,-1,-3,-3,-1,1,0,0,0,0,0,1,3,2,3
48317,Martin County,1,18,17,15,12,13,12,11,10,11,0,-2,9,24,16,10,4,0,0,0,0,3,54,26,38
48319,Mason County,0,2,2,2,1,3,2,2,1,2,3,19,14,11,15,14,14,9,7,7,0,0,6,1,-1
48321,Matagorda County,53,174,165,151,139,141,142,133,130,130,5,-10,9,-1,-3,26,31,16,5,7,2,52,156,157,233
48323,Maverick County,104,287,258,213,187,193,200,168,165,158,-21,125,132,159,248,273,306,158,139,79,1,55,182,222,266
48325,Medina County,4,25,17,4,27,18,22,17,19,18,8,3,2,-2,25,19,18,7,5,4,0,9,19,29,58
48327,Menard County,0,1,1,1,0,1,0,1,0,1,0,2,3,2,3,2,1,1,1,1,0,0,1,1,2
48329,Midland County,54,196,184,164,156,159,158,138,135,125,13,84,193,285,480,549,536,443,335,328,6,249,1315,1436,1857
48331,Milam County,6,36,35,30,25,27,27,25,24,24,3,26,19,18,11,11,10,9,4,5,0,0,13,28,47
48333,Mills County,0,4,4,3,2,3,2,3,2,3,0,5,2,1,4,2,1,0,-1,-1,0,2,5,2,4
48335,Mitchell County,0,4,4,4,3,4,3,4,3,4,0,-3,-2,-3,-1,-2,0,-1,-1,-1,0,8,11,7,17
48337,Montague County,0,14,14,13,10,13,12,11,10,11,0,3,13,5,2,0,5,-4,-4,-6,0,5,9,8,24
48339,Montgomery County,331,1263,1192,1027,952,981,1002,902,877,879,325,1467,1314,933,1563,1650,1670,1483,1115,942,36,759,4095,5338,7498
48341,Moore County,45,143,138,128,118,125,123,114,113,115,42,179,199,149,141,70,69,52,27,29,0,56,251,334,474
48343,Morris County,0,7,7,3,3,3,3,2,2,2,2,2,8,7,0,2,2,-2,-2,-2,0,8,23,19,39
48345,Motley County,0,1,1,1,0,1,0,1,0,1,0,0,0,0,0,0,0,0,0,0,0,0,0,0,0
48347,Nacogdoches County,64,202,191,161,156,158,158,144,143,144,18,73,121,82,106,48,41,23,2,2,0,11,62,76,234
48349,Navarro County,79,272,248,221,196,205,203,187,187,189,1,8,7,-1,4,35,45,16,9,9,0,26,48,105,154
48351,Newton County,0,7,5,5,6,6,6,6,7,6,1,5,8,7,0,0,0,0,0,0,0,0,0,0,0
48353,Nolan County,0,19,17,16,14,15,14,15,14,15,0,4,6,7,13,22,26,17,14,15,0,20,26,3,12
48355,Nueces County,182,453,281,-79,552,328,429,262,314,283,110,459,723,606,732,794,701,562,359,346,4,219,795,913,1266
48357,Ochiltree County,21,91,85,73,68,74,73,64,64,66,5,24,14,10,20,13,12,-1,-6,-6,0,28,127,126,113
48359,Oldham County,0,3,4,4,3,4,3,4,3,4,0,0,0,0,0,0,0,0,0,0,0,1,13,9,15
48361,Orange County,8,68,67,60,61,61,62,58,59,59,5,0,-6,-13,-8,14,9,6,-3,-3,0,18,107,120,181
48363,Palo Pinto County,11,52,51,43,44,45,45,40,40,39,2,2,9,13,21,16,11,10,0,2,0,3,20,54,91
48365,Panola County,8,32,30,29,26,29,28,26,24,25,4,24,16,18,18,23,21,18,17,15,0,2,2,1,20
48367,Parker County,26,107,99,79,90,85,87,77,74,73,21,29,19,21,89,77,83,67,32,35,2,55,176,314,417
48369,Parmer County,13,77,75,71,69,73,71,69,65,67,5,49,47,40,48,36,33,27,17,19,0,19,52,72,142
48371,Pecos County,6,39,38,32,29,31,29,29,27,29,4,19,11,-3,-2,23,24,9,8,-1,0,20,39,34,36
48373,Polk County,6,55,51,43,38,40,40,34,34,34,14,59,70,114,128,144,138,133,106,108,0,7,7,18,49
48375,Potter County,113,452,427,381,355,375,370,328,327,333,85,457,578,553,703,695,638,600,431,416,2,192,563,750,895
48377,Presidio County,29,125,119,105,96,99,99,96,91,91,6,17,29,43,63,62,64,33,17,19,0,10,51,5,25
48379,Rains County,2,15,15,13,14,14,13,11,11,12,1,5,13,11,11,10,12,7,5,5,0,3,7,17,25
48381,Randall County,31,133,123,105,115,115,118,106,108,107,34,113,172,157,203,128,106,98,64,66,0,63,218,252,344
48383,Reagan County,0,5,5,4,2,3,2,3,2,3,1,3,2,26,31,38,48,43,38,38,0,4,16,18,27
48385,Real County,0,0,-1,-1,0,0,0,0,0,0,0,1,1,1,1,2,2,1,1,1,0,0,1,0,1
48387,Red River County,0,12,11,10,10,10,10,9,8,8,-1,-2,-3,-2,-2,-4,-4,-4,-4,-4,0,3,17,26,16
48389,Reeves County,4,32,31,29,25,26,25,26,25,26,9,43,59,70,101,86,85,65,51,51,0,16,76,111,153
48391,Refugio County,0,1,0,0,1,1,1,0,0,0,0,1,10,7,7,7,7,8,11,1,0,0,2,0,5
48393,Roberts County,0,1,1,1,0,1,0,1,0,1,0,0,0,0,0,0,0,0,0,0,0,0,0,0,0
48395,Robertson County,6,39,38,31,30,32,31,31,26,27,-1,1,7,18,23,22,18,20,13,12,0,-2,-2,0,21
48397,Rockwall County,25,115,115,99,93,98,103,92,94,96,26,105,66,43,122,150,128,122,96,64,2,66,208,276,381
48399,Runnels County,4,37,32,25,22,26,25,23,22,23,0,11,10,5,18,15,11,12,8,8,0,2,5,4,0
48401,Rusk County,30,127,123,109,94,103,102,94,88,89,6,25,11,-20,34,16,12,0,-14,-13,0,32,57,73,95
48403,Sabine County,0,1,0,-1,2,1,1,1,2,1,0,-2,-3,-3,-4,-3,-4,-4,-4,-4,0,1,5,1,0
48405,San Augustine County,3,14,12,10,10,11,11,11,9,9,-1,0,0,0,2,1,3,2,1,1,0,1,-2,-2,18
48407,San Jacinto County,2,29,28,23,24,26,28,23,22,21,-1,-12,-18,-15,-18,-10,-10,-10,-10,-10,0,-1,31,37,63
48409,San Patricio County,42,18,-118,-418,234,14,123,-7,51,25,14,27,35,49,67,73,78,59,44,46,0,20,218,333,548
48411,San Saba County,0,11,11,10,6,7,6,6,4,5,1,1,4,7,9,11,11,9,6,7,0,-1,4,27,26
48413,Schleicher County,0,7,7,6,4,5,4,5,3,4,-1,2,-3,-2,-1,0,0,0,0,0,0,0,0,0,0
48415,Scurry County,1,20,19,17,16,17,16,16,15,16,-1,1,5,8,7,20,15,12,8,6,0,10,42,24,68
48417,Shackelford County,0,-1,-1,-2,1,-1,0,-1,1,0,0,2,3,3,0,0,0,0,0,0,0,0,1,1,0
48419,Shelby County,29,132,121,104,93,98,96,90,88,90,4,21,35,45,10,-6,-1,-7,-9,-13,0,1,1,-1,49
48421,Sherman County,0,9,8,7,6,7,6,5,4,5,0,3,5,5,2,8,8,7,7,7,0,4,3,18,37
48423,Smith County,158,622,587,521,469,487,490,443,430,425,27,287,232,293,346,284,247,199,124,92,2,88,332,530,1011
48425,Somervell County,0,14,12,11,10,11,10,10,9,10,4,7,3,-2,-2,-2,-2,-2,-2,-2,0,1,29,24,22
48427,Starr County,147,496,460,391,331,354,349,309,296,293,-13,120,182,74,110,126,153,30,-18,-10,0,-15,24,31,123
48429,Stephens County,1,13,14,14,12,14,13,12,11,12,1,6,4,-3,-5,-4,-4,-5,-6,-6,0,0,-3,-4,-6
48431,Sterling County,0,2,1,1,0,1,0,1,0,1,0,2,4,1,3,0,0,0,0,0,0,0,0,0,-1
48433,Stonewall County,0,1,1,1,0,1,0,1,0,1,0,1,1,2,2,0,0,0,0,0,0,0,0,0,0
48435,Sutton County,0,12,11,10,9,10,9,10,9,10,0,0,2,6,15,16,21,17,14,14,0,6,22,23,3
48437,Swisher County,0,9,9,9,8,9,8,9,8,9,1,0,4,4,3,-1,-1,-2,-2,-2,0,14,39,26,6
48439,Tarrant County,2400,9679,8985,7616,7395,7595,7843,7026,6897,6894,938,4680,5516,5293,7763,8590,8161,7669,5950,4856,203,2986,11963,17060,25670
48441,Taylor County,89,126,-100,-589,451,103,278,62,153,114,80,182,494,342,400,484,374,307,182,214,2,140,584,725,747
48443,Terrell County,0,4,4,4,3,4,3,2,1,2,1,1,2,2,5,1,1,1,1,1,0,0,0,0,0
48445,Terry County,6,53,48,43,39,41,41,39,38,39,6,24,17,16,12,10,1,-2,-2,-2,0,11,38,23,84
48447,Throckmorton County,0,2,2,2,0,1,0,1,0,1,0,3,2,0,0,0,0,0,0,0,0,1,2,4,4
48449,Titus County,75,242,229,199,184,188,187,172,169,169,9,25,45,34,56,39,44,27,33,-23,0,29,71,121,223
48451,Tom Green County,70,107,-38,-349,292,75,180,45,101,71,53,67,253,88,42,93,25,-22,-71,-46,14,31,144,183,285
48453,Travis County,2027,7917,7437,6496,5913,6189,6211,5661,5488,5516,932,4281,4926,4900,6362,7144,6788,6245,4576,4296,144,2599,15376,18217,25478
48455,Trinity County,1,17,18,14,13,14,14,15,14,15,0,-4,-2,-6,10,10,12,9,9,9,0,2,10,10,14
48457,Tyler County,3,16,14,11,13,14,14,11,12,11,2,-2,4,8,11,2,1,1,0,0,0,0,13,11,-1
48459,Upshur County,3,24,22,18,21,19,20,17,19,18,9,38,45,22,13,0,3,0,-5,-4,0,8,27,30,80
48461,Upton County,0,2,2,2,0,1,0,1,0,1,0,5,3,10,11,9,10,9,6,6,0,1,1,0,8
48463,Uvalde County,13,60,54,49,50,51,52,45,47,48,9,59,41,1,-6,14,20,14,30,-36,2,41,76,85,95
48465,Val Verde County,96,226,153,-10,262,169,211,131,152,142,24,32,171,101,126,114,87,23,-10,-15,1,42,102,144,249
48467,Van Zandt County,28,116,109,93,89,90,92,83,82,80,5,8,23,37,67,77,79,64,45,47,0,14,26,15,57
48469,Victoria County,23,133,131,121,115,120,125,114,113,114,22,76,67,43,97,76,74,55,24,25,0,7,91,91,247
48471,Walker County,24,114,105,96,95,96,98,91,92,90,21,119,107,116,212,222,207,208,150,151,3,93,244,209,296
48473,Waller County,26,114,105,86,83,84,80,74,74,77,15,18,8,10,47,89,78,55,22,25,0,36,324,290,618
48475,Ward County,0,6,7,7,6,7,7,6,5,6,0,-1,1,10,13,12,14,7,6,6,0,3,4,20,37
48477,Washington County,22,86,85,71,68,69,71,64,64,63,8,48,81,41,33,30,31,12,3,-2,0,24,42,96,194
48479,Webb County,418,1782,1677,1457,1309,1372,1384,1239,1204,1205,137,942,951,677,828,976,1146,593,416,377,32,319,1605,2847,8592
48481,Wharton County,43,144,139,123,109,111,108,104,102,105,5,27,7,-3,13,6,7,-13,-16,-15,0,26,79,63,83
48483,Wheeler County,0,7,8,6,3,5,5,4,3,3,2,9,4,3,4,4,2,2,0,0,0,5,13,17,26
48485,Wichita County,161,170,-242,-1134,777,134,459,64,229,154,131,252,736,399,431,466,309,231,90,160,19,57,241,283,383
48487,Wilbarger County,1,14,14,13,12,13,12,11,8,9,4,18,13,11,15,6,3,3,3,2,0,7,11,29,26
48489,Willacy County,8,60,58,53,52,53,55,47,48,46,4,8,20,-3,20,22,21,10,5,5,0,5,11,4,17
48491,Williamson County,221,792,735,598,631,633,649,576,570,560,141,689,891,918,1263,1568,1421,1309,888,799,37,754,4194,5250,7751
48493,Wilson County,3,7,1,-13,17,5,10,4,7,5,1,7,3,12,27,35,40,23,17,17,0,18,72,130,174
48495,Winkler County,1,18,18,18,17,19,18,18,17,18,2,10,6,1,6,32,40,27,21,21,0,14,109,147,56
48497,Wise County,30,133,126,105,102,106,106,94,92,92,1,18,17,21,27,45,49,35,33,14,0,23,42,89,121
48499,Wood County,15,67,63,51,50,52,53,46,45,44,3,-6,-1,-11,-4,8,4,-2,-4,-4,1,26,101,89,155
48501,Yoakum County,2,30,30,28,24,25,24,25,23,24,-2,15,31,46,64,71,82,59,48,48,0,22,73,61,63
48503,Young County,6,29,24,20,19,19,19,16,17,16,2,-1,-1,0,21,20,16,14,7,9,0,7,16,72,151
48505,Zapata County,22,80,76,67,58,60,58,53,51,54,2,-17,13,-2,2,18,24,-6,-10,-9,0,5,25,45,76
48507,Zavala County,6,26,22,20,19,20,20,18,17,17,12,24,33,20,38,47,50,54,79,-2,0,1,4,9,3
49001,Beaver County,0,8,7,2,5,4,5,3,2,2,0,4,-1,4,13,12,28,37,23,23,0,6,10,12,26
49003,Box Elder County,9,60,52,43,44,41,41,36,36,38,7,12,18,-10,-2,2,38,43,26,26,0,4,58,171,167
49005,Cache County,124,397,369,317,275,284,283,257,250,251,76,179,332,168,260,163,296,371,246,247,-1,73,443,841,504
49007,Carbon County,0,14,13,11,10,12,11,9,8,9,1,9,6,3,23,9,7,6,2,2,0,1,3,4,-1
49009,Daggett County,0,1,1,1,0,1,0,1,0,1,0,0,1,0,1,1,1,1,0,0,0,0,0,0,0
49011,Davis County,134,306,79,-309,431,137,305,130,177,141,88,159,574,236,264,139,283,316,144,178,7,103,794,1554,1375
49013,Duchesne County,0,5,5,3,2,3,4,4,4,5,0,1,7,11,11,6,9,11,6,6,0,0,2,14,32
49015,Emery County,1,9,9,7,3,5,4,4,3,4,0,-2,-1,0,1,1,0,0,-1,-1,0,4,11,0,0
49017,Garfield County,0,1,1,1,0,1,0,1,0,1,1,5,7,6,10,3,5,10,4,4,0,0,0,3,19
49019,Grand County,4,18,18,13,11,13,12,12,11,12,5,0,3,8,18,2,2,3,-2,-2,0,5,30,69,54
49021,Iron County,9,68,65,51,53,55,56,49,48,49,12,14,11,-10,-19,-33,-25,-20,-30,-30,0,15,177,221,233
49023,Juab County,0,1,1,1,0,1,0,1,0,1,1,-3,-1,-2,-1,7,18,19,13,14,0,1,3,17,22
49025,Kane County,0,3,2,2,0,1,0,1,0,1,0,-2,-3,-1,-3,-6,-5,-5,-5,-5,0,0,4,5,7
49027,Millard County,6,56,52,45,47,48,54,48,48,48,7,8,10,9,6,8,14,17,12,12,0,2,72,161,119
49029,Morgan County,0,2,1,-3,4,0,2,0,0,0,3,6,20,6,16,7,8,8,6,6,0,0,6,5,1
49031,Piute County,0,1,1,1,0,1,0,1,0,1,0,0,0,0,0,0,0,0,0,0,0,0,0,0,0
49033,Rich County,0,2,2,2,1,3,2,3,2,3,0,0,2,1,1,4,5,5,3,3,0,0,-1,0,0
49035,Salt Lake County,1502,5883,5363,4507,4099,4180,4219,3800,3681,3684,549,1805,2908,2166,3288,2472,4595,5571,3820,3592,99,1230,11109,18377,15386
49037,San Juan County,0,2,3,3,2,3,2,3,2,3,1,8,8,6,16,5,6,6,1,1,0,0,17,32,16
49039,Sanpete County,15,75,67,47,53,48,50,44,46,46,5,11,17,16,20,8,18,23,10,10,0,8,101,213,215
49041,Sevier County,2,13,11,9,10,8,9,8,5,6,0,-1,-4,-4,7,3,4,6,3,3,0,0,11,-4,-1
49043,Summit County,39,172,164,142,133,134,134,120,114,115,15,32,26,56,123,102,162,199,129,131,0,26,164,287,375
49045,Tooele County,14,88,74,57,69,59,62,53,54,56,1,-8,49,18,45,48,89,107,75,75,0,20,133,183,315
49047,Uintah County,1,10,10,7,14,11,12,10,9,10,2,-9,14,3,34,20,27,30,15,15,0,12,76,128,107
49049,Utah County,417,1519,1367,1133,1013,1037,1045,935,903,908,94,308,704,346,694,609,1239,1554,959,959,13,492,4098,6633,5555
49051,Wasatch County,7,48,43,30,28,27,28,27,25,25,10,33,28,80,65,15,29,39,24,24,0,22,157,201,290
49053,Washington County,45,185,180,162,159,158,159,149,145,145,8,-44,-50,-82,-60,-17,101,134,53,57,0,16,384,433,789
49055,Wayne County,0,1,1,1,0,1,0,1,0,1,0,2,1,4,8,9,8,7,5,6,0,-1,-1,-1,0
49057,Weber County,176,645,550,388,497,433,468,401,398,391,44,30,205,146,327,211,342,400,217,223,1,17,453,897,1086
50001,Addison County,12,33,28,22,21,16,16,15,12,13,7,165,32,53,11,123,40,92,26,20,0,32,108,150,207
50003,Bennington County,0,28,26,19,19,20,20,20,19,20,2,17,-10,-15,-2,88,21,79,15,15,0,33,83,46,57
50005,Caledonia County,5,26,21,13,9,7,7,7,6,8,-1,7,-5,-4,-1,11,-5,2,-6,-6,0,7,6,17,19
50007,Chittenden County,149,467,397,300,300,261,282,244,235,232,68,725,178,237,262,1490,503,1323,343,317,19,267,910,626,457
50009,Essex County,0,2,1,0,1,1,1,1,0,1,0,1,0,-1,1,1,1,2,1,1,0,0,0,0,0
5001,Arkansas County,0,0,-1,-3,1,0,2,0,0,0,5,22,18,8,-1,-3,0,1,3,-3,0,1,4,5,7
50011,Franklin County,2,34,24,20,20,17,19,17,16,16,0,31,9,26,21,94,11,35,6,6,1,11,21,14,48
50013,Grand Isle County,0,2,1,2,4,5,6,6,4,5,0,8,1,0,0,0,0,0,0,0,0,1,3,3,4
50015,Lamoille County,0,26,22,17,14,11,13,12,10,10,-2,26,6,32,-1,24,5,28,4,4,0,7,69,108,134
50017,Orange County,1,3,1,-1,4,2,4,3,2,2,0,8,1,8,9,16,7,10,5,2,0,9,22,11,16
50019,Orleans County,0,10,6,5,6,8,9,7,6,6,2,36,7,5,-1,30,9,28,6,6,0,0,-4,12,18
50021,Rutland County,2,19,19,16,23,20,22,18,17,17,0,15,1,-3,-5,28,12,48,9,8,0,-1,6,22,34
50023,Washington County,26,94,75,50,62,44,49,44,42,42,2,33,5,-5,-10,54,-4,24,-5,-9,0,11,47,76,125
50025,Windham County,3,25,25,20,19,18,20,20,19,20,1,35,1,-2,6,70,11,41,15,-2,0,5,36,28,43
50027,Windsor County,6,47,41,31,28,31,36,31,29,29,8,49,-14,-15,-4,115,35,105,35,21,1,33,94,72,87
5003,Ashley County,2,17,13,9,9,11,11,9,8,9,1,1,-5,-7,-3,-4,-4,-4,-4,-4,0,-1,-2,0,10
5005,Baxter County,0,5,4,0,4,2,2,1,1,2,-2,-6,-15,-4,18,13,11,7,-1,-1,0,-1,-4,-4,-3
5007,Benton County,146,564,553,491,482,517,530,479,473,474,145,810,948,549,785,681,828,515,176,107,34,329,1508,1343,2906
5009,Boone County,1,15,15,13,18,20,21,19,18,18,-2,-8,-7,-19,-2,-5,-7,-10,-11,-11,0,4,-3,9,13
5011,Bradley County,4,24,21,20,21,24,26,18,18,18,8,0,-4,2,-4,-1,-1,-1,-5,-5,0,-1,3,41,8
5013,Calhoun County,0,7,7,7,6,7,6,7,6,7,0,0,0,0,0,0,0,0,-1,-1,0,0,0,-1,0
5015,Carroll County,48,165,155,145,130,139,136,129,122,125,6,8,21,36,48,37,63,39,24,25,0,41,72,33,102
5017,Chicot County,2,15,11,12,8,9,9,9,8,9,2,16,17,8,17,8,3,0,-2,-2,0,0,-1,-1,-2
5019,Clark County,3,39,40,34,37,34,36,31,30,30,7,13,10,14,12,16,15,9,2,2,0,4,8,-6,-2
5021,Clay County,0,6,7,6,5,7,6,6,4,5,0,0,-3,-4,-2,-1,0,0,0,0,0,0,-2,3,6
5023,Cleburne County,1,14,12,8,14,14,16,10,10,10,-1,-11,-4,-10,-7,2,1,-2,-7,-6,0,-1,-3,-3,15
5025,Cleveland County,0,8,6,4,6,5,6,4,4,4,0,1,0,-1,1,0,0,0,-1,-1,0,0,1,1,3
5027,Columbia County,1,16,14,9,13,12,13,12,11,12,11,40,51,33,37,26,26,17,9,9,0,6,27,16,14
5029,Conway County,4,25,26,26,27,26,27,26,25,26,1,10,1,-1,-2,1,-3,-2,-1,-5,0,11,28,17,16
5031,Craighead County,26,127,125,113,113,120,124,110,106,106,23,152,160,110,150,168,194,122,46,47,4,35,85,64,382
5033,Crawford County,5,33,30,25,32,29,31,27,27,27,-1,-20,27,40,66,86,55,35,21,5,2,63,174,82,139
5035,Crittenden County,9,44,37,29,29,31,31,28,27,28,0,0,8,-15,3,1,8,-1,-7,-7,0,11,41,42,93
5037,Cross County,0,3,2,2,2,2,2,1,0,1,0,0,0,0,-1,4,6,3,2,2,0,3,30,38,155
5039,Dallas County,0,2,1,-1,1,0,1,1,-1,0,-1,9,3,4,0,0,-2,-1,-2,-2,0,-1,-1,-3,-1
5041,Desha County,1,9,10,10,8,11,11,8,7,9,1,1,4,26,6,18,3,4,-2,-1,1,12,9,-2,1
5043,Drew County,0,7,7,7,7,5,6,6,4,5,3,25,9,12,-1,-3,-3,-5,-5,-5,0,-1,13,15,32
5045,Faulkner County,21,109,104,89,102,103,106,96,94,96,22,95,150,55,110,129,170,104,40,41,3,76,212,261,331
5047,Franklin County,2,11,11,9,8,8,8,8,7,8,1,2,1,4,2,3,6,6,9,-1,0,1,0,-1,-2
5049,Fulton County,0,0,0,-1,0,0,0,0,-1,0,1,-2,-6,-5,4,8,12,9,5,5,1,3,-1,-2,-1
5051,Garland County,15,85,80,62,78,78,84,70,69,71,5,1,-16,-4,-6,37,28,-1,-27,-27,2,40,121,99,219
5053,Grant County,0,2,1,-2,2,0,2,0,0,0,1,23,4,1,-6,-7,-6,-5,-6,-6,0,2,7,2,16
5055,Greene County,1,14,13,10,11,9,11,9,9,9,-1,13,31,16,12,-4,-1,-4,-7,-7,0,-3,12,23,22
5057,Hempstead County,32,129,131,125,117,128,128,119,111,113,1,-18,-18,-6,-16,0,-10,-11,-14,-13,0,2,19,46,73
5059,Hot Spring County,3,23,19,13,11,8,8,8,5,7,2,6,0,12,0,4,3,4,-1,-1,0,4,-1,-3,15
5061,Howard County,15,69,68,58,54,64,63,57,56,57,3,12,7,22,8,7,-1,1,-2,-2,0,2,19,14,43
5063,Independence County,5,26,24,18,22,21,22,18,16,17,6,78,15,36,0,7,4,5,-7,-7,0,2,51,83,33
5065,Izard County,0,4,4,5,4,5,4,5,4,5,1,5,14,6,11,8,3,2,2,2,0,-1,-2,-3,-2
5067,Jackson County,0,1,1,0,0,0,0,0,-1,0,0,-1,3,3,0,-2,-2,-2,-2,-2,0,0,7,7,11
5069,Jefferson County,9,77,72,54,78,74,78,65,64,64,1,12,22,16,21,33,34,21,6,6,2,24,95,56,135
5071,Johnson County,24,114,112,104,105,106,112,104,102,102,6,62,44,36,20,29,17,10,-4,-4,0,11,28,29,85
5073,Lafayette County,0,5,6,6,5,7,6,6,5,6,0,3,-1,5,5,3,1,1,-1,-1,0,7,29,0,0
5075,Lawrence County,1,5,4,4,4,5,5,4,3,4,1,5,0,3,0,1,0,0,-3,-3,0,3,9,5,6
5077,Lee County,0,2,2,0,3,1,2,0,0,0,3,0,1,1,0,0,0,0,0,0,1,6,11,0,1
5079,Lincoln County,0,0,0,-1,0,0,0,0,-1,0,1,1,-3,-5,-9,8,5,11,1,1,0,2,2,-1,-2
5081,Little River County,0,5,4,3,4,4,4,4,3,4,0,-5,-6,-5,-4,-3,-3,-3,-3,-3,0,0,-2,1,-1
5083,Logan County,0,10,11,8,11,10,12,9,9,9,3,-1,18,39,36,35,22,16,10,10,0,1,2,1,15
5085,Lonoke County,7,10,-25,-89,51,-5,28,0,8,0,43,123,154,97,118,105,36,2,-26,-12,1,15,54,70,102
5087,Madison County,2,15,15,12,10,12,13,10,8,9,2,3,2,2,17,13,14,13,12,-5,0,3,13,11,75
5089,Marion County,0,-1,-1,-3,1,-1,1,-1,-1,-1,2,2,6,1,2,12,12,3,-4,-4,0,0,-2,2,6
5091,Miller County,3,30,27,20,26,24,26,23,22,22,1,-9,-20,-40,-17,-27,-21,-25,-28,-28,0,-5,-26,24,11
5093,Mississippi County,6,41,41,36,36,40,40,38,37,38,6,9,-1,10,-2,3,-5,-7,-19,-19,0,5,24,28,128
5095,Monroe County,0,5,5,4,3,4,3,4,2,3,0,-1,-1,-1,0,0,0,0,0,0,0,-1,0,1,16
5097,Montgomery County,1,15,14,13,11,13,13,12,10,11,0,-2,-2,5,13,9,7,4,4,4,0,0,-1,0,10
5099,Nevada County,2,15,16,15,12,14,14,14,12,13,0,0,0,0,-2,-4,-3,-3,-3,-3,0,0,-2,-3,0
51001,Accomack County,33,112,102,77,101,104,111,94,92,91,3,50,78,62,54,66,74,67,29,30,5,49,155,288,376
51003,Albemarle County,117,403,368,318,329,327,333,301,292,297,58,212,328,285,384,380,368,330,131,133,1,213,538,572,988
51005,Alleghany County,0,3,2,2,3,4,4,4,3,4,2,4,1,2,-8,-3,-4,-4,-5,-5,0,0,2,14,15
51007,Amelia County,0,3,3,3,2,3,2,2,1,2,3,15,3,-1,-1,3,4,4,1,1,0,1,9,12,37
51009,Amherst County,3,20,17,14,19,17,19,16,15,15,0,-1,0,10,11,10,8,7,1,1,0,14,24,33,44
5101,Newton County,0,1,0,1,2,2,2,2,1,2,0,0,1,0,1,1,1,1,0,0,0,0,0,-1,-1
51011,Appomattox County,2,12,11,11,8,9,8,8,7,8,0,-1,0,-2,3,13,16,16,9,9,0,7,1,4,0
51013,Arlington County,879,3344,3088,2444,3011,2949,3092,2700,2671,2661,415,1586,2259,1601,2345,2455,2342,2207,1178,1057,50,957,2191,2590,4315
51015,Augusta County,3,37,34,29,36,34,35,32,32,33,0,19,20,13,16,26,53,52,29,24,0,30,65,134,208
51017,Bath County,0,1,1,1,0,1,0,1,0,1,0,3,6,5,1,1,8,6,-1,-1,0,2,1,1,1
51019,Bedford County,5,31,27,25,23,24,23,22,21,22,7,20,20,10,40,57,55,52,19,19,0,21,56,71,138
51021,Bland County,1,4,4,4,3,4,3,4,3,4,0,-2,0,-2,-2,-2,-2,-2,-2,-2,0,0,0,0,0
51023,Botetourt County,0,5,4,2,4,2,3,3,2,2,0,1,-1,-2,-1,15,13,10,4,4,0,9,10,11,32
51025,Brunswick County,1,16,15,12,16,15,17,14,14,14,0,0,3,12,22,15,15,15,5,5,0,3,9,10,20
51027,Buchanan County,0,6,6,5,4,5,4,5,4,5,0,7,20,7,15,19,22,20,12,12,0,5,5,9,15
51029,Buckingham County,0,4,4,3,6,4,5,5,4,5,0,8,10,2,2,1,1,1,1,1,0,1,2,2,9
5103,Ouachita County,1,13,11,9,10,9,9,7,5,7,0,-3,15,9,11,1,3,2,2,0,0,0,0,7,15
51031,Campbell County,1,22,20,15,20,18,22,17,18,18,6,8,32,38,74,76,76,72,33,33,1,21,26,74,129
51033,Caroline County,3,13,10,4,18,13,16,13,12,12,3,8,6,5,13,23,18,14,5,5,0,8,53,74,93
51035,Carroll County,1,13,13,13,10,12,11,10,8,10,-1,0,-3,9,11,33,50,48,16,16,1,25,16,15,29
51036,Charles City County,0,2,1,1,2,3,3,2,1,2,0,0,-1,0,2,1,1,1,1,1,0,0,0,0,0
51037,Charlotte County,0,5,5,5,4,6,5,6,5,6,0,5,0,-1,-1,10,9,7,4,4,0,2,-2,2,1
51041,Chesterfield County,151,577,523,411,525,508,530,468,461,460,135,437,737,506,614,750,692,651,349,257,17,357,1422,1869,3071
51043,Clarke County,0,13,14,12,16,18,19,19,18,19,0,1,3,1,1,-5,3,3,2,-1,0,1,6,11,31
51045,Craig County,0,1,1,1,0,1,0,1,0,1,0,-1,0,0,-1,-2,-1,-1,-1,-1,0,0,0,0,2
51047,Culpeper County,14,84,81,74,72,83,82,73,71,74,7,24,21,45,79,98,102,100,56,48,2,54,240,341,722
51049,Cumberland County,0,10,9,8,7,7,6,6,5,6,0,-2,-2,-1,-3,0,0,0,0,0,0,4,15,36,108
5105,Perry County,0,0,-1,-1,0,0,0,0,-1,0,0,2,2,0,1,2,4,2,1,1,0,1,7,5,7
51051,Dickenson County,0,2,1,1,0,1,1,1,1,2,1,3,2,2,2,0,0,0,-1,0,0,2,4,6,0
51053,Dinwiddie County,2,10,6,-2,15,9,13,8,9,9,4,16,20,25,38,23,19,18,16,4,0,9,55,82,105
51057,Essex County,0,3,3,1,5,4,6,4,4,4,1,1,5,5,11,10,10,9,5,5,0,1,3,6,7
51059,Fairfax County,2803,11047,10032,7739,9700,9374,9906,8524,8438,8358,1429,7369,10640,7416,10657,11733,11190,10487,5260,5146,325,4263,10935,12116,18407
51061,Fauquier County,19,89,83,65,77,76,80,68,68,68,3,9,24,26,33,53,53,51,32,12,0,26,103,138,267
51063,Floyd County,2,18,18,16,14,16,15,16,12,13,1,2,2,-4,-2,-2,-3,-5,-5,-6,0,5,10,7,9
51065,Fluvanna County,1,8,6,1,8,5,7,3,2,2,1,5,1,-4,-8,13,16,16,4,4,0,5,8,7,17
51067,Franklin County,2,11,8,4,13,10,12,10,10,10,4,-10,-6,-6,-10,-10,-9,-10,-15,-15,0,15,48,42,39
51069,Frederick County,12,57,50,39,50,44,48,41,41,43,0,13,28,44,85,108,115,114,101,3,1,72,176,214,289
5107,Phillips County,0,7,6,5,6,5,5,5,3,4,1,-2,-5,1,-3,-1,-4,-4,-4,-4,0,0,30,32,64
51071,Giles County,0,1,0,0,0,1,1,0,-1,0,1,4,16,3,3,-1,-1,-1,-1,-1,0,0,0,-3,2
51073,Gloucester County,5,7,-14,-58,51,16,38,15,22,17,2,12,33,18,20,30,8,-1,-7,-7,0,2,1,-4,3
51075,Goochland County,0,13,13,12,10,9,7,7,6,8,0,2,9,2,-1,1,2,1,-3,-3,0,3,54,54,48
51077,Grayson County,0,12,11,10,8,12,11,10,8,9,0,-3,-2,-2,-1,4,6,6,-2,-2,0,7,13,14,30
51079,Greene County,0,8,7,7,8,8,8,8,7,8,2,16,18,61,52,29,29,28,14,12,0,3,18,53,116
51081,Greensville County,0,1,0,0,1,1,1,1,0,1,1,1,7,2,3,6,5,5,2,2,0,2,0,2,39
51083,Halifax County,1,18,16,14,14,18,18,14,12,13,0,-2,-2,-5,0,0,-2,-2,-6,-6,0,4,7,31,61
51085,Hanover County,7,58,53,41,53,49,53,45,45,45,9,40,39,73,94,101,86,80,28,23,1,39,85,132,247
51087,Henrico County,291,999,945,828,790,825,842,765,755,762,257,1311,1707,1222,1641,1891,1912,1826,976,918,48,798,2173,2470,4018
51089,Henry County,45,177,177,161,159,170,169,156,152,156,11,29,24,-4,3,11,16,14,0,-4,0,9,5,30,22
5109,Pike County,1,13,18,17,16,17,16,16,15,16,2,3,1,8,2,4,3,4,2,2,0,0,5,3,31
51091,Highland County,0,0,-1,-1,0,0,0,0,-1,0,0,0,0,0,0,0,0,0,0,0,0,0,-1,-1,-1
51093,Isle of Wight County,2,9,0,-16,19,8,15,6,8,7,4,3,42,27,33,35,27,27,16,7,2,35,74,26,42
51095,James City County,11,68,48,11,84,62,75,53,54,53,33,76,150,78,115,153,153,139,86,37,0,61,201,136,290
51097,King and Queen County,0,-1,-1,-2,1,-1,0,-1,-1,-1,1,4,0,3,-3,1,4,4,1,1,0,0,0,0,0
51099,King George County,6,5,-23,-77,42,0,25,-1,7,2,26,2,41,14,16,46,25,26,31,3,0,7,22,35,47
51101,King William County,2,5,3,0,4,2,3,2,2,2,1,-2,-1,3,12,7,7,6,1,1,0,7,10,13,23
51103,Lancaster County,0,2,2,2,1,2,1,2,1,2,1,4,11,6,9,21,20,22,25,4,0,3,6,7,17
51105,Lee County,0,6,5,4,7,5,6,4,4,5,0,1,-2,-8,-11,-9,-7,-7,-7,-7,0,2,3,11,12
51107,Loudoun County,271,947,889,743,790,823,861,756,743,743,372,1738,2486,1744,2326,2521,2456,2318,1174,1039,66,999,2686,3041,4908
51109,Louisa County,0,7,6,6,6,7,7,6,5,6,1,2,-6,6,4,9,14,12,0,0,1,24,58,59,73
5111,Poinsett County,0,17,18,17,19,16,18,14,12,12,4,33,25,15,6,-1,-4,-3,-4,-4,0,8,42,3,14
51111,Lunenburg County,1,12,12,10,11,15,16,12,9,10,3,3,9,5,5,18,33,32,8,8,1,15,24,34,31
51113,Madison County,1,5,4,2,4,2,3,1,1,2,1,-1,0,6,12,22,17,17,11,11,0,7,31,20,29
51115,Mathews County,1,1,-2,-8,6,1,4,1,1,1,1,5,10,8,9,1,1,1,1,1,0,0,0,0,0
51117,Mecklenburg County,6,35,33,30,32,33,33,28,27,29,4,20,27,13,5,1,7,7,-2,-2,2,33,69,60,87
51119,Middlesex County,1,14,13,12,13,10,11,10,8,8,0,1,2,1,3,3,2,2,1,1,0,8,36,36,27
51121,Montgomery County,116,427,409,361,344,359,362,334,314,317,77,450,712,489,640,656,608,578,274,276,17,259,606,591,900
51125,Nelson County,3,7,6,3,10,8,10,7,7,7,0,2,10,13,3,5,3,3,-2,-1,0,8,27,39,59
51127,New Kent County,1,0,-3,-8,5,0,3,0,0,0,1,11,24,17,13,7,11,9,0,0,0,1,2,12,4
5113,Polk County,0,17,16,14,15,15,16,14,11,12,1,5,6,9,9,10,6,3,-3,-3,0,2,13,12,6
51131,Northampton County,3,35,35,32,33,31,32,30,29,29,6,36,17,17,13,11,15,13,5,2,0,5,24,39,41
51133,Northumberland County,0,6,7,6,5,8,7,7,4,5,3,17,27,6,9,0,0,0,0,0,0,-1,-2,-1,-2
51135,Nottoway County,6,25,24,17,24,22,24,21,21,22,1,-1,-5,13,9,11,21,18,0,0,0,1,15,14,49
51137,Orange County,2,18,17,13,16,15,16,16,15,16,6,47,53,45,29,41,39,36,15,15,2,9,25,37,85
51139,Page County,0,7,7,6,6,8,8,7,5,6,0,1,1,-2,2,4,4,4,1,1,0,9,19,26,34
51141,Patrick County,4,24,25,19,17,20,19,17,15,17,1,3,11,3,2,5,2,1,-1,-4,0,0,-1,-2,0
51143,Pittsylvania County,10,51,47,40,43,47,48,41,39,41,6,17,3,16,8,8,13,13,0,-1,0,3,13,20,61
51145,Powhatan County,0,1,0,0,-1,0,-1,0,-1,0,0,-2,8,1,17,10,10,9,-2,-2,0,1,19,21,45
51147,Prince Edward County,0,3,3,2,6,4,5,4,4,4,1,5,19,14,37,43,39,37,28,19,0,22,34,22,47
51149,Prince George County,45,-10,-213,-598,282,-41,136,-30,30,-9,55,60,340,138,126,180,103,75,5,15,10,-21,104,163,253
5115,Pope County,6,36,36,25,29,30,32,27,27,27,16,44,57,53,72,91,68,41,16,11,0,19,58,108,126
51153,Prince William County,471,1322,878,-11,1702,1151,1538,1085,1176,1092,434,1536,2381,1717,2630,3056,2847,2641,1376,1264,91,1386,3888,4219,6907
51155,Pulaski County,2,7,7,6,8,7,8,6,6,7,2,1,1,4,-1,4,1,-1,-3,-3,0,4,10,11,33
51157,Rappahannock County,0,2,2,2,1,2,1,2,1,2,0,-2,-3,-3,-1,6,7,6,3,3,0,6,-2,13,8
51159,Richmond County,0,5,4,1,5,4,6,3,3,3,3,12,0,2,1,2,12,11,5,4,1,11,18,43,36
51161,Roanoke County,32,136,124,110,107,113,118,100,100,102,35,179,213,140,203,219,240,233,113,115,1,59,168,271,399
51163,Rockbridge County,1,5,4,1,7,3,6,4,4,4,0,2,11,19,25,20,14,14,3,3,0,0,2,9,5
51165,Rockingham County,31,163,159,144,132,141,144,131,127,127,11,30,89,98,111,84,108,97,41,38,2,94,324,461,655
51167,Russell County,0,4,4,2,5,4,5,2,2,2,2,-4,6,7,15,2,2,2,0,0,0,1,3,-1,10
51169,Scott County,0,4,4,4,3,4,3,4,3,4,1,-3,-2,2,2,3,2,0,-1,-1,0,1,0,1,3
5117,Prairie County,0,1,0,-1,2,0,1,1,0,1,0,0,0,0,0,-1,-2,-2,-2,-2,0,0,-1,3,9
51171,Shenandoah County,13,64,63,53,62,60,61,57,57,57,10,52,27,25,31,43,59,55,45,7,1,39,94,111,135
51173,Smyth County,0,4,3,3,4,5,5,5,3,4,3,6,8,24,17,9,11,8,-2,-2,0,10,18,7,21
51175,Southampton County,1,0,-2,-6,4,0,2,0,0,0,0,3,2,4,2,2,3,3,0,0,0,0,-1,18,13
51177,Spotsylvania County,18,79,47,-20,107,62,99,63,74,68,39,135,231,145,166,185,127,107,44,32,0,93,363,530,779
51179,Stafford County,54,65,-114,-454,311,30,188,38,89,55,84,96,486,294,417,454,374,285,91,91,-8,175,565,742,878
51181,Surry County,0,0,0,-1,0,0,0,0,-1,0,0,-1,-1,1,0,1,0,0,0,0,0,0,-1,0,0
51183,Sussex County,0,8,7,7,8,8,8,8,7,8,1,6,6,3,2,5,4,4,2,2,0,0,0,2,-1
51185,Tazewell County,0,11,11,11,9,10,9,10,7,8,2,6,-4,0,4,1,2,-1,-9,-9,0,9,16,0,2
51187,Warren County,0,7,8,7,9,6,7,5,5,6,-1,-7,-6,8,10,17,13,10,2,2,0,32,106,111,168
5119,Pulaski County,195,532,304,-125,694,408,613,405,442,403,186,708,941,701,845,867,739,473,145,153,17,169,1046,1215,2941
51191,Washington County,0,14,13,11,11,10,11,9,8,9,-1,9,0,11,24,1,11,10,-7,-7,0,3,8,37,43
51193,Westmoreland County,2,21,19,14,22,21,23,19,18,18,2,9,-2,-4,-8,-5,-3,-5,-6,-6,0,1,-3,15,4
51195,Wise County,0,7,8,8,7,8,8,7,6,7,2,-3,-5,4,10,13,14,13,2,-1,0,10,3,9,9
51197,Wythe County,1,9,8,2,10,7,9,6,6,6,0,1,2,0,2,-4,-6,-6,-8,-7,0,1,0,4,7
51199,York County,58,57,-149,-538,315,5,175,7,62,25,64,76,337,187,242,307,253,202,75,67,1,43,81,95,135
5121,Randolph County,2,17,13,12,11,12,12,11,9,10,3,-3,-9,-12,-10,-3,-6,-6,-6,-6,0,25,33,18,8
5123,St. Francis County,0,1,1,0,1,2,2,1,0,1,3,17,41,14,18,23,17,18,7,2,0,24,42,39,59
5125,Saline County,8,38,35,26,42,42,56,46,47,48,15,65,105,37,71,37,35,21,-3,-9,1,14,164,198,690
5127,Scott County,8,35,37,33,35,33,34,32,31,31,3,3,-2,-3,-4,-6,-5,-5,-5,-5,0,0,1,1,3
5129,Searcy County,0,1,1,1,0,1,0,1,0,1,0,2,4,-1,3,3,4,4,2,2,0,1,1,-1,2
5131,Sebastian County,127,462,431,364,387,389,403,357,350,350,35,228,189,64,70,115,95,26,-50,-51,4,69,271,162,633
5133,Sevier County,39,149,147,140,133,139,139,129,126,128,13,60,-7,12,-8,-4,-16,-7,-22,-22,1,5,9,44,60
5135,Sharp County,0,1,2,1,2,3,3,2,1,2,0,4,7,2,4,7,8,4,2,2,0,1,0,3,5
5137,Stone County,0,2,1,1,3,3,3,3,2,3,0,-7,-7,-9,-10,-8,-8,-7,-8,-8,0,-2,-6,-5,-5
5139,Union County,4,35,33,29,28,29,33,28,28,28,5,8,-13,-9,-13,-1,4,2,-2,-1,0,6,63,36,79
5141,Van Buren County,0,3,4,4,5,5,5,5,4,5,0,-4,-8,0,3,15,17,13,11,11,0,2,10,5,16
5143,Washington County,251,977,939,841,781,855,853,775,758,765,174,873,674,264,522,652,850,562,343,164,17,248,1475,1204,3030
5145,White County,10,72,71,57,77,73,79,68,70,69,10,87,71,58,58,31,17,-5,-28,-27,2,24,54,20,105
5147,Woodruff County,0,2,3,4,5,8,8,6,5,6,0,0,0,0,0,0,0,0,0,0,0,0,0,0,0
5149,Yell County,38,157,150,142,141,149,148,141,136,139,13,60,7,23,15,18,25,25,28,-2,2,19,35,42,108
51510,Alexandria city,576,2116,1975,1604,1894,1912,1995,1767,1741,1738,318,1476,2326,1703,2377,2453,2309,2204,1303,1208,34,746,1765,2217,3541
51515,Bedford city,0,1,0,-2,4,1,3,1,1,1,,,,,,,,,,,,,,,
51520,Bristol city,2,10,7,7,5,5,5,4,3,4,-3,11,-4,-4,-5,-6,-6,-6,-8,-8,0,0,-6,7,53
51530,Buena Vista city,0,3,4,4,1,4,3,3,2,3,-1,-1,3,2,3,-1,-3,-3,-5,-5,0,1,-6,-8,2
51540,Charlottesville city,55,205,199,173,171,177,177,163,161,164,68,345,433,360,434,407,385,362,181,184,3,124,193,204,381
51550,Chesapeake city,107,105,-226,-843,540,35,315,43,135,70,79,141,549,365,492,572,459,359,127,94,0,185,457,431,568
51570,Colonial Heights city,2,19,14,3,24,17,22,16,16,16,2,46,57,36,41,55,30,30,9,7,0,4,8,45,54
51580,Covington city,2,14,15,16,13,15,14,14,12,13,0,3,-2,2,4,12,11,11,6,6,0,0,4,3,4
51590,Danville city,5,52,51,45,50,49,51,46,46,46,0,9,42,33,62,70,52,50,24,21,0,21,30,50,74
51595,Emporia city,2,19,18,15,16,15,16,14,13,14,1,4,-1,3,-4,-3,-3,-3,-4,-3,0,0,2,0,3
51600,Fairfax city,80,329,305,252,256,255,261,233,226,230,25,141,228,206,291,274,263,251,137,140,4,143,288,312,595
51610,Falls Church city,8,86,88,79,90,90,113,100,105,105,16,62,99,53,76,48,47,45,22,22,0,23,76,108,156
51620,Franklin city,0,7,7,3,6,5,6,4,4,4,1,3,11,4,7,-1,-1,-1,-1,-1,0,0,0,0,-2
51630,Fredericksburg city,11,51,43,30,50,43,49,37,37,38,24,114,97,65,116,117,99,97,63,36,2,94,300,303,480
51640,Galax city,8,38,36,29,25,27,26,24,22,23,-2,2,-5,9,1,-3,-3,-3,-5,-5,0,-1,-3,-1,1
51650,Hampton city,116,123,-223,-892,608,61,365,73,178,110,62,90,470,314,296,357,273,197,42,70,-1,78,189,156,394
51660,Harrisonburg city,75,315,307,281,268,281,306,283,279,279,58,309,344,376,458,459,499,479,321,219,4,173,430,382,654
51670,Hopewell city,2,16,10,1,22,15,23,14,17,18,5,30,29,35,48,60,56,52,33,27,1,5,8,17,60
51678,Lexington city,0,4,3,0,7,4,6,4,4,4,2,10,9,8,11,9,9,6,0,0,0,13,21,22,27
51680,Lynchburg city,28,146,144,127,120,128,131,118,113,113,39,195,215,245,398,385,398,377,217,205,0,71,152,208,318
51683,Manassas city,68,244,227,187,206,208,214,188,182,181,68,231,276,205,278,244,225,213,101,98,6,177,593,646,1133
51685,Manassas Park city,16,91,88,81,83,82,83,77,74,75,13,68,90,111,170,173,181,177,98,98,3,65,100,133,207
51690,Martinsville city,9,49,47,43,45,44,46,42,41,41,-1,0,15,2,-1,14,19,19,10,10,1,27,43,48,57
51700,Newport News city,190,254,-251,-1222,875,120,572,145,290,195,185,427,945,538,537,718,606,472,161,192,4,234,510,752,1024
51710,Norfolk city,414,169,-1264,-3972,2112,-102,1125,-53,358,81,309,492,1886,995,1176,1451,1019,677,101,265,1,325,971,1155,1724
51720,Norton city,0,4,4,4,2,4,3,3,1,2,2,11,6,16,12,3,3,3,1,1,0,0,0,0,0
51730,Petersburg city,7,20,3,-34,46,17,33,17,22,19,15,79,124,78,81,63,64,59,27,15,2,14,49,43,64
51735,Poquoson city,2,4,-6,-23,16,0,9,1,3,2,1,4,18,0,0,4,2,2,-1,-1,0,2,2,5,9
51740,Portsmouth city,52,-20,-251,-687,312,-53,145,-44,24,-22,48,39,303,155,163,242,231,185,59,90,5,57,88,125,139
51750,Radford city,2,22,22,17,18,18,20,16,15,15,16,50,65,35,47,22,24,22,11,11,0,2,20,16,31
51760,Richmond city,138,508,486,417,455,475,496,444,440,440,160,567,645,490,602,742,830,789,458,374,21,482,1440,1858,2759
51770,Roanoke city,43,226,220,192,191,201,203,181,178,181,71,432,575,381,458,514,467,446,234,235,5,133,497,587,1065
51775,Salem city,1,24,20,11,17,13,17,13,12,12,10,85,70,44,37,29,25,24,12,11,0,21,57,71,135
51790,Staunton city,1,6,6,4,5,3,4,2,2,3,5,26,42,24,51,45,44,42,22,22,0,36,73,66,86
51800,Suffolk city,22,30,-42,-181,135,21,84,25,46,32,29,16,164,99,133,152,122,96,36,11,3,44,99,123,272
51810,Virginia Beach city,600,429,-1208,-4334,2575,73,1495,121,593,269,398,868,2451,1245,1469,1712,1429,1052,255,296,15,392,1085,1216,1904
51820,Waynesboro city,7,32,26,18,31,28,31,26,24,25,-1,4,17,22,67,82,95,92,53,53,0,7,14,9,27
51830,Williamsburg city,8,31,26,16,27,23,25,22,22,22,12,95,162,95,85,96,88,85,41,40,1,35,50,64,99
51840,Winchester city,37,151,146,125,130,135,136,127,123,124,16,79,69,99,166,206,217,213,140,80,0,56,139,173,236
53001,Adams County,42,168,164,150,136,150,147,141,138,140,-3,-4,-18,-3,25,65,78,39,22,24,3,48,49,140,283
53003,Asotin County,0,0,-1,-3,2,0,2,0,2,0,1,-18,-25,-22,-24,-22,-27,-27,-27,-27,0,5,5,18,21
53005,Benton County,162,561,529,477,441,467,466,427,420,420,38,143,192,183,379,371,322,361,250,256,6,191,600,957,1356
53007,Chelan County,87,340,331,298,278,301,301,277,266,263,5,18,6,48,37,30,36,20,6,7,1,24,146,517,846
53009,Clallam County,12,79,70,40,89,73,83,67,70,67,15,24,38,48,84,86,65,58,41,44,0,42,62,86,125
53011,Clark County,411,1560,1424,1200,1208,1238,1252,1116,1087,1096,159,343,96,79,324,366,260,299,128,139,14,448,1071,1807,1670
53013,Columbia County,0,7,6,4,5,6,6,5,5,5,1,1,1,9,19,15,14,18,15,15,0,1,1,6,17
53015,Cowlitz County,44,165,162,146,153,160,164,143,145,145,1,15,29,41,55,25,25,30,22,22,2,39,87,109,234
53017,Douglas County,43,161,171,159,153,166,166,149,148,147,6,-9,-12,33,94,113,88,60,39,41,0,73,114,281,370
53019,Ferry County,0,4,2,2,1,2,1,2,1,2,3,6,4,3,1,0,0,0,0,0,0,1,6,11,15
53021,Franklin County,162,640,618,556,508,560,554,501,485,486,-14,57,72,124,193,223,199,107,55,60,6,178,326,931,1035
53023,Garfield County,0,0,0,-1,0,0,0,0,0,0,0,0,0,3,3,5,3,5,5,5,0,1,0,0,0
53025,Grant County,184,769,740,673,622,683,679,626,610,608,-4,-26,-65,121,301,270,321,155,88,81,5,79,300,757,1174
53027,Grays Harbor County,28,108,103,87,96,97,99,90,89,88,7,34,23,25,12,2,-8,-12,-16,-16,0,11,38,209,304
53029,Island County,98,29,-276,-884,494,30,264,-7,112,56,99,64,378,165,209,365,234,84,-77,59,-1,20,65,169,191
53031,Jefferson County,6,33,28,19,30,27,30,22,24,22,6,8,1,10,8,1,7,9,5,5,0,20,30,37,47
53033,King County,2929,12635,12240,10911,10496,11273,11282,10255,9920,9971,3554,13280,13338,12610,19916,21425,19168,21776,17839,17969,419,8661,22343,32174,40186
53035,Kitsap County,207,157,-382,-1445,892,106,514,33,235,129,116,150,542,235,303,370,227,138,-8,75,-3,98,369,636,994
53037,Kittitas County,16,88,85,77,77,80,81,75,73,72,19,73,70,57,83,89,83,100,80,81,0,18,11,44,136
53039,Klickitat County,3,44,43,40,35,41,40,36,33,34,2,3,4,9,2,7,13,-1,-4,-4,1,31,52,110,137
53041,Lewis County,33,133,128,117,115,117,120,110,110,109,15,59,24,26,50,84,110,92,64,65,1,32,62,140,255
53043,Lincoln County,0,-1,-2,-5,2,-1,1,-1,1,-1,0,3,2,2,2,1,1,1,1,1,0,1,2,3,2
53045,Mason County,17,73,67,45,72,68,73,61,62,60,19,74,85,64,129,106,144,151,130,130,0,67,214,326,519
53047,Okanogan County,38,146,146,132,128,138,136,128,126,128,19,83,28,38,95,122,142,93,56,58,3,67,267,509,857
53049,Pacific County,6,33,28,19,31,32,35,29,28,27,1,-5,11,3,14,20,62,40,32,32,2,25,34,49,34
53051,Pend Oreille County,0,3,3,3,2,3,2,3,2,3,1,-2,-2,-3,5,3,7,7,6,6,0,2,0,2,5
53053,Pierce County,765,1704,796,-1050,2526,1389,2041,1160,1429,1265,600,1245,2446,1508,1936,2296,1594,1493,918,1048,47,865,2352,3822,4728
53055,San Juan County,0,22,22,21,18,21,20,20,17,18,0,14,11,16,27,25,32,30,24,27,0,8,22,25,57
53057,Skagit County,128,450,403,304,401,381,400,347,347,344,26,76,38,86,257,272,289,225,171,170,7,124,160,427,525
53059,Skamania County,0,5,2,2,3,4,4,3,3,3,2,10,5,0,4,2,7,5,4,4,0,6,2,4,22
53061,Snohomish County,699,2265,1965,1249,2122,1923,2089,1706,1728,1683,614,2118,2166,1854,2973,3051,2585,2848,2239,2230,101,1491,4278,6944,9129
53063,Spokane County,311,837,612,197,800,606,723,530,568,539,220,572,761,562,800,789,594,666,492,489,6,274,627,1107,1510
53065,Stevens County,1,15,15,8,16,16,18,15,17,15,19,29,22,20,7,2,0,-3,-3,-3,0,3,6,10,17
53067,Thurston County,138,353,241,27,445,319,392,282,309,284,164,420,790,514,663,682,504,520,363,362,5,195,372,693,765
53069,Wahkiakum County,0,1,1,1,0,1,0,1,0,1,1,6,5,6,12,4,5,5,4,4,0,1,0,0,0
53071,Walla Walla County,49,199,192,174,165,170,170,160,159,158,19,6,6,13,73,34,11,2,-13,-15,2,75,85,130,235
53073,Whatcom County,214,677,646,570,543,568,570,519,509,506,99,338,274,217,537,523,457,526,414,403,7,208,512,730,832
53075,Whitman County,65,262,256,230,218,231,232,208,205,207,92,345,379,305,466,484,411,473,391,393,3,162,311,307,367
53077,Yakima County,274,1140,1091,971,913,989,978,882,849,856,-59,-111,-230,-25,142,91,231,-24,-147,-137,32,395,547,1479,2161
54001,Barbour County,0,1,-1,-3,1,0,2,0,0,0,0,2,-4,-6,-6,-3,-2,-3,-4,-4,0,6,3,14,7
54003,Berkeley County,5,22,14,-4,25,13,22,15,15,13,-4,150,29,-9,-12,8,13,-16,-22,-94,3,52,70,164,143
54005,Boone County,0,8,5,3,4,2,3,3,2,2,0,-4,-3,-4,0,0,0,0,0,0,0,0,1,6,3
54007,Braxton County,0,0,-2,-3,1,-1,1,-1,-1,-1,1,5,2,-2,-1,2,-1,2,1,-1,0,2,0,0,0
54009,Brooke County,0,1,0,-3,4,1,3,1,1,1,1,-2,-2,-7,-5,-4,-6,-10,-12,-11,0,0,14,14,17
54011,Cabell County,13,60,50,37,44,48,52,45,43,43,12,208,122,50,58,69,45,9,-23,-23,0,32,38,52,42
54013,Calhoun County,0,1,1,1,0,1,0,1,0,1,0,-3,-3,-1,0,-1,-2,-2,-2,-2,0,-1,-3,-2,0
54015,Clay County,0,1,1,1,0,1,0,1,0,1,0,-2,-2,-1,0,0,0,0,0,0,0,0,0,0,-1
54017,Doddridge County,0,0,-1,-1,0,0,0,0,-1,0,0,1,0,-2,-2,-1,-1,-2,-3,-3,0,0,-2,4,3
54019,Fayette County,1,13,8,4,11,9,11,9,9,9,2,18,3,8,10,23,28,17,4,5,0,3,4,19,11
54021,Gilmer County,0,3,2,2,0,1,0,1,0,1,0,13,-8,-4,0,6,3,0,-2,-2,0,3,4,17,4
54023,Grant County,0,1,1,1,0,1,0,1,0,1,0,3,2,-1,-3,-1,-1,-1,-1,-1,0,5,8,10,0
54025,Greenbrier County,0,2,3,0,4,1,2,2,1,2,1,33,22,13,103,83,78,44,16,2,0,11,17,21,25
54027,Hampshire County,0,7,8,8,13,15,15,14,12,13,0,-7,-8,-8,-8,-7,-8,-8,-8,-8,0,-1,-3,0,-4
54029,Hancock County,0,1,0,-3,3,0,2,0,0,0,-1,11,13,4,24,10,-1,-6,-12,-12,0,3,3,8,3
54031,Hardy County,0,2,2,1,0,1,0,1,0,1,2,33,34,44,39,58,60,34,19,7,1,8,44,20,57
54033,Harrison County,8,38,29,19,22,18,19,17,17,18,2,4,7,-9,-4,7,10,3,-4,-5,0,6,25,50,36
54035,Jackson County,0,4,3,1,3,1,3,1,0,0,2,15,10,-2,9,17,15,6,-1,-1,0,20,16,94,56
54037,Jefferson County,4,25,23,12,21,15,19,15,14,14,15,251,107,45,29,18,28,-3,-27,-39,0,60,97,111,166
54039,Kanawha County,14,84,73,46,84,70,89,72,74,72,2,102,122,67,132,142,112,54,-17,-18,10,95,240,184,173
54041,Lewis County,0,4,6,4,13,12,14,12,11,11,0,-1,-1,0,15,16,14,8,4,4,0,0,0,0,9
54043,Lincoln County,0,1,1,1,0,1,0,1,0,1,0,1,1,-3,-5,-6,-6,-6,-6,-6,0,7,4,1,1
54045,Logan County,0,4,3,3,2,1,1,1,0,1,0,-6,-4,-5,-2,1,1,1,2,-1,0,-1,-2,-2,2
54047,McDowell County,0,2,2,1,0,1,0,1,0,1,1,8,4,56,22,23,3,3,-2,-1,0,6,15,25,5
54049,Marion County,0,21,24,21,20,23,24,22,21,22,3,43,3,51,9,8,-2,-9,-17,-17,0,6,1,48,22
54051,Marshall County,0,4,3,3,4,3,4,4,3,4,-2,7,4,0,0,0,0,0,0,0,0,9,6,4,-3
54053,Mason County,0,-1,-2,-2,1,-1,0,0,-1,-1,0,-7,-10,-8,-3,-1,0,-1,-3,-3,0,2,2,1,-2
54055,Mercer County,1,14,10,6,12,10,12,9,9,9,1,81,4,11,9,18,21,2,-9,-9,2,14,20,30,-8
54057,Mineral County,1,8,6,4,3,0,1,1,0,0,-2,-8,0,0,14,20,13,4,-4,-4,0,-2,-7,-4,-4
54059,Mingo County,0,1,1,0,3,-1,0,0,-1,0,0,41,1,16,0,-2,-2,-2,-2,-2,0,0,-3,-1,-6
54061,Monongalia County,58,256,242,220,211,228,230,211,201,204,24,623,343,283,519,619,516,222,-16,-15,15,255,429,465,235
54063,Monroe County,0,0,-1,-2,1,-1,0,0,-1,-1,-1,-2,0,-4,11,6,9,1,-1,-1,0,6,6,0,4
54065,Morgan County,1,11,9,6,9,7,8,8,6,6,-1,18,-11,29,5,-5,-10,-6,-8,-8,0,-1,-2,7,-2
54067,Nicholas County,0,3,2,3,4,3,3,3,2,3,3,30,-2,-4,0,19,17,9,2,1,0,16,21,36,2
54069,Ohio County,3,23,20,15,16,16,17,16,14,14,3,35,3,2,7,4,-1,-8,-15,-15,1,12,30,34,10
54071,Pendleton County,1,3,-6,-19,10,0,8,2,3,1,1,-3,20,8,4,3,-1,-1,-1,-1,0,0,2,2,0
54073,Pleasants County,0,1,1,2,2,3,2,3,2,3,0,0,-1,-1,-2,-2,-1,-1,-1,-1,0,0,0,0,0
54075,Pocahontas County,0,1,1,1,0,1,0,1,0,1,0,5,2,-1,-1,0,0,0,0,0,0,0,0,0,0
54077,Preston County,0,4,4,3,7,5,6,6,5,5,0,-8,-5,-4,5,46,45,51,84,-11,0,10,31,22,8
54079,Putnam County,3,8,1,-6,8,1,5,2,2,1,6,20,26,17,13,9,8,1,0,0,1,24,28,61,14
54081,Raleigh County,12,44,26,6,34,21,30,22,22,20,11,116,69,28,25,37,47,16,-5,-5,0,15,32,96,37
54083,Randolph County,0,7,6,4,4,3,4,3,2,3,0,13,8,11,12,20,10,3,-2,-2,0,4,22,26,-1
54085,Ritchie County,0,3,5,5,5,8,7,7,6,7,0,1,-1,-2,1,-1,19,9,1,1,0,2,2,5,5
54087,Roane County,0,6,5,2,4,2,3,3,1,1,0,-1,0,2,4,1,6,1,0,0,0,2,1,2,0
54089,Summers County,0,1,0,-1,0,0,0,0,-1,0,-1,3,-2,-4,-8,-2,-1,-1,-1,-1,0,-1,-1,-1,-2
54091,Taylor County,0,1,-1,-2,1,0,1,0,-1,-1,0,0,-1,3,4,4,3,-1,-2,-2,0,0,-1,0,-1
54093,Tucker County,0,1,1,1,0,1,0,1,0,1,0,0,0,0,0,0,0,0,0,0,0,0,0,0,1
54095,Tyler County,0,1,1,-1,0,0,0,0,-1,0,0,0,0,-1,0,5,8,2,-2,-2,0,1,-1,0,0
54097,Upshur County,0,7,7,6,9,6,7,7,5,5,0,-7,-12,-3,0,17,17,4,-2,-2,0,0,4,22,20
54099,Wayne County,1,14,14,12,16,15,16,15,14,14,2,8,3,-7,-9,-6,-1,-3,-4,-12,3,24,21,12,-1
54101,Webster County,1,3,2,1,2,0,1,1,0,0,1,6,5,2,0,0,0,0,0,0,0,0,0,0,-1
54103,Wetzel County,0,1,2,2,1,3,2,3,2,3,1,7,1,-1,-2,-2,1,0,0,0,0,0,9,20,8
54105,Wirt County,0,1,1,1,0,1,0,1,0,1,0,8,-1,0,0,0,0,0,0,0,0,0,0,0,0
54107,Wood County,3,31,27,23,34,33,37,31,30,28,-4,-4,-7,-21,-18,-4,-7,-16,-24,-24,0,13,30,57,20
54109,Wyoming County,0,1,0,0,0,0,0,0,-1,0,0,-1,0,0,0,0,3,0,0,0,0,0,-3,-4,-4
55001,Adams County,0,3,3,3,2,3,4,3,4,5,-1,-2,3,5,3,12,9,10,8,8,0,2,42,92,56
55003,Ashland County,0,4,4,3,3,2,2,2,1,2,0,0,8,12,8,3,4,5,4,3,0,2,29,43,31
55005,Barron County,2,23,22,18,17,17,18,16,15,16,6,18,25,37,27,27,19,19,12,11,2,30,109,89,70
55007,Bayfield County,0,3,2,1,1,0,1,1,0,1,0,7,4,8,6,4,3,3,2,2,0,1,2,4,12
55009,Brown County,139,534,509,446,443,456,469,432,419,422,77,260,305,360,377,407,405,406,388,138,7,140,880,782,1077
55011,Buffalo County,0,1,0,-1,0,1,1,0,-1,0,0,-2,4,1,4,7,4,2,9,9,0,0,4,0,6
55013,Burnett County,0,3,2,1,2,3,3,1,0,1,0,4,4,5,2,2,2,2,1,1,0,0,7,8,2
55015,Calumet County,7,48,46,39,32,34,33,31,30,31,2,9,21,18,18,25,18,16,13,13,0,4,124,123,142
55017,Chippewa County,2,18,14,8,14,10,12,9,9,9,4,-2,4,13,11,10,0,2,-1,-1,0,3,52,22,30
55019,Clark County,0,18,15,10,13,11,12,12,11,11,2,3,15,4,7,11,16,16,23,14,0,7,108,75,96
55021,Columbia County,0,26,22,14,24,19,23,19,19,19,0,3,10,25,25,26,23,24,14,8,0,10,86,120,96
55023,Crawford County,0,0,-1,-2,1,-1,0,0,-1,-1,0,2,1,5,6,7,5,7,3,3,0,1,5,14,15
55025,Dane County,533,1961,1846,1614,1533,1602,1627,1476,1437,1441,286,1155,1350,2000,1866,2387,2033,2031,1029,962,60,908,4800,4577,4404
55027,Dodge County,7,59,51,43,40,38,40,35,33,34,12,29,38,17,10,20,26,25,26,22,0,30,273,273,248
55029,Door County,1,6,4,3,6,5,6,6,4,4,4,-4,3,0,-3,4,3,2,0,0,0,7,67,40,66
55031,Douglas County,6,33,30,22,31,29,33,27,26,25,-1,13,22,45,21,38,16,21,-13,-13,0,23,42,20,26
55033,Dunn County,8,35,32,25,27,25,28,24,24,24,-2,4,32,54,44,64,40,48,15,16,0,12,72,33,52
55035,Eau Claire County,16,78,72,52,52,48,50,45,44,45,10,42,83,142,125,118,142,148,95,96,4,31,147,149,210
55037,Florence County,0,1,1,1,0,1,0,1,0,1,0,-3,-1,0,0,-2,-2,-2,-2,-2,0,0,0,0,0
55039,Fond du Lac County,32,137,128,111,107,109,111,100,96,98,11,69,114,204,190,187,167,161,88,74,2,24,407,412,548
55041,Forest County,0,0,0,-1,1,1,1,1,0,1,0,2,2,2,3,3,3,3,0,0,0,0,3,2,6
55043,Grant County,2,12,9,7,9,8,10,7,7,7,3,3,21,44,29,37,26,26,10,10,0,4,76,51,51
55045,Green County,2,15,16,15,19,19,20,19,18,19,10,36,49,39,40,32,29,28,15,15,0,9,59,37,63
55047,Green Lake County,0,5,4,2,5,5,7,3,2,2,1,1,-4,-1,5,0,2,1,-2,-2,0,2,20,20,7
55049,Iowa County,0,1,0,0,1,0,1,1,0,1,1,3,5,7,12,6,5,5,3,3,0,4,33,24,11
55051,Iron County,0,0,-1,-1,0,-1,0,0,-1,0,0,0,0,-1,0,1,1,1,0,0,0,0,1,1,0
55053,Jackson County,1,10,9,5,10,10,12,7,6,6,1,2,3,-2,4,4,7,7,6,6,0,2,22,18,18
55055,Jefferson County,21,121,117,99,96,95,102,93,92,93,18,14,46,44,50,44,39,25,27,28,0,2,159,152,239
55057,Juneau County,0,2,0,-4,7,3,6,3,3,3,1,6,6,4,5,7,7,7,4,1,0,4,43,25,11
55059,Kenosha County,71,277,252,197,235,224,244,211,210,207,21,29,52,57,88,116,73,77,29,-48,4,66,418,516,370
55061,Kewaunee County,0,6,5,4,4,5,4,3,2,3,0,0,3,6,10,14,21,13,28,28,0,3,69,52,37
55063,La Crosse County,18,83,75,63,69,64,66,60,57,57,26,52,45,75,47,45,23,26,-12,-11,0,1,113,85,58
55065,Lafayette County,0,2,1,0,2,1,2,2,1,2,1,0,-3,2,2,1,4,1,6,6,0,5,68,112,161
55067,Langlade County,0,3,3,3,2,4,3,4,3,4,4,6,5,8,18,20,18,18,10,9,0,0,9,6,12
55069,Lincoln County,0,20,18,18,16,15,15,15,14,15,-1,1,1,2,2,5,5,6,0,0,0,6,27,41,36
55071,Manitowoc County,16,101,102,86,80,78,80,69,67,68,8,41,60,59,57,68,64,59,67,67,0,32,335,246,250
55073,Marathon County,26,113,104,94,89,92,91,80,77,81,24,31,55,70,40,86,77,68,74,66,0,31,371,307,404
55075,Marinette County,0,12,10,3,12,8,12,9,9,9,1,7,3,3,2,6,6,5,13,3,0,4,31,31,60
55077,Marquette County,0,1,0,-1,0,0,1,1,0,1,0,2,2,1,2,3,3,2,1,1,0,1,24,29,7
55078,Menominee County,0,1,1,1,0,1,0,1,0,1,5,18,11,25,15,0,0,0,0,0,0,0,0,0,0
55079,Milwaukee County,851,3040,2862,2491,2294,2401,2605,2322,2305,2292,349,1416,1971,2598,2511,2894,2634,2609,2166,1072,119,988,5298,5239,5688
55081,Monroe County,7,39,20,-10,55,29,45,29,31,27,6,18,41,16,19,49,43,42,43,10,0,13,84,81,115
55083,Oconto County,0,3,5,3,5,6,6,5,4,5,0,3,15,13,15,14,13,12,12,12,0,0,7,17,31
55085,Oneida County,0,7,8,7,10,7,8,7,6,6,4,6,14,13,12,3,4,4,1,1,0,4,12,20,20
55087,Outagamie County,43,212,203,169,163,160,163,152,147,150,37,116,174,228,255,210,168,162,111,104,0,54,395,411,395
55089,Ozaukee County,17,95,89,76,75,75,75,65,63,66,12,46,61,92,125,119,106,98,32,32,1,57,224,202,123
55091,Pepin County,0,1,1,2,1,1,0,1,0,1,0,1,5,1,2,1,5,2,6,6,0,2,12,6,10
55093,Pierce County,1,10,8,3,11,12,14,8,8,8,-4,-16,0,46,40,61,46,46,35,-2,0,7,44,30,24
55095,Polk County,0,19,18,14,19,18,20,17,17,17,3,6,10,9,2,14,9,9,4,4,0,5,12,10,11
55097,Portage County,10,58,54,48,43,44,47,42,42,42,10,28,67,100,121,163,116,115,52,50,2,38,236,178,111
55099,Price County,0,1,0,-1,0,0,0,0,-1,0,0,2,17,20,21,6,6,6,3,3,0,2,12,6,9
55101,Racine County,92,331,312,277,259,267,272,250,245,250,28,53,87,67,61,139,101,104,111,-4,1,89,490,499,501
55103,Richland County,0,3,3,3,2,3,2,3,2,3,0,0,9,16,15,16,20,19,15,15,0,3,33,53,39
55105,Rock County,75,281,269,231,212,227,228,210,200,201,4,-50,4,58,74,93,77,52,46,39,0,33,206,324,247
55107,Rusk County,0,2,1,1,2,3,3,2,0,1,0,5,19,21,28,21,14,16,12,12,0,2,9,8,6
55109,St. Croix County,1,29,26,20,26,28,30,25,23,23,-7,-24,4,36,27,31,31,29,44,29,0,7,70,117,169
55111,Sauk County,2,33,25,21,17,19,21,14,14,14,17,54,50,45,36,73,79,87,97,19,1,23,287,310,303
55113,Sawyer County,0,2,2,1,2,2,2,2,1,2,1,0,1,2,2,2,2,2,3,2,0,0,8,4,19
55115,Shawano County,1,19,19,17,17,20,22,20,18,19,4,17,13,11,12,13,15,14,11,8,0,0,44,36,88
55117,Sheboygan County,43,184,175,150,141,144,144,129,123,126,25,55,86,121,116,100,88,79,43,41,0,58,375,368,399
55119,Taylor County,0,11,10,8,9,11,12,12,9,10,2,2,7,1,10,14,13,12,10,10,0,4,55,34,40
55121,Trempealeau County,0,4,4,2,2,2,2,2,1,2,7,10,28,17,19,28,35,30,55,55,0,5,78,89,131
55123,Vernon County,0,0,-1,-3,2,0,2,0,0,0,0,2,8,7,4,7,3,4,0,1,0,4,25,14,17
55125,Vilas County,0,11,11,13,13,15,14,14,12,13,0,6,13,24,21,17,17,18,10,10,0,-1,-1,-2,-2
55127,Walworth County,58,226,210,178,171,173,175,153,150,152,14,-25,0,24,19,31,18,9,-10,-23,0,4,262,255,257
55129,Washburn County,0,0,-1,-2,1,-1,0,0,-1,-1,0,1,2,8,10,9,4,5,3,3,0,2,4,4,4
55131,Washington County,16,103,95,82,85,80,83,78,74,75,12,30,77,107,102,89,54,58,22,22,0,25,131,143,123
55133,Waukesha County,134,394,362,304,286,306,307,272,264,273,59,270,367,568,569,624,479,496,199,151,10,260,859,903,841
55135,Waupaca County,0,8,6,4,9,7,9,6,6,6,4,6,21,12,13,20,19,20,18,17,0,1,56,60,114
55137,Waushara County,1,19,19,18,16,18,18,17,14,15,1,-1,5,5,5,4,7,4,15,14,0,1,25,23,31
55139,Winnebago County,43,227,210,186,181,182,187,171,167,169,22,34,98,134,129,167,167,167,118,65,1,79,403,317,380
55141,Wood County,13,86,78,72,69,71,73,64,63,63,7,18,11,19,31,44,31,26,16,17,0,9,158,163,163
56001,Albany County,10,77,83,79,86,93,95,86,87,85,45,3,168,73,0,262,191,268,257,259,6,56,255,374,268
56003,Big Horn County,0,20,27,27,35,40,41,37,39,38,-1,-5,-1,3,-4,-7,2,3,2,2,0,0,3,6,11
56005,Campbell County,3,28,29,28,25,24,23,24,23,25,10,-33,-2,-31,-53,29,24,48,52,33,0,10,14,31,70
56007,Carbon County,0,6,5,5,3,2,1,1,0,1,0,-13,-1,1,-12,0,14,11,7,8,0,3,20,5,7
56009,Converse County,0,6,5,3,5,7,7,5,5,5,0,-3,6,9,-6,15,4,5,5,5,0,4,3,4,6
56011,Crook County,1,6,6,5,4,7,6,6,5,6,3,2,6,-3,2,23,16,20,20,20,1,10,-2,-1,-1
56013,Fremont County,1,10,10,7,11,11,13,10,11,9,3,-9,-8,14,-6,-8,-6,-5,-4,-3,0,0,5,-11,4
56015,Goshen County,0,-1,-2,-4,2,-1,1,-1,1,-1,3,-6,4,18,7,24,-1,7,6,6,0,4,2,4,30
56017,Hot Springs County,0,2,1,1,-1,0,-1,0,-1,0,4,-2,-5,-2,-1,0,2,2,1,1,0,0,0,0,0
56019,Johnson County,0,0,0,-2,3,1,3,1,3,1,4,0,9,1,-3,2,1,2,2,2,0,-2,-8,-1,12
56021,Laramie County,60,45,-133,-455,249,6,134,-8,48,19,48,-58,199,89,-3,161,27,7,-42,1,4,-5,10,54,49
56023,Lincoln County,0,1,0,-1,1,1,1,0,0,0,4,-5,-1,-3,-18,-1,-3,1,0,0,0,-1,-1,30,61
56025,Natrona County,11,56,50,33,46,51,53,42,42,41,18,-24,37,32,-40,96,74,108,102,103,0,0,9,8,-20
56027,Niobrara County,0,2,2,2,1,2,1,2,1,2,0,-2,0,0,0,0,0,0,0,0,0,0,0,0,0
56029,Park County,2,11,11,8,10,9,11,9,11,9,1,0,50,49,-17,-9,-11,-7,-9,-10,0,18,7,22,14
56031,Platte County,1,6,3,3,4,5,5,3,4,4,0,-3,-3,4,-6,0,-10,-10,-10,-10,0,0,18,23,25
56033,Sheridan County,0,11,10,5,7,4,5,4,6,5,26,6,30,34,-8,3,8,14,13,14,2,14,12,37,56
56035,Sublette County,0,2,-1,-1,1,0,0,0,0,0,10,-3,0,6,-7,-9,-6,-7,-8,-8,1,-1,-1,-1,-2
56037,Sweetwater County,5,17,12,4,9,5,7,5,6,4,-2,-43,-33,71,-45,31,8,27,22,23,1,17,3,85,140
56039,Teton County,31,110,103,94,94,103,104,93,92,91,0,-16,13,111,-29,71,62,98,88,79,2,6,85,159,261
56041,Uinta County,0,14,14,10,14,13,13,12,13,13,-6,-23,-16,-16,-14,-1,-3,0,0,0,0,0,-6,-8,14
56043,Washakie County,0,6,6,7,5,6,5,5,4,5,-1,-2,-1,-1,-2,-4,-5,-5,-5,-5,0,0,9,-3,6
56045,Weston County,0,0,-2,-2,-1,-1,-1,-1,-1,-1,2,-3,4,9,3,42,14,18,17,18,0,1,-4,-1,-1
6001,Alameda County,3648,14495,13576,11735,10779,11223,11191,10177,9826,9844,1687,9020,9087,10177,11514,14029,12725,11386,8473,8540,160,4233,15793,20121,19919
6003,Alpine County,0,1,1,1,0,1,0,1,0,1,0,0,0,1,0,2,2,1,1,1,0,0,1,2,5
6005,Amador County,1,25,23,16,13,15,14,12,11,12,1,13,2,19,24,33,27,22,17,17,0,8,37,41,32
6007,Butte County,150,490,448,361,375,374,377,334,332,334,39,70,134,218,316,256,226,179,99,103,1,64,272,386,625
6009,Calaveras County,1,18,15,13,12,12,12,11,12,11,3,13,6,22,28,37,38,27,15,15,0,8,22,45,23
6011,Colusa County,60,192,179,165,138,147,145,133,128,131,2,-25,-31,-17,-7,-9,-4,-27,-36,-33,0,6,34,63,87
6013,Contra Costa County,1372,5357,4959,4204,3811,3929,3925,3528,3394,3387,489,3049,2728,3467,4082,5165,4713,4092,2942,2916,130,1676,7368,9735,9415
6015,Del Norte County,19,66,57,42,47,45,47,44,45,43,1,2,12,-6,-1,7,31,28,14,15,0,11,3,-3,-3
6017,El Dorado County,90,355,330,290,276,288,288,259,257,257,22,87,103,120,115,195,170,139,71,75,0,86,259,337,400
6019,Fresno County,1242,4785,4431,3771,3383,3500,3462,3126,3011,3031,96,574,622,1025,1384,1900,1884,1180,495,479,4,559,4450,8354,9987
6021,Glenn County,36,124,114,98,95,94,94,90,88,85,-3,-20,-23,-16,-23,-6,0,-20,-33,-31,0,10,44,100,148
6023,Humboldt County,42,152,137,113,128,120,124,110,113,111,19,60,48,35,2,30,10,-5,-15,-17,0,40,141,140,135
6025,Imperial County,295,1169,1074,899,864,880,888,787,765,760,-64,-93,-42,217,342,571,781,284,34,33,6,54,974,1461,1811
6027,Inyo County,8,44,39,36,32,35,34,30,27,29,-2,1,6,11,8,19,25,23,18,18,0,2,6,13,25
6029,Kern County,875,3023,2643,1862,2402,2212,2307,1960,1973,1930,143,608,783,1133,1069,1289,1322,623,40,81,-17,322,2651,4261,5062
6031,Kings County,205,529,326,-113,635,393,500,311,381,344,55,-24,264,131,133,223,140,-5,-148,-74,3,1,228,497,811
6033,Lake County,32,120,111,88,93,91,93,83,82,81,-3,-35,-29,-20,-17,1,5,-16,-29,-26,0,14,85,165,191
6035,Lassen County,1,5,3,0,4,2,4,2,4,3,2,28,16,8,16,12,10,9,7,7,0,4,40,48,81
6037,Los Angeles County,22851,91174,84923,72945,65241,68044,67550,61094,58775,58557,6603,33540,27905,33130,36648,42930,38904,31888,20835,21050,158,12108,62305,83416,92259
6039,Madera County,221,862,800,676,607,621,619,554,537,531,-35,-67,-59,70,-32,30,68,-71,-148,-139,0,-26,234,545,870
6041,Marin County,399,1403,1304,1117,1047,1061,1058,967,925,915,159,676,624,623,589,738,661,599,427,432,3,388,1474,1725,1902
6043,Mariposa County,1,10,10,8,6,7,6,7,6,7,1,0,8,18,12,14,14,11,9,9,0,5,56,48,70
6045,Mendocino County,102,333,304,251,225,228,228,205,200,200,12,10,-35,5,0,-2,6,-29,-60,-60,0,47,191,337,303
6047,Merced County,341,1299,1207,1027,898,931,915,829,791,786,21,76,-39,74,119,224,273,9,-150,-144,3,116,989,1536,1754
6049,Modoc County,0,12,11,7,6,7,6,6,4,5,0,6,6,9,12,10,9,7,5,5,0,3,13,32,64
6051,Mono County,19,56,45,16,55,43,49,38,40,37,3,4,23,32,41,110,95,83,62,64,1,19,91,123,31
6053,Monterey County,1122,3937,3379,2321,3178,2895,3034,2543,2579,2526,79,63,358,410,587,959,969,271,-203,-90,10,250,1573,1907,2678
6055,Napa County,225,835,783,668,619,639,639,583,567,564,41,202,199,174,163,177,160,74,-20,-13,0,41,393,525,575
6057,Nevada County,26,106,92,75,80,79,81,73,73,71,7,1,3,4,29,23,26,11,0,-3,0,2,55,111,156
6059,Orange County,6214,25313,23564,20213,18276,19013,18876,17061,16490,16505,1378,8195,7390,9649,11194,12986,11584,9468,5987,6178,78,3836,16522,21406,23385
6061,Placer County,162,541,502,402,408,409,414,365,367,359,127,322,227,292,406,427,336,229,49,79,2,218,1150,1875,1630
6063,Plumas County,0,13,13,10,9,10,9,10,9,10,2,8,8,-2,-1,3,3,1,-3,-3,0,2,19,24,46
6065,Riverside County,1784,7014,6368,5144,5008,5046,5092,4480,4364,4313,6,1084,925,1750,2249,3216,2910,1594,242,303,27,640,6208,9574,12565
6067,Sacramento County,1809,6952,6362,5210,5041,5085,5118,4556,4425,4420,653,3684,3301,4227,4801,5723,5112,4375,2996,3042,178,2425,11193,16161,14962
6069,San Benito County,94,341,323,283,253,269,266,242,235,231,-5,-29,-30,-40,-29,10,20,-18,-43,-38,0,-12,31,120,186
6071,San Bernardino County,1920,6728,5490,2997,5778,4891,5317,4148,4323,4151,200,776,1582,1585,1861,2873,2379,1232,36,162,11,605,6885,10521,11937
6073,San Diego County,5351,15326,9838,-1804,17796,11777,14496,9293,11105,10270,2382,8903,14144,13684,14179,16893,14346,10259,5575,6733,163,2717,13358,17945,17665
6075,San Francisco County,2039,8309,7789,6772,6067,6382,6347,5743,5540,5529,1163,6186,6107,6614,6847,7384,6544,5994,4497,4498,84,2040,7837,9643,9164
6077,San Joaquin County,795,3089,2879,2463,2227,2321,2309,2092,2017,1999,107,781,624,1061,1181,1848,1845,1288,660,687,35,678,4111,6430,7870
6079,San Luis Obispo County,171,593,548,443,465,465,466,406,398,398,-11,34,54,162,199,217,204,89,-16,-7,0,77,384,588,685
6081,San Mateo County,1743,7127,6668,5794,5148,5388,5346,4849,4682,4701,663,3518,3585,4316,4879,5779,5282,4756,3568,3610,101,1715,7632,10102,10320
6083,Santa Barbara County,721,2609,2290,1669,2028,1910,1974,1687,1680,1644,159,703,862,1047,1210,1588,1488,957,491,553,21,439,1835,2363,2670
6085,Santa Clara County,5889,23748,22265,19363,17458,18260,18177,16585,16037,16116,2690,14153,13618,16301,19269,22124,19970,17926,13262,13409,191,6704,26026,32817,32054
6087,Santa Cruz County,373,1419,1323,1139,1004,1039,1029,932,896,893,-2,92,35,245,310,386,373,214,48,59,4,94,493,694,663
6089,Shasta County,29,145,136,112,114,115,116,103,102,101,33,137,125,213,204,319,289,258,194,193,1,95,273,326,365
6091,Sierra County,0,3,3,3,2,3,2,3,2,3,0,0,2,-1,0,0,0,0,0,0,0,0,2,0,8
6093,Siskiyou County,4,59,56,48,46,46,46,40,41,40,6,13,13,6,16,18,14,10,3,2,0,7,23,39,51
6095,Solano County,570,1556,1129,191,1635,1205,1408,966,1087,1000,209,753,1154,954,886,933,790,534,198,280,0,318,1886,2736,2698
6097,Sonoma County,655,2334,2141,1764,1728,1743,1747,1555,1522,1523,56,103,131,394,629,653,708,361,74,97,5,228,1285,2141,2202
6099,Stanislaus County,576,2151,1981,1673,1484,1513,1503,1346,1292,1262,119,581,296,590,584,820,855,478,140,144,6,321,1901,2955,3153
6101,Sutter County,172,553,514,419,463,460,464,414,412,410,81,283,275,226,267,293,259,184,81,100,2,91,428,833,1023
6103,Tehama County,25,95,87,73,67,71,68,58,56,60,14,20,-13,-16,-24,-17,-11,-24,-31,-29,0,-11,23,118,182
6105,Trinity County,0,6,5,4,2,3,2,3,2,3,0,-1,-1,0,-1,-2,-1,-2,-1,-1,0,-2,-5,-3,0
6107,Tulare County,577,2346,2152,1851,1634,1678,1671,1506,1458,1455,-114,-361,-348,-103,115,324,432,-25,-286,-270,0,46,969,1512,2086
6109,Tuolumne County,3,31,28,22,24,21,23,20,22,20,8,42,36,51,54,33,31,27,19,20,0,7,25,29,44
6111,Ventura County,1130,3847,3328,2315,3014,2787,2905,2421,2427,2383,119,485,562,1058,1306,1456,1408,689,27,140,0,259,1977,2818,3446
6113,Yolo County,438,1532,1432,1224,1132,1155,1154,1063,1027,1020,169,826,805,1070,1153,1483,1349,1167,841,857,15,512,1725,2088,2034
6115,Yuba County,105,226,102,-190,362,198,274,151,209,188,45,49,149,121,104,133,83,20,-30,0,2,22,172,187,251
8001,Adams County,709,2662,2430,2041,1809,1823,1823,1657,1604,1611,103,1296,653,607,617,1032,695,818,1217,1204,36,480,2508,4586,8050
8003,Alamosa County,3,36,35,30,27,32,30,28,24,26,2,7,-1,-5,1,2,6,6,12,-4,0,10,67,26,37
8005,Arapahoe County,828,2806,2509,1968,2061,1997,2057,1799,1766,1739,584,2797,2550,2330,2412,3034,2377,2072,2561,2507,87,970,5746,9801,13716
8007,Archuleta County,0,4,5,5,4,8,7,6,5,6,2,9,4,10,6,5,4,2,9,9,0,2,8,8,25
8009,Baca County,0,1,1,1,0,1,0,1,0,1,0,1,1,1,0,1,0,3,3,3,0,1,7,10,12
8011,Bent County,0,3,1,1,0,1,0,1,0,1,2,19,13,11,0,1,1,2,2,2,0,0,0,-1,-1
8013,Boulder County,444,1620,1482,1261,1117,1123,1122,1030,996,993,225,1005,802,717,943,1183,931,765,961,938,23,334,1225,1789,2415
8014,Broomfield County,27,151,149,134,128,128,130,126,122,121,27,124,103,89,84,124,99,78,103,105,1,58,173,339,545
8015,Chaffee County,0,11,9,10,7,8,7,8,7,8,6,19,10,-3,-1,14,9,6,8,9,0,4,11,24,17
8017,Cheyenne County,0,5,3,2,1,2,1,2,1,2,1,17,1,2,5,7,7,5,6,6,0,4,10,12,2
8019,Clear Creek County,0,1,1,1,0,1,0,1,0,1,4,27,22,21,23,23,12,18,23,23,0,3,2,5,1
8021,Conejos County,0,7,5,3,1,2,1,2,0,0,1,12,5,1,3,2,3,3,3,3,0,0,-1,-1,-1
8023,Costilla County,0,5,4,2,3,3,3,3,3,3,1,17,8,8,8,9,4,6,10,10,0,-1,0,0,0
8025,Crowley County,0,1,1,1,0,1,0,1,0,1,3,32,13,0,-1,9,19,21,34,0,0,-1,-1,-1,5
8027,Custer County,0,1,1,1,0,1,0,1,0,1,0,0,0,0,0,0,-1,-1,-1,-1,0,0,2,2,1
8029,Delta County,19,73,70,59,57,54,54,49,50,51,3,27,9,1,3,-5,-5,-1,1,2,0,8,12,11,53
8031,Denver County,1787,6742,6198,5300,4677,4809,4779,4370,4212,4251,386,2628,1885,1709,1857,2527,1911,1732,2314,2242,49,703,4340,8456,13332
8033,Dolores County,0,1,1,1,0,1,0,1,0,1,0,0,0,0,0,0,0,0,0,0,0,0,0,0,0
8035,Douglas County,141,469,403,327,340,323,338,304,298,294,83,428,546,482,508,783,580,461,560,562,19,248,787,1239,1483
8037,Eagle County,172,629,574,495,425,431,428,394,379,384,30,277,62,54,62,140,83,82,114,118,5,38,198,395,430
8039,Elbert County,2,7,5,3,5,3,4,3,4,4,4,5,-5,-2,24,46,33,28,33,34,0,4,6,7,3
8041,El Paso County,665,1074,-149,-2401,2297,595,1504,483,843,620,452,894,2682,1519,1382,2014,994,475,346,526,-16,57,1247,2351,3097
8043,Fremont County,6,25,17,7,21,14,18,13,15,13,11,91,58,-14,-4,-9,-7,-8,-5,-5,0,7,18,4,24
8045,Garfield County,100,314,277,238,209,205,208,189,186,186,11,131,20,-18,9,0,-8,26,63,54,3,47,300,442,586
8047,Gilpin County,1,3,2,1,2,2,2,2,2,2,1,0,1,-2,-2,0,0,0,0,0,1,8,28,4,0
8049,Grand County,1,25,21,18,12,16,16,13,11,12,5,21,-3,1,5,19,11,11,10,10,0,9,68,76,91
8051,Gunnison County,1,22,22,18,16,16,16,14,14,14,2,6,-11,-9,-3,5,-1,2,7,7,0,1,25,39,97
8053,Hinsdale County,0,1,1,1,0,1,0,1,0,1,0,0,0,0,0,0,0,0,0,0,0,0,0,0,0
8055,Huerfano County,0,6,6,5,2,3,2,2,1,2,4,20,0,-2,-1,1,4,3,4,4,0,-1,-1,-2,3
8057,Jackson County,0,1,1,1,0,1,0,1,0,1,0,0,0,0,1,0,0,0,1,1,0,0,0,0,10
8059,Jefferson County,402,1250,1141,934,831,839,835,750,721,710,118,672,566,372,485,678,495,441,613,596,11,225,995,1916,3354
8061,Kiowa County,0,1,1,1,0,1,0,1,0,1,0,0,0,0,0,0,0,0,0,0,0,0,1,2,2
8063,Kit Carson County,3,34,28,23,20,21,20,21,20,21,-2,17,7,3,1,2,3,3,8,8,0,0,31,22,37
8065,Lake County,30,121,110,100,84,88,86,81,79,81,-5,-2,-7,-6,-10,-6,-2,-2,-1,0,0,1,47,14,38
8067,La Plata County,6,38,34,28,26,31,31,26,26,26,3,17,-1,-10,-4,-5,-19,-18,-12,-11,0,10,40,20,108
8069,Larimer County,205,683,630,539,511,511,516,474,466,473,78,486,485,449,413,599,485,417,538,537,3,179,698,866,1409
8071,Las Animas County,3,15,14,8,8,9,9,7,7,7,3,16,5,8,17,19,13,12,17,18,0,4,19,27,32
8073,Lincoln County,0,2,2,2,1,3,2,2,1,2,-1,7,7,0,1,2,4,3,4,4,0,2,6,0,0
8075,Logan County,8,49,44,39,38,35,35,33,31,31,-1,-12,-12,20,15,23,9,3,6,6,0,7,27,21,58
8077,Mesa County,35,141,128,109,92,90,90,81,82,83,12,68,-20,-37,-57,-33,-40,-40,-13,-13,1,30,103,156,239
8079,Mineral County,0,1,1,1,0,1,0,1,0,1,0,0,0,0,0,0,0,0,0,0,0,0,0,0,0
8081,Moffat County,9,49,45,38,37,37,36,35,33,34,4,23,9,4,-3,3,0,8,19,19,1,0,34,29,46
8083,Montezuma County,0,11,11,7,5,6,5,6,5,6,6,15,-3,-23,-15,-18,-16,-16,-17,-17,0,16,58,68,55
8085,Montrose County,11,61,56,46,41,38,39,34,32,32,5,59,-15,-10,-13,-12,-14,1,15,15,1,24,112,142,234
8087,Morgan County,67,188,170,144,117,116,115,105,100,102,36,171,65,74,82,131,126,147,200,171,2,94,404,409,260
8089,Otero County,2,35,33,25,22,21,21,20,20,20,3,5,2,-5,-6,0,2,1,7,7,0,2,-2,7,20
8091,Ouray County,0,3,3,3,1,3,2,2,1,2,1,-1,2,0,1,3,2,2,1,1,0,1,10,13,10
8093,Park County,1,12,9,8,6,5,4,5,4,5,1,-3,8,6,2,-5,-7,-7,-7,-7,0,2,12,18,14
8095,Phillips County,0,29,29,24,23,25,24,25,22,23,1,42,12,7,-2,12,6,17,23,23,0,10,37,20,26
8097,Pitkin County,18,91,86,77,66,66,66,63,60,62,18,63,44,83,84,109,99,78,94,93,1,18,65,94,135
8099,Prowers County,26,100,90,73,70,72,72,64,63,65,2,20,10,12,16,10,6,12,17,17,0,12,29,70,65
8101,Pueblo County,54,195,174,140,149,150,157,133,133,129,4,91,46,28,32,65,21,36,70,65,0,27,121,265,360
8103,Rio Blanco County,0,6,5,4,6,5,5,5,5,5,10,17,18,5,0,5,5,8,11,11,0,7,26,49,132
8105,Rio Grande County,5,29,25,18,13,13,12,13,12,13,-1,7,-7,-12,-3,-4,-2,1,12,12,0,1,-2,-3,-2
8107,Routt County,12,51,49,40,27,27,26,23,21,22,6,26,61,75,81,67,47,32,42,43,0,10,98,167,183
8109,Saguache County,0,31,30,27,22,27,26,22,19,20,2,20,4,5,6,6,6,7,9,9,0,0,2,1,3
8111,San Juan County,0,1,1,1,0,1,0,1,0,1,0,0,0,0,0,0,0,0,0,0,0,0,0,0,-1
8113,San Miguel County,2,37,32,27,21,23,22,18,15,16,7,35,15,9,26,35,30,29,41,41,0,4,16,18,24
8115,Sedgwick County,0,4,4,2,0,1,0,1,0,1,0,3,1,1,2,0,-1,-1,-1,-1,0,0,0,3,3
8117,Summit County,76,278,252,223,190,192,188,173,169,174,32,178,130,54,103,116,110,90,115,101,1,13,477,317,430
8119,Teller County,1,0,-3,-7,3,-1,1,-1,1,-1,-2,-11,-8,-13,-15,-3,-2,-4,-3,-3,0,5,19,58,40
8121,Washington County,0,6,5,2,0,3,2,1,0,1,0,4,1,1,1,-1,-1,-1,-1,-1,0,1,7,10,12
8123,Weld County,253,950,839,688,625,620,618,551,535,537,27,381,157,84,255,344,214,265,394,363,9,179,1074,1392,1849
8125,Yuma County,8,47,45,38,31,26,25,25,22,23,2,58,7,23,25,13,11,32,46,47,1,40,124,108,105
9001,Fairfield County,1718,6777,6431,5617,5079,5368,5528,5014,4878,4884,797,4608,5465,3711,6057,5138,4473,4394,5483,4737,,,,,
9003,Hartford County,888,3364,3156,2727,2547,2649,3117,2736,2791,2784,682,3721,4470,3187,5330,5041,4533,4614,6070,3454,,,,,
9005,Litchfield County,63,255,242,209,202,202,204,184,185,184,25,118,163,185,308,345,271,269,329,263,,,,,
9007,Middlesex County,82,292,272,234,238,247,258,222,222,224,63,300,304,204,346,308,264,259,327,237,,,,,
9009,New Haven County,836,2983,2801,2426,2232,2310,2691,2382,2433,2432,542,2817,3696,2673,4449,3975,3552,3623,4776,2740,,,,,
9011,New London County,236,422,57,-662,824,332,641,290,436,371,240,812,1144,605,796,774,518,419,477,326,,,,,
9013,Tolland County,76,288,265,233,237,242,250,226,223,222,42,278,356,268,512,508,407,398,463,449,,,,,
9015,Windham County,47,225,216,171,192,183,243,206,223,221,29,239,292,191,308,386,377,392,573,117,,,,,
9110,Capitol Planning Region,,,,,,,,,,,,,,,,,,,,,137,1697,5872,7252,8117
9120,Greater Bridgeport Planning Region,,,,,,,,,,,,,,,,,,,,,37,902,3769,4261,5064
9130,Lower Connecticut River Valley Planning Region,,,,,,,,,,,,,,,,,,,,,3,130,465,578,777
9140,Naugatuck Valley Planning Region,,,,,,,,,,,,,,,,,,,,,22,516,2061,2529,3236
9150,Northeastern Connecticut Planning Region,,,,,,,,,,,,,,,,,,,,,0,27,113,155,154
9160,Northwest Hills Planning Region,,,,,,,,,,,,,,,,,,,,,0,70,301,277,610
9170,South Central Connecticut Planning Region,,,,,,,,,,,,,,,,,,,,,70,1001,3073,4152,6259
9180,Southeastern Connecticut Planning Region,,,,,,,,,,,,,,,,,,,,,16,339,846,1226,1421
9190,Western Connecticut Planning Region,,,,,,,,,,,,,,,,,,,,,124,1534,6359,7239,9818
