county_fips,county,2000,2001,2002,2003,2004,2005,2006,2007,2008,2009,2010,2011,2012,2013,2014,2015,2016,2017,2018,2019,2020,2021,2022,2023,2024
10001,Kent County,181,967,1802,2116,3451,4121,3782,3051,2365,1215,355,1314,1372,1056,1623,989,725,1396,1556,1874,453,3047,2855,2219,2441
10003,New Castle County,754,1464,1223,1464,1351,1719,740,115,256,789,-365,743,600,1441,364,689,-420,-752,355,-132,50,365,3593,4727,4433
10005,Sussex County,814,2712,3271,3740,3550,4132,4508,3862,3940,2592,648,2324,2442,3158,3986,4612,4782,5314,5424,5292,1796,11207,9172,8248,7965
1001,Autauga County,138,323,528,430,996,720,1059,501,223,158,172,331,-343,-214,108,-94,263,47,30,254,102,233,552,594,852
1003,Baldwin County,881,3046,2817,3131,4617,5427,5378,3628,2852,3079,818,3076,3294,4380,3977,3564,4368,4705,5321,5377,1627,7143,7472,7485,7625
1005,Barbour County,-18,-149,-159,-43,-236,-260,-140,-164,22,-134,-70,8,-188,-220,-138,-417,-475,-637,-219,-128,-190,-317,300,-10,-112
1007,Bibb County,38,927,-18,57,150,155,-112,138,72,-17,-59,-114,-86,-131,30,30,-16,-73,-154,41,-95,242,-311,-63,400
1009,Blount County,84,651,653,874,623,481,851,685,759,422,7,12,-95,-20,-118,-77,-80,357,-4,65,23,117,619,395,504
1011,Bullock County,-29,-245,-114,48,-266,-87,-317,190,-132,16,-23,-237,-74,-67,102,-259,-23,-205,-15,-73,-85,-63,41,-205,21
1013,Butler County,-83,-296,-357,-22,-24,-71,-87,-38,-83,-201,-4,-76,-164,-297,9,-126,-126,-99,-199,-123,13,-105,-73,-195,3
1015,Calhoun County,-951,-392,-228,461,117,411,346,145,389,497,-117,-726,-539,-614,-468,-372,-400,-190,-56,-461,-120,-111,706,972,416
1017,Chambers County,-25,-231,-260,-272,-193,-113,-237,-47,-236,-101,-48,-47,153,86,-129,45,-196,72,-51,-259,-48,1,-91,243,36
1019,Cherokee County,64,3,111,61,193,19,284,-8,-23,82,42,114,60,170,-21,-54,139,175,335,303,58,257,481,535,627
1021,Chilton County,140,114,365,246,363,295,247,449,128,152,45,-54,-173,14,30,-90,114,186,30,219,27,300,699,665,803
1023,Choctaw County,-67,-217,-317,-188,-247,-374,-120,-200,-87,-78,-17,-196,-8,-110,-42,-59,-150,-74,-51,-201,-23,-15,-35,-83,-97
1025,Clarke County,-78,-312,-403,-265,-167,-258,-5,-354,-195,-247,-77,-139,-447,-6,-232,-181,-353,-226,-138,-237,-56,-128,-58,-159,-122
1027,Clay County,16,-13,-65,-49,-80,-30,-51,16,49,-151,-21,-151,-223,26,61,22,21,6,-43,-14,-20,62,104,5,119
1029,Cleburne County,20,8,187,60,-94,17,140,198,47,37,13,-85,-65,98,43,-49,-21,58,111,-97,14,172,251,333,279
1031,Coffee County,-100,-13,127,348,504,360,408,951,755,683,158,65,561,-573,-178,223,96,517,35,368,107,610,670,842,707
1033,Colbert County,6,-81,-254,-156,192,34,143,120,75,44,66,85,90,100,67,102,155,308,402,329,70,533,642,557,763
1035,Conecuh County,-41,-174,-183,-256,-151,-20,116,-220,-91,-97,-20,-9,-128,-92,-196,20,-150,-27,-101,-166,-28,-130,1,18,7
1037,Coosa County,-5,-85,-201,-98,-243,-124,-52,-51,-31,-157,15,-227,-106,-43,-204,-60,-47,-24,-57,55,-44,105,57,64,87
1039,Covington County,-123,-469,-174,-56,-96,342,231,129,-93,70,43,237,-145,55,17,-72,-125,-226,18,230,4,243,331,582,177
1041,Crenshaw County,27,13,-96,32,40,-40,190,33,-41,74,-39,24,43,-51,30,58,75,-14,8,-11,-11,-28,103,110,11
1043,Cullman County,81,30,190,364,565,726,438,585,758,180,39,-129,-75,424,326,652,658,467,657,414,290,1854,1310,1467,996
1045,Dale County,-125,-382,-164,-237,-580,-682,-516,-128,-173,-517,45,-496,-79,-683,-575,-156,-177,-93,-319,-71,-79,60,186,292,161
1047,Dallas County,-252,-500,-1082,-591,-648,-617,-351,-445,-292,-832,-7,-642,-557,-783,-440,-600,-795,-814,-849,-997,-201,-425,-589,-385,-605
1049,DeKalb County,117,693,-222,309,323,118,352,487,306,193,-31,81,-588,-33,0,79,-37,283,-5,134,53,407,524,667,972
1051,Elmore County,247,894,892,1045,880,1671,1920,1557,246,714,226,183,-91,123,-195,187,219,48,-483,92,-83,1002,984,887,628
1053,Escambia County,-66,-70,-150,-314,-188,-199,-122,-46,-161,-140,-30,-183,-144,-253,-2,4,-118,-459,-419,165,-48,129,208,98,164
1055,Etowah County,-187,-317,-8,152,145,189,489,354,340,254,70,18,179,-176,-290,-166,58,307,-117,-25,62,168,589,821,555
1057,Fayette County,-32,-121,-35,-65,-80,88,-195,-164,49,-204,-5,-108,-15,-70,-14,-33,-80,0,21,-92,14,-78,75,-22,40
1059,Franklin County,-41,-192,-354,-115,-126,88,13,-248,316,-87,-17,31,-113,-162,6,-72,65,-167,-308,1,-30,-15,48,32,189
1061,Geneva County,33,-268,-9,54,10,210,229,-7,217,-5,39,-6,211,-212,-33,98,-50,-15,-11,55,63,172,349,380,415
1063,Greene County,-44,-116,-48,-142,-183,-45,-371,-44,-92,-211,-53,-88,-59,-71,-175,-61,-14,-154,-86,-101,-20,-79,-101,-71,-142
1065,Hale County,19,-78,-254,-30,-109,27,-25,124,-42,-117,-47,-373,-44,-141,-210,-65,-194,-27,-64,-106,7,13,-75,330,198
1067,Henry County,44,-47,36,69,95,23,169,127,-4,55,18,123,-174,18,-30,72,25,78,103,78,50,368,322,302,403
1069,Houston County,27,165,196,928,864,996,1501,1408,1034,772,150,278,561,132,308,-63,-275,-5,247,947,57,326,946,579,965
1071,Jackson County,51,-70,-350,-92,-277,-268,114,-141,139,-107,-50,106,-35,25,-300,-165,-20,-37,-76,121,26,583,585,843,636
1073,Jefferson County,-471,-3179,-3612,-809,-2330,-2118,-346,-2556,-683,-273,-867,-2038,-2249,-466,-968,-1228,-1796,-2042,-1374,-1915,366,-4039,-3199,-1289,1926
1075,Lamar County,-1,-313,-178,-204,-206,-87,-250,28,-137,-119,-28,-146,-7,21,-81,-117,64,28,3,-65,0,-131,26,45,-17
1077,Lauderdale County,-45,-579,-470,135,242,425,604,478,673,391,31,25,194,231,459,-389,165,422,249,390,605,1330,1371,1180,846
1079,Lawrence County,44,-79,-220,-268,-198,57,-435,225,-155,-11,-9,-215,-234,-212,-67,-267,119,-147,-64,66,44,200,270,428,231
1081,Lee County,260,772,967,952,1602,3064,2216,1731,1531,1993,325,2501,3572,2418,1964,1622,1255,1486,1442,191,319,2310,2930,2386,3158
1083,Limestone County,128,407,241,482,573,1154,1787,1778,2022,1956,305,2033,1461,1260,1384,692,1028,1050,1917,2577,569,3304,3382,3693,3984
1085,Lowndes County,0,-124,-38,-174,-313,-138,-200,-104,-134,-332,-26,-142,-330,-193,-181,-128,-98,-130,-110,-224,-7,-267,-83,-20,-116
1087,Macon County,-33,-44,-309,-136,-355,-274,-172,-251,-45,-382,28,-201,-685,-554,-357,-292,-171,-193,-427,-161,-18,-415,-262,-94,-59
1089,Madison County,528,1801,3326,3241,2665,4003,5658,4581,5267,5121,890,1937,1743,2781,1721,2048,2677,4049,4267,4951,2267,6032,6766,8637,8921
1091,Marengo County,7,-461,-58,-251,-284,-246,-59,-79,-220,-193,-40,-281,-321,-221,-137,-204,-240,-97,-248,-126,-26,-189,-83,-21,-82
1093,Marion County,-69,-471,-345,-190,-193,-140,155,-85,-79,-245,45,-25,-77,-144,40,9,-51,-57,97,65,-91,14,330,211,203
1095,Marshall County,-6,-344,498,422,177,762,1056,693,723,673,56,482,150,5,-289,80,317,287,294,368,32,545,1313,1386,1375
1097,Mobile County,-367,-1792,-3432,-2117,-1575,-598,2250,832,1784,691,-192,-1724,-826,-879,-1091,-1199,-758,-2046,-1237,-1555,-433,-1205,-1004,208,430
1099,Monroe County,-48,-334,-284,-282,-210,-184,-198,-271,-167,-291,-82,-206,-175,-385,-227,-146,-138,-209,-157,-251,-26,-43,-17,-92,-109
11001,District of Columbia,-725,-575,-4367,-7961,-4396,-4380,-861,-1207,495,6550,2169,9951,10095,10788,6983,8225,5508,4514,2431,401,-15344,-4513,2484,5164,5921
1101,Montgomery County,-492,-1866,-1051,-1363,-1331,-807,2011,-1147,-2489,-1670,-100,-1558,-1522,-1728,-1795,-1271,-1064,-925,-1790,-914,-637,-1669,-651,-1247,-274
1103,Morgan County,-23,-77,-372,544,-393,430,1013,486,714,582,44,156,-85,-691,-297,-280,-321,-223,278,398,-87,228,1191,1278,834
1105,Perry County,-58,-233,-122,-295,-208,-300,-227,154,-27,-126,-27,-99,-278,-136,-156,-154,-112,-205,-229,-122,-51,-80,-382,-99,-46
1107,Pickens County,-55,-97,-121,-355,-184,-245,-73,-171,-111,-150,-19,-349,-26,54,939,520,-426,-111,-227,-19,-106,-179,206,46,-124
1109,Pike County,14,-202,-390,97,233,-87,278,107,41,-16,56,-7,98,484,-613,229,-122,-152,-155,-131,-81,-75,322,160,-7
1111,Randolph County,31,66,4,-148,165,111,5,-87,235,-37,30,-113,-196,27,-158,268,-23,238,95,27,163,186,381,414,355
1113,Russell County,-100,-304,-249,-531,307,-2,489,348,38,433,239,1295,2230,1256,-390,-709,-890,-1314,625,-23,45,-561,-53,209,281
1115,St. Clair County,287,713,856,1167,1672,1860,2998,2921,1428,1383,133,134,533,888,119,443,641,571,665,851,216,1577,1252,1739,1537
1117,Shelby County,903,3197,2999,3993,4597,4287,5469,2906,3226,2337,448,704,1856,2062,1194,1662,1332,1530,1210,1518,768,3228,2423,2754,1799
1119,Sumter County,-64,-225,-423,-150,-140,-195,-192,-238,-191,-267,-2,-209,-19,-30,-133,-73,-242,-190,-101,-180,-104,-178,-26,-126,-84
1121,Talladega County,-55,-215,-130,-480,-75,143,186,-19,141,-342,-193,-235,348,-425,67,-328,-417,-213,198,46,-607,-440,503,670,671
1123,Tallapoosa County,-105,-289,-278,-180,23,-27,328,58,103,149,-111,-34,-330,64,-75,-270,57,218,46,-16,6,94,132,60,274
1125,Tuscaloosa County,47,75,-277,349,830,2184,3996,1092,1809,1391,108,1065,1188,1525,1149,978,859,293,61,482,5145,4197,1013,498,1513
1127,Walker County,-54,-113,-375,-417,-171,133,60,-360,364,-29,8,-316,-278,-37,-279,-151,-212,-333,29,74,-69,-1,271,638,680
1129,Washington County,3,-277,-157,-90,-163,-180,-63,-284,-84,-55,29,-240,-198,-179,18,8,-154,-86,-126,-51,-51,-65,-71,-34,-12
1131,Wilcox County,-53,-163,-30,-167,-123,-112,-149,32,-8,-268,-66,-122,-131,-149,-168,-22,-47,-165,-81,-197,-38,-67,-225,-161,-6
1133,Winston County,21,-331,-9,-29,-18,-60,126,0,-233,-10,-76,14,-97,67,9,-160,54,-73,15,19,-15,356,261,33,292
12001,Alachua County,396,2017,1930,1342,1735,2594,4424,1714,680,81,-69,1161,387,-83,1969,2555,3878,1519,1793,-504,1327,1730,3067,2727,1331
12003,Baker County,95,16,475,16,381,401,475,405,253,104,-58,-149,-112,-110,-65,157,417,259,66,807,-149,552,-904,768,770
12005,Bay County,-85,1060,2117,1970,2652,3003,1507,-1387,-299,178,244,-150,1488,2283,3222,2746,1649,786,1305,-11803,-601,5624,6610,6656,6961
12007,Bradford County,-25,-13,224,706,691,360,366,279,95,-26,21,-149,-1516,-282,-249,196,-10,442,655,509,-56,-96,-736,548,374
12009,Brevard County,1592,8716,9333,9406,14206,11088,4926,4051,2067,515,830,1568,3683,4836,6540,11898,12892,13072,10006,8938,3145,13699,17162,16933,13217
12011,Broward County,7313,29812,24749,14925,14704,17602,-12236,-24221,-2845,6144,3514,27463,20374,15913,16668,17003,20019,14883,5162,902,-1954,-8956,29042,29493,9577
12013,Calhoun County,9,-289,14,236,86,303,12,113,10,253,-3,99,-64,-65,-120,-13,-26,134,168,-409,98,-100,38,138,-143
12015,Charlotte County,927,4936,4651,3711,5735,-1738,2484,3331,1438,274,253,1281,3940,3205,4638,5778,6782,5406,5050,5834,1988,9978,9715,5844,6699
12017,Citrus County,819,3689,3363,3699,4937,5077,5172,4063,2196,751,300,-172,676,1073,1383,2981,3970,4070,3874,3601,1395,6410,6432,6065,5128
12019,Clay County,608,3260,4497,3816,6504,5111,7511,4510,1707,605,403,236,978,1290,2366,3330,4315,4590,3380,3045,690,4090,4692,6060,3987
12021,Collier County,2583,9379,10020,8232,9698,9972,3701,194,905,1934,1050,4627,4384,6488,7824,8665,9277,7408,5942,7391,1991,11952,14695,10840,6136
12023,Columbia County,187,546,894,1406,1579,2269,2871,742,804,200,51,-258,502,-480,342,341,1010,687,778,1069,40,461,2320,1605,613
12027,DeSoto County,31,261,-70,749,591,-147,349,92,-277,72,29,-203,59,-156,347,268,533,978,122,604,160,332,1096,834,688
12029,Dixie County,-1,93,31,18,360,413,273,19,-16,-22,-6,57,-201,-39,36,383,176,224,146,229,-17,340,317,495,503
12031,Duval County,-449,6761,7031,5613,4971,4143,5418,9,-2016,-2018,198,1204,2785,1219,5748,8869,10155,6977,6568,4941,1428,2821,18091,15982,10076
12033,Escambia County,103,3260,270,586,-229,-71,1612,-4359,-1090,-621,201,559,3065,2636,574,877,1573,1059,1634,2930,696,1855,2253,4126,3635
12035,Flagler County,790,3388,3885,4659,6538,7304,6976,5533,2666,962,363,1623,1195,1818,2414,2903,3447,3084,2643,3558,1043,6276,6585,5568,5256
12037,Franklin County,24,82,87,44,34,66,1048,141,-49,26,-3,-27,149,-64,159,70,154,-62,-28,460,41,-215,387,203,423
12039,Gadsden County,-71,166,-458,-155,86,161,-30,345,447,-264,-35,-569,-967,-531,-62,-143,-55,-168,-133,-262,-301,273,40,842,216
12041,Gilchrist County,84,18,277,525,276,460,357,322,83,28,30,-20,-102,36,53,387,226,282,413,321,31,529,752,700,412
12043,Glades County,14,197,171,77,228,184,-164,-134,115,-131,-24,2,-136,51,303,214,351,229,157,188,-16,308,335,415,396
12045,Gulf County,40,341,48,352,221,314,88,56,-48,76,-49,-33,42,197,148,-3,199,105,105,-2463,103,317,906,571,207
12047,Hamilton County,-1,350,-26,137,7,-175,314,81,92,109,-154,-144,111,-404,-284,194,7,44,-107,130,-218,-548,186,488,611
12049,Hardee County,-65,-486,408,-173,-8,-43,91,306,-51,-52,-22,-254,-473,-309,-256,-256,-131,-219,-133,-378,-21,-83,342,211,126
12051,Hendry County,15,-502,-324,-203,459,922,163,-214,-269,-427,-211,-380,-1506,-423,404,469,499,703,28,467,64,381,1549,2348,1798
12053,Hernando County,806,3576,4562,5495,8063,8248,7911,6026,3254,565,451,851,905,1976,2537,3602,5556,5437,5178,4580,1630,7300,7911,7426,5709
12055,Highlands County,132,1519,1794,1362,2675,2950,2605,1386,727,89,65,334,311,476,1041,2062,2462,2542,1882,2057,413,3422,3659,3088,2566
12057,Hillsborough County,2818,17807,19163,14890,22742,25954,19383,2902,1720,7392,2650,14545,16773,17818,20756,24736,25665,23034,19178,14449,5690,15045,36785,26446,10229
12059,Holmes County,-14,117,-3,272,-68,53,197,79,64,-71,-45,58,-90,-26,42,-252,175,104,60,225,-35,-146,465,424,300
12061,Indian River County,543,2471,3016,2475,5132,3386,3562,3069,1781,1102,338,1261,1820,2047,3118,3785,4450,3789,3772,3612,1109,5083,5011,3877,2485
12063,Jackson County,-10,-292,40,260,761,998,387,40,1874,-31,-143,-375,-26,-191,-67,-43,-183,135,-32,-1577,-143,356,1340,635,1430
12065,Jefferson County,6,-23,354,221,343,85,154,-158,114,11,-24,-182,-292,3,-129,83,-111,257,182,-50,-64,190,649,489,439
12067,Lafayette County,9,47,70,37,187,408,112,-28,-2,-137,-69,-7,-10,15,37,-142,34,-143,115,-259,6,-207,-117,421,520
12069,Lake County,2507,11910,11136,11350,15481,14933,15618,10230,5538,4208,737,3182,3428,4731,7619,10492,10483,11440,12390,11377,2940,12880,15858,16448,17889
12071,Lee County,3036,14763,15603,15460,22798,29275,23728,17288,2121,-2952,1626,10392,12503,15187,16980,22144,23078,17953,15197,17226,5804,29447,37069,18975,16217
12073,Leon County,632,-47,1066,3095,1295,1806,2643,2772,170,-603,116,999,3787,-3011,611,916,-424,3021,-274,899,1679,1652,1862,-33,-5
12075,Levy County,177,358,750,398,879,690,904,543,366,-71,-43,-424,-213,-237,-35,457,392,627,611,844,228,1493,1393,1557,1242
12077,Liberty County,-29,5,110,36,59,267,104,7,98,-49,-28,-93,28,40,28,-19,-122,-96,197,-67,-131,-427,294,172,172
12079,Madison County,10,58,-182,-6,243,-68,169,-52,-58,-63,14,-122,-174,-190,-108,-88,-128,187,101,16,-69,306,279,447,207
12081,Manatee County,1649,6642,7520,6704,9027,10262,6142,1721,1500,1877,624,4246,6212,7876,8904,11790,13249,10673,9599,9664,2563,14579,17906,14992,14521
12083,Marion County,1480,4920,7486,8569,11955,12561,12904,9265,4515,1910,311,1962,2608,2612,4204,5455,6657,7482,7525,8151,2275,11563,14464,17408,18040
12085,Martin County,541,2346,2938,3346,3159,2029,-389,1460,605,1155,229,1441,1646,2708,2614,3072,3414,2062,1783,1033,508,2898,3192,2607,2298
12086,Miami-Dade County,1865,9413,9135,-962,4398,7655,-605,-12881,-2140,7238,6213,24689,19142,21279,11308,12489,19732,8620,-9022,-7158,-6536,-25216,59865,50650,10015
12087,Monroe County,-130,-350,-19,59,-926,-1755,-2035,-854,-234,-162,110,702,517,1173,345,384,263,-360,-1726,-477,9,-453,580,-23,-682
12089,Nassau County,242,994,1197,950,1366,1521,1880,1669,1120,567,142,562,309,820,844,1730,2063,2923,3087,2798,799,3960,3613,3878,2990
12091,Okaloosa County,145,272,2991,1560,2657,-16,-2242,-2997,-2654,-2322,-434,1287,5337,1932,770,2047,1330,2489,2621,3037,200,1232,3283,2029,96
12093,Okeechobee County,-10,236,348,409,1228,606,265,67,-16,-164,-12,-289,-307,-331,-50,203,859,451,313,419,-15,458,482,1145,771
12095,Orange County,4583,17856,11999,12202,20250,27650,15014,1730,-295,1106,534,13775,22673,16358,20280,25721,26343,20704,17369,3925,-500,-8956,33792,27757,12427
12097,Osceola County,1418,6270,7868,9923,12606,9712,12120,9302,5728,1560,733,6732,8091,8279,9577,10516,12303,13252,12964,5249,2139,12055,21807,18081,15839
12099,Palm Beach County,4133,21834,27271,22074,30117,21330,587,-3712,3332,8845,3434,12591,17130,20975,21233,25438,26241,19049,12959,14460,2896,12550,32070,28336,15088
12101,Pasco County,2951,12832,14183,14884,21477,21984,19429,15123,8823,3213,893,1776,3912,5562,9577,12331,15888,16092,15297,16082,5302,22939,26221,25746,22667
12103,Pinellas County,1527,5339,4974,4071,4994,3902,-2928,-3918,-750,1538,512,4966,5995,9774,10548,13758,15766,12067,9055,6687,2239,6260,10737,6864,255
12105,Polk County,1141,4754,5820,8267,11934,16393,16925,12851,4329,732,618,5640,4166,6118,10266,13092,16381,18422,20583,17311,5732,27949,34131,32448,25692
12107,Putnam County,-7,57,635,335,813,747,602,170,-430,-668,-106,-498,-677,-398,-256,114,567,1165,900,681,141,1272,1188,1682,1399
12109,St. Johns County,1291,5242,5875,5947,9683,8321,7831,6520,6045,4260,1028,4500,5462,6945,7842,8090,8243,8707,9957,10711,4155,17610,13991,13064,12216
12111,St. Lucie County,699,4632,6662,8053,12980,12120,11649,9434,4316,-25,890,1786,2312,2301,4613,7309,8287,7738,7624,8259,2706,14955,16352,16966,13976
12113,Santa Rosa County,538,2646,5880,3714,5401,3579,1210,2609,1802,591,1235,2257,1874,1580,1687,3048,3114,3721,4878,4719,959,5167,4496,4940,3895
12115,Sarasota County,1624,7995,8207,7874,11215,11389,4635,4876,2881,1817,997,4425,6139,5818,8496,10768,10802,9585,9661,10669,3730,18079,18514,11417,7233
12117,Seminole County,1376,5029,6088,2911,4864,9168,3701,-2180,455,567,48,1673,2775,3578,4607,5667,6320,5727,4260,2676,218,-791,9238,6385,1644
12119,Sumter County,285,1334,3067,1527,1636,3650,5610,4353,2919,2705,977,4440,4416,6052,6115,5836,6211,4386,5250,5212,1181,7316,11366,8781,4411
12121,Suwannee County,187,491,445,515,681,978,785,626,287,267,634,1074,222,133,282,26,248,441,180,356,120,874,1627,1094,1756
12123,Taylor County,-30,41,-42,411,-56,277,104,847,386,-61,1,31,69,130,-315,-166,-253,-287,-208,66,-18,-724,574,463,127
12125,Union County,37,63,-20,8,705,271,-31,439,240,-326,-11,-219,-50,-61,130,112,67,300,-32,-16,-553,599,-274,587,-123
12127,Volusia County,2010,7714,8698,8987,12576,11144,9762,5089,-753,-613,294,1598,3600,5568,7955,11881,13510,11638,10865,9395,3456,15331,17254,14228,12114
12129,Wakulla County,86,943,809,694,948,1023,1316,950,783,1571,47,35,-178,101,325,17,284,150,294,1261,149,445,945,1312,622
12131,Walton County,253,1646,1478,1567,1991,1882,1664,1083,1027,991,170,325,1390,1803,1746,1682,2155,2474,2644,3257,644,4114,3233,3245,3378
12133,Washington County,55,283,-46,186,397,192,564,504,1067,-108,-149,-157,247,-243,-147,271,-3,192,299,724,37,-312,660,181,1013
13001,Appling County,-40,-27,27,141,-81,-127,-61,143,51,-97,55,61,-180,-89,55,-84,-25,-33,63,-152,-40,101,119,64,240
13003,Atkinson County,-17,-63,13,127,-94,15,-3,39,-70,-75,-37,-78,-151,-34,-114,67,-144,-93,23,-157,14,38,-140,76,101
13005,Bacon County,9,-45,-106,56,-52,196,26,175,-74,45,-14,83,-54,1,9,15,26,-103,-95,-19,-18,-33,146,-26,-85
13007,Baker County,-22,-12,-79,192,-83,-59,-99,-174,9,-166,-19,-129,40,-30,-62,-90,-7,-11,-91,-56,-15,-8,-10,-28,21
13009,Baldwin County,-12,-88,232,25,165,112,-50,597,269,-795,-133,-661,1214,-450,-320,-439,-289,-189,-6,69,32,50,180,-101,537
13011,Banks County,70,269,214,142,160,233,146,230,150,59,3,-208,-128,64,-65,109,-76,274,307,202,42,519,775,477,494
13013,Barrow County,376,1490,2043,1581,2657,2560,3236,3051,2225,1072,185,-393,-287,547,1163,1608,1555,1447,1581,1993,435,2586,2266,3289,3054
13015,Bartow County,518,2081,1984,1451,965,1325,1440,1532,1459,421,-162,-377,-351,257,-130,322,888,1207,1020,1070,436,1615,1799,2029,2547
13017,Ben Hill County,-46,-244,-196,-150,-25,55,160,71,-197,-187,-10,-110,-46,-126,-17,-131,-99,-205,-205,-94,-15,73,24,133,-112
13019,Berrien County,6,-152,24,84,90,32,8,-118,224,-96,34,-5,-257,-108,-302,127,-18,126,133,132,-11,49,163,375,145
13021,Bibb County,-263,-936,-281,-664,-194,-747,-94,-860,-686,133,-127,-284,-359,-2102,-1404,-927,-1256,-716,-252,-63,-368,-769,473,518,452
13023,Bleckley County,4,83,-133,97,168,112,364,366,-87,13,-3,56,-199,-129,-9,-6,163,-88,56,33,-47,-172,83,228,199
13025,Brantley County,51,159,193,106,49,7,116,64,83,160,21,76,-35,-317,84,33,-55,374,134,119,25,146,160,231,339
13027,Brooks County,5,-149,-64,-141,64,-8,159,-43,90,-122,-53,-283,-443,10,-141,151,67,-66,-122,29,-25,90,100,34,164
13029,Bryan County,42,404,583,754,1007,556,831,1023,899,932,83,697,674,518,374,814,786,928,799,1286,242,1798,1014,1247,1014
13031,Bulloch County,162,580,372,1643,1289,1965,976,1103,953,1004,255,1713,136,-1721,464,58,1153,1037,866,2019,216,545,2153,1070,1018
13033,Burke County,-1,123,-94,-115,-9,-79,-255,3,-61,-141,19,86,-568,-318,-266,-76,-86,-143,-165,-98,35,-262,107,5,64
13035,Butts County,154,559,751,462,134,336,560,419,651,-99,53,-209,-241,-228,107,197,222,328,142,724,147,727,604,188,289
13037,Calhoun County,-5,-120,12,-143,-34,-95,39,-91,143,113,-10,-86,-48,32,-61,33,-158,49,-44,-169,5,9,-35,8,-36
13039,Camden County,-33,273,522,-1679,272,183,-707,1130,-24,-290,2,-879,567,-507,43,106,-483,172,246,616,77,623,970,657,904
13043,Candler County,8,-174,288,85,40,23,147,94,-19,127,1,162,-134,-184,-108,26,1,-134,107,-28,42,21,81,137,91
13045,Carroll County,613,2894,2688,2871,2194,2545,3075,2722,915,94,-112,-439,52,422,1178,151,1118,921,196,1549,128,1427,2820,2435,2485
13047,Catoosa County,297,847,1149,1256,1069,660,1189,1130,361,510,44,472,-128,138,67,227,440,233,895,206,143,652,589,344,473
13049,Charlton County,-35,150,32,131,-124,34,130,-237,158,-172,566,560,-136,-261,-53,181,-419,-56,111,468,31,388,74,162,81
13051,Chatham County,-316,266,1029,-240,1353,-397,2552,3106,871,4206,298,4228,2602,-169,2901,2067,1034,-648,-1255,-690,-390,199,5069,2903,3788
13053,Chattahoochee County,42,772,2916,-1986,-100,-1432,-2985,240,-362,396,-149,-112,735,-263,-745,-870,-1163,5,187,91,-106,-533,-468,-335,-263
13055,Chattooga County,4,266,95,313,-354,59,188,637,-53,-225,-13,-312,-27,-513,-164,80,-65,-70,89,18,-21,48,274,387,262
13057,Cherokee County,1414,5903,5793,4927,5988,7142,9026,7216,3829,2523,407,902,1356,2195,4169,3793,5064,4714,4981,3778,1380,6302,5867,4838,5889
13059,Clarke County,317,998,121,980,2878,-988,1560,943,751,217,490,4,835,299,-1162,2528,712,1364,-143,531,-234,113,578,77,-244
13061,Clay County,6,-7,-50,-13,-65,-29,-14,3,-45,-101,-11,-6,-62,-85,66,0,-65,-33,-61,-36,-3,59,17,10,-41
13063,Clayton County,1148,5941,2480,2638,1166,-478,556,68,-154,-3353,-463,-788,533,-4052,40,3322,3832,2446,2590,831,-475,-1693,-1586,-947,-2468
13065,Clinch County,-22,-60,28,85,-54,42,-138,-12,59,-145,-16,-71,-65,34,-9,22,-91,-100,-59,-10,-18,1,-14,90,22
13067,Cobb County,3179,7792,4286,-373,1865,2443,10839,3943,5990,3050,76,1288,4102,4399,6206,5962,3870,-684,-1066,-360,-659,-2841,4704,3131,3792
13069,Coffee County,67,356,35,34,-171,76,402,90,91,-96,261,69,-97,-235,-481,-69,-226,-198,13,36,-37,-40,249,53,552
13071,Colquitt County,28,-46,162,-62,252,-204,532,284,347,-104,28,-178,-20,-71,-424,-606,-177,-90,-120,11,-16,-110,247,490,454
13073,Columbia County,335,1106,1949,1525,2602,1957,2651,2416,733,1536,635,2993,2736,2905,2035,3867,2552,3227,1758,1908,703,2408,2355,2224,1679
13075,Cook County,37,-67,40,-45,167,128,-148,61,72,-56,1,-212,-188,104,197,-254,71,55,-71,97,17,57,180,330,207
13077,Coweta County,765,2782,2772,2418,3067,3469,4610,3643,3277,2481,320,680,474,1603,1452,2312,1761,2066,2229,1921,515,3287,2712,2813,1644
13079,Crawford County,-62,13,3,-70,133,-9,-51,-144,-42,-341,-29,-39,-34,-115,-79,-72,-85,48,76,113,-11,137,124,213,121
13081,Crisp County,-16,-42,-107,-302,-39,-91,88,140,-77,-95,-54,233,-233,-326,-265,-178,-106,-235,-111,-213,-50,101,-209,-44,-108
13083,Dade County,18,243,96,121,52,104,164,153,-107,-32,-4,-35,-134,-37,-158,-87,89,53,15,-80,6,86,-19,173,8
13085,Dawson County,272,495,499,728,284,782,904,769,399,311,-82,-65,131,168,197,338,254,693,727,943,291,1539,1605,1474,1993
13087,Decatur County,-29,-362,8,-82,-6,-235,319,6,102,10,-61,-224,-265,-137,-277,-153,-437,-43,-134,-198,-10,-192,9,110,312
13089,DeKalb County,944,-1712,-5606,-6773,-6063,-1596,2830,-1080,-558,265,-1278,-952,5360,561,664,2899,5794,-1967,-2462,-1359,-1228,-8973,1263,-536,-70
13091,Dodge County,-9,123,77,131,-53,-3,140,17,-79,-32,-75,-154,-98,-139,-282,-44,-271,-70,16,-161,-33,-59,257,13,-32
13093,Dooly County,-34,150,-191,-104,-42,59,22,-218,-78,251,-61,-261,-194,-29,-122,-183,-152,-157,46,-289,-10,-198,-203,457,156
13095,Dougherty County,-348,-453,-888,-688,-934,-469,-900,-417,-706,-145,-157,-263,-876,-1809,-1112,-1646,-1375,-1220,-496,-1553,-471,-2637,762,-258,-65
13097,Douglas County,250,2055,1976,2430,4473,4821,5365,4294,2478,325,16,-387,-486,1548,1169,1384,698,1004,915,653,195,669,1362,1205,2139
13099,Early County,-21,-82,-160,-24,-170,-36,-50,-206,-166,-172,-54,-232,-187,-74,-74,16,-154,21,-31,-82,-24,-61,4,59,-89
13101,Echols County,45,17,-29,79,56,-13,-41,5,-10,-2,-12,17,-157,-13,-5,-33,-94,-57,47,-7,7,-16,-15,13,-35
13103,Effingham County,233,1189,1451,1194,1393,1871,1859,1600,854,1028,121,-107,297,738,612,1315,1255,1107,1837,1749,317,1408,2010,2243,1533
13105,Elbert County,-16,76,78,-23,107,-109,61,-106,-51,-181,-60,-271,-257,-58,-49,-68,-124,-2,48,161,58,40,406,241,252
13107,Emanuel County,-12,-127,-117,51,-153,175,308,-24,284,2,12,-169,168,-121,-205,-51,-89,118,108,20,133,78,153,207,114
13109,Evans County,62,169,195,113,-103,-60,-13,1,103,20,-23,-88,-389,67,-30,-146,-72,73,-60,-47,-8,-32,1,112,151
13111,Fannin County,164,395,571,311,433,268,557,378,162,252,-11,31,77,349,143,665,720,454,776,332,189,659,225,459,256
13113,Fayette County,689,1848,1512,1776,1748,2303,2069,758,81,60,414,200,-19,744,1123,854,1101,1271,725,1282,335,1438,1692,1584,1421
13115,Floyd County,161,43,1197,544,73,27,412,-348,135,167,3,-588,-336,-197,-107,203,394,673,447,543,18,100,1290,918,1104
13117,Forsyth County,1738,6693,5910,5250,5750,6479,8163,8272,7774,4443,816,3656,3638,5741,7284,7346,7961,7080,6817,6152,1433,7476,6093,5232,4392
13119,Franklin County,65,345,159,193,181,202,112,121,-76,-114,-1,-121,-75,157,168,123,55,551,212,327,54,141,683,700,406
13121,Fulton County,-426,-575,-9917,-7641,-7641,4404,21882,18969,14172,11672,3204,14324,17949,1757,4081,6911,11541,10126,5754,8559,1824,-9688,9537,2258,2673
13123,Gilmer County,280,505,643,614,508,575,792,252,166,-19,1,-146,-118,407,214,499,380,561,443,585,104,900,470,586,703
13125,Glascock County,2,-6,18,10,61,31,86,53,14,9,-5,25,29,-37,-46,34,-31,73,-55,0,8,25,48,39,76
13127,Glynn County,10,504,490,653,495,678,1727,909,918,391,75,123,509,472,509,997,694,518,311,326,32,546,770,1273,831
13129,Gordon County,207,763,659,632,714,612,879,618,527,-109,-69,36,-74,-159,-62,303,404,98,344,240,185,610,755,968,1128
13131,Grady County,-23,-96,-50,26,13,117,265,122,-36,-31,-7,-119,50,-230,21,-189,-314,-158,-50,-178,-22,-277,245,114,339
13133,Greene County,44,291,210,97,181,109,49,207,7,-26,16,77,70,157,198,235,261,383,564,641,164,704,668,702,459
13135,Gwinnett County,5859,17419,14551,13159,16075,14589,20235,14525,7670,7703,763,6169,6534,9269,9704,9873,8880,5585,2133,2289,-430,1721,9950,6466,11868
13137,Habersham County,160,697,411,522,232,406,1284,974,478,317,-4,-133,233,-300,317,187,301,336,767,-132,107,708,801,1292,1045
13139,Hall County,1124,4083,2992,2278,2026,3395,4701,4944,3751,863,-98,818,577,1193,1640,1959,2707,1735,1540,1903,422,3245,5288,4421,3966
13141,Hancock County,-22,-104,-231,-84,-102,-70,-26,176,-118,-303,9,-45,-326,-122,-372,46,102,-51,-119,159,29,118,-183,354,53
13143,Haralson County,114,354,371,466,365,336,92,317,51,-18,-1,-285,-167,6,140,218,180,433,341,230,142,685,810,737,408
13145,Harris County,83,451,578,668,704,766,869,683,318,489,109,77,179,-55,168,384,460,317,588,705,275,781,698,449,301
13147,Hart County,61,-47,154,18,507,275,307,-3,102,-199,0,180,139,-67,-98,75,118,255,377,197,72,619,642,774,704
13149,Heard County,61,18,2,-124,52,34,125,19,126,-67,16,-114,-95,-108,36,-49,42,171,108,55,48,103,259,357,132
13151,Henry County,1988,7605,7838,7804,7127,7420,8303,5976,3681,2664,863,595,-40,1029,1799,2523,3563,3362,3722,3920,1011,2690,3082,5559,3832
13153,Houston County,265,1264,2356,2601,2946,1126,1326,1853,1003,1206,560,2051,963,700,96,-152,1426,794,1645,1669,590,2580,2254,1538,2637
13155,Irwin County,35,21,-35,56,-317,415,112,-308,282,-237,50,90,-94,-261,-268,76,177,63,36,30,-10,-214,-192,42,75
13157,Jackson County,256,1498,1532,1145,2125,2340,3378,3358,1938,727,125,-32,-382,302,551,1079,1420,2318,2399,2337,872,3710,3410,4317,4965
13159,Jasper County,57,111,331,324,144,316,354,150,127,22,2,-134,-245,-92,-104,136,54,96,141,179,78,690,722,476,683
13161,Jeff Davis County,12,-48,11,-18,2,96,82,-51,124,100,-12,6,-47,-179,-162,41,-71,16,-24,27,22,103,99,83,336
13163,Jefferson County,-31,-219,-129,-199,-166,-171,-131,-172,-4,35,-20,-137,-442,-96,-81,-180,-153,-131,-147,-14,-6,-48,-44,6,-52
13165,Jenkins County,7,-45,-28,-40,-33,19,-8,-112,-118,-62,-9,-210,955,74,-151,-150,-77,15,-68,-79,3,178,-64,-18,242
13167,Johnson County,-20,-73,418,-8,116,-118,60,425,14,-162,-14,14,20,-92,-74,-92,-39,62,-43,-56,-3,-96,249,110,-72
13169,Jones County,47,340,382,589,608,440,130,225,304,17,-29,4,-174,-103,7,-249,88,-126,231,133,52,137,235,557,121
13171,Lamar County,52,312,-212,95,41,245,81,264,382,138,-54,-117,-139,-101,291,42,235,136,365,138,71,199,789,918,277
13173,Lanier County,1,-146,31,145,-84,56,235,262,240,66,32,318,-62,-95,-106,-151,88,-60,-124,66,40,102,114,215,-3
13175,Laurens County,10,13,295,480,-89,224,320,28,297,135,-61,-610,-193,-206,-242,-189,-306,40,-76,157,-7,123,380,322,575
13177,Lee County,82,278,313,314,911,754,1118,648,549,392,106,-49,-85,170,-82,-112,-125,119,245,164,39,-31,467,214,119
13179,Liberty County,-444,-2149,27,-1882,474,-289,-3409,-958,-3019,2440,-1158,1486,-2251,-3292,644,-3710,-1208,-847,-2031,-146,-202,790,362,-848,558
13181,Lincoln County,-1,45,-9,4,-84,-50,-61,-38,-46,-86,-28,-78,-101,2,-74,79,127,20,82,16,27,100,146,52,177
13183,Long County,20,-41,83,-182,202,42,204,-40,77,731,175,438,721,331,369,423,525,227,90,311,90,737,1096,1071,703
13185,Lowndes County,-67,-356,1112,181,1124,810,1040,219,1947,1107,246,850,1600,-2033,-206,-943,263,435,258,448,8,2,319,881,1030
13187,Lumpkin County,132,631,575,736,490,571,1039,535,444,228,245,89,94,122,173,178,124,1357,141,725,149,-573,1773,535,804
13189,McDuffie County,-32,-43,-173,30,-2,53,78,-130,182,-2,-32,-254,-96,-184,-69,-87,-80,2,26,-231,-26,80,130,158,-65
13191,McIntosh County,40,139,-184,-9,23,-77,192,274,-12,-123,-32,-99,-356,119,33,1,48,44,256,85,28,209,232,419,316
13193,Macon County,-54,-50,-113,-150,-164,-206,-52,-108,-59,9,-86,-197,-170,-323,-125,-117,-201,-195,-64,-178,-35,-121,-1,110,52
13195,Madison County,96,153,378,229,-40,198,197,225,117,146,0,-80,-137,94,130,1,367,390,311,231,140,650,544,750,460
13197,Marion County,24,-52,-89,-35,-58,-26,70,-55,-90,-48,12,-69,-41,-113,36,-79,-98,-68,-48,-11,33,-55,88,57,176
13199,Meriwether County,-17,10,205,-147,57,-14,129,-277,63,-167,-140,-213,-321,-84,-9,-50,-68,0,81,102,23,276,254,123,517
13201,Miller County,-15,-5,-32,-95,-89,-49,49,13,33,-2,7,-62,-72,-86,42,-72,56,-25,-132,49,-5,-46,-24,41,62
13205,Mitchell County,50,-155,-202,-170,-139,-215,90,241,-204,-263,-1,-170,-397,-149,-310,-289,-18,-141,-147,-281,-46,-301,-27,-376,-351
13207,Monroe County,35,123,528,514,22,281,673,685,101,147,27,132,-39,238,25,42,200,288,399,179,132,851,794,1215,950
13209,Montgomery County,-10,210,-34,203,178,-114,133,-65,-148,-17,-38,-140,-178,51,-3,-10,37,33,110,-11,-29,106,41,131,-172
13211,Morgan County,38,399,307,174,220,332,452,359,340,75,-3,5,-113,-91,178,53,151,246,429,400,105,562,422,485,437
13213,Murray County,178,742,245,519,298,-36,193,-307,-531,-201,-125,-323,-214,-288,-108,80,-189,344,31,97,8,78,517,667,411
13215,Muscogee County,-141,-1010,-1623,-4152,2850,724,2053,-6452,-1389,2566,113,2884,2093,2789,-4077,-3127,-3492,-3300,-460,748,-92,-2107,-2719,-1082,-413
13217,Newton County,745,3403,3600,3521,4256,4248,4117,4083,1688,576,54,-338,-53,610,883,1003,1085,825,1134,1859,268,2442,2418,2116,3112
13219,Oconee County,103,170,284,676,483,551,1017,860,784,575,67,240,126,443,865,664,982,1077,1251,697,216,1069,621,539,468
13221,Oglethorpe County,63,147,155,89,128,-10,255,247,227,54,18,-222,-229,-117,95,184,-30,164,178,169,57,364,356,258,397
13223,Paulding County,1143,4422,4055,3837,4598,4982,7568,6362,3808,1894,144,-400,-30,981,715,2134,2597,3207,3687,3825,767,3854,4100,3785,4394
13225,Peach County,129,21,84,149,70,-169,578,861,660,-27,1,-154,-96,-683,-88,-241,-97,88,358,130,58,273,342,395,513
13227,Pickens County,356,1010,963,962,723,590,1014,1075,573,142,9,-58,-128,134,447,295,542,932,511,627,171,864,910,1260,706
13229,Pierce County,61,51,159,193,450,330,190,352,213,281,34,-89,87,55,-7,50,-40,53,138,39,24,323,289,253,202
13231,Pike County,101,202,493,345,528,370,585,522,316,51,30,-156,2,5,6,188,-15,290,425,299,47,690,460,550,316
13233,Polk County,56,341,353,69,180,162,408,242,345,-40,-5,-404,-293,-206,-166,249,272,204,449,176,57,485,430,599,333
13235,Pulaski County,-3,6,41,14,75,-54,121,47,-40,96,-49,-101,-142,-120,-26,-98,-72,-66,-106,77,16,-236,415,232,94
13237,Putnam County,26,161,92,13,205,40,199,285,104,-38,2,3,-157,154,-141,169,229,203,136,360,149,639,445,383,426
13239,Quitman County,2,22,-45,-67,11,91,44,1,16,-54,7,-64,-34,-40,-63,-2,42,14,-64,46,-2,33,40,42,53
13241,Rabun County,42,303,177,248,120,199,205,234,77,-67,-6,15,69,-43,34,127,317,122,368,347,73,355,257,288,318
13243,Randolph County,-20,-41,-73,-97,-34,-94,-8,-74,-158,17,-32,-119,-254,-115,117,-156,20,-160,-154,-26,-19,-59,-77,67,28
13245,Richmond County,-371,-1267,-1631,-1584,-1421,-2203,-863,-1341,536,-868,312,-1670,25,-1558,-1035,-879,-385,-1168,-834,6,-264,-1188,1079,-1345,221
13247,Rockdale County,299,709,851,1216,1186,939,1293,1593,880,488,49,-431,-433,800,352,827,321,607,464,174,46,263,1074,1021,1145
13249,Schley County,15,12,5,-26,15,122,20,116,111,19,-3,-10,-29,67,74,26,-50,48,-31,19,-14,-51,23,33,-14
13251,Screven County,-6,-278,195,-165,18,-18,-181,4,15,-37,-90,-128,-266,-37,-134,63,-56,-79,-18,-14,23,33,0,278,198
13253,Seminole County,-14,-69,-5,-113,38,-111,-34,-46,53,-40,-6,36,104,0,-240,4,-92,-127,38,-158,1,82,37,-3,221
13255,Spalding County,-3,234,581,292,83,183,600,444,719,267,-50,-285,-516,-285,83,50,672,782,680,598,178,452,1447,994,439
13257,Stephens County,28,74,85,-268,-158,-63,87,1,280,71,-7,-351,-3,-90,-156,77,235,160,319,-42,48,92,193,591,363
13259,Stewart County,6,-85,-42,-95,-76,-86,-99,-76,-23,-25,48,-33,65,-551,344,103,174,216,141,215,-13,-286,-279,71,-1
13261,Sumter County,1,-177,-308,-119,-391,-482,-45,-143,-428,-364,-131,-706,-607,-324,-246,-504,-301,-505,-83,-313,-70,-415,-5,120,107
13263,Talbot County,26,65,12,-103,57,73,3,15,-177,-53,-15,-29,-209,-51,-6,7,-99,-80,47,-67,1,80,52,6,100
13265,Taliaferro County,11,-39,6,-123,-1,-43,23,-13,-34,-32,-15,15,-19,15,11,-38,-17,5,-6,-61,8,20,58,20,41
13267,Tattnall County,-29,-227,-136,55,403,-9,103,-145,167,1120,-50,-149,-91,61,-355,79,-64,66,49,-210,14,-129,-32,320,-8
13269,Taylor County,-4,-56,50,16,-13,-79,-91,33,10,-154,-118,-322,-92,26,8,-126,-34,-58,-74,-2,9,-15,55,50,22
13271,Telfair County,-2,-92,-142,1138,430,7,-7,99,-82,-441,10,-288,155,274,-160,15,-480,2,37,-96,-3,-35,157,-1510,179
13273,Terrell County,-23,-79,-145,76,-115,-272,-153,-221,-22,55,-3,-159,-211,-93,-103,-64,-147,-164,-95,-38,-11,-159,-76,-15,54
13275,Thomas County,56,-31,-31,432,-138,761,282,323,343,104,17,-211,-154,140,-126,-44,112,-368,-280,105,3,142,-74,219,486
13277,Tift County,-11,-87,159,163,450,218,692,267,85,73,46,732,-407,-991,107,-111,-137,-251,-10,-34,-3,-237,324,252,120
13279,Toombs County,6,-177,-37,-32,103,341,213,272,120,-307,23,-182,-114,-79,-133,-70,-117,-268,-46,-135,37,-143,55,254,297
13281,Towns County,72,248,141,323,264,200,438,232,176,72,58,139,68,294,361,202,288,245,402,257,105,492,235,189,302
13283,Treutlen County,18,48,-2,27,36,-277,100,28,54,53,-8,-49,-58,-94,109,-15,-103,42,57,91,-5,34,34,3,56
13285,Troup County,84,533,-9,173,816,774,120,362,342,169,39,266,385,334,229,17,160,-50,-163,-283,0,389,826,669,759
13287,Turner County,-14,-9,62,-117,-65,-33,-131,-97,-108,-125,-11,28,-534,-274,-143,-39,-44,-33,-4,59,-10,-30,-67,116,111
13289,Twiggs County,-17,-33,183,41,-118,-226,-199,-82,-41,-97,-53,-136,-308,-13,-92,-28,-63,1,-27,16,2,-31,-105,110,113
13291,Union County,128,452,549,703,472,479,715,581,343,182,22,20,190,261,491,366,758,884,695,741,261,1155,1024,905,709
13293,Upson County,9,116,-121,115,12,64,-75,72,-73,108,-60,-124,-357,-97,-210,76,45,1,78,234,76,117,546,274,247
13295,Walker County,59,451,324,236,376,606,703,515,100,-34,76,-165,-391,179,65,-115,-7,707,485,409,134,981,771,785,418
13297,Walton County,769,2244,2077,1817,2126,3290,3220,3269,2013,809,75,324,-49,758,1138,606,1222,1267,1738,1153,539,2942,3221,3546,2914
13299,Ware County,-73,-6,-338,32,-292,-57,527,287,-28,-134,20,-110,-461,-189,-254,-223,274,-5,-81,127,-2,-488,254,774,184
13301,Warren County,-26,55,-110,-69,-39,-74,-124,-86,-69,-72,-33,-95,-143,-3,-33,-48,13,-66,-31,14,8,51,-16,-8,86
13303,Washington County,-15,-84,-188,51,-73,-1025,578,282,5,-19,-58,-150,-249,-267,-71,180,-374,-10,105,-27,-36,-56,107,140,-26
13305,Wayne County,7,159,246,317,250,166,148,241,323,-267,-10,75,-73,-430,-155,-548,492,-221,32,116,5,171,661,726,780
13307,Webster County,-2,-98,-29,32,1,-36,-7,35,-77,-28,-14,-13,-7,-101,-53,4,-24,-14,8,0,7,18,-9,25,-37
13309,Wheeler County,3,486,-128,-48,-122,170,225,-81,61,86,285,293,-136,-4,53,-70,102,-72,-74,-44,-25,353,-482,-227,251
13311,White County,193,723,928,603,632,440,622,357,200,124,64,180,249,179,174,390,451,622,542,832,153,454,560,286,728
13313,Whitfield County,252,416,-167,-276,490,435,284,213,-96,-1188,-85,-563,-607,-780,-193,-15,180,-698,-464,-89,-143,-231,514,756,978
13315,Wilcox County,-9,211,-139,32,39,-103,58,0,127,110,87,-58,-171,13,-132,112,-156,-65,45,-183,45,42,73,103,130
13317,Wilkes County,-10,-57,39,28,-135,-86,-9,-74,62,-49,-240,-142,-128,-104,43,-2,-71,97,39,-33,-1,35,151,47,67
13319,Wilkinson County,-10,47,-105,-71,-81,-74,-146,-67,-96,9,-32,-136,69,-109,-80,-179,-31,-52,96,-65,-17,16,-35,94,-41
13321,Worth County,-48,-80,-305,-78,-79,-282,7,-217,-55,-140,32,-212,-195,-371,-85,-343,-21,-175,-212,-38,-30,-109,-34,-71,86
15001,Hawaii County,230,1149,1754,2426,3032,3788,3794,2490,2069,198,68,676,1167,1380,1351,1528,1725,1097,1274,-216,-10,3057,2309,1501,1527
15003,Honolulu County,-2650,-3961,-292,-447,126,133,-3023,-12012,-2828,-1366,1503,4383,4437,1709,-4652,-1620,-4535,-11004,-10315,-8691,-4490,-10798,-12617,-6059,-1245
15005,Kalawao County,-2,-3,-5,-1,-4,0,-11,-11,-7,1,0,0,0,0,0,0,0,0,0,0,0,0,0,1,0
15007,Kauai County,-18,-18,446,313,689,416,28,488,543,229,93,368,413,629,334,392,224,61,235,39,-103,361,-255,-56,-267
15009,Maui County,399,1800,540,1132,1389,1114,430,389,1294,-327,-37,913,1038,1199,1112,150,729,41,308,65,-139,-417,-838,-364,-1913
16001,Ada County,1503,7509,4691,2543,4268,10392,11023,7922,3403,1688,197,5242,5040,4594,7066,5052,9485,10136,10358,10841,3151,14452,6542,4814,7393
16003,Adams County,-17,-14,16,13,26,62,-72,72,8,-56,-22,40,-80,-41,28,18,58,193,113,57,53,229,182,139,118
16005,Bannock County,-122,-393,-760,-1174,-524,-556,112,-216,162,324,-52,-145,-513,-977,-472,48,-31,311,802,672,153,1076,1161,549,193
16007,Bear Lake County,1,-79,-227,-46,-81,-129,-43,-61,-62,-58,-23,-16,-76,33,-38,-64,23,64,1,67,0,194,164,17,-30
16009,Benewah County,27,-249,-66,1,-24,145,167,-1,90,-139,-12,-102,-46,-110,28,-7,54,169,70,82,46,401,428,120,135
16011,Bingham County,-111,-156,-436,-63,-319,-89,-329,-116,36,34,-2,-289,-811,-559,-571,-509,-76,344,29,469,56,652,876,261,349
16013,Blaine County,74,542,317,270,169,-46,51,-59,174,50,-109,-350,-101,65,23,63,322,249,290,164,77,410,375,156,271
16015,Boise County,67,51,134,150,37,15,226,114,-50,-138,-10,1,-189,-63,72,185,141,263,278,175,51,542,280,129,-6
16017,Bonner County,124,50,661,725,520,791,551,614,226,-152,33,-135,-398,166,758,338,806,1267,1090,1044,332,2452,1891,1185,1189
16019,Bonneville County,75,-6,195,702,1538,872,1708,1696,1423,707,15,-169,-129,-538,-111,441,1163,1394,996,1600,554,2753,912,1045,1557
16021,Boundary County,25,-107,6,99,216,135,205,188,63,-37,41,-199,-34,13,97,314,358,249,14,227,82,506,686,276,263
16023,Butte County,1,-57,19,-83,-41,-14,-41,22,-23,-47,7,-83,-81,-92,1,-103,3,15,-3,7,10,81,44,63,-6
16025,Camas County,-14,23,15,3,-16,34,-8,19,6,-15,-9,-8,-38,-46,7,11,9,13,29,-18,13,56,22,92,9
16027,Canyon County,1221,4399,4100,4065,3864,4690,5980,4944,2914,124,-136,115,670,3146,2028,2620,2879,3859,4876,5036,1581,10088,6391,5957,7064
16029,Caribou County,-14,7,-198,-113,-44,-179,-111,-39,-68,18,-3,-173,-82,-5,-36,-74,106,102,9,80,-13,95,71,8,11
16031,Cassia County,-104,-89,-331,-338,-416,-261,-366,24,250,-1,78,-159,-84,-96,-39,-167,-181,-16,-52,34,7,336,306,181,97
16033,Clark County,-1,-69,-26,-74,17,-15,1,-11,14,-35,-1,-30,-74,-5,6,-3,-22,12,-36,-12,0,-2,6,-17,-16
16035,Clearwater County,-39,-281,-149,-36,-43,10,67,-54,-37,-105,-11,-46,-7,36,18,47,145,51,144,22,35,240,175,240,39
16037,Custer County,-8,-133,-82,-38,15,-53,50,23,70,38,0,-33,7,-106,-93,-68,40,52,117,69,-1,205,96,40,70
16039,Elmore County,-138,-234,-226,-773,-159,-822,-586,202,-206,-679,-31,-1204,-244,-298,-367,-696,64,470,218,-113,-34,78,309,-4,-200
16041,Franklin County,-5,3,64,-73,111,-35,-135,62,166,38,-31,-106,-121,-82,44,-66,249,81,139,76,61,294,411,261,39
16043,Fremont County,-51,-20,-30,160,71,-228,-20,1,-67,-101,-31,-213,-247,-185,-156,-86,45,133,-41,-146,9,156,412,135,48
16045,Gem County,34,122,24,149,169,302,217,87,-13,-116,-44,34,-107,-67,101,45,282,369,266,527,161,655,886,577,322
16047,Gooding County,21,-156,4,-41,-120,-160,-25,17,39,-187,-6,-185,-170,-145,-138,41,-133,-59,-72,-9,63,121,78,247,179
16049,Idaho County,-56,-85,-21,-104,78,-69,44,57,80,138,26,155,-8,-175,73,81,-21,156,151,220,66,594,627,296,62
16051,Jefferson County,-6,-183,191,121,246,416,329,535,669,497,-13,-263,-34,-176,-196,-111,417,318,629,134,111,963,943,693,358
16053,Jerome County,29,-136,-54,-19,103,27,164,149,287,387,-8,-165,-208,-60,-57,-182,227,125,67,134,-36,333,448,346,346
16055,Kootenai County,692,1589,1834,2306,4226,4612,3103,2710,2303,1599,221,1579,711,1343,2074,2357,3170,3912,3576,4159,1450,7709,3334,1573,2823
16057,Latah County,-123,250,-349,166,204,-33,-52,-455,102,-19,-7,333,30,-96,125,20,32,461,-120,72,57,607,705,96,63
16059,Lemhi County,-59,-113,29,44,84,47,91,-19,147,9,22,41,-197,-19,45,48,-5,144,116,120,5,284,199,223,2
16061,Lewis County,-8,-146,63,-18,-11,-12,34,-9,15,88,-8,-16,11,-11,11,-25,61,43,-46,10,1,202,70,36,1
16063,Lincoln County,5,23,-2,42,-13,152,-28,69,-15,-36,-5,-119,88,25,-19,-60,-30,27,-7,-55,1,139,79,96,113
16065,Madison County,-101,-135,217,887,1210,847,175,-309,-325,-655,-180,-574,-1213,-1138,-600,-950,38,-578,-1090,-317,-203,269,267,-1331,-691
16067,Minidoka County,-122,-705,-287,-386,-411,-379,-137,-64,-32,223,-45,-19,-183,88,-212,-48,33,-45,-125,191,64,221,201,318,35
16069,Nez Perce County,-34,-383,101,594,93,238,454,175,78,269,28,166,86,311,83,138,160,261,-20,150,58,494,719,215,118
16071,Oneida County,7,8,-65,-37,-31,40,-4,-1,1,15,-1,-75,-20,18,-85,68,39,70,54,58,3,36,131,205,15
16073,Owyhee County,39,47,-131,24,-174,-97,-7,32,113,-50,-60,-127,-27,-60,-160,-36,22,203,13,105,80,375,275,101,-28
16075,Payette County,51,92,114,85,-77,276,331,424,89,-45,-48,-208,17,-227,108,-57,43,186,263,352,205,799,540,341,369
16077,Power County,-51,-133,-129,-156,54,-78,32,-121,-66,-73,23,-172,-18,-120,-137,-111,-62,-147,49,-74,-4,73,116,144,8
16079,Shoshone County,-38,-249,-392,-125,-90,170,124,-35,125,-183,-31,-26,119,40,-267,79,21,157,279,92,27,534,382,155,56
16081,Teton County,72,204,235,157,84,175,278,417,414,126,-46,-115,-159,159,-81,183,327,184,97,395,90,509,175,57,325
16083,Twin Falls County,-36,-220,546,1136,730,976,1526,1116,737,477,114,97,-74,873,610,795,1149,1060,228,434,268,1960,1469,1283,854
16085,Valley County,-12,7,-136,95,153,337,477,215,-86,-270,-85,-169,-121,9,175,255,355,246,313,340,105,454,207,210,147
16087,Washington County,-17,-39,-68,-16,19,45,-7,-19,74,82,1,-41,-79,-97,58,-63,145,21,80,56,75,424,336,364,65
17001,Adams County,-83,-115,-194,-422,-339,96,200,-164,18,123,24,10,-73,-160,-120,-129,-395,-463,-372,-113,-104,-343,-313,47,-239
17003,Alexander County,-9,-148,-43,-390,-72,-303,-210,-184,-116,-214,-25,-209,-305,-499,-154,-321,-284,-166,-225,-263,-49,-77,-120,-81,-76
17005,Bond County,10,-28,196,248,160,-123,-27,143,-144,-121,12,-70,-199,-206,-252,-367,-103,120,22,-202,-36,-13,-20,8,-5
17007,Boone County,206,841,1023,1205,1372,1466,1627,1274,318,-345,-98,-234,-660,-113,-224,-342,-178,-243,-131,-82,-115,-187,-65,186,128
17009,Brown County,7,-32,-90,17,-57,-75,-64,-72,30,3,-19,-25,-7,-29,-16,-89,-133,-19,-49,15,-16,234,13,44,-39
17011,Bureau County,-35,-322,-123,-17,-162,2,155,-63,-120,-116,-52,-267,-242,-214,-193,-348,-43,-170,-128,-263,-44,-87,34,31,-117
17013,Calhoun County,1,-24,-44,124,30,35,4,-13,-66,-4,-1,-56,-57,37,-91,-61,8,-7,-20,-73,-18,1,-2,16,-23
17015,Carroll County,-25,-151,-25,7,-123,-114,71,-64,-24,-36,-11,-121,-58,-90,-127,-116,-9,-65,-110,53,-3,128,-16,55,3
17017,Cass County,-28,-27,-171,88,-84,-5,-112,51,-71,-75,-15,-47,-243,-165,-232,-264,-187,-213,-224,-203,-61,-180,-158,34,-173
17019,Champaign County,-5,399,826,1371,133,555,1479,1074,-737,863,147,550,134,695,299,279,-280,-777,-1445,-1089,-398,64,717,20,103
17021,Christian County,-12,-105,-51,-7,65,-189,-101,-74,-116,-205,-7,4,-149,-320,-265,-270,-153,-141,-280,-276,-66,-68,83,-1,18
17023,Clark County,-19,-74,61,-6,40,47,-26,61,5,-117,-27,-81,57,-140,-40,-158,12,-51,-187,-128,-34,-27,-78,84,-16
17025,Clay County,-9,-205,-51,-27,-68,-40,-91,-142,-45,-132,2,-63,-39,-133,-94,-45,-59,-22,2,-52,-11,-86,-69,-59,-66
17027,Clinton County,-32,47,64,123,63,-68,205,-107,93,-159,41,83,-210,-252,-144,-42,-168,-15,19,-182,2,-35,127,-124,155
17029,Coles County,-141,-829,-357,332,23,-348,172,-61,-283,-141,29,-234,-332,-243,-555,-339,-403,-455,-488,-159,-72,739,-838,52,-84
17031,Cook County,-9571,-40249,-59104,-65695,-67572,-71054,-69116,-39802,-20777,-6878,-5103,-12052,-11664,-15566,-28445,-39583,-47420,-47917,-50628,-41173,-13686,-81272,-66243,7097,36570
17033,Crawford County,-53,-80,-148,-79,-39,-3,-99,-75,-47,55,7,-7,-205,-119,-122,10,-101,-147,-120,-142,-26,-283,238,24,220
17035,Cumberland County,3,-89,-79,-120,4,-63,18,-68,-4,-93,-1,34,-140,-50,-16,-53,-5,-17,-68,-48,-13,-70,3,-12,22
17037,DeKalb County,200,973,1106,1777,1766,1944,2604,1819,334,39,-178,-1299,-615,-651,-132,-876,-571,-149,-356,172,-218,535,-1169,-168,316
17039,De Witt County,-8,-89,-176,9,-82,27,49,-106,-53,-233,6,-40,-92,-115,-141,-8,-32,-202,-84,-112,-41,8,21,28,34
17041,Douglas County,-30,-97,-145,-200,-99,-161,-98,-186,-250,-269,-32,-180,-33,-99,13,-128,-196,-146,-223,-64,7,-68,-16,2,34
17043,DuPage County,191,-32,-2605,-5274,-4788,-7051,-6765,-5356,-1538,-800,-177,2003,-1024,-912,-3670,-4631,-7054,-5289,-6967,-7959,-1799,-6295,-6235,408,2271
17045,Edgar County,-31,-61,-216,-96,-12,-75,-11,-66,-157,-120,-32,-79,-203,-158,-67,-135,-11,-74,1,-142,-50,-105,-44,101,71
17047,Edwards County,0,-107,-55,4,-70,-35,-91,43,-48,-49,14,-76,49,-28,-69,-111,12,-71,-86,-7,-15,-88,20,-31,-14
17049,Effingham County,-19,-7,-115,41,-25,-245,-239,-216,-87,14,-57,-41,-94,-115,-197,16,-135,-189,-41,-267,-28,-163,-173,84,79
17051,Fayette County,-19,-252,-4,-378,-440,533,-36,-157,-36,-42,2,190,-233,13,-163,-58,-485,-73,-160,-42,-14,-348,97,-19,-15
17053,Ford County,-20,-33,15,11,68,-34,34,144,-98,-14,-7,-113,38,-147,-84,51,-132,2,-31,-212,6,59,-141,77,131
17055,Franklin County,-20,-104,206,269,295,332,62,-52,99,67,35,90,-82,-203,-80,1,-271,-26,-250,-175,-78,27,-7,116,10
17057,Fulton County,-21,-291,-260,156,-45,-138,-57,-61,6,-20,5,-75,-215,-191,-186,-171,-88,-282,-129,-348,-76,30,59,-96,154
17059,Gallatin County,-4,-120,-101,14,-23,-16,-12,-75,-58,-147,-2,-54,-80,20,-80,-37,-55,-62,22,-178,3,4,-13,-87,33
17061,Greene County,-10,-170,13,-224,-155,-44,-242,-171,-54,-58,-13,-49,-195,-30,-220,-29,-172,94,-87,-75,-37,-3,-114,-3,-102
17063,Grundy County,84,378,281,618,1293,2326,1810,1076,476,-18,-35,-312,-185,-224,-108,-129,-268,131,187,-91,-26,430,193,403,160
17065,Hamilton County,-12,-92,-100,-28,73,-60,22,-100,16,-41,6,0,-18,-7,6,-56,-51,5,-12,-7,-2,-34,103,-42,-23
17067,Hancock County,-16,-156,-305,-170,-125,-163,-172,-147,-213,-188,6,-107,-150,-265,-209,-128,-3,-200,-104,-100,-50,-77,-56,-11,-180
17069,Hardin County,-4,22,-38,38,-35,-20,-80,-22,-58,-31,-3,-7,-1,-70,7,-39,-45,-27,7,-38,-1,53,-7,54,2
17071,Henderson County,1,-23,-41,-113,-10,-100,-135,-19,-84,-85,7,-99,-152,-49,42,6,-91,-47,-87,-17,-30,22,-99,-42,-44
17073,Henry County,3,-472,-338,164,-311,-66,-357,-41,-175,-162,-62,-195,-32,-373,-94,-203,-159,-232,-120,-89,-81,-77,-196,-75,-54
17075,Iroquois County,-24,-340,-174,-53,-166,75,-184,6,-22,-282,-32,-126,-163,-229,-188,-96,-275,-310,-214,-304,-68,-46,-112,-196,204
17077,Jackson County,-74,-373,-957,24,-190,293,-294,-1095,-240,-327,83,-181,-1578,503,-644,-412,-763,-1023,-740,-661,-56,-190,-260,-223,203
17079,Jasper County,-42,-21,-63,-83,-4,-149,-126,-46,-11,-116,-3,13,-79,-62,19,-32,-52,-39,63,-37,-35,-37,22,8,-47
17081,Jefferson County,-37,-48,-16,40,-12,59,-16,-78,-102,-207,-24,-9,-127,-24,-293,-187,-137,-211,-342,-30,-80,11,-293,-75,-111
17083,Jersey County,-18,89,157,72,205,85,158,22,200,-83,-34,-81,-146,-55,-87,-165,-268,19,-50,2,-8,-12,3,46,101
17085,Jo Daviess County,-14,101,-59,133,-128,12,88,-130,-83,-98,-1,49,-83,-91,32,-212,-187,-221,-97,-17,40,36,9,47,-54
17087,Johnson County,39,91,-305,691,74,-23,208,4,-15,49,22,244,11,22,21,-85,-317,-27,61,38,13,226,-8,14,15
17089,Kane County,2033,10550,10612,7520,6929,2529,3649,4502,2815,1735,-320,-1254,-2540,-1800,-766,-416,-1576,-1817,-2447,-3107,-740,-1683,-2777,1273,3383
17091,Kankakee County,-87,319,-24,309,421,644,1143,938,400,-129,-96,-226,-917,-486,-1146,-352,-853,-652,-656,-163,-190,-279,-872,67,133
17093,Kendall County,509,2202,2945,3659,4704,5638,7620,7680,5157,1554,197,213,256,164,684,470,623,677,611,384,234,1968,1836,1857,2122
17095,Knox County,-81,-469,-385,-588,-486,-398,-248,-270,-40,-37,46,-30,-254,8,-101,-442,-322,-260,-509,-219,-124,-213,-340,-271,2
17097,Lake County,1615,5126,4320,-1867,1549,1451,-129,-1748,-675,-930,-439,-6697,-3520,-1548,-3394,-3136,-3703,-4615,-5588,-5587,-1041,-1351,-2855,-272,3468
17099,LaSalle County,-125,192,-591,-1219,928,241,473,358,106,-441,-112,-222,-466,-299,-714,-515,-748,-502,-250,-360,-158,-397,-501,387,282
17101,Lawrence County,-32,-36,808,451,163,321,-174,156,-35,-56,19,20,-120,13,-171,-73,-211,-110,-164,-82,-24,-143,-1536,147,166
17103,Lee County,-26,-90,-384,-343,-23,-178,71,115,-114,-211,-79,-351,-443,-93,-198,-347,1,73,-210,-162,-65,35,-514,-420,124
17105,Livingston County,-62,-153,-578,-611,-182,-220,-312,-129,-225,-144,-80,-104,-272,-1132,-339,-414,-476,34,-364,-74,-33,87,-123,-217,86
17107,Logan County,-45,-243,-119,-201,-42,-190,-229,-31,2,-171,-31,-4,117,-510,-151,-342,-73,-79,-60,-245,-59,-444,87,-56,272
17109,McDonough County,-64,-27,78,238,-120,134,75,86,-315,-50,-4,-119,38,-293,-482,-292,-483,-529,-340,-267,-90,62,-275,97,-605
17111,McHenry County,1169,4895,5120,5576,4816,4710,4847,3046,1060,274,-143,-2074,-1745,-1830,-1400,-1090,-1551,-348,-469,-1374,-400,1033,-220,1094,1906
17113,McLean County,169,854,2063,754,150,-94,1412,1028,392,892,49,49,808,1285,-1939,-1910,-979,-1186,-999,-1535,-150,-244,-446,-347,263
17115,Macon County,-305,-1390,-1544,-1532,-671,-453,-717,-512,-610,-306,-96,-313,-683,-787,-1151,-1225,-1083,-1029,-943,-530,-217,-945,-1042,-567,-94
17117,Macoupin County,-5,-99,6,87,-49,-143,-143,76,-72,-388,53,-21,-589,-274,-340,-231,-75,-58,-93,-279,-75,-65,-177,123,75
17119,Madison County,-43,394,196,753,364,130,553,308,-60,-245,-119,-1259,-1111,-1086,-1028,-786,-609,-458,-1146,-919,-154,-35,-484,189,476
17121,Marion County,-9,-319,-427,-374,-321,-325,52,-254,-193,-415,30,-211,-139,-319,-105,-190,-286,-239,-282,-166,-63,-113,-295,-91,-41
17123,Marshall County,-17,-165,86,2,148,0,-11,39,-120,-16,-10,-101,-160,-114,-113,-22,-9,-162,-120,-10,-29,39,69,70,-37
17125,Mason County,-13,-15,-81,-131,-54,-175,-291,-26,-52,-172,-28,-130,-95,-103,-8,-183,-123,38,-77,-128,-34,-85,3,-55,14
17127,Massac County,-13,-55,100,-4,209,-23,-102,26,-79,-62,-11,-64,-185,-140,-73,-118,-72,-101,-207,-210,-20,-82,24,-7,4
17129,Menard County,5,-32,21,-10,65,-115,-7,115,10,-83,-7,-14,-4,-94,-63,-123,44,-126,16,-89,-15,-72,-43,-75,-48
17131,Mercer County,10,-47,-54,-94,-66,-128,-30,-51,37,-196,-4,-77,-136,-48,-147,-119,-84,42,6,-60,-47,26,41,24,-118
17133,Monroe County,106,431,665,565,586,448,581,360,308,227,15,179,-3,166,35,165,99,188,159,227,2,97,148,171,39
17135,Montgomery County,-33,-164,0,-262,-13,-129,41,-171,-75,-175,-13,-168,-232,-209,157,-181,-66,-226,-41,-213,-52,97,13,-73,128
17137,Morgan County,-14,-331,-197,-27,16,-290,-166,-69,-221,-267,-32,-7,-127,-287,-304,8,4,-357,-176,-333,-55,-84,-98,-121,-28
17139,Moultrie County,31,-50,21,72,64,57,-33,59,36,18,22,45,11,-78,-61,10,-133,78,-40,-163,-26,64,-135,12,95
17141,Ogle County,88,196,365,476,352,375,481,226,136,-113,-74,-425,-342,-580,-374,-376,-470,-166,-180,-167,-76,-127,-11,-4,-37
17143,Peoria County,-510,-1617,-486,-1205,-489,-487,-423,-456,-296,1055,-484,-229,-254,398,-2163,-1876,-2218,-3173,-2624,-2063,-525,-1498,-1785,-181,369
17145,Perry County,-40,12,-263,-43,21,-11,86,-76,-136,-50,-1,-6,-412,-100,-157,48,-116,-92,-105,-189,-42,-112,98,107,-246
17147,Piatt County,-12,-73,-130,119,23,125,3,-37,-1,-2,-8,-35,-179,-37,-37,-68,150,-94,-81,-36,-3,122,-29,75,-51
17149,Pike County,-32,-123,-138,-143,46,-23,-236,106,-176,-97,-14,-22,-77,-149,-88,-142,-26,-57,-72,-51,-73,32,34,-135,-16
17151,Pope County,21,-69,-23,318,-356,-99,12,10,-57,-57,3,48,-13,25,-69,-72,-79,30,24,7,-8,37,34,1,43
17153,Pulaski County,-22,-134,-91,-144,-114,-152,-155,-78,-155,-99,-8,-127,-5,-37,-88,-108,-36,-88,-92,-80,-17,-60,-57,33,-52
17155,Putnam County,-21,-9,5,5,-57,-34,-58,53,-6,9,-1,-32,-67,-51,-10,-107,-5,13,34,12,1,-30,-14,27,48
17157,Randolph County,-9,172,-692,-163,192,-144,5,-189,-129,-77,-42,-25,-317,111,-45,-241,-344,-95,-87,-336,-52,260,-177,-40,177
17159,Richland County,-35,-185,120,-77,-98,-56,-98,-37,-123,110,-13,-36,-73,-107,28,-49,-108,32,-103,-156,7,33,-101,40,-58
17161,Rock Island County,-321,-845,-813,-1428,-631,-731,-602,267,-968,-322,-104,-476,-90,-220,-1002,-1234,-1452,-1256,-1239,-860,-254,-1414,-1301,165,660
17163,St. Clair County,-198,-1610,-25,-123,-515,-863,-21,-613,-432,137,-30,-1408,-2364,-2748,-1755,-2048,-2475,-1249,-1741,-2054,-420,-1652,-2070,-212,-450
17165,Saline County,-63,-60,7,-58,135,-78,138,66,-108,-27,35,53,21,-66,-250,-8,-231,-157,-112,-233,-60,-182,-91,-22,-1
17167,Sangamon County,-114,-146,127,-274,-367,-343,123,-194,134,230,190,670,-85,-709,-358,-638,-1212,-1244,-1615,-1069,-196,-117,-1766,-11,210
17169,Schuyler County,0,-140,1,17,62,58,-70,-51,-76,-117,2,-42,-1,-41,-113,-97,-95,-15,-52,-62,-19,-1,-33,3,49
17171,Scott County,10,-30,-49,-13,-73,-28,-92,-40,-35,-7,-9,-85,58,-51,-33,-47,-59,-56,-41,27,-1,-64,-40,-27,33
17173,Shelby County,-63,-191,-34,-96,-205,-99,-156,-146,15,-17,-18,-73,-84,-77,-66,-267,-96,3,-16,-73,-59,11,-8,-35,35
17175,Stark County,-5,3,-14,-49,-22,-30,42,13,-15,-55,-22,-112,-83,-6,-109,-65,33,-50,-25,-57,-7,-68,74,-53,16
17177,Stephenson County,-117,-468,-435,-31,-194,-379,-380,-330,-178,-84,-52,-245,-442,-161,-376,-592,-118,-431,-123,-228,-93,-216,-194,-71,89
17179,Tazewell County,-70,-657,-171,-450,312,690,382,702,145,594,6,106,67,-90,-1183,-1151,-499,-474,-1040,-577,-184,-188,-222,379,236
17181,Union County,-24,-55,64,88,-22,38,7,7,-73,-47,-35,-28,-25,-20,-87,-78,-171,-82,-93,-129,-29,-136,-21,18,85
17183,Vermilion County,-193,-521,-608,-574,-266,-469,-327,-795,-665,-480,-90,-285,-701,-378,-868,-594,-753,-771,-1003,-918,-166,-521,-651,-165,-12
17185,Wabash County,-17,-140,-107,-101,-96,-67,-102,-119,-95,-109,-24,-101,-108,-9,-67,21,-97,-17,-32,-21,-34,-41,-83,39,9
17187,Warren County,-56,-211,-109,-199,-323,-40,-69,-8,-180,-18,-13,108,-119,-123,24,-284,-204,-192,-176,-175,-29,-174,-329,-129,-31
17189,Washington County,0,81,-153,66,-103,-196,47,-118,-43,-142,-18,-131,33,-191,-16,-146,-83,-223,43,-123,-34,-39,50,-31,14
17191,Wayne County,-31,-76,-125,-92,-70,25,-94,77,-95,-193,-4,-74,-1,17,-39,-49,-20,-115,-95,-87,-34,-93,8,34,101
17193,White County,-17,25,-92,-76,104,105,-88,-102,93,-30,-21,36,-15,-23,-114,11,-60,-93,-203,-14,-31,96,-4,-38,41
17195,Whiteside County,-60,-161,-559,-641,-144,-234,-68,-209,-33,-185,-88,-211,-471,-271,-434,-149,-418,-466,-283,-337,-103,-22,-495,167,173
17197,Will County,4505,18106,18740,19887,21928,16797,18137,8158,2407,-810,-141,-2292,-2610,-2504,-2271,-2892,-1024,-712,-1936,-2921,-638,1087,-1980,3153,3344
17199,Williamson County,-15,510,396,240,777,525,77,659,254,483,31,262,65,629,-66,-70,-17,-379,-21,-331,-19,-15,-37,385,453
17201,Winnebago County,77,-99,-119,865,-192,678,1878,3023,250,-1419,-575,-2458,-2544,-1965,-2981,-2152,-1847,-2066,-1467,-1578,-381,-1335,-1328,65,1309
17203,Woodford County,-26,-18,87,249,434,439,266,471,377,136,-43,58,-63,117,-38,-135,-69,-238,-223,-94,-44,-114,-7,145,-121
18001,Adams County,-91,-274,-327,-115,-200,-273,-325,-323,-110,-181,-62,-393,-337,-115,-282,-137,-120,-161,-190,-231,-45,-157,-120,-99,-207
18003,Allen County,227,-230,-196,105,-947,-196,573,627,-963,133,-145,633,-312,359,-267,235,80,522,1442,2239,264,1458,1825,1726,2733
18005,Bartholomew County,208,-55,-603,4,220,396,385,302,395,161,-3,533,996,296,536,622,417,-254,181,780,-44,249,784,416,678
18007,Benton County,-17,-132,-149,-55,-172,-146,-82,-90,-45,-113,21,-22,-56,-78,-62,-46,-62,-70,5,74,-9,-4,2,84,92
18009,Blackford County,-39,-235,-29,-38,-114,-47,-216,-73,-86,-89,-6,-114,-138,-66,-68,-81,-93,-44,-57,-118,8,24,-41,39,-1
18011,Boone County,265,524,897,786,951,831,1314,800,675,998,195,737,883,1095,1019,1160,891,1285,891,618,326,1759,1157,1538,2292
18013,Brown County,43,88,79,-48,-52,-149,18,-106,-86,-58,-1,-101,4,30,-80,87,65,43,276,-101,37,198,94,175,63
18015,Carroll County,-13,52,-103,76,-368,31,-157,-144,-114,-80,2,-170,16,-51,-215,-55,57,73,74,29,11,145,30,63,151
18017,Cass County,-21,-155,-636,-264,-355,-410,-531,-365,-117,-238,-25,-241,-250,-306,-180,-488,-275,-108,26,-242,-54,-153,162,247,-166
18019,Clark County,138,182,496,1103,819,987,1901,1005,1175,1187,238,504,7,527,969,504,571,798,484,783,273,1554,1515,1405,2093
18021,Clay County,-8,-4,-194,204,173,7,-95,-164,44,-167,-21,-50,-74,-142,-264,-12,-226,-38,6,33,-11,10,89,93,25
18023,Clinton County,56,-165,-247,-254,-41,-114,31,-145,106,-79,-47,-281,-198,-213,-389,-189,-235,-81,-52,107,-33,-135,-71,146,137
18025,Crawford County,26,98,33,15,1,-28,-26,-102,-161,-163,14,-77,27,-20,33,-140,34,-23,50,-12,15,15,91,-15,167
18027,Daviess County,-52,-305,-116,17,-76,-92,-243,-38,-47,70,18,40,-19,-29,199,-51,-18,-76,-85,-142,-36,-152,-25,133,31
18029,Dearborn County,127,219,224,466,322,97,329,363,154,170,10,-183,-333,-71,-403,7,-51,189,-92,-21,58,153,261,497,176
18031,Decatur County,-26,-193,0,-8,53,35,-65,-132,-36,-165,16,43,102,122,100,-177,153,-14,60,-215,24,-134,157,-17,116
18033,DeKalb County,61,-154,-86,128,55,5,-37,90,-28,-180,-5,31,-327,-52,-48,-40,29,99,287,167,7,27,357,341,92
18035,Delaware County,-100,1114,-691,-332,-1274,-1114,-1083,-363,-622,165,-57,145,-883,-224,-389,-672,-62,-235,-811,-53,-48,632,626,616,755
18037,Dubois County,-34,84,-81,136,200,66,161,-56,-6,-230,-46,152,-174,41,-104,-131,-36,-71,-19,-87,-23,-107,45,230,116
18039,Elkhart County,230,-197,-1317,1298,755,1508,1190,-462,-241,-1576,-560,-706,-621,-111,-163,143,-819,-708,-10,-661,-320,-851,-490,-1061,84
18041,Fayette County,-70,-321,-149,-153,-129,-182,-229,-106,-58,-151,17,-84,-128,-37,-331,11,-55,6,-27,42,-20,162,167,96,269
18043,Floyd County,22,424,-147,-272,109,274,275,375,727,347,7,117,127,645,-98,326,49,191,731,566,66,81,326,403,1232
18045,Fountain County,-38,-181,-11,-157,-182,-196,-16,-106,-79,-191,9,-104,-14,-220,-204,-146,-56,10,-34,-48,24,48,192,133,228
18047,Franklin County,31,-18,81,177,20,53,-17,16,-18,-161,-44,-73,-28,-97,-19,-70,-211,-124,-56,-12,-6,88,246,77,-5
18049,Fulton County,19,-115,-109,-150,63,1,-44,-13,-4,-26,-9,-68,-105,-212,29,-204,-223,-126,60,-101,-6,-41,50,26,-234
18051,Gibson County,17,72,-59,102,161,-42,-5,-335,-147,-103,33,-123,-69,-83,168,-101,-28,42,-127,52,23,-50,81,-62,133
18053,Grant County,-157,-565,-676,-391,-752,-696,-569,-688,39,-156,-76,-240,-566,-237,-455,-784,-718,-236,-216,-209,-99,-22,215,534,317
18055,Greene County,28,-66,-166,126,22,-137,-163,-260,-112,-134,58,-191,-63,-160,-9,-194,-149,32,-63,-58,42,120,336,192,214
18057,Hamilton County,2034,7532,8040,7864,8183,7650,7568,6706,6036,5175,1201,4285,3909,4791,3382,3424,5146,4957,5357,5754,1227,7204,7016,4860,5564
18059,Hancock County,187,712,1134,896,916,1708,1810,1202,582,598,104,-46,98,248,597,499,1242,1086,1283,1475,365,1723,1263,2992,2568
18061,Harrison County,135,53,279,275,489,332,106,69,175,205,-6,-176,-231,-40,168,270,74,115,418,244,27,224,155,343,172
18063,Hendricks County,1098,3777,3948,3015,3764,2869,3084,3630,2078,1838,276,1917,1294,2210,1534,1328,1965,2705,2732,2812,808,3972,3396,2984,3287
18065,Henry County,-74,-201,-189,-264,-48,-228,174,-420,1156,-240,38,-203,22,-173,129,-115,-196,11,115,-56,26,236,75,417,322
18067,Howard County,-66,-266,-487,-271,-406,-115,-702,-427,-467,-849,-43,-83,-38,-160,-135,-170,-4,-5,50,298,16,246,350,612,446
18069,Huntington County,-22,-167,130,-116,-73,-102,-42,-215,-217,-46,-26,43,-204,-199,-163,-146,-186,-71,-11,258,-30,234,118,95,195
18071,Jackson County,17,-200,-110,-55,-80,167,-85,-82,-50,23,157,201,5,287,170,53,-45,-160,11,29,-28,-270,74,325,553
18073,Jasper County,91,-58,90,261,188,15,465,304,125,-22,18,-172,-31,-130,42,-71,-146,-6,-124,169,-13,273,254,217,115
18075,Jay County,-36,-144,-134,-123,-131,-177,-78,-76,-220,-168,-74,31,-49,-133,-196,-86,-193,-181,-192,-341,-13,-199,-146,-63,132
18077,Jefferson County,18,167,13,-53,-1,213,295,-138,396,10,4,-86,137,-10,54,-101,-72,-216,145,133,-41,-63,42,255,179
18079,Jennings County,95,43,49,-260,-8,-95,-221,10,-208,-117,-61,-380,-90,10,-367,-130,-216,7,-24,22,-27,-86,56,189,85
18081,Johnson County,556,1913,2216,1305,1517,2076,3075,2650,2126,954,219,815,1172,1323,985,1396,2045,1710,1813,1570,469,1971,1379,2261,2223
18083,Knox County,-46,-273,-59,-288,45,-195,-232,-150,54,-48,-30,75,-526,17,-136,-164,-414,-291,-475,3,-15,-153,60,274,-105
18085,Kosciusko County,34,-44,-407,-184,-227,16,-94,-94,-297,-423,-111,-335,-48,-6,149,-223,-119,-49,79,-261,-158,48,423,-265,352
18087,LaGrange County,-68,-84,-299,-192,-162,-220,-208,-207,-242,-481,-85,-193,-281,-69,-138,-283,-10,-342,-334,-230,-31,-359,-65,-330,-251
18089,Lake County,-633,-2189,-1709,-935,-299,15,-157,-250,-126,-1559,-562,-2651,-3212,-2962,-2121,-4221,-2805,-2080,-590,673,241,388,1640,922,2419
18091,LaPorte County,-67,-360,-903,-834,-360,397,-202,900,34,24,-115,-329,-147,-29,125,-960,-748,-355,62,-120,-88,346,-452,-180,519
18093,Lawrence County,-9,-55,-3,17,-83,78,-171,125,-132,-34,10,63,66,-163,-124,-25,39,122,119,-159,47,218,467,-17,347
18095,Madison County,-155,-295,-619,-849,-517,-566,160,-121,46,-11,-14,-746,-857,164,-533,-343,-79,191,239,80,110,805,946,1381,1892
18097,Marion County,-1214,-1806,-6484,-5259,-5451,-4315,-2523,-3410,-2763,1030,-470,-476,1880,3342,-556,-2696,-434,-822,2192,-107,-1188,-8909,-853,489,3978
18099,Marshall County,37,-8,-280,151,84,16,-16,-258,-99,-23,-92,-178,-216,-129,-58,-316,-260,-283,-274,-143,-23,78,242,-31,254
18101,Martin County,-22,-96,-24,-67,-8,-71,-26,-96,-86,-73,-1,-35,-63,-101,-47,-39,-49,-16,18,29,-19,-10,22,66,17
18103,Miami County,63,40,325,12,-369,114,35,-389,-529,-304,-111,-225,-111,-353,-162,-44,68,-167,-199,-149,-25,-839,-507,-127,451
18105,Monroe County,40,-203,-21,893,734,654,1419,694,739,899,442,1286,822,215,886,433,1174,624,286,936,-145,4312,-48,-743,-582
18107,Montgomery County,-60,124,-142,-317,35,170,-200,41,-87,-104,-70,129,-180,-143,-32,39,-80,89,-109,29,18,151,374,316,174
18109,Morgan County,108,-28,342,421,67,235,220,74,616,-398,124,-73,-169,107,92,-35,-40,70,222,253,69,527,257,1041,876
18111,Newton County,-29,-221,-97,49,-93,74,-181,18,-98,-188,7,-110,-47,19,60,-74,13,45,-23,11,-18,68,103,235,108
18113,Noble County,61,191,-431,-208,-90,90,-66,-283,-130,-155,-109,-278,-245,-84,-70,-39,-306,-190,19,27,-51,-200,-168,117,287
18115,Ohio County,1,17,79,0,65,27,44,-71,28,6,-18,-22,1,-71,-22,-57,22,-30,32,1,3,89,153,-56,41
18117,Orange County,-4,-17,9,143,-76,86,-147,98,-98,-4,-52,122,-203,77,-88,-124,-159,-54,100,79,-1,26,-99,144,151
18119,Owen County,55,152,175,303,-50,-158,-70,45,-8,9,11,-102,-140,-181,-150,-176,95,-75,109,1,1,238,180,296,167
18121,Parke County,-32,22,53,210,-129,-177,-99,-10,-57,-283,-71,-222,8,89,-41,-330,-87,-58,12,-68,-12,337,-267,-91,212
18123,Perry County,-14,-91,-12,-6,111,20,-163,106,-112,-105,67,6,-50,50,-23,-38,-345,4,95,73,-7,-20,-161,378,243
18125,Pike County,-17,9,33,-62,12,-236,45,-30,-54,-274,0,-119,23,-134,-32,-54,13,-48,91,15,1,-30,29,31,100
18127,Porter County,186,634,977,1155,1371,1837,2000,1604,1100,532,87,598,-270,466,262,-57,-200,811,1014,931,125,1333,716,505,788
18129,Posey County,-14,-119,-31,-196,-99,-162,-112,-129,-136,-169,-29,-209,-165,-97,-11,-3,-5,-78,-24,-107,-22,5,-10,-7,73
18131,Pulaski County,-31,18,-31,40,35,7,23,0,-64,-113,-56,-77,-194,-50,-26,-100,-170,-65,-28,-127,7,-87,170,28,43
18133,Putnam County,38,2,-24,391,169,37,-199,220,-106,-426,-42,-68,-242,-155,-26,-79,-281,263,117,78,-20,385,226,176,609
18135,Randolph County,-44,-256,-187,-335,-252,-137,-142,-265,3,-150,-44,-159,-185,-249,-271,-221,-56,-156,-107,-155,-71,104,89,50,83
18137,Ripley County,46,161,29,-58,-12,-54,53,-239,0,-110,-16,-194,-248,-156,26,22,-36,19,-9,-170,-15,59,113,268,117
18139,Rush County,-63,-137,-200,-54,-237,-87,-167,-84,-270,-102,-21,-67,-184,-79,-152,-130,-75,19,-5,-52,13,-41,29,170,-50
18141,St. Joseph County,-184,-1526,-1474,-1615,-1296,-688,-596,-696,-56,-1559,-394,-1118,-1181,-483,20,-296,582,-582,70,-112,-313,-560,247,496,-339
18143,Scott County,48,176,-48,146,-109,189,-42,13,-166,-18,5,-257,-169,52,-112,66,26,161,47,137,0,120,240,322,263
18145,Shelby County,61,43,-296,-406,-56,-124,181,126,106,132,-80,-85,-114,47,-58,-94,-168,136,156,158,16,65,213,93,371
18147,Spencer County,-6,-159,-161,-6,-88,133,-75,-100,-224,-38,-31,6,-240,-19,-71,-178,-122,-49,-47,-86,9,40,91,169,209
18149,Starke County,-46,-337,137,-62,-32,79,-5,-81,81,28,4,-181,2,-24,-135,-81,148,-73,14,67,22,101,-11,131,170
18151,Steuben County,36,34,-285,76,-208,-3,-79,-196,-113,-57,-57,-114,23,151,54,-80,-221,-5,113,121,13,255,134,228,0
18153,Sullivan County,-17,13,27,0,-6,-118,-160,3,-26,-101,-49,-160,-27,-78,-151,-82,-129,17,0,-26,1,10,-65,106,29
18155,Switzerland County,39,241,144,-84,35,181,-116,-8,-19,40,11,-102,-190,112,-60,40,-5,31,41,20,-18,93,130,19,73
18157,Tippecanoe County,99,541,34,277,414,1611,2691,1555,1191,1451,-33,1710,2162,1672,1412,1113,2368,-118,1590,911,-97,321,944,26,-26
18159,Tipton County,-15,-105,-14,-121,-43,-135,-123,-94,-147,-74,-44,-51,-132,-64,-143,-127,-65,-7,-5,50,30,29,30,10,69
18161,Union County,-27,-77,-11,-137,-75,25,-24,-39,-110,-17,12,-49,-161,-32,-66,-64,-42,28,-124,27,-3,-29,-29,31,-23
18163,Vanderburgh County,-72,-280,82,431,113,-248,180,-63,-594,138,13,204,129,216,93,-665,-369,-633,-37,170,219,-14,-188,737,838
18165,Vermillion County,-5,-120,-52,-40,17,55,-15,-26,-164,30,-63,11,-87,-54,-145,-1,66,-71,54,18,-27,58,56,31,227
18167,Vigo County,-191,-418,-517,16,-846,332,887,91,-315,67,41,261,36,-388,-497,-528,133,-274,-251,-353,-67,77,348,262,299
18169,Wabash County,-13,-364,-220,-227,-207,-346,-192,-314,-147,-180,-34,-239,-113,-10,-92,-148,-268,-26,-59,-103,-24,175,141,-15,139
18171,Warren County,3,125,74,-19,19,35,-15,-78,56,-91,-9,-76,-123,-25,-42,-64,-97,41,73,-15,-10,74,42,50,-11
18173,Warrick County,63,-13,339,878,450,650,493,718,423,475,114,199,-23,442,-28,437,385,373,42,518,128,722,764,744,354
18175,Washington County,14,105,83,-61,10,-115,154,-27,-32,-206,23,-92,-292,-152,57,-135,-11,52,148,87,49,-71,147,104,237
18177,Wayne County,-97,-489,-362,-286,-648,-510,-433,-456,-461,-244,-81,-363,-412,-410,-261,-306,-247,-303,-31,-52,-8,218,70,125,418
18179,Wells County,-24,-80,66,-38,-50,-70,-39,-76,-132,-253,-7,-15,-133,-44,40,23,-57,59,93,140,-11,28,212,312,185
18181,White County,-55,-128,-334,-377,-267,-294,-212,-254,-68,-413,5,-107,-184,-49,-2,-124,-217,77,-33,-38,-8,26,91,207,161
18183,Whitley County,-23,169,133,205,45,218,276,82,10,-35,23,-65,-82,-134,66,-68,-79,179,213,-180,140,145,158,155,60
19001,Adair County,-25,-76,-61,4,-9,-72,-35,-55,-124,-67,4,-83,-55,-32,12,-164,-97,69,19,73,-10,75,-10,-25,67
19003,Adams County,-3,-74,-17,-7,-55,-61,-24,-57,-65,-89,-2,-16,-86,-19,-22,-103,-47,-36,-7,-35,-1,-59,-18,-40,52
19005,Allamakee County,-17,-289,-39,50,-17,32,-12,-58,-51,-78,22,-147,-82,-110,-28,-206,-35,-76,27,-178,-9,-85,64,63,43
19007,Appanoose County,-6,-114,-161,111,-50,-12,-139,-186,-149,-80,0,-9,-145,-15,37,-57,-57,-126,82,69,-15,67,-45,48,32
19009,Audubon County,-7,-77,-54,-81,-29,-77,-48,-37,0,-62,-4,-74,-99,8,-74,-55,-65,-47,-69,30,2,-5,-44,-16,44
19011,Benton County,8,208,272,135,220,70,-118,-108,15,3,-9,-35,-314,-179,-144,-95,-36,-64,-44,5,-34,210,7,34,45
19013,Black Hawk County,-107,-602,-1414,-997,-353,-252,-204,-462,620,593,-8,-97,-169,514,-24,-266,-1186,-1225,-1003,-941,-192,-622,-685,705,505
19015,Boone County,21,3,-153,67,82,74,-87,23,-111,-156,-23,-10,-165,138,33,151,-7,52,-117,-55,-1,140,-92,88,213
19017,Bremer County,-49,98,-182,67,103,0,81,52,-183,-120,13,68,53,57,32,37,-56,43,76,71,20,160,150,70,33
19019,Buchanan County,-44,-230,-272,-47,-13,-150,-23,-30,-28,-246,-30,-119,-11,-35,39,-95,-184,66,-17,-70,17,51,-29,-14,-69
19021,Buena Vista County,-64,-186,-80,-203,-237,-175,-201,-218,-92,0,41,-114,99,-60,-183,-345,-167,-328,-444,-345,-23,-128,-254,-100,-138
19023,Butler County,-10,-221,-117,43,19,-40,-40,-21,-26,-234,50,81,10,29,7,-43,-141,-54,3,-47,-7,78,-67,-21,-50
19025,Calhoun County,-19,-85,-157,-117,-104,-76,-114,-125,-61,-151,-1,-29,-146,16,-14,-18,38,-34,-16,-21,-26,53,-116,89,-57
19027,Carroll County,-69,-143,-107,-121,-131,-8,-183,-9,-139,-41,3,1,-240,-112,-58,-102,-56,-103,-133,-1,-41,61,-130,-5,-55
19029,Cass County,-3,-151,-183,51,-102,-112,26,-42,-55,-31,7,-127,-13,-107,-114,20,-116,24,-152,-70,9,44,131,70,-31
19031,Cedar County,-23,-107,-13,7,-25,-124,18,-67,59,-73,3,-101,-73,-77,49,-18,97,126,68,42,-6,-13,-6,18,10
19033,Cerro Gordo County,-92,-530,-417,-45,-422,-205,-246,-99,-254,-108,-42,-140,-256,-146,-303,-178,207,-24,-310,-138,-70,-95,-193,120,48
19035,Cherokee County,-29,-130,-239,-145,-86,-140,-183,-113,-145,-28,46,-41,-37,-57,-57,-288,-49,-44,19,-8,2,-72,19,195,18
19037,Chickasaw County,-41,-36,-267,-191,-100,-155,-28,-127,-138,-89,-25,-5,-145,2,-35,-89,-60,-82,-88,-53,-28,-66,-113,-31,36
19039,Clarke County,59,-28,-25,27,-5,-155,-19,-86,25,-41,12,-8,25,-118,-55,0,56,84,88,-123,-17,48,-73,-31,-71
19041,Clay County,-16,-137,-185,-92,-80,-144,-80,-103,-27,-16,-27,-40,-42,-136,56,9,-188,-173,-67,-129,-27,137,98,38,36
19043,Clayton County,-61,-112,-197,-58,-66,-150,-89,-112,-122,-97,-33,-33,-96,-138,-47,-35,-53,9,-98,20,-33,71,41,-32,3
19045,Clinton County,-119,-263,-260,-74,-83,-100,-99,-264,-144,-189,-17,-50,-449,-446,-399,-369,-324,-305,-416,3,-39,149,-100,-17,-3
19047,Crawford County,-16,-60,-86,-145,-125,-117,-171,-75,-189,-51,35,0,-40,14,-283,-137,-48,-85,-50,-348,-51,-262,-160,-77,111
19049,Dallas County,226,1316,1286,1542,2794,1977,2268,2050,2014,1299,357,2275,1736,1828,1974,2036,2781,2125,2007,2692,725,3046,3012,2484,2696
19051,Davis County,-14,-3,-26,-74,44,-82,-30,-3,-66,-70,7,-47,-119,32,-65,-48,66,-4,-80,-38,-5,-27,-62,-50,-64
19053,Decatur County,-21,-3,-84,-66,-10,-16,-85,-37,-160,10,-28,-153,-6,-17,1,-83,-92,-119,-68,-39,-21,75,42,-11,-97
19055,Delaware County,-43,-205,-97,-186,-229,-193,-123,-91,-230,-186,1,-162,-96,-120,-122,-47,-142,-159,-108,-93,-24,83,58,-22,26
19057,Des Moines County,-86,-441,-656,-192,-446,-172,-159,62,30,134,-44,-198,162,165,-306,-215,-270,-255,-187,-185,-71,-203,-145,172,4
19059,Dickinson County,21,51,-88,32,179,119,29,-20,70,-7,11,249,73,22,19,172,132,108,20,168,81,167,233,68,86
19061,Dubuque County,-50,-590,-72,484,89,-43,212,510,-25,110,139,372,286,534,211,98,-452,83,-403,166,-39,-521,-142,153,54
19063,Emmet County,-31,-98,-68,-103,-160,-67,-112,-58,32,-137,-6,-175,-134,-28,-59,-115,-116,-138,-127,-64,-28,34,-81,94,-146
19065,Fayette County,-29,-231,-179,-65,-231,-56,-214,-312,-115,-65,-30,135,-178,-205,-162,-90,-238,-130,15,-14,-64,-43,61,-36,-88
19067,Floyd County,-42,-228,19,-53,-55,-86,24,-144,-209,-150,13,-225,-6,-19,-23,-86,-76,-105,-8,-118,-35,-81,-59,24,-200
19069,Franklin County,-26,-70,64,-7,62,11,-92,15,-81,-19,2,-15,-177,25,-97,-131,-133,-31,-59,-25,-24,-29,8,-44,120
19071,Fremont County,-10,-122,-76,-29,-75,-25,-6,-3,-172,-69,-12,-56,-209,-41,-26,-96,48,-5,40,-22,-30,43,-80,9,49
19073,Greene County,-25,-151,6,-62,-27,-118,-207,-82,-147,-81,8,-12,-110,-8,-11,-170,70,-23,15,-66,-13,4,35,-73,90
19075,Grundy County,-24,-66,34,-6,43,5,27,-123,14,65,5,7,-53,-113,48,36,-107,42,-19,-29,3,60,15,50,-4
19077,Guthrie County,-16,-89,6,103,87,-113,-102,-21,-68,-142,6,-49,-98,-91,32,-5,2,25,69,-25,7,23,134,104,-15
19079,Hamilton County,-26,-229,47,-51,-142,-66,-192,-232,-207,-126,-26,-170,-151,35,-162,-26,-178,-35,-138,-106,-18,-90,10,40,60
19081,Hancock County,-9,-175,-141,40,-89,-47,-118,-203,-74,-208,-23,2,-90,-22,-65,-16,-144,-122,-47,-65,-34,-51,13,-22,-9
19083,Hardin County,-7,-102,-189,-184,-111,-154,-102,-52,-81,-224,-4,-125,28,73,-30,-39,-15,-79,-105,-48,-37,27,65,-82,-1
19085,Harrison County,26,-51,-49,71,34,25,44,-121,-196,82,-10,-87,-267,-77,-114,-88,-70,68,5,-29,-14,201,23,20,-23
19087,Henry County,-45,17,-351,142,-45,65,-85,16,-97,-178,-24,140,-271,0,-200,-13,-30,220,-40,-111,-31,42,-44,-667,-181
19089,Howard County,-10,-27,-57,-63,-12,-59,-115,-72,-47,-48,-10,-18,-10,-117,-94,-62,-60,-48,-41,-10,9,6,43,-116,22
19091,Humboldt County,-23,-57,-198,-19,-61,-142,-25,-141,-57,-92,-18,4,-42,-37,-26,-65,-10,43,-22,-2,-2,61,-92,-13,-6
19093,Ida County,-35,-121,-74,-70,-129,-86,-109,-29,-80,-160,-8,13,15,35,-104,0,2,-70,21,51,15,-1,-43,-61,-10
19095,Iowa County,24,74,-35,50,-10,93,12,-187,-68,12,-29,-28,-169,107,26,-56,-82,-75,31,32,12,-27,-49,-87,45
19097,Jackson County,-10,-68,-140,1,-9,-10,-5,-97,-97,-48,1,-64,-13,-143,-83,-30,4,-40,65,22,-31,7,-1,21,35
19099,Jasper County,-28,-16,24,-31,-191,-297,-331,-203,-166,-271,-20,-226,-125,79,134,-167,-80,292,181,-30,-5,105,149,34,78
19101,Jefferson County,-26,-102,-248,-41,-21,-129,-77,66,-120,32,7,294,177,367,181,68,162,198,50,68,23,141,-153,-65,-11
19103,Johnson County,241,1287,637,800,1180,537,1000,1245,1479,1738,182,1556,1829,1918,1480,1058,895,1377,168,-377,-53,1219,905,260,313
19105,Jones County,-34,-40,34,43,166,-84,2,31,-21,-107,27,34,-126,-92,40,-129,-37,200,42,12,4,233,182,-14,248
19107,Keokuk County,24,-32,-33,-143,-110,-161,-153,-31,-82,-89,-18,-136,-10,-64,-71,-98,-9,-23,69,16,-21,-31,36,59,-98
19109,Kossuth County,-39,-298,-236,-177,-93,-211,-296,-195,-200,-89,-22,-103,26,-27,-66,-39,-45,-154,-74,-78,-19,-207,24,-7,33
19111,Lee County,-104,-475,-486,-372,7,-196,-97,-145,-343,-11,-17,-240,0,-294,-150,-160,-418,-197,-284,-224,-1,-146,-242,-150,110
19113,Linn County,201,743,203,-360,39,818,942,1747,1220,-46,60,1492,207,3,622,1049,877,1193,417,19,-97,-1346,-894,-296,1244
19115,Louisa County,-28,-44,-26,-71,-134,-301,0,-46,-116,-494,-20,-25,-58,-33,-127,-12,-109,-36,-81,-134,-17,-59,-75,-124,55
19117,Lucas County,-20,55,-4,56,149,12,-110,-49,-147,-145,-10,-32,-75,-68,-52,-6,-26,-23,63,-44,-11,107,20,59,53
19119,Lyon County,-30,-101,-99,-29,-70,-105,-140,-159,-85,-67,-11,46,39,-100,-69,-11,-42,-55,-37,-115,-27,70,76,88,77
19121,Madison County,33,65,136,98,175,136,287,96,29,-134,39,-4,-145,-156,111,84,63,193,199,129,63,150,242,-61,123
19123,Mahaska County,-42,24,-125,-302,-27,94,-260,-36,-41,-196,-16,10,-114,-24,-105,-119,-170,-2,-230,30,-22,-154,54,29,-17
19125,Marion County,23,388,-101,-213,-24,49,419,-319,41,-161,-69,-24,0,-289,203,-176,-13,-70,151,-19,-18,54,226,109,335
19127,Marshall County,-45,-42,-220,-27,60,-322,-263,23,-2,-133,70,210,-74,-129,-387,-379,-267,-74,-250,-556,-10,-118,34,275,73
19129,Mills County,-3,-82,19,36,92,102,247,-25,-74,-181,6,-59,-154,31,-174,84,138,3,-1,37,-70,78,105,99,135
19131,Mitchell County,6,-132,110,26,86,-80,44,-17,-2,-10,10,-70,27,-31,27,-5,-22,-57,22,11,22,0,15,-4,72
19133,Monona County,-1,-100,-24,37,-88,-58,-91,-63,-44,-71,7,57,-87,9,-43,10,-15,-10,-28,7,8,-59,-20,39,-35
19135,Monroe County,-12,-49,-94,37,-5,-32,-82,-53,-14,-14,12,82,20,-77,13,3,-71,-2,-21,-59,21,28,-15,-9,-60
19137,Montgomery County,17,-252,-178,-59,18,24,-16,-179,-133,28,-24,-19,-71,-96,20,-200,-15,3,-100,-16,15,66,-47,2,-40
19139,Muscatine County,-18,-263,-149,-335,-43,-2,60,-58,-39,38,-79,-134,-47,-47,-153,-84,-220,-202,-154,-365,-74,-398,-203,-167,-124
19141,O'Brien County,-41,-157,-157,-52,-197,-83,-29,-132,-116,40,-10,-136,-25,-105,12,-91,19,-108,37,-32,-20,-49,36,-41,154
19143,Osceola County,-22,-22,-71,-39,-28,-129,-33,-112,-7,-111,-10,-117,-121,22,-17,-80,-67,-53,1,-60,8,-5,-82,-61,8
19145,Page County,-47,29,-357,-201,-104,73,66,-118,-340,-208,9,12,-160,-158,-22,27,-101,-60,58,-67,4,93,48,-83,106
19147,Palo Alto County,-2,-92,-134,-161,7,-71,-91,-28,-94,-36,-29,-8,-40,-77,-23,44,-89,44,-144,-15,-5,-46,-99,74,62
19149,Plymouth County,-8,-144,-227,-26,59,-175,-144,-194,-149,-143,-6,-216,-11,64,-71,-48,214,-145,-62,112,-4,29,-47,-16,-42
19151,Pocahontas County,-56,-93,-86,-150,-119,-120,-124,22,-119,-123,-23,-50,-60,7,-8,-123,-96,2,-96,-81,0,15,60,-63,-38
19153,Polk County,494,1370,1335,770,657,3360,3323,3137,2706,2857,861,3009,2409,4462,4536,2978,3362,2941,2067,1162,-3,2660,1700,3592,4534
19155,Pottawattamie County,36,-557,19,-113,435,-89,81,-206,39,-115,120,-276,-932,-320,150,29,-333,-346,-331,-224,-32,-93,-16,282,88
19157,Poweshiek County,10,17,-29,113,30,-122,43,56,-146,-43,-8,9,-120,-53,64,-213,-48,117,175,70,-8,15,-17,6,-13
19159,Ringgold County,3,-42,-70,1,17,-63,-64,-23,-23,-64,3,-27,0,-30,3,45,27,51,-66,-35,-10,41,91,5,2
19161,Sac County,-35,-83,-242,-133,-81,-163,-22,-159,-44,-106,10,-80,-35,-94,35,-46,-126,5,-63,29,-13,4,-27,41,-84
19163,Scott County,-309,-967,-745,-621,-426,-230,438,-135,1036,1205,-161,606,912,1104,276,-152,-506,-274,-223,-416,-184,-396,-396,302,538
19165,Shelby County,-11,-46,-115,-60,-49,-205,-61,12,-156,-138,10,-144,40,-133,20,-53,-93,-33,17,-82,-7,102,5,109,34
19167,Sioux County,-74,-12,-97,-128,-86,-205,-70,-369,-211,-65,-36,-12,19,-29,-133,-145,-30,-398,-238,-181,-39,-101,36,14,62
19169,Story County,42,-520,1157,-572,64,-447,1217,1224,502,475,-66,982,411,1379,1495,452,-120,29,-839,-14,2,755,44,982,198
19171,Tama County,-39,-53,-115,-60,21,-41,-124,-142,-165,-239,-41,-98,-142,-61,-153,-106,-39,-167,-182,-39,-28,-153,95,-88,-34
19173,Taylor County,23,-62,-51,-43,-51,-113,4,-85,-79,19,-5,-2,-54,-18,-53,60,-42,-84,56,-47,-22,32,22,56,-70
19175,Union County,-35,-41,-72,-193,57,42,48,61,88,70,-20,35,60,15,39,-163,-42,81,-149,-49,-11,-29,-66,26,91
19177,Van Buren County,5,-52,9,-27,-4,-25,31,8,7,-18,-13,-59,-65,-30,-34,-80,-47,-86,-145,40,8,37,-10,5,-61
19179,Wapello County,-20,-36,-173,-93,-125,75,-143,-431,-125,-21,30,-243,-58,64,-95,37,-232,-322,-42,-67,-69,-22,-175,302,27
19181,Warren County,62,74,187,536,217,500,559,460,328,275,50,178,106,290,342,493,723,611,782,309,172,888,777,883,1021
19183,Washington County,-2,225,-79,-17,-45,9,17,-6,21,-6,-17,124,47,-39,22,53,-95,87,-196,-143,-26,-54,61,11,9
19185,Wayne County,-4,-49,3,-27,-43,-40,-17,-107,12,22,11,-81,15,35,-21,-13,78,34,-89,43,5,16,-41,64,65
19187,Webster County,-51,-179,-364,-239,-466,-332,46,-131,-104,-64,-130,-131,-394,34,-249,0,-287,-129,-331,-439,-17,305,-388,-1,155
19189,Winnebago County,16,-185,-196,11,-69,-10,-205,-173,-76,-84,-27,-123,-91,-133,92,65,32,-16,-35,-161,-11,40,32,-71,-131
19191,Winneshiek County,-30,-8,-124,-197,-8,-24,-110,-1,-142,-89,-2,-8,-9,-164,-137,66,-335,-265,-124,-12,-25,-92,-7,-183,-25
19193,Woodbury County,-221,-1249,-912,-1073,-790,-1686,-486,-751,-170,137,32,-264,-1035,-625,-633,-353,-415,-1011,-95,107,-127,-369,-370,354,-175
19195,Worth County,-6,-61,18,-39,26,31,-82,-15,-4,-68,-10,-10,-56,12,70,-40,-22,-11,-41,-40,-11,-38,-46,3,-27
19197,Wright County,-15,-196,-198,-153,-86,-127,-203,-143,-173,-173,-26,-125,-22,-10,-71,-62,-16,-50,-55,-121,-32,-66,-34,29,-9
20001,Allen County,-22,-216,-58,-162,12,-191,-108,-121,-126,-58,-14,17,-5,-180,-151,-161,7,-106,-32,-107,2,1,76,12,-27
20003,Anderson County,-25,90,-77,21,-93,-22,-99,-14,70,-112,-10,-44,-127,-71,15,-68,1,37,9,4,16,-24,1,44,102
20005,Atchison County,-14,1,-85,-3,-41,-148,-35,-120,-116,-34,-51,-131,-7,-117,-223,-113,-47,-83,-132,-92,-25,-57,-141,31,106
20007,Barber County,-8,-132,-66,-38,-55,-8,-23,-72,-110,-27,-20,48,-56,47,-37,-44,-147,-100,-106,-40,-20,-57,52,-28,3
20009,Barton County,-96,-337,-203,-269,-291,19,-228,-105,-381,-173,-5,-35,-236,-170,-194,-205,-342,-509,-322,-245,-60,-113,-129,-132,-25
20011,Bourbon County,8,3,-187,-50,-123,-148,-39,-35,14,-42,-14,-224,-84,-68,-73,-73,-118,-1,-61,-37,-20,-10,145,-21,14
20013,Brown County,-17,-141,-194,-85,-10,-127,33,-58,-64,-67,-5,-10,-127,32,-134,-78,-99,-10,-2,-50,-16,31,-30,-65,-101
20015,Butler County,117,-89,222,250,449,349,594,261,299,335,5,-241,-321,-122,65,260,292,92,-154,-14,27,666,440,401,550
20017,Chase County,1,-65,-9,-55,58,-47,-8,-94,-35,-24,3,9,-17,-49,-26,4,-12,25,-44,44,0,34,-23,38,15
20019,Chautauqua County,-1,-45,-13,8,31,-122,-121,-53,8,8,0,-17,-22,-26,-48,-55,1,-20,0,-42,15,28,43,1,14
20021,Cherokee County,-56,-245,-250,-142,-66,-331,110,-8,-225,-124,-32,-138,-160,-240,-119,-206,-283,-66,-37,-44,-44,10,-17,164,193
20023,Cheyenne County,-13,-59,-39,-68,-25,-24,-3,-26,-12,-12,-2,-11,-11,21,9,-15,-3,11,-33,26,1,30,-14,19,7
20025,Clark County,-5,-25,-26,-30,-9,-74,-51,-54,9,-5,-12,-67,56,9,-50,-13,-12,-61,3,-1,-9,4,-8,-77,22
20027,Clay County,-9,-65,-62,-55,-13,51,43,74,123,-117,17,-5,-25,-136,-83,-12,-182,-91,-16,14,10,0,-8,-5,39
20029,Cloud County,-23,-104,-112,-40,-108,24,-171,-28,29,-9,9,-96,7,-61,5,-96,-92,-108,-165,79,-26,-21,43,-29,-60
20031,Coffey County,10,-84,-32,2,-83,-74,44,-98,24,-9,9,-84,-8,-66,9,-79,70,-121,-3,-66,10,12,-39,43,38
20033,Comanche County,-14,34,-1,-29,7,40,-60,20,84,-21,4,4,34,23,32,-108,25,-67,-15,-41,-2,4,39,-21,15
20035,Cowley County,-70,-511,267,-657,-259,-665,-405,15,-222,-475,-47,-91,7,-108,-344,-152,-75,-339,-124,-221,-16,206,-89,-143,83
20037,Crawford County,-35,108,-142,238,-41,-6,119,1,-9,-151,-1,-7,63,-155,-103,-209,-143,-151,-81,-183,-18,224,234,-211,32
20039,Decatur County,-3,-3,-46,-68,-52,-82,6,-44,-29,-29,-8,3,-12,29,-5,29,-79,54,2,-25,-7,30,-48,64,-7
20041,Dickinson County,-5,-272,2,91,-99,54,56,-63,305,-197,2,-112,77,-243,-138,-96,-222,-106,-130,-215,-19,167,7,176,270
20043,Doniphan County,-6,-30,-50,-59,-152,-149,42,26,-39,-145,4,-24,-73,-22,-35,-51,-76,-41,21,-56,-19,23,57,62,81
20045,Douglas County,164,587,828,497,737,367,999,179,619,859,200,654,160,907,1173,1125,978,210,428,729,-60,493,372,677,118
20047,Edwards County,-23,-52,-51,-69,26,-31,-115,-19,-6,-27,8,-44,-32,-8,62,-69,-49,-10,-45,-26,-9,-35,-23,10,16
20049,Elk County,-26,-20,19,-16,9,-12,-50,-13,29,-9,-8,-65,-109,2,48,-96,-51,7,-13,58,4,-15,40,48,-19
20051,Ellis County,-79,-10,-185,-212,-187,-165,48,-116,97,129,-39,173,154,-178,-168,-76,-172,-255,-139,-140,-11,-97,-13,10,-17
20053,Ellsworth County,15,-25,-25,34,-6,-5,59,27,-47,-30,22,-19,5,-88,15,-5,16,21,-100,-47,-8,2,92,6,-66
20055,Finney County,-78,-1094,-1519,-1146,-469,-1016,-750,-887,-447,507,42,-411,-480,-530,-441,-503,-713,-569,-616,-469,-200,-424,-704,-94,-353
20057,Ford County,14,-624,-499,-16,-316,-225,-677,-215,-366,603,92,-50,-199,-211,-406,-749,-477,-720,-678,-602,-147,-316,-566,-81,-216
20059,Franklin County,9,97,117,-5,128,-108,72,-96,-1,-137,-1,-235,-99,-159,-249,-141,26,110,-61,-127,12,49,26,228,63
20061,Geary County,-277,-772,-801,-493,-1291,-773,-276,-613,1056,105,657,-809,1783,-2026,-1240,-662,-2299,-2176,-1650,-1769,-127,-1322,-1288,-983,-418
20063,Gove County,-5,-54,-37,-78,-48,-69,-37,-82,-112,-9,-3,41,29,50,-36,-54,-73,5,-15,35,-10,60,7,-1,-72
20065,Graham County,-18,-21,-8,-49,-62,-18,-12,-48,-49,-86,11,39,-49,14,-32,45,-10,-61,8,27,-8,12,16,-7,1
20067,Grant County,-57,-207,-37,-287,-155,-152,-87,-83,-199,-69,-5,1,-135,-46,-143,-137,-125,-253,-255,-219,-30,-30,-164,-135,-86
20069,Gray County,-8,-36,45,-25,-64,-95,-74,-127,51,88,6,24,-178,-18,38,-14,-79,-42,11,-143,-16,4,23,22,-93
20071,Greeley County,3,-8,-103,-36,6,-63,-34,12,-27,-45,11,-8,16,7,13,10,-19,-41,-8,-11,-4,25,-42,-42,-8
20073,Greenwood County,-10,53,-29,-49,-21,-138,-245,44,-117,-101,-8,-29,-150,-19,-44,-30,-83,3,-29,-14,-25,1,64,32,-12
20075,Hamilton County,-19,11,-25,-2,-67,-66,-18,28,-16,4,2,-82,-5,-25,18,-108,55,-29,-24,-73,-24,-27,-37,-8,15
20077,Harper County,-19,-69,-121,5,-42,-79,-103,-64,45,-91,-4,-40,-53,-14,-20,-34,-89,-71,-38,-38,-16,-79,48,33,48
20079,Harvey County,-15,-23,206,88,97,-40,-6,81,86,409,29,-114,21,-85,-132,196,-70,-331,-197,209,-38,-67,94,-3,40
20081,Haskell County,-7,-103,-113,-44,-37,-64,-111,-55,-98,-33,10,-64,-57,-117,-59,-28,-87,-20,-60,-50,-22,-122,-90,33,-84
20083,Hodgeman County,-2,56,17,-19,-34,-51,-17,-60,-12,-35,-5,38,-35,-16,-49,-13,-17,16,-28,-21,9,12,4,-12,2
20085,Jackson County,15,1,152,102,15,221,-21,-47,-176,88,16,-78,-72,-135,99,-182,-50,18,-75,-141,-1,21,19,72,62
20087,Jefferson County,-5,-2,1,-34,69,8,-245,-66,-90,-161,11,-185,-73,-103,15,19,19,103,-63,165,-33,143,-27,11,60
20089,Jewell County,-25,-93,-81,-48,-40,-57,17,-42,-57,-44,-2,45,-16,22,-8,-59,-84,-30,-10,38,-2,29,-31,-7,-3
20091,Johnson County,1970,5544,8042,6221,5849,5318,6623,4987,4329,2969,382,3270,2815,3335,2778,3195,2606,2109,3583,1236,340,1342,3199,3326,3378
20093,Kearny County,-17,-18,-126,-122,-15,-103,-92,-127,-17,11,10,-55,-27,-65,3,-31,-70,13,-29,-141,-20,-83,-59,-62,36
20095,Kingman County,3,-113,-115,66,-100,-172,-137,-115,-113,-49,-6,37,-40,13,-131,-14,-180,-34,31,-49,-12,38,85,69,21
20097,Kiowa County,-23,-112,-30,3,-62,-64,-65,-225,-426,6,12,-22,-47,9,0,24,-79,-28,0,-19,-5,-37,5,-14,19
20099,Labette County,-72,-245,-152,-73,-110,42,25,-17,-188,-43,-62,-128,-223,-305,-113,-154,-304,-201,-237,-315,-24,-172,-108,117,-76
20101,Lane County,-10,-40,-107,-17,-27,-55,-73,-12,-3,11,-8,14,-56,17,-34,-25,-20,-35,16,-7,-1,17,-3,-3,-29
20103,Leavenworth County,119,528,620,96,-105,99,476,575,327,454,186,196,146,93,57,155,738,542,39,-41,9,215,457,586,600
20105,Lincoln County,5,-1,-31,29,-100,21,-78,-2,-36,-85,-2,0,-51,-13,30,-47,-54,-29,-28,-22,10,-20,14,24,8
20107,Linn County,35,123,-42,18,-1,143,-53,-198,-183,-135,-15,-1,-115,97,-5,46,31,108,84,-36,-4,208,119,156,-7
20109,Logan County,1,-75,-21,-78,-38,-42,-83,-26,-30,-59,10,0,29,-14,5,24,7,-14,-13,-40,-16,-23,4,-14,30
20111,Lyon County,-39,-174,-463,-242,-80,-368,-385,-67,-681,-1994,-117,-103,-255,-226,-467,-128,111,-269,-57,-218,-60,-93,-29,176,105
20113,McPherson County,3,-60,-217,7,24,48,-208,74,-203,41,-30,54,96,215,-435,-227,-172,312,-96,47,-13,87,26,141,73
20115,Marion County,22,-20,-101,-63,-191,-59,-225,-100,-64,-21,-4,-71,-108,-133,31,-57,20,-5,1,-5,-31,9,148,9,-75
20117,Marshall County,-19,-82,-188,-91,-124,3,-67,3,26,-53,-11,-98,38,-30,-31,-92,-73,-74,26,-26,-9,12,8,-18,23
20119,Meade County,-6,-7,-29,-87,-43,-10,-64,-55,-15,-21,17,-80,-151,-116,70,-77,-78,7,-136,-71,-1,-51,-80,16,-34
20121,Miami County,124,-23,88,69,383,301,122,422,-149,-54,39,-210,-227,93,-66,-127,126,426,232,404,16,469,223,549,341
20123,Mitchell County,-10,-103,-60,9,-103,-77,-9,8,13,65,-19,-41,39,22,-54,27,-80,-42,-29,-101,-11,10,20,21,15
20125,Montgomery County,-72,-420,-561,-463,-79,-244,81,110,-195,-85,-98,-545,-387,-42,-371,-673,-526,-392,-225,-229,-67,-68,-65,-28,-143
20127,Morris County,8,-21,-58,-18,11,58,-4,36,81,-5,-9,-22,2,-136,-39,-14,-44,-77,77,58,-11,49,40,-46,9
20129,Morton County,-26,-144,-69,-12,-100,-63,-49,-68,-68,-49,-5,-52,-59,-38,-65,-71,-147,-51,-73,-118,3,-13,-68,-1,-108
2013,Aleutians East Borough,-16,-235,160,27,-45,-11,-37,184,-107,-3,23,79,24,40,-9,23,-14,90,-71,-60,0,-8,-10,31,23
20131,Nemaha County,-26,-156,-8,-13,-74,-18,-28,-17,-85,-108,-14,-59,6,8,-9,-10,-46,-39,14,41,-22,-12,-56,-53,-19
20133,Neosho County,-52,-110,-217,-147,-16,-127,-164,26,-73,-133,-27,-31,-54,-73,-68,-44,-161,-36,-79,-29,6,-65,-134,-96,142
20135,Ness County,-10,-80,-54,-106,-77,-51,-52,7,-40,-60,3,24,-27,4,20,-56,-43,-81,-31,-23,-5,14,25,-21,10
20137,Norton County,-7,-115,-25,-24,-48,-48,-36,-57,-16,-80,5,6,-67,39,-81,20,-43,-62,1,-48,-7,-57,-42,5,26
20139,Osage County,29,-84,51,-15,130,16,-280,-185,-60,-182,-10,51,-153,-63,-88,-47,-24,36,139,51,-15,112,37,187,-11
20141,Osborne County,-6,-60,-39,-115,-15,-30,-23,-58,-26,68,-18,-1,-6,14,-39,-76,-26,-34,-73,-44,1,11,24,-30,-64
20143,Ottawa County,14,-43,47,-47,-47,-23,10,-5,9,-22,-8,-24,-4,8,-6,-89,-6,-62,-31,-31,4,137,-9,20,29
20145,Pawnee County,-7,-176,-86,-92,-36,-30,-185,-49,-150,-79,-1,15,-113,9,-13,-38,-32,-45,-90,-156,4,22,-30,-37,-28
20147,Phillips County,-18,-107,-55,-85,-14,-127,-78,-2,-5,16,-5,-61,-10,30,-52,-73,4,-6,-82,-27,-12,-97,-6,0,3
20149,Pottawatomie County,36,-77,-45,121,18,33,40,351,154,42,47,62,113,67,2,226,292,125,105,23,26,302,288,-41,184
20151,Pratt County,-8,-89,78,-114,-125,106,-32,2,-28,-76,-22,-7,80,10,-13,-104,-150,-63,-159,-185,-1,72,-75,24,16
20153,Rawlins County,-4,-62,-17,-60,-38,-65,-18,5,-65,-25,-9,24,8,67,1,-32,8,-13,19,17,1,2,-21,-39,-25
20155,Reno County,-109,-369,-582,-388,-450,-215,-78,-369,85,-17,46,-132,-240,-107,-315,-70,-350,-482,-277,-302,-7,-158,283,114,149
20157,Republic County,-24,-73,-172,-78,-90,-28,-82,-29,-61,6,-14,0,-12,-29,22,-7,-7,53,10,-13,-1,44,-1,8,45
20159,Rice County,-27,-124,-69,-67,46,-108,-144,-129,58,-70,18,-18,-89,-4,14,-67,-144,-195,-74,47,-35,41,29,-67,-3
2016,Aleutians West Census Area,-30,-111,-200,244,13,-77,-432,-291,-190,16,-8,-3,81,75,22,-58,-95,8,-117,-38,-53,-73,-91,74,73
20161,Riley County,-18,-1023,-700,163,121,-5,938,-598,990,-488,223,1095,3126,-1398,-1240,35,-2680,-1804,264,-982,-52,-449,-540,-413,251
20163,Rooks County,-14,-94,-76,-56,-30,-57,-30,-69,-57,-108,-2,14,14,-20,2,-4,-54,-63,-46,-55,-19,-7,-33,-14,-34
20165,Rush County,-17,-13,-45,-11,3,-57,-74,-21,36,-41,17,-80,22,-11,15,-49,-16,19,20,-22,-8,30,45,-79,16
20167,Russell County,-13,-165,-93,-43,51,-125,-13,28,-69,-19,17,7,8,-11,43,35,-44,-58,-8,-22,-8,97,55,4,-6
20169,Saline County,-31,20,-93,-473,-111,-223,-213,-57,-253,-54,63,-238,-183,-318,-401,-317,-633,-583,-237,-344,-70,-313,-244,-132,132
20171,Scott County,-24,-14,-182,-132,-192,15,-72,-64,-19,19,25,-63,-43,53,35,-46,22,-43,-39,-85,-14,-19,-108,-86,-77
20173,Sedgwick County,-371,-865,393,-2180,-2488,-937,329,2437,3110,4503,-206,-2027,-583,-1290,-706,-627,-804,-2567,-1941,382,332,-1191,412,2799,3436
20175,Seward County,-35,-414,-146,-444,-404,-552,-404,-178,-298,-103,-42,-162,-122,-359,-318,-346,-678,-961,-642,-772,-152,-279,-652,-414,-223
20177,Shawnee County,-27,-205,-607,-54,-295,-359,284,212,459,313,88,-228,-621,-977,-696,-203,-753,-527,-921,-611,-202,-94,-463,430,549
20179,Sheridan County,-19,-71,-64,-25,-80,9,-46,-20,2,-28,-6,-11,-16,13,4,-23,10,40,-10,-12,0,27,3,5,3
20181,Sherman County,-19,-168,-228,-112,-124,-43,-169,5,-18,-50,-3,27,63,-44,-25,-111,-21,-6,-45,4,-29,20,-70,-54,20
20183,Smith County,-15,-64,-63,-28,-31,-25,-64,-36,-64,-79,9,-46,-8,-14,75,-14,-21,-10,-29,-10,-1,38,19,25,48
20185,Stafford County,-33,-11,-64,-83,-70,10,-28,30,-53,4,-9,-34,-20,17,-55,-50,-32,2,-28,-9,-3,-28,2,-18,-36
20187,Stanton County,-7,-22,-14,-80,-35,-132,-56,-61,-35,-49,11,-42,-68,5,-51,-80,19,-59,-35,-30,-4,-35,-79,1,34
20189,Stevens County,-17,-127,-67,-67,79,-122,-206,-163,-62,20,18,-174,72,18,3,-78,-163,-120,-36,-83,-12,38,-152,-95,-41
20191,Sumner County,-44,-337,-367,-337,-172,-424,-393,-263,-167,-260,-54,-337,-142,-118,-141,2,-228,-84,-95,-180,-41,103,149,70,13
20193,Thomas County,-15,-60,-129,-141,-166,-188,-113,-113,-79,-10,32,-23,-50,-23,-151,10,-80,-66,-172,10,-9,-24,-102,-61,-88
20195,Trego County,-27,-39,-69,-42,42,-84,-19,-3,-18,-4,3,-44,11,14,-31,12,-38,20,-37,28,0,1,-24,3,17
20197,Wabaunsee County,-16,-97,-69,-30,30,47,-115,114,29,-66,-10,-18,-50,-12,-106,-68,-21,-58,47,-5,2,85,49,53,6
20199,Wallace County,-10,-53,-24,-54,-64,-37,-8,-45,-37,4,3,45,-6,36,-56,4,-9,16,-39,21,-1,-5,-24,6,-31
2020,Anchorage Municipality,-445,606,1665,783,196,-811,32,-4811,-1296,2540,619,-409,-1036,-194,-4515,-5385,-3157,-5504,-6054,-4608,-841,-3452,-2960,-1598,-702
20201,Washington County,-2,-100,-42,-38,-65,-45,-50,-56,-31,-62,-10,54,-91,-112,-14,-44,-17,-86,-28,-31,0,2,-24,45,-5
20203,Wichita County,-9,-30,-65,-65,-93,-12,-102,-47,-74,-25,3,16,-29,-44,-5,-20,-35,-4,-28,-7,-10,-61,-21,12,-75
20205,Wilson County,-8,-29,-85,-3,-230,-13,-22,45,-166,-109,-14,-123,-132,-10,-105,-98,-142,3,-37,-140,-38,-10,115,-99,-3
20207,Woodson County,-18,17,-115,-12,-73,60,-88,-63,-5,-4,0,27,-39,-19,-18,-19,57,-38,49,-40,-13,19,64,26,-1
20209,Wyandotte County,-329,-684,-2216,-2812,-2552,-1890,-2094,-1006,-758,-154,-153,-1056,9,133,47,100,-255,-935,-917,-945,-460,-2256,-1951,407,1886
2050,Bethel Census Area,-46,-181,-18,-139,-177,-147,-244,-312,-240,-219,-12,-26,-58,-159,-269,-278,-248,-219,-133,-86,-71,-297,-585,-279,-148
2060,Bristol Bay Borough,-28,-60,-56,-41,-15,1,-68,-48,-47,-83,5,21,-51,-34,0,-49,-2,-38,10,-45,-12,14,25,-31,22
2063,Chugach Census Area,,,,,,,,,,,,,,,,,,,,,-28,-149,-99,-185,-146
2066,Copper River Census Area,,,,,,,,,,,,,,,,,,,,,0,10,3,48,-18
2068,Denali Borough,-6,-69,-3,-16,19,-76,-16,-40,-7,10,7,23,21,23,-39,9,106,17,-52,59,-12,-24,-37,-7,5
2070,Dillingham Census Area,-21,-107,37,-143,-8,-47,-48,-45,-124,-56,2,23,-60,-50,-47,-55,-94,-107,3,-120,-26,-90,-98,-125,-32
2090,Fairbanks North Star Borough,-345,151,-18,-332,796,-114,-1814,1873,-1178,-1192,285,-1485,991,-607,-3027,-828,-211,-2110,-2189,-2747,-513,-410,-507,-952,-1749
2100,Haines Borough,6,-78,-18,12,-65,-16,20,61,4,55,2,59,3,-11,-2,-41,16,-13,-52,28,9,-10,-7,-8,-1
21001,Adair County,22,144,66,74,-13,23,77,56,-71,98,77,222,-41,156,100,-113,56,25,-59,37,21,119,237,254,-3
21003,Allen County,-12,28,168,86,179,101,223,100,135,-98,33,111,29,45,109,168,36,195,219,196,1,273,458,516,243
21005,Anderson County,50,222,-69,187,163,268,502,416,73,249,33,46,46,4,88,15,208,341,84,65,30,207,246,333,298
21007,Ballard County,18,-51,-21,75,3,4,-6,33,86,-36,13,15,38,-5,-43,58,-147,10,-3,-82,-3,14,32,22,54
21009,Barren County,79,322,142,368,331,555,371,447,244,219,-36,133,229,246,29,468,142,-57,303,98,33,205,395,259,462
21011,Bath County,32,138,107,22,32,54,-1,-113,150,-121,13,106,50,139,126,51,40,95,6,24,-16,92,90,178,-11
21013,Bell County,-36,-385,199,-121,-194,-114,-115,-143,59,-73,27,-21,-388,-266,-148,-400,-109,-259,-311,-393,-88,-41,61,-128,-40
21015,Boone County,826,2349,2298,2450,3359,3745,2858,2073,2057,1400,271,1373,661,666,752,604,612,771,126,943,297,573,1268,1403,1472
21017,Bourbon County,-19,45,-32,57,134,111,-163,-32,58,-51,-13,68,-41,-59,9,103,-40,-20,35,-302,51,23,-3,139,161
21019,Boyd County,-51,-21,23,105,-252,-186,-212,-291,-48,-92,57,-148,-185,-303,-114,-352,-327,-210,-407,-471,9,-211,609,47,314
21021,Boyle County,-9,-84,143,125,526,264,189,140,233,77,188,152,255,557,152,-18,184,38,122,-16,146,-15,372,263,302
21023,Bracken County,-11,95,75,-36,203,-62,-70,-45,10,-18,10,-15,-63,-69,-65,-65,73,-76,-16,30,-9,63,41,18,75
21025,Breathitt County,-38,-103,-92,-82,70,24,-82,-83,78,-52,11,-66,-163,-62,-126,7,-142,-205,-142,-113,-1,-75,-70,-328,-72
21027,Breckinridge County,15,58,96,70,34,105,-141,121,43,-150,17,235,-174,-22,-167,117,-21,139,191,152,15,268,378,222,150
21029,Bullitt County,309,583,710,731,1365,1224,939,1012,691,578,101,402,426,785,889,444,366,898,606,545,92,741,989,1166,841
21031,Butler County,23,75,10,30,129,-90,62,-126,37,-62,17,-5,27,-45,7,-17,-40,112,-43,126,-33,22,128,45,89
21033,Caldwell County,-28,-96,-32,44,11,70,46,58,94,16,9,46,-16,-94,-28,-36,-110,46,50,57,0,62,-13,-29,23
21035,Calloway County,-6,278,70,364,383,375,519,137,11,126,158,311,369,405,-1,234,84,85,166,85,78,455,418,472,457
21037,Campbell County,-116,-277,-624,-665,-613,-297,-461,-173,-182,765,178,235,-318,-55,195,-86,9,386,305,-131,7,-379,499,416,108
21039,Carlisle County,-1,-4,0,-25,28,-47,5,-95,3,47,-1,-34,-15,-62,1,-112,-63,20,-62,17,-4,-9,8,39,43
21041,Carroll County,11,-38,106,12,-41,100,-32,24,69,28,-27,137,-154,-64,-130,-73,-74,71,-21,-98,18,26,66,56,106
21043,Carter County,-22,17,145,87,-44,50,-23,-94,-387,-419,-2,-152,-20,-90,-218,-116,-192,-93,-167,-218,-25,-64,103,166,65
21045,Casey County,34,130,161,66,165,132,119,65,116,97,14,-45,71,-14,-238,-33,34,27,108,252,-22,75,62,67,144
21047,Christian County,-129,-126,-952,-1056,-1318,-13,-3727,1692,-2360,414,-88,-1556,601,-2260,-1232,-1303,-2283,-1417,-1012,-1088,-235,-221,-1633,-1686,-357
21049,Clark County,43,139,39,258,302,334,408,347,1,308,15,-201,202,-141,96,16,154,50,249,72,50,-97,258,424,443
2105,Hoonah-Angoon Census Area,-13,-26,-69,-120,-70,-27,-52,-33,-40,-76,1,-35,23,-10,-35,40,-14,6,13,-9,0,-21,-59,-10,34
21051,Clay County,-51,-72,-52,-209,-208,-186,-113,-316,74,-203,-60,-74,-102,-368,-161,-154,-309,-350,-164,-181,-22,-28,-123,-139,-3
21053,Clinton County,-14,-36,-14,-27,-28,-21,-72,49,34,-93,1,-73,113,-81,53,14,24,27,-38,53,-15,116,-106,64,18
21055,Crittenden County,21,-89,-36,22,-86,-5,113,0,131,-106,6,-21,-4,-7,2,20,-8,-79,-89,-70,17,-15,88,30,6
21057,Cumberland County,11,19,-3,-22,23,-116,18,-103,-38,-39,5,23,1,-39,-50,56,11,1,14,-41,-13,78,95,62,93
21059,Daviess County,-59,-330,-284,228,-159,-59,284,203,215,380,17,130,307,156,-163,760,186,230,150,374,45,-265,308,422,437
21061,Edmonson County,-3,71,20,27,3,137,-33,60,58,-90,39,17,-115,16,-20,23,103,190,49,-64,34,154,143,219,230
21063,Elliott County,35,-68,3,71,-20,738,470,139,504,347,4,-53,-137,-62,-19,6,-62,14,-3,20,-11,85,-19,-5,25
21065,Estill County,3,-34,-66,-162,-108,-122,2,-9,-29,-51,14,-42,-124,5,22,-30,-10,-56,20,5,6,23,74,34,138
21067,Fayette County,209,518,61,1990,225,842,2125,805,2056,2414,471,2912,2340,2118,96,2428,2100,814,-1053,-701,-218,-2977,289,1273,2802
21069,Fleming County,55,207,52,181,60,60,-27,135,7,-95,23,66,23,-1,-58,94,-108,-68,2,59,5,177,17,176,207
21071,Floyd County,-75,-235,44,-134,-1,-92,-189,34,-82,-118,446,-193,-662,-683,-492,-421,-465,-601,-286,-200,-78,-236,558,-198,-109
21073,Franklin County,120,148,-6,-140,143,-53,-89,-139,323,-173,-2,-11,87,-61,149,295,212,215,241,125,66,319,294,243,687
21075,Fulton County,-45,72,-162,-103,-127,-147,-201,7,105,-123,10,-53,-161,-121,-107,5,-77,30,-70,-62,2,56,-70,19,-56
21077,Gallatin County,9,75,-167,130,-56,11,-86,-35,-8,64,8,-16,-73,1,56,-26,82,-11,37,75,-17,95,38,20,-16
21079,Garrard County,64,216,406,220,166,361,279,245,-17,27,9,-89,96,-12,-1,211,130,79,49,142,14,524,279,339,160
21081,Grant County,104,415,236,219,118,30,131,155,194,-204,-31,-82,-415,-44,115,-224,59,-59,-33,-110,47,228,154,89,34
21083,Graves County,29,-101,-2,205,18,184,23,139,-69,120,70,263,-77,-179,113,-372,-72,-66,51,-125,-78,211,9,103,277
21085,Grayson County,30,46,63,346,255,143,34,78,74,71,44,-30,38,126,114,29,-27,174,59,151,15,198,157,212,263
21087,Green County,17,63,-8,72,-122,16,76,2,41,-24,-4,-33,89,-80,-113,-30,49,82,-8,-26,26,236,118,120,128
21089,Greenup County,-50,64,-27,168,-7,8,386,193,304,253,15,2,-77,-170,-151,-199,-72,-189,-81,-115,-26,24,29,108,152
21091,Hancock County,5,-36,-17,-19,-64,84,-1,-25,11,-60,-7,19,6,-23,35,-89,44,14,-51,-47,8,5,-16,-91,92
21093,Hardin County,-68,-225,-267,-461,-425,467,-506,35,-139,203,1156,-410,52,-20,-1276,-2850,165,674,1576,212,-3,780,54,507,144
21095,Harlan County,-199,-521,12,-502,-424,-84,-4,-18,-242,177,-31,-140,-434,-131,-440,-460,-413,-244,-256,-197,-56,-298,-244,-115,-59
21097,Harrison County,23,-24,-46,127,11,37,125,174,86,39,-22,-98,-47,-35,73,21,-83,163,28,92,27,306,191,330,109
21099,Hart County,68,-228,258,124,77,223,68,62,127,-107,11,16,60,83,-12,-118,66,174,82,47,-10,212,156,121,158
2110,Juneau City and Borough,-101,-432,9,-30,-136,-321,-427,-401,228,-477,69,515,46,-2,-343,-49,-365,-517,-200,-227,-73,-291,-312,-328,64
21101,Henderson County,-27,-122,66,-108,-80,-41,-127,-138,106,-139,24,3,-5,-157,9,-58,-173,-343,-408,-302,-98,-140,-174,274,145
21103,Henry County,18,74,16,129,66,51,103,-17,69,87,-27,-11,-51,96,121,8,274,123,90,51,9,13,99,238,231
21105,Hickman County,-12,7,4,-37,-76,-24,-36,-46,-2,-26,-17,-55,-37,-8,0,-39,9,-66,-74,-24,10,-46,28,67,19
21107,Hopkins County,-107,-384,190,288,2,-184,24,-49,58,-203,-17,-47,-186,-88,-218,-38,-363,-164,-248,-318,19,-88,29,208,277
21109,Jackson County,-11,69,-46,-78,-70,54,-71,-29,18,-152,23,-80,-65,70,-108,7,22,44,18,-61,11,76,76,146,199
21111,Jefferson County,-371,-817,-1052,585,-1076,-907,1102,3234,2464,1553,290,1471,2672,5046,76,1019,580,827,-3525,-3170,-447,-4796,1726,4913,8373
21113,Jessamine County,98,342,715,500,471,854,1105,592,982,396,58,-89,269,385,503,756,218,859,342,160,0,552,659,965,831
21115,Johnson County,-103,-10,0,33,167,168,122,6,-55,-28,55,15,-35,43,-231,-112,-208,-225,-113,-142,-15,49,-123,30,114
21117,Kenton County,-125,-619,-951,-134,-453,-316,776,549,-128,-106,-81,-464,309,475,-419,51,-222,20,-122,-23,27,-220,508,1120,1752
21119,Knott County,-36,-108,131,-98,-161,85,-174,-135,29,-7,-5,-15,-121,-9,-171,-230,-156,-188,-117,-207,-45,-14,-11,-32,-63
21121,Knox County,17,-313,-85,69,-23,79,19,45,73,175,-5,39,-453,50,-122,-75,50,23,-152,-120,-6,-84,-91,122,78
21123,Larue County,24,-35,35,-137,111,143,49,3,42,53,9,54,-147,-15,94,23,-85,186,87,83,16,190,186,199,-123
21125,Laurel County,167,366,539,558,188,379,455,385,-99,162,111,202,64,-73,84,-132,16,128,293,106,122,31,498,528,19
21127,Lawrence County,18,61,138,7,192,132,65,55,81,93,15,72,-56,28,-53,-5,-8,-101,-135,-214,14,16,-69,24,-53
21129,Lee County,-1,-42,31,48,-136,-166,-17,-45,-17,-7,-187,19,-88,-720,-46,-21,-120,16,464,373,-14,174,-121,88,51
21131,Leslie County,-37,-184,-6,-135,-126,-13,-143,-56,-130,-70,-1,-30,-108,-114,-146,-173,-179,-68,-110,-207,-37,-103,-123,-90,-54
21133,Letcher County,-61,-362,3,-42,-241,-245,-148,-120,-192,-119,56,-145,-350,-419,-162,-288,-237,-353,-396,-184,-50,-37,-152,-162,-82
21135,Lewis County,12,-174,-254,-18,105,-2,85,-13,-124,-115,-10,-11,-25,-101,41,-147,-94,-102,-88,9,-7,-41,22,85,-43
21137,Lincoln County,80,237,115,241,161,337,57,-16,-227,98,-15,-81,-342,-30,-31,-88,-22,79,71,-105,-12,44,285,410,225
21139,Livingston County,15,-1,2,-49,-15,81,-37,-51,-30,63,23,22,-48,-87,20,-21,-47,90,12,-21,-13,208,70,-6,-37
21141,Logan County,-6,-98,23,-56,106,13,32,106,-123,30,-10,-35,-154,162,-222,-51,-129,326,-48,67,71,299,82,434,202
21143,Lyon County,32,118,45,65,134,103,141,10,28,16,12,150,50,56,21,150,-169,102,-51,117,7,-144,690,156,-36
21145,McCracken County,-79,-611,-256,-127,-175,108,238,256,329,443,-36,302,-168,-184,19,-306,330,61,-29,204,43,-80,188,391,384
21147,McCreary County,-25,-128,13,-68,1304,465,-40,-1146,-49,-40,21,-108,-282,-149,-40,-4,-371,-143,-59,-58,-33,13,109,336,-148
21149,McLean County,28,-142,69,-111,-13,-16,-113,18,-21,-60,-7,-20,-19,-20,-60,31,-26,-107,48,-44,-13,38,38,-8,80
21151,Madison County,345,922,841,1029,1466,1759,1114,123,552,522,433,1015,297,194,855,899,1077,1340,788,663,291,416,1641,2237,1867
21153,Magoffin County,-31,-174,6,-77,-46,-54,-109,-20,-119,89,-4,-103,-178,-133,2,-169,-122,-134,-158,-120,-25,-66,-61,-52,-13
21155,Marion County,-20,92,77,5,294,77,52,-19,77,13,16,100,-108,-16,-911,65,-101,124,27,-92,17,186,68,140,148
21157,Marshall County,-2,118,153,274,250,238,384,299,9,30,34,-71,96,69,-148,149,319,200,-5,38,69,301,167,99,148
21159,Martin County,-31,-189,-67,-147,867,374,-198,-142,-78,-175,-38,-90,-93,-63,-162,-211,-303,-443,-127,-82,-29,-41,22,-105,-175
21161,Mason County,-9,8,18,-101,60,117,187,59,165,-8,1,27,-110,-151,-178,-22,119,35,-109,-26,1,-136,34,40,97
21163,Meade County,126,146,298,8,417,56,-465,-353,-249,-607,89,887,-464,-58,-196,-1430,222,84,582,-68,12,180,-14,146,297
21165,Menifee County,32,78,44,-66,21,9,4,-71,25,-94,50,42,-87,-2,-25,77,86,28,0,82,17,96,84,83,82
21167,Mercer County,12,4,153,199,145,147,33,137,84,33,17,-49,0,19,56,69,38,157,179,282,8,323,145,293,393
21169,Metcalfe County,-25,65,-95,32,58,54,19,75,-28,-104,16,-81,-108,-20,22,-75,102,95,-28,16,7,145,82,147,69
21171,Monroe County,-17,64,-56,4,-63,126,-22,-96,-129,41,16,-4,-37,-113,-17,-44,-46,83,134,-84,-14,-14,120,-9,-54
21173,Montgomery County,69,89,245,206,117,427,439,240,207,197,-2,61,2,192,6,152,45,202,147,-9,-4,167,220,210,284
21175,Morgan County,26,72,99,34,112,-128,-58,-11,-117,-91,-189,-3,-186,-154,-29,-45,3,-6,161,-9,11,-7,494,227,-102
21177,Muhlenberg County,-49,-41,-99,13,57,-55,-17,67,-145,19,126,-83,-123,-13,0,4,-88,-161,-77,-135,-20,-417,500,-25,116
21179,Nelson County,152,364,428,458,496,425,654,433,378,155,84,193,93,-50,96,76,257,-22,100,287,39,395,304,492,662
21181,Nicholas County,-29,63,98,24,39,-38,-2,-8,-20,-14,-1,-29,-78,24,42,19,32,85,44,86,5,220,69,-84,31
21183,Ohio County,-19,73,89,-46,213,43,-94,5,139,-203,-27,97,17,-56,-12,83,137,-44,-75,-76,-27,23,-7,251,209
21185,Oldham County,295,646,887,1522,1093,1026,1635,1175,874,15,79,112,1150,814,803,456,716,957,-211,99,64,513,1226,734,170
21187,Owen County,23,67,178,31,186,71,15,130,33,-34,-7,-28,-71,-107,13,107,-32,130,92,20,45,70,57,52,162
21189,Owsley County,7,-33,-43,-11,69,-43,-51,-10,43,-26,14,76,-89,-30,-80,-37,50,-63,64,-55,-11,-14,6,84,-13
21191,Pendleton County,76,71,24,70,-31,45,58,-47,-97,-83,27,-262,-104,-26,-118,7,78,-22,-28,-12,6,-12,101,128,51
21193,Perry County,-156,-177,107,-43,-120,-170,53,-49,-69,-9,7,50,-395,-320,-400,-186,-167,-539,-295,-363,-48,-220,-302,-114,-140
21195,Pike County,-266,-800,-71,-508,-715,-273,30,-121,-135,224,96,-69,-267,-661,-834,-1044,-1206,-1362,-235,-391,-123,-517,-535,71,-206
21197,Powell County,31,10,-120,-49,156,111,-111,12,-65,-22,16,-9,-155,14,-118,-104,23,47,109,-5,-19,52,27,-19,-54
21199,Pulaski County,95,275,315,509,692,472,516,416,539,182,94,309,33,332,169,91,206,463,320,432,108,726,604,711,958
21201,Robertson County,-6,-3,45,17,-6,-48,61,-53,22,1,-2,5,-65,26,-24,-33,1,5,12,-22,-1,102,9,88,52
21203,Rockcastle County,23,-117,0,-13,-19,6,-15,22,52,-154,6,63,-37,-302,122,128,-40,-103,73,-48,32,191,222,69,171
21205,Rowan County,-42,134,-88,-95,-221,108,225,43,36,95,39,142,182,324,-19,337,-240,64,-57,-96,63,-115,-109,52,77
21207,Russell County,-1,60,58,98,254,98,184,64,144,86,-14,146,-70,103,78,-90,136,14,102,156,28,310,110,223,261
21209,Scott County,276,814,702,746,947,1148,1781,1075,1195,697,69,348,678,704,852,630,932,1084,914,770,323,751,851,963,793
21211,Shelby County,163,306,557,760,907,884,1199,776,531,427,121,400,549,502,367,449,542,489,668,801,102,257,345,661,628
21213,Simpson County,-16,116,-13,24,101,126,74,17,-79,-42,14,-94,212,90,54,112,44,61,344,121,24,131,257,323,174
21215,Spencer County,227,606,630,597,465,573,708,699,491,160,30,186,-11,135,50,198,238,253,333,272,77,401,314,309,206
21217,Taylor County,-13,62,388,46,128,220,157,63,135,137,160,293,33,59,115,199,-185,65,-61,234,5,237,336,204,265
21219,Todd County,-52,18,-97,-115,-102,14,44,19,98,26,-29,-25,119,-216,-72,-59,-129,-193,81,-57,25,9,106,125,192
2122,Kenai Peninsula Borough,-96,101,504,-149,129,-62,334,699,89,661,80,422,231,-211,226,220,173,-175,-189,26,95,802,641,583,10
21221,Trigg County,56,67,57,81,313,86,73,197,-10,-25,30,-78,182,-66,-130,103,88,137,246,3,36,209,218,82,224
21223,Trimble County,40,230,117,66,176,-49,79,38,25,-94,-15,-21,-1,-45,-86,14,-113,-56,-52,15,-5,123,47,118,0
21225,Union County,-37,-63,32,-21,55,-162,-168,-343,2,-50,251,-17,-206,-38,0,-107,-171,-119,-125,-81,-25,-313,-57,16,89
21227,Warren County,160,571,642,1317,944,1664,2033,1106,1433,1443,333,985,975,1577,1226,2012,1642,2002,973,1419,349,1636,2699,2281,2766
21229,Washington County,-3,59,124,42,-9,47,78,143,-113,-210,15,11,130,-7,25,113,94,-207,121,58,9,94,37,228,63
21231,Wayne County,46,-29,104,238,94,7,-11,100,53,62,3,39,-82,-64,-124,8,103,-109,-166,-106,-6,111,228,47,45
21233,Webster County,2,-169,6,-73,23,7,-167,-34,-250,2,-27,-35,-32,-92,-157,-33,38,-155,7,-143,-11,-108,-60,34,123
21235,Whitley County,85,413,193,236,406,399,137,186,208,153,28,73,-183,73,-168,208,-118,-42,-10,109,-20,115,281,-18,304
21237,Wolfe County,30,-201,-5,13,-13,99,1,4,-74,39,-4,-14,-154,106,-12,8,-21,59,-48,-28,2,-5,-16,-32,-4
21239,Woodford County,37,-21,21,46,83,170,190,61,264,107,50,-170,132,182,191,251,192,215,64,196,25,237,110,388,182
2130,Ketchikan Gateway Borough,-115,-297,-295,-376,-207,-77,53,-298,-145,-174,19,17,-23,-98,2,-162,-63,72,-51,-18,-48,-144,-95,-43,-49
2150,Kodiak Island Borough,1,-426,-251,-515,-243,-283,-101,-178,-89,-25,-13,0,73,-116,-377,-308,-210,-337,-388,-367,-75,-256,-321,-135,-182
2158,Kusilvak Census Area,,,,,,,,,,,-42,6,-42,23,-59,-77,-181,-101,-75,-139,-41,-145,-311,-366,-199
2164,Lake and Peninsula Borough,-16,-122,-112,-17,-15,-36,-39,-10,-48,-41,-5,1,-25,5,-49,-65,-19,-7,-45,-25,-20,-41,-50,-50,-33
2170,Matanuska-Susitna Borough,396,1558,2080,2401,3125,3169,3651,2136,2012,2113,490,1169,1136,1375,1349,2012,2133,1261,166,482,252,3093,1973,1249,1570
2180,Nome Census Area,-50,-123,-129,-58,11,-187,-255,-129,-200,-132,22,58,-135,-113,-178,-103,-72,-95,-60,-145,-41,-222,-197,-108,-45
2185,North Slope Borough,-49,-265,-216,-145,-300,-276,-277,-176,-61,-131,5,-53,-2,-30,-145,-117,-192,7,-74,-113,-54,-92,-276,-229,-27
2188,Northwest Arctic Borough,-15,-94,-132,-70,-34,-118,-80,-171,-141,-165,-17,-25,-126,-138,-92,-113,-201,-32,-188,-149,-23,-304,-235,-164,-218
2195,Petersburg Census Area,-17,-74,-111,-83,43,-97,-101,3,-88,-70,,,,,,,,,,,,,,,
2195,Petersburg Borough,,,,,,,,,,,1,11,4,-15,-58,-30,0,-7,-31,21,1,-20,-11,52,-5
2198,Prince of Wales-Hyder Census Area,-34,-265,-242,-39,-39,-95,11,-149,-53,-37,26,128,-7,-18,2,1,-6,-78,-85,-164,-16,-12,-74,51,47
22001,Acadia Parish,-98,-308,-168,-293,-387,-113,593,-139,-122,-170,-4,-190,-118,119,63,-212,-191,-489,-481,-295,-73,-156,-324,-155,65
22003,Allen Parish,-55,-98,-371,14,-83,-390,533,-71,-338,-198,-40,-67,-188,-74,9,-125,-10,-125,-91,-12,-40,-7,-66,70,215
22005,Ascension Parish,498,1079,1304,1672,1526,2456,5572,2623,1702,1297,390,1191,1203,1438,1639,1134,1193,607,863,993,315,851,1489,889,1205
22007,Assumption Parish,-43,-300,-136,-113,-47,-266,162,-96,-169,-216,-61,-197,-171,69,-177,-199,-174,-232,-302,-395,-62,-204,-108,-192,-127
22009,Avoyelles Parish,-37,-269,-57,162,-238,-232,973,-375,156,-139,-5,-365,-289,-308,-209,-216,-101,-174,-485,-315,-39,-247,-340,-187,-110
22011,Beauregard Parish,5,-23,-82,151,317,452,301,3,151,171,148,115,56,-213,-115,158,300,-206,379,12,37,-3,-53,127,-230
22013,Bienville Parish,-24,-245,-25,-136,10,-102,-21,-20,-166,15,-6,-15,-74,-191,-119,67,-25,-128,-267,-36,-42,-18,-71,-137,-19
22015,Bossier Parish,21,360,492,409,1007,972,1835,308,520,343,359,1643,2038,41,37,-111,-371,426,-469,-436,-129,315,-105,625,479
22017,Caddo Parish,-386,-2023,-1946,-1058,-109,-498,2185,-2150,-1125,-161,300,157,-924,-3122,-3569,-2155,-3228,-3414,-3487,-2919,-662,-3409,-3069,-2418,-1143
22019,Calcasieu Parish,-362,-1405,-951,1,-266,-430,-2043,297,435,724,170,91,-279,230,338,1148,1202,869,-92,-586,-380,-10532,-2504,1308,2027
22021,Caldwell Parish,-1,-123,22,-67,91,-116,-29,-21,67,3,1,-52,-33,-35,-44,75,23,-129,20,-47,-19,9,-9,-41,58
22023,Cameron Parish,-45,-149,-118,-64,-65,-67,-2168,-261,-179,-554,44,-284,-56,68,-20,76,57,17,44,-61,7,-487,-192,-120,-74
22025,Catahoula Parish,-34,-100,-120,-99,-105,-204,114,20,55,-139,-16,-84,-41,24,-110,-63,-143,-44,-223,-103,-42,-57,-43,-130,-54
22027,Claiborne Parish,-53,-115,-42,-18,-259,224,161,-19,-153,-147,-44,-197,-55,-169,-260,-120,-80,-154,-23,-160,-24,5,-136,-116,-41
22029,Concordia Parish,-40,-325,-255,-277,-281,-292,219,-266,-77,6,-18,-1,-442,0,1,-269,-261,-148,-280,-343,-85,-114,-146,-88,80
22031,De Soto Parish,-10,-90,63,77,206,11,63,101,38,-179,56,45,150,4,-72,-25,48,59,158,11,56,129,-30,275,140
22033,East Baton Rouge Parish,-715,-3934,-3334,-821,-755,-2805,16930,-3038,-2522,1215,-52,-1893,-1019,-1180,-1530,-1969,-1236,-4322,-4406,-3859,-872,-2988,-2571,-1466,1499
22035,East Carroll Parish,-28,-249,-250,-187,-163,-251,-207,-94,-193,-97,-40,-124,-146,-87,-114,-200,-60,-146,-133,-149,-51,-128,-243,-65,40
22037,East Feliciana Parish,-9,-212,-205,-111,-272,-142,454,-127,22,-8,-86,-90,-201,-211,97,-108,0,-65,-51,-113,-32,-5,-49,128,-102
22039,Evangeline Parish,-74,-203,-213,-306,-64,131,321,32,-583,-271,-15,-220,-260,-8,-191,-152,-164,-136,-251,-157,-50,-41,104,-1,-209
22041,Franklin Parish,-23,-312,-283,-145,-131,-339,-105,-89,-157,-182,10,-70,-240,-41,-66,-51,-39,-133,-115,-143,-49,-20,-188,-16,-84
22043,Grant Parish,-22,-95,-35,58,211,275,399,-28,153,129,36,4,-38,-88,-24,-85,-40,-38,112,-92,-31,88,-145,-60,175
22045,Iberia Parish,-189,-392,-410,-368,-347,-187,496,-165,-342,-363,-87,-104,-73,-152,-447,-406,-1125,-1280,-1271,-1215,-159,-721,-924,-672,-204
22047,Iberville Parish,-51,-268,-276,-405,-435,-259,627,-144,-161,-514,-57,-169,-199,-31,-275,-37,-308,13,-243,-219,-109,-200,12,76,-12
22049,Jackson Parish,-18,6,-144,-7,-30,-60,169,-174,47,-106,13,23,-102,-102,-91,-63,-33,43,55,-107,-16,3,243,356,524
22051,Jefferson Parish,-1293,-4811,-2669,-1838,-1048,-3090,-31857,3246,-4218,-2391,-420,-421,-1737,-1003,-1844,-856,-450,-2004,-3575,-2613,-812,-5688,-4867,-1750,2520
22053,Jefferson Davis Parish,-88,-441,-272,-172,-164,5,207,-315,-98,-137,1,-94,-238,-184,97,-105,-120,68,78,-143,-50,223,-358,-332,-122
22055,Lafayette Parish,-223,-899,609,-71,330,429,4927,2,825,1743,136,912,1132,2415,2353,1917,250,-1176,46,71,142,1675,2602,1236,2963
22057,Lafourche Parish,-164,-259,266,191,-24,-623,1166,-444,130,-242,-30,-39,-269,-202,314,-7,-239,-707,-398,-606,-54,-11,-1734,-655,249
22059,La Salle Parish,-21,-138,37,-79,-68,-123,142,-69,-34,-76,,,,,,,,,,,,,,,
22059,LaSalle Parish,,,,,,,,,,,33,22,-69,-27,38,75,20,-142,-12,-10,32,45,161,170,139
22061,Lincoln Parish,-55,-428,-442,166,271,-242,-350,-90,-107,252,55,-8,-295,2,-210,39,-211,-185,-432,-471,-111,-181,-73,-14,106
22063,Livingston Parish,500,1961,2425,1913,2841,2030,5229,2447,2914,1275,381,635,780,1401,675,1168,1677,-2687,908,773,459,2965,1943,2031,1847
22065,Madison Parish,-32,-383,-410,-444,-350,-239,-183,-167,-109,-415,-8,-173,166,-369,-132,-300,-89,-163,-173,-247,-71,-101,-319,-233,-140
22067,Morehouse Parish,-72,-464,-329,-96,-326,-527,-228,-606,-226,-204,-66,-390,-104,-405,-282,-339,-410,-257,-289,-435,-119,-242,-347,-253,-124
22069,Natchitoches Parish,-36,-542,66,-516,-181,-50,-154,-126,-138,-25,-29,-330,-203,-397,-146,-224,-75,-63,-501,-528,-117,-272,-234,-257,-266
22071,Orleans Parish,-1440,-8152,-7448,-7033,-7767,-8564,-248105,29518,23022,16555,3256,11066,7091,7019,3416,3903,320,-1744,-1446,-1600,-621,-6122,-6673,-5684,-2480
22073,Ouachita Parish,-196,-1476,0,-98,-329,-769,882,-1147,-575,264,16,-109,-286,111,-484,-228,-629,-1686,-1723,-1691,-281,-1115,-906,24,406
22075,Plaquemines Parish,-56,-23,111,354,765,-200,-7413,-106,-392,-284,28,343,151,-448,-352,1,-231,-74,-48,-265,-46,-165,-798,-324,-82
22077,Pointe Coupee Parish,-36,-313,-241,-174,-123,-341,554,-56,-4,-127,-21,-93,-194,-258,-108,-97,-121,56,-289,-130,-39,-241,-35,-152,-49
22079,Rapides Parish,-122,-631,-364,-26,-33,-51,2026,-544,-284,-122,24,-253,-389,50,-614,-811,-368,-903,-1033,-884,-296,-681,-1284,-510,-418
22081,Red River Parish,-22,-124,-62,-46,-89,-203,-26,-112,-136,-99,-6,-60,-51,-127,-218,-46,-81,-93,-2,-70,-10,-36,3,-77,-114
22083,Richland Parish,-58,-118,-165,-256,-128,-96,87,-101,-13,-136,-2,132,-9,-57,-251,-223,-130,-50,-215,-104,-29,-120,-17,-54,-38
22085,Sabine Parish,16,-185,-47,15,-111,66,139,22,-69,-93,-19,172,-143,-47,-161,99,-166,-117,-35,-43,-20,120,2,28,-115
22087,St. Bernard Parish,-248,-518,-393,-599,-419,-500,-50874,5712,3828,2667,757,2331,1632,1569,651,673,70,89,404,230,73,334,292,93,314
22089,St. Charles Parish,-12,-75,239,-166,190,307,1391,-176,-717,-328,-86,-625,-227,-95,-162,-343,-44,-386,-3,205,-35,-163,-1507,-554,-95
22091,St. Helena Parish,-22,-113,16,-106,-43,-96,495,-93,-49,-5,-23,-223,5,-183,-250,-57,-58,-49,-131,-48,-16,83,-22,60,32
22093,St. James Parish,-53,-209,-143,-306,-251,-93,347,2,-325,-160,-96,-369,-267,-47,-217,-101,-78,-87,-282,-108,-65,-303,-371,-175,-50
22095,St. John the Baptist Parish,-37,113,54,197,239,274,1756,-248,-929,-695,-218,-748,-627,-1335,-59,-374,-292,-238,-295,-398,-77,-304,-2178,-328,125
22097,St. Landry Parish,-95,-475,-258,-144,-65,25,1717,-84,167,-96,0,-515,-316,-390,-100,-298,-236,-508,-859,-750,-176,9,-405,-284,-414
22099,St. Martin Parish,-37,108,1,69,37,-187,921,95,94,-216,10,269,-440,11,116,273,-318,94,-680,-254,-135,-52,-279,-192,80
22101,St. Mary Parish,-312,-1012,-628,-482,-516,-890,537,-705,-566,-460,-134,-532,-874,-139,-608,-654,-988,-1527,-980,-584,-211,-829,-210,-600,-222
22103,St. Tammany Parish,617,2571,4041,3718,4616,4812,4778,1853,1707,880,583,1507,1521,2312,2391,2903,2610,2668,1671,1999,474,5077,3474,2157,1764
22105,Tangipahoa Parish,84,209,124,681,863,1012,6357,1722,845,540,175,441,218,1112,730,980,1085,1049,874,351,411,1452,1202,917,1560
22107,Tensas Parish,-52,-139,-136,-180,-148,-71,44,-191,-159,-80,-27,-151,-121,-60,-90,-90,-117,-70,-110,-128,-23,-36,-159,17,13
22109,Terrebonne Parish,-278,-569,-509,-500,-502,25,1333,-280,-365,-693,-201,-584,-637,489,124,-324,-1530,-1733,-990,-1053,-220,-569,-4319,-674,-282
22111,Union Parish,-29,-36,-230,123,-149,-9,93,-221,-151,-126,28,-128,-303,-68,121,-84,25,-106,-122,-115,32,54,-120,112,47
22113,Vermilion Parish,-108,-251,79,-254,27,280,285,-37,115,-197,27,-57,151,368,13,147,-82,-342,-218,-503,-58,-59,151,119,446
22115,Vernon Parish,-141,-928,-1316,-1011,-1351,-538,-2328,-1969,-2962,1326,204,-1244,1160,-2173,-557,-2030,-561,-2230,-2208,-1130,-217,-894,-1546,-1015,-498
22117,Washington Parish,-60,-167,-139,-85,43,226,106,912,377,14,-96,12,-442,-238,-92,24,8,183,-11,-357,-44,-30,15,64,213
22119,Webster Parish,-129,-366,-13,-267,-9,18,136,-133,-141,-67,32,19,-409,-191,-319,-255,-295,-413,-405,-371,-45,-538,-85,-50,-99
22121,West Baton Rouge Parish,-57,-80,-81,-166,35,-302,556,289,-186,-108,95,1,-108,349,390,196,166,131,59,-61,37,472,224,217,55
22123,West Carroll Parish,-30,-209,-12,6,-130,-87,-127,-196,-127,-70,-11,-82,-36,-11,67,-239,-147,-124,44,-90,-43,-30,-48,-121,13
22125,West Feliciana Parish,26,-90,-24,23,-128,83,275,-150,31,-134,-2,-136,-72,-4,-90,12,-25,73,106,73,-31,318,-62,21,-76
22127,Winn Parish,-58,-320,-40,-277,-207,-151,-47,-155,-196,-66,-34,-189,-79,-230,-22,-175,-101,-192,-169,-171,-7,-110,181,533,775
2220,Sitka City and Borough,-19,-167,37,-57,-50,21,-38,-289,-100,-55,0,-46,78,-73,-171,-61,-62,-115,-119,-80,-29,-55,-45,-58,59
2230,Skagway Municipality,4,-6,-14,17,29,2,-14,-4,0,5,-4,-20,30,17,22,22,35,29,-4,20,-1,-86,-61,0,9
2240,Southeast Fairbanks Census Area,-18,-553,-134,41,254,431,209,6,-128,-31,10,6,-72,-241,-129,-180,-11,-5,-36,-117,3,147,-16,31,79
2261,Valdez-Cordova Census Area,7,-194,-127,-159,-107,-143,-165,-332,-224,-95,21,10,-67,-51,-371,-223,-71,-158,-131,-19,,,,,
2270,Wade Hampton Census Area,-29,-122,-84,-57,-5,-183,-173,-61,-120,-148,,,,,,,,,,,,,,,
2275,Wrangell City and Borough,-3,-73,-75,-75,-70,-3,-11,-4,0,-57,2,10,25,25,-23,21,38,32,11,-25,2,-24,-24,-3,-8
2282,Yakutat City and Borough,-8,-1,-52,-25,-18,-36,-22,11,-31,29,-3,-9,2,-20,-2,-25,-29,-12,-10,-21,21,20,-21,2,1
2290,Yukon-Koyukuk Census Area,-29,-136,-58,-121,-62,-230,-258,-62,-168,-161,13,-25,-35,-93,-126,-34,-66,-33,-69,-137,-40,-30,-73,-20,-9
23001,Androscoggin County,-2,246,614,805,368,52,126,-714,125,-749,-118,-592,-238,-499,-98,-372,64,11,413,242,2,1905,1064,1330,1268
23003,Aroostook County,-74,-819,69,196,161,67,17,-55,-37,-120,-118,-111,-406,-548,-442,-447,-351,-384,-62,-6,0,380,808,574,110
23005,Cumberland County,223,1562,1645,1917,1007,519,-140,648,1002,628,-389,979,715,1629,2294,1296,1616,921,1428,1328,502,2678,3756,2425,3408
23007,Franklin County,17,75,307,-62,9,11,156,-60,-22,-55,-41,83,-65,-139,-226,-109,32,-54,222,390,19,989,499,369,271
23009,Hancock County,69,153,302,685,522,156,168,152,26,110,-53,254,62,181,52,-110,381,224,396,473,66,1240,599,540,542
23011,Kennebec County,40,667,502,841,511,691,331,46,287,-128,-23,-190,-202,-353,334,-118,639,611,385,540,300,1438,1887,1578,995
23013,Knox County,59,384,585,291,271,159,-35,32,59,-73,-24,56,-16,193,268,38,165,185,104,202,92,667,454,68,185
23015,Lincoln County,92,430,380,354,402,156,84,132,-94,-81,-49,-17,28,112,115,-91,328,352,311,356,68,1011,460,439,303
23017,Oxford County,68,314,571,283,467,376,228,251,31,-327,-62,87,-179,-41,80,19,315,362,442,458,152,1152,1148,841,228
23019,Penobscot County,-87,620,665,887,-567,341,1116,111,433,-28,-102,-104,-387,34,12,-1122,-453,551,364,553,26,1794,2342,2563,1170
23021,Piscataquis County,10,-60,97,183,73,110,-6,62,-149,-135,17,-93,-4,-20,-45,5,63,1,75,145,34,546,331,289,149
23023,Sagadahoc County,-9,197,250,773,-223,-255,249,-130,3,-303,-111,-94,-49,-68,41,95,101,344,301,257,37,593,355,320,274
23025,Somerset County,20,-114,-15,192,-119,108,442,114,-238,-268,38,-209,-78,-52,-383,-369,-19,-31,284,83,6,497,668,533,480
23027,Waldo County,170,531,474,282,183,78,272,-68,-186,1,35,39,42,88,50,168,340,428,16,176,79,468,417,476,320
23029,Washington County,-23,-372,-102,76,104,-168,-11,66,-198,-272,-19,6,-74,-134,-138,-99,-48,-47,117,216,72,355,579,299,251
23031,York County,1163,3478,3132,1749,1609,1206,-365,58,253,-309,4,1005,455,576,1400,586,1453,1969,1846,2052,403,3400,2861,2928,1747
24001,Allegany County,-132,-285,-270,-171,409,-280,20,465,126,62,-92,-185,-397,-144,-358,-226,-143,-399,-167,-290,-46,83,-55,455,265
24003,Anne Arundel County,758,2901,2773,326,324,-1108,-2983,-1365,169,2808,747,2322,2565,2329,987,1189,1434,1549,1986,1598,230,30,762,-811,211
24005,Baltimore County,1111,5493,5442,5364,3902,1972,2093,-1265,-1225,-742,890,3978,3176,2615,624,673,-501,-1180,-2024,-1484,-892,-3202,-2539,-1534,1695
24009,Calvert County,459,1740,2584,2492,1628,1066,465,178,83,260,111,58,107,425,-180,-284,318,179,476,298,102,1192,303,48,-104
24011,Caroline County,45,49,214,402,63,656,674,407,145,-112,-30,-292,-341,-35,-130,-6,191,238,140,52,-22,140,82,194,295
24013,Carroll County,503,2297,3556,3018,2312,1242,1194,81,-160,-332,27,-323,-237,78,53,-302,-230,443,695,141,100,1249,1515,1189,316
24015,Cecil County,365,1476,1427,1852,1971,1559,1459,269,110,345,5,93,-165,-44,130,94,-67,-236,87,90,79,366,1007,840,689
24017,Charles County,381,2570,2369,2602,2255,1686,1218,244,-301,-228,338,1145,462,1140,867,379,823,1457,1343,1108,46,1598,1155,1598,2035
24019,Dorchester County,-64,76,-21,143,390,382,212,421,181,-29,39,-31,-206,61,-88,-65,-110,-68,-107,27,11,149,177,414,300
24021,Frederick County,820,4033,5054,2813,2131,1674,1047,1367,44,-50,478,1727,1266,519,1094,642,973,2741,3396,3605,908,6976,6447,4742,3995
24023,Garrett County,-35,-113,135,125,-127,-116,-25,-12,45,-81,-8,40,-179,2,-297,-224,-17,-74,-31,-32,-19,98,-19,40,62
24025,Harford County,461,1765,3344,2830,2146,2413,1383,-832,-89,-57,219,566,1105,-292,-283,-551,185,1161,1581,1232,219,1898,715,841,724
24027,Howard County,1163,3518,2210,1667,431,604,1041,1364,1023,2687,981,3064,3697,2437,1482,2402,2193,1939,1666,1489,144,920,-583,-689,555
24029,Kent County,74,185,229,146,153,221,155,109,433,-15,23,109,-231,-99,62,35,71,-120,103,132,-14,288,255,171,163
24031,Montgomery County,2039,7697,5102,311,-2172,-423,-2424,-2197,3757,10028,2466,8088,6648,2926,1827,1112,-1477,1075,-4673,-3724,-1663,-9237,-2702,1088,4274
24033,Prince George's County,-250,5307,3004,805,-1307,-2027,-10929,-12077,-9747,-3085,740,998,1189,1633,2305,-351,-4233,-4486,-5823,-5439,-1933,-11902,-8150,-1256,6493
24035,Queen Anne's County,168,439,1144,1059,649,386,774,699,491,311,33,321,218,3,197,184,16,479,470,166,134,868,847,818,1006
24037,St. Mary's County,132,404,1708,2014,1602,1328,999,895,448,471,434,965,560,-201,70,351,121,212,-244,348,134,127,-107,27,612
24039,Somerset County,-21,454,256,82,232,-53,282,395,-132,-195,23,-159,-269,-111,-420,147,147,97,-218,71,-32,-325,104,546,228
24041,Talbot County,76,320,334,318,676,568,500,123,99,181,79,139,146,47,-281,40,-179,29,109,251,-1,460,401,327,440
24043,Washington County,80,693,1370,1584,2176,2225,1525,1176,-60,-36,243,721,-40,-255,-184,-164,320,510,487,372,0,-32,673,1111,1837
24045,Wicomico County,96,187,445,1085,1113,1506,1420,623,146,-85,72,685,167,15,266,112,63,-83,571,371,-77,426,928,600,406
24047,Worcester County,246,896,744,584,381,1,361,253,16,54,66,171,206,151,171,110,236,404,540,593,134,1232,849,544,489
24510,Baltimore city,-2779,-11055,-9606,-8027,-10412,-6317,-4559,-4499,-5243,-3758,-488,-3196,-347,-3058,-1267,-3652,-8430,-7304,-8907,-9629,-2078,-6172,-5997,-3106,2022
25001,Barnstable County,1212,2589,2869,2125,-201,-888,-578,-310,121,564,300,688,581,1090,1108,1135,1066,1492,1264,933,-380,6517,2395,2437,2062
25003,Berkshire County,-122,-515,-168,94,-261,-321,-468,-31,-396,-63,87,-529,-31,-289,-266,-590,-310,-154,122,-487,1088,1141,281,269,885
25005,Bristol County,703,1441,3403,2328,-1300,-1943,-2327,-615,-141,93,558,-567,1048,818,2459,1616,797,2827,2993,840,-1787,3498,2771,5022,5005
25007,Dukes County,80,133,151,105,32,-25,-54,66,99,175,17,98,119,309,127,-58,37,-9,-5,-20,-12,546,-28,-31,303
25009,Essex County,907,3160,3,-3059,-3586,-2717,-1352,-890,1684,2546,1607,3867,3762,5331,5273,3585,1069,3027,2266,-811,-1435,-1715,1787,6621,7260
25011,Franklin County,-38,118,263,87,85,47,-114,-75,78,-164,-17,363,-25,-260,76,-304,-147,128,192,-253,30,300,327,125,394
25013,Hampden County,-55,-867,1316,895,-747,-705,-877,-1319,-804,357,428,632,-468,-122,787,-1060,-2070,-347,422,-2453,-1397,-889,-990,1183,1552
25015,Hampshire County,124,-9,760,919,222,225,609,497,609,153,1117,905,306,650,208,10,875,-44,365,21,-10755,18688,573,566,-24
25017,Middlesex County,126,102,-10392,-11256,-10022,-9779,-3926,738,8369,11744,2574,10627,11655,10832,8364,4514,3327,3889,-552,-1632,-6165,-13045,12811,9356,16151
25019,Nantucket County,34,5,203,97,57,-66,42,75,94,-47,-42,-104,114,140,213,40,65,22,-97,117,-24,207,-74,-18,77
25021,Norfolk County,29,177,-1154,-3185,-2557,-2839,52,1228,3250,3071,1550,3165,3396,4104,2397,917,1070,2376,1222,2309,-1581,-110,1964,1903,6453
25023,Plymouth County,826,2722,2385,655,-554,57,-627,225,1063,1951,696,1317,426,2435,3057,2201,2408,2941,2476,2405,-1482,4159,2580,4808,4856
25025,Suffolk County,401,1388,-5206,-11800,-11339,-10809,-5919,-597,1666,6490,2300,6298,8902,6553,6542,4299,5309,3560,-1846,-3229,-8198,-15996,-2844,2883,5344
25027,Worcester County,1715,5514,4195,2932,-2,472,785,-786,-900,1262,1260,1485,711,2192,2821,1404,596,4077,2307,412,-3857,3741,4090,7104,8444
26001,Alcona County,15,77,-68,108,81,155,67,25,-17,-116,-17,-20,-27,95,10,26,152,75,158,153,49,268,243,239,194
26003,Alger County,-14,-1,-32,-34,20,-24,68,127,-117,-210,-21,-19,-1,32,-17,-26,-69,66,14,40,7,-25,46,26,6
26005,Allegan County,193,1143,675,585,637,301,-193,-145,-200,-589,-16,-810,-85,153,895,437,439,1046,457,553,124,379,372,610,586
26007,Alpena County,-39,-91,-222,-130,-83,-202,-295,-20,-75,-249,-34,-89,-44,-87,-13,-64,65,-103,35,84,-3,200,115,243,198
26009,Antrim County,144,254,298,316,175,10,2,-39,-162,-185,-43,-112,-29,-14,77,-28,111,285,168,122,64,601,492,272,184
26011,Arenac County,13,-58,34,-46,-14,-8,-151,-122,-232,-281,-8,-145,-51,22,11,23,-90,-2,89,-28,26,115,211,132,38
26013,Baraga County,126,32,-34,-21,15,-62,59,-50,-106,45,-17,9,-79,7,-33,-50,-5,-57,-69,-59,-5,148,-12,75,9
26015,Barry County,79,358,187,282,-5,364,-260,36,-485,-609,-146,-314,-30,6,82,34,311,816,483,278,158,604,431,535,203
26017,Bay County,-126,-559,-174,-439,-299,-423,-602,-658,58,-361,-71,-253,-318,-51,-678,-535,-627,-111,-138,-389,-51,26,255,420,220
26019,Benzie County,85,345,257,338,131,200,77,-35,-147,-179,0,-62,1,79,178,-24,209,104,200,66,55,380,190,208,133
26021,Berrien County,-58,-1362,-455,-422,-493,-1266,-1060,-237,37,-308,-119,-181,-404,-683,-309,-901,-695,-101,-322,-392,-64,-474,28,-61,388
26023,Branch County,29,-72,436,-184,-117,-281,-203,-250,-695,-1268,-126,-1379,-164,-313,21,-136,-246,-142,93,-143,-12,304,-687,848,306
26025,Calhoun County,-84,-333,74,-75,-15,-991,-1088,-1162,-787,-1233,-152,-1044,-542,-200,-175,-685,-77,-194,-194,14,-64,53,-34,268,612
26027,Cass County,7,-38,-81,-64,162,-199,-326,12,-270,-615,-44,-30,-376,-125,-42,-167,-18,243,286,99,-12,157,150,303,82
26029,Charlevoix County,52,171,28,82,-160,-116,-210,58,-253,-227,-30,207,87,97,57,46,24,72,77,32,-4,254,157,135,154
26031,Cheboygan County,133,329,225,115,-10,34,-34,-166,-344,-340,-34,-55,-32,-55,147,-125,150,115,193,-75,78,402,436,302,62
26033,Chippewa County,16,-187,120,-55,-129,43,-93,159,-78,-161,-53,255,124,-436,-300,-286,-292,-3,-179,-54,-3,-746,518,229,1
26035,Clare County,101,-33,234,-22,132,-121,-116,-346,-316,-210,61,78,-108,-127,181,-11,-125,322,249,292,10,543,421,210,182
26037,Clinton County,97,322,685,643,617,269,239,25,-251,-267,-1,261,53,426,8,-138,394,730,511,196,3,344,356,168,313
26039,Crawford County,77,97,142,121,-8,240,-54,-171,-39,-208,-13,26,-40,-10,-89,151,-36,217,37,162,14,395,261,213,155
26041,Delta County,13,-214,-56,-111,-32,-133,-68,-354,-127,-312,18,-30,-38,-6,-189,-97,-131,-184,76,36,0,223,189,226,113
26043,Dickinson County,5,-238,-16,26,360,-56,-20,-15,-154,-106,-22,23,137,-90,-82,-123,-104,-47,-11,-64,-32,49,257,181,50
26045,Eaton County,117,271,433,718,29,161,-110,-340,-735,-1132,-50,-64,-132,130,164,-153,342,149,176,508,-23,-46,322,205,441
26047,Emmet County,100,530,268,158,409,78,106,-142,115,17,-4,66,102,161,123,33,18,287,194,212,16,351,78,22,97
26049,Genesee County,-25,-997,-882,-928,-1585,-2376,-3494,-5533,-7352,-6587,-1089,-4022,-4711,-3282,-3410,-2517,-1878,-1520,-910,-909,-112,-265,-1143,582,1050
26051,Gladwin County,78,362,334,167,158,-149,29,-368,-226,-212,31,225,-199,118,10,-220,19,191,218,258,45,361,383,456,204
26053,Gogebic County,-134,512,-113,-76,-157,-108,-190,-16,12,-37,-20,-182,33,-24,-62,-158,-107,72,-143,-1070,-8,179,121,-23,87
26055,Grand Traverse County,241,1595,807,550,572,713,765,596,334,70,-46,1260,708,796,575,617,350,-212,710,524,179,720,586,255,261
26057,Gratiot County,156,-58,-154,87,-82,-132,112,47,-102,-454,-33,-330,-178,23,-441,-89,-317,130,-347,167,-62,-207,53,399,27
26059,Hillsdale County,91,-221,79,65,-186,-162,-220,-412,-632,-399,-69,-137,-381,-207,-337,-94,-159,11,-164,-127,5,-9,307,23,88
26061,Houghton County,-74,-339,112,-228,230,-78,-517,-59,307,-63,62,8,-64,-83,-239,-253,70,-109,-276,-271,-109,268,244,-45,44
26063,Huron County,-48,-278,-223,-176,-247,-320,-318,-326,-445,-285,-38,-221,-127,-65,-60,-81,-152,-37,45,-92,-2,179,110,16,8
26065,Ingham County,-276,-578,-1099,-1931,-566,-2555,-2864,-2320,-2371,-2063,-251,386,-660,-628,295,344,1527,1099,-1430,-143,-376,-12171,11478,1806,786
26067,Ionia County,75,-86,653,46,237,-302,-73,-464,-531,-1716,-91,-273,-259,-139,65,-396,-68,-93,-171,264,9,-125,14,-687,141
26069,Iosco County,-20,-40,-105,23,95,138,122,45,-59,-127,-40,-71,32,163,147,89,126,47,140,178,16,478,396,184,273
26071,Iron County,-1,-135,-41,25,-128,-9,-36,27,-28,-86,0,60,-90,33,-47,51,-41,39,89,48,41,135,221,168,104
26073,Isabella County,-21,252,76,598,485,185,105,-134,-313,93,-57,143,-136,-668,-376,428,349,-326,-813,-800,67,-195,316,-89,516
26075,Jackson County,117,563,642,701,-471,431,-109,-591,-3032,-978,-178,-780,117,-462,-365,-322,-999,313,3,-170,-113,239,218,130,326
26077,Kalamazoo County,46,88,744,901,-2476,-319,-286,-69,246,1004,115,884,1617,829,579,-288,533,798,830,-412,-76,-1301,624,1253,583
26079,Kalkaska County,36,138,36,178,-21,-145,92,-119,-109,-326,-23,57,-48,180,101,-108,78,331,240,232,3,137,301,286,293
26081,Kent County,659,884,-311,-1522,-2300,-1415,-1180,-1625,-3035,-1523,-849,1123,2983,3958,2748,1782,2603,1455,304,-190,-438,-2271,-1317,1248,3902
26083,Keweenaw County,12,-21,-40,-23,-44,-14,31,27,47,32,11,13,-10,-18,33,-53,21,-34,12,39,13,67,66,41,-9
26085,Lake County,36,238,-10,238,142,42,-582,-17,-43,-79,-4,7,41,-9,78,356,192,180,-48,26,26,326,470,180,341
26087,Lapeer County,265,515,615,362,328,337,-144,-705,-1310,-1261,-164,-144,-7,57,-99,178,-141,103,-82,-173,19,362,427,625,420
26089,Leelanau County,124,229,90,267,98,-24,29,26,-31,54,42,-254,10,167,203,110,-82,213,134,96,45,491,382,233,53
26091,Lenawee County,22,233,364,76,152,-264,56,-334,-796,-1250,-305,-365,-526,-235,-152,-315,148,-36,-239,372,-81,126,-352,-366,367
26093,Livingston County,1177,3923,3816,2639,3251,2879,2155,-225,-1138,-397,-119,620,376,1023,957,1266,989,1022,1114,664,100,1348,1092,732,210
26095,Luce County,-20,83,-32,-94,-4,-70,-70,53,-101,-73,-31,-59,-32,43,-71,19,-47,54,-35,-73,3,-359,292,180,3
26097,Mackinac County,5,-175,-107,-108,-38,-94,-162,-59,-210,-57,-8,-25,88,-5,38,-107,-20,89,82,68,21,190,171,20,259
26099,Macomb County,1589,5997,4261,3812,3440,1856,691,-1148,-1114,-1011,-142,1835,4641,6761,4719,1700,2758,2421,1010,628,-319,-1416,-632,3251,5653
26101,Manistee County,95,110,261,269,-173,153,13,-86,-107,-95,-151,298,26,-30,56,177,69,70,182,196,81,498,225,362,222
26103,Marquette County,-25,105,211,4,487,56,131,-22,224,208,28,392,273,-58,55,-382,-762,83,-32,427,-26,-32,913,652,420
26105,Mason County,50,167,246,117,101,-71,55,-162,4,-4,7,-21,96,60,151,36,90,220,109,83,26,511,188,21,85
26107,Mecosta County,63,161,404,206,313,141,-273,-428,-108,-119,26,552,-11,-297,-79,-218,84,122,125,15,78,377,758,351,238
26109,Menominee County,-41,-82,-106,-18,-16,-231,-207,-132,25,-182,-29,-32,-51,65,-139,-5,-178,-132,42,-77,-17,-4,104,-38,123
26111,Midland County,-27,193,-402,-129,-364,-476,-590,-448,-277,-265,-53,-16,-261,-158,-358,-30,-310,-176,-149,-177,-4,33,453,300,-26
26113,Missaukee County,51,28,211,148,61,-38,-95,-77,0,-173,-15,82,48,27,-85,-78,127,-48,58,-13,19,151,110,123,-49
26115,Monroe County,317,826,623,712,915,869,636,-353,-1006,-700,-169,-749,-862,-770,-373,-574,-272,289,769,359,95,894,315,491,798
26117,Montcalm County,148,227,126,100,191,-264,-124,-569,-253,-403,-88,-204,-347,-386,-145,-132,96,459,315,-160,-40,858,65,1076,800
26119,Montmorency County,62,132,133,60,53,5,11,-8,21,-25,21,-61,-29,-24,58,38,1,125,138,155,41,270,347,246,202
26121,Muskegon County,56,88,22,205,-98,327,-399,-597,-531,-1486,-458,-2399,-335,1655,-426,-107,352,76,-413,-330,37,990,344,1103,1011
26123,Newaygo County,57,393,32,235,50,-13,-383,-204,-402,-572,-67,-145,-541,-70,-148,23,-79,444,537,137,112,418,470,477,368
26125,Oakland County,133,-1437,-7009,-2678,-2906,-5235,-5346,-6584,-4144,-1555,-379,6214,7711,8949,4080,-1050,3364,2043,-1439,-1164,-1514,-627,-345,1596,6818
26127,Oceana County,44,26,305,89,77,-138,-43,-309,-206,-368,-54,-150,-220,-84,38,-27,-30,107,133,-76,66,221,136,60,-1
26129,Ogemaw County,59,108,96,104,70,51,-37,-21,-27,112,-33,-15,-46,-64,-78,52,114,172,90,204,38,172,341,259,135
26131,Ontonagon County,-12,-14,-10,-58,-26,-99,-118,-75,-142,-117,-1,-83,-161,-41,-62,-72,-29,25,-1,-3,15,169,114,53,50
26133,Osceola County,17,58,131,-15,-75,-218,-222,-201,-282,-287,-9,-53,-199,-88,-107,-64,15,82,101,72,18,313,130,94,251
26135,Oscoda County,-4,64,-59,46,-105,-155,5,-14,-43,-164,0,58,-5,-162,-6,-21,4,38,36,59,22,182,154,231,104
26137,Otsego County,83,246,240,73,-16,28,-63,-238,-469,-300,-3,-55,-99,77,43,88,227,158,115,61,53,304,369,307,361
26139,Ottawa County,550,2020,976,1304,1221,263,650,54,100,-1049,-163,1174,2290,1906,1982,1592,1389,1477,1988,733,460,674,2112,2118,1914
26141,Presque Isle County,-11,-41,8,-10,15,-28,-27,-7,-172,-83,-18,-59,13,35,53,-66,24,141,44,-24,51,297,287,60,108
26143,Roscommon County,89,361,242,389,52,91,60,-40,-252,-139,53,110,77,55,220,114,123,232,328,421,77,579,324,464,282
26145,Saginaw County,-351,-1035,-844,-1252,-870,-1635,-2121,-3063,-1654,-1329,-353,-1196,-909,-1856,-1872,-2024,-876,-603,-1251,-296,-136,255,-394,-123,412
26147,St. Clair County,294,693,550,1233,687,-443,333,-854,-1567,-1879,-349,-1064,-974,-168,-54,-136,-74,-57,318,425,73,519,475,916,499
26149,St. Joseph County,-7,-346,-524,-100,-349,-322,-363,-321,-479,-937,-109,-439,-337,-164,-98,-382,-134,-123,56,-91,-22,-59,99,221,92
26151,Sanilac County,-43,0,-178,-239,2,-290,-130,-437,-627,-1021,-70,-417,-398,-382,-206,-125,-19,-61,35,46,-72,234,204,81,38
26153,Schoolcraft County,33,-73,-65,43,104,-53,29,-131,-275,-12,2,40,-105,-53,-50,33,-118,106,62,93,23,63,188,42,71
26155,Shiawassee County,-57,-5,-161,57,235,-576,-229,-712,-1122,-1036,-67,-667,-712,-407,-67,-261,43,-94,-243,51,-37,124,235,208,120
26157,Tuscola County,-49,-202,-193,11,-303,-516,-548,-411,-765,-822,-76,-261,-729,-492,-287,-190,-404,-381,-133,-274,27,-42,188,140,107
26159,Van Buren County,-25,47,208,215,68,-346,-139,-545,-292,-87,-170,-456,-908,-144,-322,-278,80,34,90,138,-9,208,215,260,242
26161,Washtenaw County,1043,2854,2322,1610,1451,1174,13,-464,-5274,705,132,2279,874,2270,2463,1530,1650,1247,-414,-2938,-612,-6897,1952,-53,525
26163,Wayne County,-5286,-19301,-23297,-25143,-26213,-28228,-32576,-36225,-40645,-30662,-7196,-17837,-13290,-21472,-14777,-11766,-9611,-8191,-7626,-9519,-2660,-14971,-13783,-4749,5210
26165,Wexford County,15,123,4,286,87,221,-40,-79,-146,-212,-4,-179,-146,-65,288,-7,165,112,180,166,23,280,293,263,174
27001,Aitkin County,71,42,264,152,166,89,143,92,-85,-212,30,57,-73,-60,92,105,22,155,183,83,45,425,307,89,294
27003,Anoka County,950,2530,1526,787,2237,734,1097,-454,-880,-187,-19,-826,928,838,415,247,65,1702,1149,1450,111,1440,798,2386,3329
27005,Becker County,39,220,336,352,279,25,207,-56,-15,19,16,134,147,104,-18,134,217,274,256,-5,-5,185,127,-16,161
27007,Beltrami County,67,402,435,319,174,304,74,-110,163,207,21,187,-229,48,-150,-231,118,202,53,248,-7,112,256,-118,156
27009,Benton County,178,772,667,496,222,199,43,237,81,17,-43,-1,-311,79,-26,-6,8,296,184,173,-40,97,-40,-70,96
27011,Big Stone County,-24,-61,19,-46,-99,21,-47,-12,-20,-20,0,-37,-44,-46,35,-72,26,22,-10,2,-7,21,7,-20,8
27013,Blue Earth County,-69,404,304,510,63,333,586,282,270,25,-37,-22,320,-498,301,168,414,331,266,31,16,-22,644,78,-197
27015,Brown County,-54,5,-40,-209,-84,-395,-25,-168,-173,-178,-21,-153,-267,-81,19,21,13,-86,-33,-117,-10,33,-115,-29,9
27017,Carlton County,37,252,439,392,403,262,-18,-96,350,135,3,14,-217,37,129,78,183,-25,305,52,-23,341,421,114,149
27019,Carver County,467,1395,1715,1848,1842,2048,1683,889,928,940,128,737,366,1096,1016,575,1049,1111,761,952,241,1054,814,401,994
27021,Cass County,114,323,261,127,340,256,-62,-157,5,-290,44,-284,-40,76,23,130,314,351,185,311,110,664,720,262,224
27023,Chippewa County,-29,-107,-26,-139,-73,41,-80,-159,-69,-78,11,-154,-199,-42,-47,21,-70,-99,-44,-127,-2,-178,-22,-45,63
27025,Chisago County,345,1231,1223,1223,1091,514,410,169,57,-112,-56,-336,-527,39,26,211,306,484,538,411,25,786,411,551,252
27027,Clay County,6,51,51,86,632,446,471,222,709,642,65,439,-87,54,324,526,471,330,-143,-194,-43,11,244,232,744
27029,Clearwater County,-43,-38,33,-78,-12,-56,-62,-19,-3,-26,0,-6,-43,98,13,11,26,-16,-49,-33,41,19,95,44,-62
27031,Cook County,23,32,46,41,35,7,73,45,66,-35,-4,44,-40,17,68,-6,86,79,16,32,2,54,106,-80,-70
27033,Cottonwood County,-43,-59,-80,-38,3,-215,-230,-61,-77,-136,20,-22,-158,-38,-73,-94,-71,-118,2,-73,7,106,-183,13,-19
27035,Crow Wing County,176,713,909,774,634,598,857,582,474,122,55,-80,59,153,43,81,424,581,572,300,156,1274,733,556,439
27037,Dakota County,948,2432,1566,718,1364,1354,919,1044,-368,-568,-229,-295,-215,491,915,-419,568,1451,949,1587,11,368,-542,3084,3670
27039,Dodge County,87,136,236,91,185,44,30,-158,93,-75,25,-92,-63,-29,-49,-77,19,76,-15,72,-13,-28,-20,-15,22
27041,Douglas County,82,331,420,511,418,472,290,358,161,64,-15,190,94,67,187,190,382,393,403,189,91,302,462,294,169
27043,Faribault County,-25,-156,-65,-128,-58,-251,-105,-121,-167,-122,-42,24,-223,-25,25,-86,-94,-60,7,-71,-9,87,99,6,12
27045,Fillmore County,15,70,51,9,-87,-60,-120,-21,-191,-113,-40,-33,-2,-91,-25,-28,154,22,34,5,9,84,157,70,43
27047,Freeborn County,-48,-92,-417,-8,-147,-254,-95,-163,-285,5,-36,-131,-8,-158,-166,-122,-70,172,-42,-162,4,-16,14,-82,65
27049,Goodhue County,0,394,283,22,157,-74,57,103,-73,-121,5,-155,-64,-1,-107,14,142,24,-13,-7,-13,548,166,75,-12
27051,Grant County,-8,3,27,-40,-58,1,-52,-3,-33,-104,-2,1,-63,40,-39,-70,67,2,69,-13,13,79,4,40,-11
27053,Hennepin County,-162,-929,-9045,-8560,-7461,-8782,-4582,-693,1449,4336,-357,7055,6673,5696,4592,3029,5146,4369,3097,727,-1215,-18450,-9513,-2633,9239
27055,Houston County,5,168,-89,-52,-132,-15,-53,-156,-250,-98,-3,-144,-140,-26,-93,-9,7,-82,-111,23,-9,6,-1,7,-16
27057,Hubbard County,55,-39,106,10,167,-45,-104,64,-36,-181,1,35,-73,217,-73,19,41,273,314,184,50,407,233,181,99
27059,Isanti County,192,956,970,1213,866,787,753,428,71,-48,8,105,-191,-248,114,-140,347,678,255,525,250,514,711,427,403
27061,Itasca County,-17,-103,79,283,-9,48,70,300,-47,201,-26,106,78,281,68,24,-40,13,-23,144,38,286,450,389,114
27063,Jackson County,-29,-153,100,-70,-10,-28,15,-42,-119,-10,3,-40,110,-67,-4,-191,-142,12,-89,-38,-3,34,-95,22,-5
27065,Kanabec County,52,126,105,324,91,90,7,3,-56,-328,-13,-2,-239,12,-44,-99,29,148,140,53,21,195,328,194,-8
27067,Kandiyohi County,-120,-64,-467,34,-166,-275,-274,-284,-154,-84,-22,-223,10,-120,-189,-34,-141,-143,-75,93,-70,15,104,293,301
27069,Kittson County,-28,-67,-114,-84,-62,-35,-93,-93,-24,-48,0,-12,-13,23,-26,-17,-59,-43,10,17,-12,9,-67,16,8
27071,Koochiching County,-47,-172,-120,-9,-46,-48,-130,-95,-132,-90,19,-44,-25,-25,-194,-25,-131,-40,-55,-150,-15,2,-1,-15,-72
27073,Lac qui Parle County,-19,-124,6,-65,-84,-92,-140,12,-76,-40,-19,2,-61,-95,-83,-13,-107,-26,-8,-1,-17,43,-2,27,6
27075,Lake County,4,73,11,71,-25,-44,-22,-17,-48,-28,9,-47,18,-40,-66,-22,7,32,162,63,14,168,7,30,-67
27077,Lake of the Woods County,-21,-49,-120,11,9,-42,-63,-143,-94,-85,2,-7,-43,-28,-14,-2,-80,-56,19,12,5,75,64,-96,-1
27079,Le Sueur County,40,129,199,397,319,112,290,262,-166,-123,-40,-76,-245,-16,28,-138,-57,327,251,178,-38,238,257,74,107
27081,Lincoln County,-23,-51,-60,-14,-66,-30,-70,-68,-8,-47,2,-42,-47,-10,19,-33,-8,-19,-9,-24,-8,-41,46,-3,9
27083,Lyon County,-26,-156,-465,-302,-191,61,-15,-168,64,-79,-34,-194,-343,-59,-98,-91,-15,-193,-475,-225,-104,14,-93,-25,169
27085,McLeod County,-75,115,112,-16,188,135,338,14,-230,-458,-64,-385,-497,-159,-183,-75,-112,54,-76,22,-28,89,32,91,-15
27087,Mahnomen County,-18,-15,-53,-78,-64,-21,-70,-5,-48,-101,4,-20,-14,-62,0,-113,13,50,-96,2,-24,22,-35,-30,-59
27089,Marshall County,-32,-181,-62,5,-77,-101,-139,-183,-163,-183,-19,9,-28,-63,-50,-38,-79,-44,-5,-67,-6,-42,-113,-70,-40
27091,Martin County,-24,-339,-164,-142,-160,-111,-191,-93,-33,-129,-2,-151,-146,-40,-125,-147,-106,-42,-72,-97,-34,-27,-164,97,-91
27093,Meeker County,32,53,60,64,51,-92,114,-94,-79,-222,-14,-208,-230,26,-20,-108,-44,-53,62,26,33,-27,171,-34,5
27095,Mille Lacs County,108,469,711,560,463,572,361,153,-63,-57,-25,-249,-281,-24,-121,-76,92,234,190,126,-4,542,455,206,235
27097,Morrison County,48,150,172,-13,-100,37,-23,77,95,-235,-12,-86,-206,-249,-132,-97,69,86,26,254,-24,127,259,79,171
27099,Mower County,45,-96,-265,-132,-34,-428,-147,-258,-258,86,-19,6,-90,-142,-10,-80,-5,133,217,-246,-18,83,-143,41,405
27101,Murray County,-14,-62,-74,-68,-66,-103,-72,-119,-71,-26,-23,-50,-27,-55,-49,-38,-82,44,-73,-63,-8,-19,-53,55,-46
27103,Nicollet County,74,101,82,19,56,-30,395,55,-34,71,-16,-9,-127,-174,228,-18,34,163,50,-19,35,-185,124,-478,203
27105,Nobles County,-69,-123,-386,-195,-241,-151,-319,-119,138,-36,-29,-16,-48,-94,-260,-129,-95,-403,-138,-312,-111,-281,-162,-209,28
27107,Norman County,-15,-109,-21,-112,-72,-67,-118,-60,-44,-72,6,10,-180,15,-4,57,-57,82,-88,-95,-9,14,-53,-7,7
27109,Olmsted County,313,908,1367,1006,833,560,1060,802,811,765,-74,55,-66,773,6,120,800,376,699,960,-31,-182,-342,329,322
27111,Otter Tail County,-3,66,217,289,42,-194,235,-207,-93,-286,-4,111,20,297,13,80,295,304,521,118,32,303,531,343,411
27113,Pennington County,-43,-175,201,-25,12,-52,119,-32,-75,-1,0,83,10,-22,-61,60,-82,-71,-43,-89,-46,-136,50,-81,8
27115,Pine County,134,345,323,107,178,82,0,109,125,-122,-10,-177,-487,-129,-25,0,-127,334,315,140,29,250,826,453,301
27117,Pipestone County,-57,-22,-120,-73,-95,-161,10,-9,67,-22,-12,-89,-138,-102,12,-45,-37,-93,-45,-20,-15,-64,-7,-47,-26
27119,Polk County,-27,-263,-129,20,11,-43,-93,21,-210,147,19,-126,-73,54,-205,-65,96,-127,-344,-123,-105,-220,8,-211,179
27121,Pope County,22,-37,88,-36,39,-26,16,-59,-4,-73,-21,-41,-27,-13,50,13,46,11,95,156,22,102,38,1,88
27123,Ramsey County,-495,-1688,-5359,-8684,-7662,-6638,-3884,-1201,-181,431,-197,2900,1538,2415,1703,332,1196,-110,818,-1890,-1160,-9617,-6710,-2217,1492
27125,Red Lake County,-21,3,-27,15,21,-75,-96,25,-19,42,-17,5,-47,-37,-47,11,-55,12,-36,49,1,-12,-73,29,-25
27127,Redwood County,-52,-122,-232,-195,-107,-213,-46,-133,-20,-140,-4,-50,-203,-103,-179,-92,-206,19,-4,-114,-25,-13,-19,-75,-113
27129,Renville County,-28,-187,-6,-128,-114,-30,-220,-135,-304,-136,-53,-236,-143,-209,-126,-113,-176,70,-78,-82,-27,-36,-48,-53,-29
27131,Rice County,63,705,459,627,461,315,555,102,244,-242,32,-99,-277,-10,103,131,229,125,127,156,-35,187,582,512,861
27133,Rock County,-30,9,0,-65,-137,-6,-53,72,-34,12,-13,-27,-109,-49,-48,66,-44,68,-47,-96,0,31,-87,61,-26
27135,Roseau County,-51,-184,-128,1,-82,7,-249,-156,-70,-143,-95,-92,-45,-87,108,-103,-113,-288,-198,-38,-20,-11,67,-92,-54
27137,St. Louis County,-81,817,-768,-317,-979,-986,-356,317,604,372,-79,340,32,124,221,-323,-201,-27,82,-398,-58,-291,1778,674,571
27139,Scott County,1231,4827,4523,3111,4247,3296,2596,1766,1305,912,190,705,1143,780,639,991,827,1088,554,737,181,1216,673,545,625
27141,Sherburne County,719,1963,2771,1868,2514,2119,1782,816,486,-407,53,-204,-522,-71,157,-180,1148,579,814,602,212,1211,1329,896,282
27143,Sibley County,-20,15,-105,-156,-137,-164,-48,-8,-52,-247,-3,-117,-125,-47,-174,-44,-61,59,79,-168,-43,111,3,157,52
27145,Stearns County,111,247,373,-63,-120,455,727,614,69,-28,-146,-423,-342,-306,355,1076,212,129,349,429,-69,-6,319,932,548
27147,Steele County,64,201,59,193,193,215,169,37,-21,-96,-120,-154,-407,-126,-71,-65,-80,31,-128,-172,-30,-18,0,-20,-32
27149,Stevens County,-40,-51,-69,-4,-122,-98,-135,-97,-1,-12,-12,-8,-26,-12,63,-9,-100,-128,-14,1,-23,-1,34,88,-115
27151,Swift County,-35,-381,-65,165,-203,-994,830,-128,-107,-151,-14,-74,-53,-79,-76,-97,73,-54,-58,-70,-32,-11,-14,-88,18
27153,Todd County,-37,40,-219,-167,-14,-195,-166,-42,-159,-216,-41,-112,-389,-295,-213,-101,-28,-3,-79,-22,-14,-50,233,99,113
27155,Traverse County,-14,-123,-30,-28,12,-19,-35,-79,-52,-21,-12,-10,-61,18,-1,14,-32,-6,0,-33,-9,-51,9,-70,-9
27157,Wabasha County,19,73,-53,41,-92,-116,49,-185,33,-69,-26,-132,-122,-15,-143,-92,5,91,4,-68,20,99,139,41,-72
27159,Wadena County,13,-26,51,-142,-34,90,-148,89,-49,-50,-10,-150,-45,72,-41,88,-74,106,111,-48,41,48,133,28,168
27161,Waseca County,-22,-77,-29,-157,-217,-36,-35,-14,-169,-725,-23,-28,-48,-181,-169,-40,-172,-112,-85,-107,-14,18,4,76,-356
27163,Washington County,940,2495,1029,1501,-22,1988,2904,2408,1503,281,400,924,932,840,1164,562,871,1935,2345,2544,541,3521,3021,1986,3551
27165,Watonwan County,-65,-60,-86,-212,-215,-162,-124,-167,-196,-13,-4,-63,-96,-73,-81,-10,-61,-108,26,-160,-28,-91,16,-65,49
27167,Wilkin County,-18,-160,-27,-34,-144,-83,-121,-42,-145,-121,0,-2,17,-69,-23,-103,-24,-16,-69,-28,-12,-41,-26,4,-12
27169,Winona County,6,-298,-349,-56,-289,148,-135,37,-287,-340,-81,-115,-81,-126,-369,-257,-20,-175,-11,-267,-43,71,67,115,482
27171,Wright County,481,2145,3320,2866,2802,2149,2872,1707,1204,306,87,-40,-153,-164,587,176,384,948,1195,1173,243,2640,2184,2269,2378
27173,Yellow Medicine County,-45,-114,-176,-92,-153,-128,-83,-125,-141,-39,-6,-119,-129,-69,-95,-143,39,-40,-56,-102,-32,-61,69,1,-91
28001,Adams County,-131,-473,-420,-470,-816,-315,344,-543,-449,-473,230,-130,-241,58,-10,-528,13,-66,-345,-263,-64,-734,122,517,1219
28003,Alcorn County,17,93,57,-16,258,96,315,217,31,-4,20,169,-56,104,8,46,5,-29,-317,190,-11,-209,-66,62,562
28005,Amite County,-20,-84,-96,8,-95,18,164,-205,-110,-223,-18,-5,-217,-56,-251,-7,-68,52,-94,-9,-7,17,56,-11,71
28007,Attala County,-34,-39,-18,-66,-81,-61,127,76,77,13,-31,-113,-228,-32,-240,-105,-56,-55,-130,-141,-26,-9,-98,-108,-28
28009,Benton County,-12,-138,-96,-41,-17,30,46,30,45,-145,-17,17,-67,-147,-188,-130,103,28,-22,20,25,31,-14,-66,101
28011,Bolivar County,-194,-570,-1059,-555,-726,-852,-124,-402,-624,-436,-102,-488,50,-153,-206,-683,-733,-835,-643,-496,-115,-513,-616,-499,-243
28013,Calhoun County,-22,-114,-147,-94,-104,-118,67,-69,-144,-116,-17,-52,-55,-112,-2,-36,-72,-37,-88,-68,-21,-157,-16,-119,29
28015,Carroll County,-6,-112,-183,-47,-51,-91,13,27,-33,-131,-3,-170,-1,-63,-65,-1,9,-60,-177,44,-33,-28,4,-128,-58
28017,Chickasaw County,-58,-31,-209,-136,-163,-208,-273,-175,-241,-177,-13,0,-84,-196,-26,-95,-207,-107,-109,-26,-17,-62,-126,12,22
28019,Choctaw County,-15,-142,-30,-83,-182,-58,-92,-217,31,-71,3,-132,-30,22,-61,-21,-51,-19,30,-27,-19,-31,-9,16,62
28021,Claiborne County,-16,-188,-183,-351,-41,-16,-270,-414,67,-110,-46,168,-465,-226,3,42,-60,-150,24,-97,-27,-376,-81,-162,-262
28023,Clarke County,-22,-167,-135,-174,-86,-190,82,-147,-39,-159,-26,-9,-163,-91,-113,-223,-80,-60,-215,-40,-42,-47,-139,88,-30
28025,Clay County,-33,-253,-33,-556,-8,-390,-207,-217,-236,-61,-59,-123,-97,-41,-156,-129,-143,-191,-241,-66,2,-97,-88,-51,-18
28027,Coahoma County,-149,-499,-598,-722,-639,-670,-554,-576,-594,-432,-64,-404,-388,-566,-473,-463,-776,-747,-645,-555,-123,-397,-320,-141,-38
28029,Copiah County,-29,-43,-262,159,-97,-173,117,-210,-185,-304,-59,-261,-301,-130,-11,-119,-253,-118,-128,-363,-71,-246,-14,9,-75
28031,Covington County,27,-97,220,247,40,-113,120,25,99,-20,19,-106,-63,-226,-56,93,-51,-127,-205,-196,-7,26,-63,-60,69
28033,DeSoto County,1247,3676,4132,4419,5503,5005,7039,4054,4095,2272,241,1372,1444,1103,1615,1671,1625,2567,2260,2323,645,2500,2539,2150,2521
28035,Forrest County,118,127,53,477,200,533,1340,1065,104,717,-52,381,303,-185,-1117,-585,-317,-632,-420,-250,-49,-292,344,27,143
28037,Franklin County,-6,-112,-129,28,36,-91,15,36,-52,-55,6,-128,-60,-22,-55,-11,-5,40,3,-40,-7,55,-19,42,-49
28039,George County,21,161,241,281,133,314,576,256,319,22,63,70,-70,202,-22,-12,153,243,75,292,-8,456,440,329,319
28041,Greene County,-10,-124,0,53,-189,8,-139,653,543,2,-24,-65,9,-60,57,-798,36,-15,444,-431,-7,171,-64,42,42
28043,Grenada County,-72,-153,-48,-123,-32,44,261,20,-88,-88,-26,-236,10,-38,85,-139,-205,-144,2,-185,-20,-118,-78,9,-65
28045,Hancock County,289,526,546,336,585,606,-7883,1136,599,378,81,643,426,246,421,314,375,398,324,372,112,106,301,256,522
28047,Harrison County,8,-623,151,-1175,2671,264,-25085,2984,1727,776,504,2102,1452,1761,1316,1595,1032,1646,895,1208,155,824,1836,273,3242
28049,Hinds County,-600,-2778,-2332,-1662,-673,-2132,113,-4108,-3534,-1726,-38,1018,-1651,-3041,-2160,-2288,-3117,-3150,-4959,-4831,-915,-4295,-4629,-3087,-2056
28051,Holmes County,-66,-312,-288,-462,-156,-265,-174,-366,-76,-377,-95,-412,-254,-176,-344,-184,-386,-179,-423,-431,-62,-298,-309,-266,-198
28053,Humphreys County,-65,-182,-436,-283,-179,-274,-181,-256,-72,-244,-67,-64,-161,-284,-185,-106,-136,-251,-86,-176,-41,-122,-160,-94,-73
28055,Issaquena County,-14,-98,-131,-33,-127,-80,-72,-93,-18,-54,-10,-3,4,5,-7,-52,-17,12,-39,26,-7,-2,-25,0,23
28057,Itawamba County,81,26,-15,197,-9,135,-59,-26,92,-111,15,-115,-39,95,28,183,-98,129,-27,-72,6,187,156,130,98
28059,Jackson County,240,122,-696,-34,772,-195,-6772,1925,231,267,-246,160,-447,178,720,-304,-127,398,662,338,90,1219,978,1026,1160
28061,Jasper County,-34,107,-149,-187,-144,-255,67,-44,42,-231,-91,-188,-325,-112,34,8,12,-25,-133,-37,-1,-83,-33,25,-95
28063,Jefferson County,-42,-138,-98,-250,-82,-240,-162,-46,-162,-3,-29,-144,35,-73,-98,-93,-206,-82,-136,-104,-8,-59,-27,-98,-68
28065,Jefferson Davis County,-80,-262,-240,-188,-319,-74,30,-234,-159,-108,-31,-296,-77,-127,-112,-135,-169,-118,-49,-50,-34,-48,4,-40,116
28067,Jones County,-24,-442,-163,-133,148,286,152,60,185,-65,26,-205,223,241,-788,72,-397,-225,-269,-166,-76,-376,-121,-258,-46
28069,Kemper County,-33,122,-143,-57,-68,-156,-137,-146,-199,-51,-1,-149,110,-87,-52,-94,-51,68,-362,33,1,-114,-75,-36,-19
28071,Lafayette County,-25,278,337,944,152,218,1363,274,230,126,113,658,1551,1176,309,514,538,529,-775,361,80,1821,943,559,600
28073,Lamar County,181,345,689,406,950,956,1359,1163,910,564,300,880,351,645,608,451,54,-205,749,351,113,842,224,202,482
28075,Lauderdale County,-145,-684,-34,1,-593,-295,-432,679,360,196,43,79,-613,-163,-1140,-1078,-1135,-1149,-1181,-1166,-177,-370,-474,-458,-252
28077,Lawrence County,8,10,-102,54,-66,-57,-31,-55,-45,-25,-50,-216,-68,-62,-15,58,104,-178,-183,145,-22,-115,31,10,19
28079,Leake County,-33,398,156,177,165,124,89,-5,46,38,-41,-566,-122,5,-127,-501,-39,-12,-95,-30,-28,-13,28,14,201
28081,Lee County,44,193,-152,266,-71,46,725,510,546,487,-41,824,415,-29,-480,-234,-171,-27,12,6,-62,-211,1,-98,315
28083,Leflore County,-206,-912,-772,-1561,471,-614,-358,-310,-252,-776,-57,-557,-1419,-137,-113,-624,-572,-569,-734,-483,-91,-538,-706,-281,-400
28085,Lincoln County,15,-51,103,32,-1,136,443,6,132,63,-8,-59,-113,-174,-34,-196,-142,-42,-127,-65,-27,233,-9,24,171
28087,Lowndes County,-179,-938,-636,-729,-596,-685,-221,-451,-705,152,-19,-380,-257,-20,-209,-293,-344,-511,-525,-328,-90,-553,-470,-388,-101
28089,Madison County,308,1110,1284,1587,2063,2258,2527,1826,1533,1199,258,1102,780,1190,997,1263,1036,469,819,465,86,636,1613,1109,1552
28091,Marion County,-20,-313,-161,-46,-8,-109,381,60,-30,-57,-30,-345,-350,-216,-398,-221,-248,18,-351,-149,-13,114,-5,139,59
28093,Marshall County,13,-179,55,265,-169,101,166,359,161,-152,-51,-394,-256,-134,-312,-289,-135,-150,-167,-86,32,20,395,388,401
28095,Monroe County,-36,-97,-435,-135,-129,-360,-155,-261,-63,-359,-102,-304,-220,-273,-110,-215,128,-1,-268,-266,-16,-83,-178,168,-81
28097,Montgomery County,-66,-65,-205,-159,-126,-26,-31,-173,-237,-134,-4,-94,-137,-21,-198,-141,38,-89,-161,-187,-15,-13,-89,61,-113
28099,Neshoba County,-2,-345,42,214,220,130,-136,-130,17,-22,-44,-52,-130,-247,-87,-41,-25,-100,-313,-90,-37,-11,-60,-11,38
28101,Newton County,-13,-66,-237,40,5,-19,175,127,-164,-79,-13,-318,13,45,181,-126,-127,-87,-99,-351,-31,-150,-54,0,43
28103,Noxubee County,-23,-186,-226,-234,-140,-189,-187,-107,-168,-226,-45,-217,-192,-153,-42,-143,-88,-203,-225,-167,-44,-94,-120,-96,-79
28105,Oktibbeha County,67,-491,-697,-359,-341,36,459,357,-119,161,-41,-230,746,11,-334,207,-209,-96,-689,156,-104,-7,-316,-250,203
28107,Panola County,79,-123,66,-65,-101,-165,-3,-15,-69,-324,-42,-292,-179,-177,-67,-316,-69,-181,-80,-38,-61,-209,-201,138,173
28109,Pearl River County,93,442,549,330,678,410,4094,814,408,-96,-48,-334,-563,-148,242,-148,147,227,189,285,95,628,1063,923,991
28111,Perry County,27,-28,30,-68,-65,-200,-52,144,-57,-248,4,-96,-220,0,48,29,1,-54,-113,41,-29,131,-22,-12,-19
28113,Pike County,-32,-438,-182,-302,-170,19,1130,-359,-116,-177,-18,-100,-455,-221,-49,-37,-286,-138,-129,-100,-76,-143,-174,-222,-167
28115,Pontotoc County,16,195,38,352,145,23,321,-73,-72,55,69,-401,335,245,-13,-87,452,111,41,143,10,149,133,213,269
28117,Prentiss County,-10,-196,-12,88,-60,39,-147,-157,10,-4,-84,94,-126,120,-70,44,-50,-157,-132,32,-6,190,76,216,132
28119,Quitman County,-58,-134,-168,-332,-35,-241,-259,-307,-236,-216,-41,-86,-270,16,-131,-202,-137,-156,-156,-233,-4,-171,-162,-67,-38
28121,Rankin County,625,1979,1606,2077,2747,2354,2943,1639,1468,1010,218,752,746,661,250,325,1390,761,892,590,25,334,1007,1121,401
28123,Scott County,-54,-73,-326,154,-79,-54,-52,-105,-215,-176,18,-100,-241,-170,53,-304,-256,-94,-283,-335,-59,-426,83,-167,145
28125,Sharkey County,-43,-214,-123,-129,-190,-136,-230,-280,-59,-128,-50,-13,-125,-99,-49,-50,-42,-102,-45,-69,-31,-86,-133,-96,-145
28127,Simpson County,19,-274,256,-283,-55,215,-48,-230,83,-183,-19,-184,-36,96,-69,-305,-169,-44,-223,-50,-37,-81,13,94,7
28129,Smith County,2,-77,-211,-120,-65,149,37,-9,-246,-30,-34,-43,-204,-128,-30,-116,-137,102,-84,-121,-11,27,-57,38,-14
28131,Stone County,49,326,-90,92,125,395,662,116,653,202,84,-42,143,-121,88,95,-84,395,-648,301,8,512,132,157,549
28133,Sunflower County,-167,-429,-594,-425,-1223,-828,-517,-244,-976,-631,-508,-506,-169,-531,-540,-586,-385,-320,108,-1078,-82,-776,-330,-320,-643
28135,Tallahatchie County,-42,-271,-285,-240,-208,-219,-410,-420,-411,-321,-30,-62,-303,-53,-274,-107,-250,-256,-158,-151,-47,-572,-170,-196,-459
28137,Tate County,32,-50,-96,98,236,115,253,53,149,-1,75,-328,-322,-196,-157,199,-205,240,-292,-51,67,166,279,79,275
28139,Tippah County,10,-39,23,21,-24,161,4,47,-4,44,-23,-148,-128,72,-35,33,45,-80,69,-44,-53,-64,-70,-83,156
28141,Tishomingo County,13,-136,140,-100,51,81,169,121,-83,-9,17,82,71,-19,33,155,56,166,-70,89,7,84,87,32,216
28143,Tunica County,-19,65,285,160,-57,53,147,-52,-134,-181,-56,-233,-268,-69,-68,-328,-200,-229,-128,-359,-61,-63,-186,-132,-263
28145,Union County,121,98,33,185,93,372,110,-210,125,37,4,99,-19,280,281,129,-82,107,53,130,20,205,137,139,128
28147,Walthall County,-60,-26,-178,0,-26,-54,430,-197,27,-169,-29,-49,-322,-219,23,-232,-17,-58,-60,-120,4,17,75,67,64
28149,Warren County,-137,-580,-385,-399,-108,-508,340,-616,-1002,-220,-15,-606,-249,-16,-461,-529,-562,-355,-661,-770,-139,-843,-611,-307,-198
28151,Washington County,-406,-1428,-1634,-1548,-1174,-842,-1533,-1334,-918,-606,-137,-883,-680,-558,-842,-1226,-879,-1038,-1186,-1088,-227,-748,-990,-536,-643
28153,Wayne County,-65,-142,-81,-194,-166,-86,-41,4,-432,-214,1,-252,-56,-196,-64,-52,-91,-85,-168,-154,24,-115,-20,133,29
28155,Webster County,-2,-12,-106,-181,-33,-79,0,-18,146,-72,17,-77,-104,-95,50,-75,-95,-1,58,-60,0,119,48,95,116
28157,Wilkinson County,-17,-20,29,65,-125,-54,181,-149,-70,-14,-31,-292,-134,-129,-147,-82,-24,-146,-30,-117,-41,-155,-72,-123,-127
28159,Winston County,-7,-149,-185,-71,-98,-192,-68,-12,-289,-173,-17,-147,-42,-174,-96,-148,-68,-82,-26,-150,-18,1,32,-15,1
28161,Yalobusha County,98,206,-51,38,-50,79,33,117,-110,103,-29,-106,-110,10,-49,166,7,17,-62,-234,-16,49,40,26,133
28163,Yazoo County,-68,-440,-203,21,-100,-111,774,-373,-481,-476,15,-8,-58,-392,-222,-428,563,696,418,558,-75,-1306,-421,-61,-1390
29001,Adair County,-28,-69,29,-218,-75,-218,69,-147,243,36,-19,-7,-35,22,-217,-215,-162,140,-1,-208,-52,-113,-32,-20,377
29003,Andrew County,28,65,-54,84,-33,-71,359,-35,58,105,52,-180,99,-5,-58,-4,48,92,157,22,-28,-54,42,137,-6
29005,Atchison County,-21,12,-87,50,13,-50,-112,41,-55,41,-28,-53,-24,-85,-44,-29,3,-17,-49,-9,8,-31,7,-8,60
29007,Audrain County,-60,-191,40,-79,-258,191,50,-321,-26,-339,-67,-8,-43,-10,207,88,-114,-302,-193,-72,-131,114,-331,-38,-56
29009,Barry County,-4,-51,95,371,274,293,429,-28,4,-431,-12,-233,-57,2,-10,-6,-62,370,132,72,17,332,320,453,409
29011,Barton County,-10,118,59,102,-5,31,-42,-264,-224,-150,-19,-58,-64,-114,-184,-141,14,-32,-11,-56,-14,60,70,69,-20
29013,Bates County,41,96,201,62,-68,-12,29,-59,-28,-191,-3,-36,-350,-148,92,-127,20,-28,26,-141,14,83,153,128,179
29015,Benton County,71,253,217,424,380,372,131,319,74,26,44,14,107,94,73,53,288,280,358,276,89,781,485,515,196
29017,Bollinger County,20,194,-9,-63,-18,-25,-36,-31,-200,-160,-24,25,30,44,-60,-92,-113,118,-77,-46,-6,59,-17,39,74
29019,Boone County,128,1064,1306,993,967,1916,2468,1315,833,897,349,1918,1367,1067,645,691,775,672,174,544,174,1412,1105,1431,824
29021,Buchanan County,7,-413,-344,-459,-181,-26,-211,704,-55,392,-211,417,-39,-230,-450,-701,-312,-562,-645,-974,-342,-704,-497,324,418
29023,Butler County,-88,-123,125,21,220,320,103,-295,28,152,19,229,-58,-10,-126,85,-68,-142,55,-39,-69,235,207,-59,92
29025,Caldwell County,-11,30,2,74,26,8,34,16,-58,-35,0,-146,-174,-31,-21,13,37,9,29,-41,5,112,70,42,44
29027,Callaway County,122,422,382,-161,-435,744,307,88,185,-44,-14,-160,-26,-45,-84,-49,274,-141,-86,-246,15,377,153,55,409
29029,Camden County,182,201,453,288,451,724,749,493,281,-45,49,-254,434,133,334,236,267,661,532,546,124,1101,525,555,317
29031,Cape Girardeau County,25,284,220,189,636,442,820,224,327,455,134,598,231,242,287,221,123,-301,265,75,86,454,824,74,480
29033,Carroll County,-21,-52,16,-50,0,40,-123,-96,-93,-151,-5,-10,-180,4,-101,-56,-16,-38,-38,-16,-25,-24,54,-3,88
29035,Carter County,13,-62,7,21,-34,4,6,33,-23,-36,27,50,-43,34,-68,-15,-63,-25,-96,-85,9,147,-62,56,24
29037,Cass County,415,1668,1857,1024,2429,1431,1580,1927,912,371,141,-130,111,-2,-108,279,1032,669,1107,880,290,1718,756,1344,2089
29039,Cedar County,0,191,16,58,64,211,-80,-123,-31,-119,20,-11,6,-111,38,33,119,206,88,236,13,338,112,85,296
29041,Chariton County,-7,-108,43,-33,-31,-56,-76,-113,-88,-72,14,-81,-48,-56,31,-47,-78,-32,2,-14,-19,34,80,49,25
29043,Christian County,579,1571,1562,1710,2222,2385,3038,2695,1813,1243,262,259,599,550,820,854,671,851,1309,1188,389,2306,1438,1163,1345
29045,Clark County,-21,38,-60,-63,-32,-19,-21,-6,-45,-39,3,-103,-62,-51,2,-70,-62,-10,107,-41,6,103,9,-65,-30
29047,Clay County,431,2235,1751,1237,2056,2646,4259,3217,2474,3151,340,1082,928,1247,1306,874,2096,2756,2517,2340,490,887,697,2233,2002
29049,Clinton County,55,357,176,512,412,72,-53,435,36,-24,-12,-48,-87,-10,-237,341,-25,36,-91,-27,24,91,129,260,219
29051,Cole County,-4,-58,157,250,-712,88,228,4,405,190,65,19,-318,-57,-353,-138,-373,-309,-122,-153,-577,35,386,325,387
29053,Cooper County,31,-28,279,-32,215,182,125,109,-270,-45,-18,-62,-5,61,-64,57,111,-35,-43,68,-370,49,123,203,185
29055,Crawford County,22,-70,406,173,62,76,63,121,-162,-34,-55,163,10,-276,73,-136,-223,-89,-86,-1,-2,-86,7,182,178
29057,Dade County,-5,-15,-34,-4,-17,18,29,-32,-48,-110,-13,-40,-191,-2,101,20,70,23,1,41,19,85,129,108,-18
29059,Dallas County,17,23,77,87,204,22,208,302,-54,-223,-33,-42,-64,-255,-126,10,24,302,69,93,61,347,298,213,119
29061,Daviess County,-35,-62,11,9,37,-62,27,-95,-64,-16,8,-181,-30,5,-16,-65,-73,107,-73,-92,-3,-35,57,80,-41
29063,DeKalb County,30,-81,-23,32,-609,-79,82,-8,-114,-67,5,-64,-29,-112,-92,14,-46,57,13,49,696,163,-379,-1421,39
29065,Dent County,2,125,-137,88,69,76,115,-125,122,-16,30,-76,63,94,-111,49,-201,76,46,37,0,161,154,260,130
29067,Douglas County,18,-12,207,-33,122,68,61,41,117,-7,-47,-5,-72,-113,118,-171,30,-53,112,-149,36,232,309,319,99
29069,Dunklin County,-48,-222,-197,-203,-369,59,-281,-252,-288,-312,-36,-9,-154,-134,-466,-421,-275,-388,-591,-258,-55,-266,-147,-248,112
29071,Franklin County,130,456,519,363,617,539,522,505,505,-12,-62,-51,-627,64,-14,104,277,377,222,118,164,670,795,774,971
29073,Gasconade County,31,57,78,91,27,137,-16,-10,-107,-146,13,-107,-76,-44,20,4,25,10,34,73,-5,153,97,22,29
29075,Gentry County,2,-38,-128,-97,-14,-35,-78,-78,-25,-106,-6,74,-56,-23,17,-127,-34,15,-26,-19,-15,75,116,28,-1
29077,Greene County,197,1410,1623,2287,2774,2726,4348,3001,1635,1540,-43,1117,2053,2135,772,1239,-195,1180,1156,1534,299,2047,2600,1708,2387
29079,Grundy County,-21,-52,-131,74,-73,78,-79,18,10,-3,11,1,59,-13,-195,-149,78,-140,-61,-159,-41,22,101,-14,-54
29081,Harrison County,24,-78,12,10,-22,123,-46,44,-26,44,-7,-91,-145,-8,-72,-8,-31,-52,-99,-13,2,40,72,30,-11
29083,Henry County,77,220,-88,237,70,-55,189,-61,-179,48,7,27,30,-45,-38,-242,-47,135,142,70,43,360,309,159,199
29085,Hickory County,9,83,-93,212,147,151,48,27,-25,-29,25,39,-88,-21,15,56,178,103,126,135,41,398,106,229,139
29087,Holt County,-24,5,-146,26,-38,-57,-57,33,-71,-25,-3,-70,-149,-67,-45,-26,-3,-59,15,6,-29,92,60,26,-20
29089,Howard County,-29,-64,-110,-24,-65,23,-33,-51,37,1,-27,85,-64,38,-136,-7,-119,36,-30,-78,3,1,70,-49,43
29091,Howell County,-24,-91,94,150,190,535,231,164,329,-127,125,-30,-80,-263,-139,23,49,-34,31,-2,63,380,792,285,247
29093,Iron County,-47,-40,-44,-142,57,-22,-3,-108,-43,-14,-39,59,-53,-76,-39,-90,-31,122,43,-7,5,0,94,130,49
29095,Jackson County,-292,-2113,-1855,-4039,-4501,-3598,-2295,-1772,-1969,845,-249,-2757,-1662,-798,-245,676,2492,2767,-76,-243,-238,-1009,-933,2706,6172
29097,Jasper County,131,303,696,685,890,807,1371,1267,877,788,154,-2926,-89,438,418,357,161,424,91,523,35,388,795,1002,1187
29099,Jefferson County,251,995,1044,1578,2085,1296,2039,770,490,276,119,-378,-541,252,423,582,-316,-55,239,368,260,1109,1562,2040,896
29101,Johnson County,112,505,280,323,279,-31,-149,-103,-271,104,0,308,471,-296,-515,-804,-265,-22,-437,135,-79,-15,112,379,487
29103,Knox County,-4,-66,-14,-29,-32,-50,-37,-3,-22,-14,3,13,-33,-35,-70,-89,27,34,-30,-6,-6,66,5,-39,-5
29105,Laclede County,63,184,-78,195,267,595,535,270,55,-192,48,-119,-291,155,-226,-116,-120,-82,124,51,-2,158,272,361,92
29107,Lafayette County,14,-126,50,11,-93,38,-51,-212,114,-296,19,-248,-183,-200,-228,5,-34,103,-12,185,59,-114,251,339,295
29109,Lawrence County,97,206,420,35,182,393,249,339,-29,-95,-68,-145,-181,-361,-205,65,132,46,-8,53,-40,376,494,213,292
29111,Lewis County,0,-94,-55,-113,-47,-62,0,-51,-125,-108,-12,1,-96,-17,-29,68,-67,-124,-116,-83,4,-4,-41,-18,38
29113,Lincoln County,249,1251,1183,1400,1320,1712,1938,1376,835,168,43,56,-65,252,99,111,333,681,1255,1074,225,1709,1278,1269,985
29115,Linn County,-33,-47,-112,-132,-95,-161,-173,-69,-97,-23,-8,-134,-71,-124,18,-3,-105,80,-104,-79,-11,52,40,5,143
29117,Livingston County,-44,15,-94,-21,-65,-42,37,56,15,125,-58,24,-92,-124,167,-32,244,67,17,58,-15,269,-222,166,96
29119,McDonald County,-48,-117,-125,223,147,153,86,-126,-223,-5,-46,-275,-30,-443,139,-222,-111,-109,136,-269,-31,120,135,370,-223
29121,Macon County,-24,-82,-140,160,-30,110,-3,2,6,-61,16,-87,111,-51,-16,-168,-91,119,-72,-38,2,47,-45,123,44
29123,Madison County,1,26,64,-14,122,91,130,204,108,-43,-26,60,151,-75,-40,22,60,38,-11,-57,14,132,164,35,175
29125,Maries County,-1,-124,-20,19,189,37,31,25,-126,-112,12,30,-146,42,-10,-41,-101,3,-15,-57,20,20,52,33,77
29127,Marion County,-19,-286,-117,189,-105,68,99,-172,47,85,-26,-56,-58,-20,-60,-102,-54,-92,-68,-44,-36,82,37,-106,183
29129,Mercer County,1,-17,-79,-22,-44,-54,-59,-19,6,-1,-8,12,-57,-39,12,-19,-14,11,-55,-14,-15,-23,-6,6,-75
29131,Miller County,49,283,144,-37,385,42,140,-14,-28,-81,-20,-37,-102,191,-20,42,95,181,91,281,43,223,489,195,154
29133,Mississippi County,-70,-167,-72,306,124,37,12,-180,-134,-130,-19,-64,32,-74,5,-211,-203,-115,-184,-164,-353,69,-368,201,130
29135,Moniteau County,-7,-88,115,-4,-114,119,-49,-42,-120,-26,-3,20,-112,3,19,8,57,14,75,-93,-202,53,-66,-17,140
29137,Monroe County,31,-53,-22,24,0,-36,22,21,-60,-160,-48,-118,18,74,-36,-97,-4,-36,46,15,19,65,-34,96,159
29139,Montgomery County,-4,-50,-66,-20,76,-4,-47,2,-69,-155,4,-4,-228,-119,-85,-128,-72,-10,136,74,-33,221,105,42,132
29141,Morgan County,78,293,97,281,311,182,265,119,-24,-260,3,-95,-266,92,-10,11,60,83,278,229,15,532,411,236,449
29143,New Madrid County,-74,-184,-380,-165,-314,-511,-240,-171,-141,-75,-32,-141,-254,-139,-109,-129,-228,-293,-253,-160,-68,-168,-214,-179,-65
29145,Newton County,25,-53,136,554,395,451,307,328,-262,-51,-1,218,-124,-286,-337,-67,-20,-18,-77,9,17,882,793,713,834
29147,Nodaway County,-37,43,74,-55,42,28,-74,5,-62,13,-16,7,-118,-224,-218,-382,-204,-94,-177,-141,-204,-57,-308,-35,-413
29149,Oregon County,-5,-106,99,66,63,2,104,-10,-12,-29,51,124,-96,-26,-98,33,-75,-148,35,7,-13,88,152,95,37
29151,Osage County,14,-35,-22,119,-65,36,77,-179,26,100,-21,-7,-96,-178,-56,-120,27,24,-10,-48,-19,151,6,56,-24
29153,Ozark County,11,-87,23,71,-46,0,84,-31,53,-57,15,-60,-19,-54,-17,-26,-119,72,-123,155,0,388,260,92,151
29155,Pemiscot County,-73,-278,-160,-370,-311,-201,-372,-236,-331,-232,-57,-162,-152,-355,-220,-189,-374,-293,-559,-441,-50,-267,-304,-139,-149
29157,Perry County,-21,3,55,-66,45,73,-22,148,-85,83,-29,36,-33,26,33,-59,116,35,-10,-140,8,26,-64,93,180
29159,Pettis County,-6,-42,-172,-36,23,345,188,33,11,145,16,-260,-24,-248,-146,-92,-182,98,-116,-255,-19,188,166,141,164
29161,Phelps County,68,-10,714,338,405,361,226,-124,-446,7,102,-157,-182,-319,-168,-194,-102,-133,-75,-18,-65,568,512,196,73
29163,Pike County,-44,-5,16,107,-100,312,-43,-173,15,-138,-23,132,-158,58,-135,-91,79,27,-62,-217,-139,206,77,311,158
29165,Platte County,322,1317,1328,952,978,894,706,1132,732,785,251,604,723,658,1019,1060,1676,2008,1126,1154,331,1275,1566,1163,856
29167,Polk County,20,308,338,429,242,497,620,334,54,201,12,-1,-145,25,-77,124,61,366,460,-76,75,537,657,201,240
29169,Pulaski County,460,840,602,340,-757,-547,-488,101,-148,1254,381,-200,-319,21,-1054,-846,-1246,-1005,-264,231,-49,-449,-274,-276,-142
29171,Putnam County,15,-30,-22,-11,-46,11,-17,-116,-25,-61,-9,6,-14,-42,-38,11,-26,-21,-38,-53,6,26,2,-5,-98
29173,Ralls County,26,7,28,-44,-25,116,5,-48,-107,-62,16,64,-64,-36,101,-92,70,-7,-24,49,6,66,86,113,17
29175,Randolph County,-4,8,-28,282,124,163,-6,33,-20,-213,1,-215,55,-376,94,32,-84,-48,-211,-37,-212,193,150,-505,282
29177,Ray County,-7,-18,70,95,-48,-146,113,-221,-30,-216,-22,-192,-266,-17,-100,-173,-45,154,80,89,-16,6,142,154,122
29179,Reynolds County,22,-157,76,-10,14,-34,-29,-24,-70,-95,7,-86,-6,-81,-12,-57,82,-69,29,17,-12,43,-36,-4,-18
29181,Ripley County,-1,-96,84,68,25,24,57,-2,-62,-85,18,32,-102,-16,-57,-161,18,-189,-106,-67,7,20,160,185,-30
29183,St. Charles County,1622,6154,5782,5478,5955,6440,6483,4692,3035,3017,638,1432,1570,3044,3545,3432,3761,3028,2315,1954,929,3750,3123,2951,4671
29185,St. Clair County,24,-30,33,-6,48,21,-33,120,-55,-50,40,-104,-109,21,-14,39,-63,125,45,51,86,116,215,185,133
29186,Ste. Genevieve County,50,-16,1,53,-9,-74,-30,-62,-179,-193,-8,60,-283,114,-30,-109,54,-48,81,14,-7,123,108,75,-38
29187,St. Francois County,79,403,523,1080,2688,1328,433,436,438,473,147,69,199,340,-305,519,180,377,138,559,-398,984,267,376,649
29189,St. Louis County,-998,-2604,-4260,-5406,-6532,-6378,-5000,-6109,-4323,-2336,-758,-1333,-1693,-2061,-2261,-1133,-5107,-2943,-1721,-1826,-682,-3398,-6036,-1001,2678
29195,Saline County,-6,-292,-433,-120,102,-34,-102,-85,-150,157,17,-81,79,-241,28,-198,-128,-164,-16,-129,-2,5,-191,185,73
29197,Schuyler County,2,-21,43,15,28,-48,-34,25,45,23,3,-59,-14,-24,24,94,-19,-7,52,39,-22,5,-13,39,-6
29199,Scotland County,-2,-9,-74,3,-57,-37,21,10,-40,10,-5,-17,-1,14,-86,-12,55,5,-48,-69,-18,-36,-55,9,-42
29201,Scott County,-59,-63,-289,51,-121,23,-103,-125,-232,-74,25,-249,-73,-26,-416,75,-288,-193,-114,-286,-26,-73,100,96,92
29203,Shannon County,-11,-30,-35,-56,46,18,4,63,2,-1,-10,-36,-86,-35,18,-18,-36,5,-50,-35,12,118,159,60,52
29205,Shelby County,-7,-9,-33,-46,-8,27,-161,-31,-80,-44,-4,-101,-20,-53,-51,28,-45,-44,11,-93,-4,-90,61,-42,42
29207,Stoddard County,-12,10,211,-113,105,88,0,-110,-247,-347,57,-159,15,-29,-26,9,-166,-45,-46,-179,-1,-60,19,126,174
29209,Stone County,85,168,470,595,464,189,677,353,79,-76,12,-24,-147,-76,-37,35,312,289,229,401,188,639,726,716,105
29211,Sullivan County,1,20,14,-191,-103,-69,-39,-112,14,-17,5,-77,-119,-71,-6,-119,-64,-131,15,-159,-14,-46,-54,15,-95
29213,Taney County,204,223,584,513,535,851,1131,1268,1142,539,193,624,132,293,447,326,337,465,618,152,6,498,638,163,176
29215,Texas County,-15,1023,203,-165,364,10,280,-23,-27,52,44,-130,-144,-109,-15,32,152,-150,-126,-86,-127,724,556,422,158
29217,Vernon County,-40,-60,-111,-76,12,-36,-128,-100,1,29,-9,-59,-149,38,13,-224,-105,-158,-17,58,-54,-17,120,221,79
29219,Warren County,146,509,624,657,640,854,768,624,509,140,8,-157,11,65,124,227,214,445,245,778,218,882,737,473,641
29221,Washington County,49,-37,102,41,102,-99,203,81,101,-136,-15,-163,-70,10,-58,-292,60,176,-65,-207,-75,116,139,248,138
29223,Wayne County,4,-9,-125,69,-78,64,-167,-114,-15,-13,9,-42,45,79,80,6,-158,142,-118,-182,-13,98,20,84,79
29225,Webster County,142,474,353,216,613,396,525,602,249,-140,31,-62,-241,18,155,341,304,373,224,218,-119,489,644,917,365
29227,Worth County,-7,-51,-21,-30,-37,-53,-26,11,-70,4,-14,-13,-41,4,-16,-6,-10,33,-10,-18,-8,16,-5,-16,-8
29229,Wright County,-5,-86,82,-45,-83,94,-55,29,63,-390,35,-202,-46,-239,-148,-73,14,40,-2,104,4,474,549,289,118
29510,St. Louis city,-1584,-5968,-6991,-5906,-6055,-8425,-7532,-4948,-3286,-2085,-502,-1737,-1888,-2543,-2927,-2944,-4870,-5495,-5957,-3680,-1006,-6711,-7402,-3511,-2994
30001,Beaverhead County,-17,-174,-87,-98,-33,-37,100,-26,95,-14,0,-62,122,-69,25,-30,160,26,-38,62,7,210,231,165,127
30003,Big Horn County,-47,2,-197,-183,-45,-218,-197,-108,-122,38,5,-4,-212,0,24,-194,22,-103,-219,-158,-56,-130,-9,-54,-64
30005,Blaine County,-52,-235,20,-120,-166,-50,-108,-99,-129,-29,-3,31,68,-89,29,-71,-17,-2,17,-111,-40,-20,-34,-90,5
30007,Broadwater County,-5,14,-12,23,88,0,120,78,93,111,16,96,35,-75,-21,65,78,152,148,154,77,497,435,256,230
30009,Carbon County,23,91,39,37,6,100,-19,41,-26,55,5,23,69,212,104,4,137,214,32,48,67,442,345,188,77
30011,Carter County,-11,15,-11,-13,1,-24,-23,4,-39,8,-4,-19,31,-8,-2,-13,26,45,12,19,-5,15,-13,14,10
30013,Cascade County,-225,-529,-404,-235,-143,-629,-683,-525,-190,-207,101,-167,-487,192,-482,-552,-529,-81,-159,-589,-59,240,515,-164,144
30015,Chouteau County,21,-198,-147,-84,-70,-76,-39,-5,-26,-15,4,-3,138,-66,75,-113,4,-24,0,-86,11,49,21,-30,1
30017,Custer County,-22,-241,8,-124,43,-125,-75,20,-9,79,2,56,39,61,105,47,-256,-109,-134,-169,-4,142,92,21,-30
30019,Daniels County,-1,-3,-78,-14,-51,-13,-29,-39,7,20,4,25,9,3,28,-38,-14,0,4,-42,-1,34,-20,-10,14
30021,Dawson County,-17,-129,-181,-8,-54,0,5,40,-60,62,-27,60,204,145,86,32,-338,-317,-261,-57,-19,-12,7,43,-80
30023,Deer Lodge County,-20,-111,-68,-56,79,48,-101,63,77,-72,13,45,3,99,-92,37,1,95,76,62,17,169,67,158,151
30025,Fallon County,-26,-83,-18,30,-16,-83,-14,23,9,44,-6,18,70,20,33,38,-95,-96,-101,-77,-11,-27,40,-57,-57
30027,Fergus County,-16,-115,-53,-64,0,-66,79,-39,28,89,9,-79,-2,94,-68,-20,66,11,-144,-41,30,212,115,164,33
30029,Flathead County,144,1061,1029,1590,1352,1631,1921,1916,1396,51,-143,54,65,1044,1290,1098,1663,2076,1719,1587,525,4162,2864,1579,917
30031,Gallatin County,381,1399,1336,2076,2209,2721,3057,1990,1677,-343,3,1189,577,1612,1935,2734,3139,3156,2408,2084,496,3075,1072,814,1029
30033,Garfield County,-12,-5,-21,-7,-28,-38,17,-7,-41,1,-15,56,-16,14,21,12,10,-22,-25,-2,-1,41,9,-8,-35
30035,Glacier County,-64,-179,-103,-83,98,-219,-122,-169,-185,8,26,9,4,-1,-197,-195,-20,-50,16,-172,-35,-2,-51,-40,-34
30037,Golden Valley County,-17,-15,36,-19,44,34,-24,12,-56,7,0,-46,0,23,-2,-23,-7,6,-3,-6,-2,6,24,21,-17
30039,Granite County,11,46,13,5,-22,47,-5,-7,-31,16,8,13,-23,45,92,26,136,82,34,26,4,65,133,108,61
30041,Hill County,-76,-275,-280,-162,-90,-113,57,-12,-213,4,20,117,-157,6,-212,-218,-127,-134,-260,14,-53,-116,-137,101,-130
30043,Jefferson County,23,60,112,86,247,205,80,219,159,169,15,-30,-32,145,70,103,201,143,184,160,61,411,428,236,235
30045,Judith Basin County,-2,-60,-26,-47,1,-35,-17,-57,-25,10,-2,-52,4,-2,-6,-51,10,4,1,62,-2,20,44,15,10
30047,Lake County,113,124,-67,168,405,285,89,-215,92,58,13,111,-110,25,33,167,207,484,-25,256,132,948,766,487,257
30049,Lewis and Clark County,67,155,-176,608,735,252,774,779,761,554,152,469,277,280,283,336,461,804,694,723,173,1419,1260,1165,367
30051,Liberty County,-6,-61,-80,16,-2,-54,-93,-30,-55,7,11,27,23,-36,-11,44,18,-14,7,-74,-3,-26,35,-5,-1
30053,Lincoln County,-24,-255,-54,95,98,132,-10,166,66,-17,2,-15,-87,-11,-176,-32,322,322,358,306,100,1050,984,497,420
30055,McCone County,-10,-92,-52,-30,-20,-6,-16,0,-50,-48,6,-25,4,10,11,-21,31,-26,-34,-7,2,-20,3,-37,24
30057,Madison County,16,7,77,-35,121,196,114,222,115,10,1,-35,33,26,173,195,61,265,260,95,58,358,306,298,269
30059,Meagher County,-6,-3,-14,21,31,-28,20,-19,-17,9,-4,5,10,26,-34,-21,21,9,15,10,-3,51,64,42,22
30061,Mineral County,1,-79,-35,73,2,92,35,-92,-27,-21,0,-6,-98,105,-14,7,-53,138,73,110,43,354,196,110,74
30063,Missoula County,174,859,1130,629,525,926,1526,1158,1115,478,68,381,347,479,500,937,1858,1236,588,715,354,1441,981,601,903
30065,Musselshell County,5,-85,13,20,47,-41,96,17,56,91,12,203,-38,3,-18,-17,30,12,28,29,21,210,308,184,72
30067,Park County,17,-47,68,-104,0,136,85,148,84,-206,-37,-105,100,98,224,113,115,281,260,-28,54,391,283,209,229
30069,Petroleum County,0,-12,11,-10,8,-34,-3,-27,2,5,3,-1,15,1,-16,-14,20,24,1,-19,3,22,1,27,-13
30071,Phillips County,-46,-92,-119,-84,-42,-93,-78,-1,-39,43,6,-46,-56,52,11,-41,-48,-12,-57,-102,-8,14,35,29,-28
30073,Pondera County,-37,-49,-88,-94,-99,-12,-23,-42,-110,-65,7,20,-47,69,-71,-66,-60,-74,-30,-69,-18,146,66,14,-16
30075,Powder River County,-2,-31,16,3,-48,-45,53,-33,-5,-29,-3,20,27,12,28,-6,-18,1,-31,-44,-2,20,25,15,7
30077,Powell County,-1,-145,-34,-59,11,136,159,15,-54,85,-1,80,5,-89,-49,-62,69,-17,170,-36,2,119,85,98,51
30079,Prairie County,-13,34,-22,2,-11,-46,5,-13,40,14,10,-35,0,32,-33,15,30,-57,-27,3,-1,20,23,6,2
30081,Ravalli County,196,402,637,840,559,287,494,488,246,-157,119,85,205,144,146,417,813,745,714,753,281,2014,1244,695,569
30083,Richland County,-53,-223,-151,-115,-97,63,34,55,46,134,0,335,581,306,282,273,-579,-437,-201,-94,10,-223,-145,-107,-64
30085,Roosevelt County,-30,-142,-257,-117,38,-149,-260,-223,-151,102,0,-30,240,121,108,49,-310,-181,-166,-101,-21,28,-222,-183,-161
30087,Rosebud County,-22,-219,-136,-81,-160,-80,-152,-66,-93,5,-2,28,-86,-131,-69,-30,-180,-83,-250,-142,-26,-187,53,-8,88
30089,Sanders County,16,158,-34,65,346,102,146,152,51,58,-23,54,13,-36,40,3,207,257,185,281,78,654,522,381,217
30091,Sheridan County,-21,-104,-101,-107,-6,-90,-41,-1,-63,23,1,83,134,90,61,14,-54,-121,-96,-69,-10,42,5,-35,14
30093,Silver Bow County,-82,-712,-278,-254,-110,-29,-42,-36,193,175,53,179,44,121,217,-69,30,150,3,232,86,504,508,482,126
30095,Stillwater County,17,104,2,-32,-65,-1,128,146,29,77,-2,46,10,97,-22,198,-41,60,75,166,54,63,183,44,200
30097,Sweet Grass County,29,-28,14,-30,70,-17,19,75,-30,-43,-35,-9,5,84,5,-9,6,62,24,33,-4,70,46,68,27
30099,Teton County,-1,-51,-71,41,-106,-84,-1,32,2,-88,12,-21,-19,-12,-40,21,-63,62,17,15,24,41,91,103,12
30101,Toole County,-5,-60,-86,-234,76,27,-75,-135,53,98,8,-199,51,-99,-8,-49,-132,-99,-51,-119,-5,40,75,61,39
30103,Treasure County,-4,-31,-53,-13,-1,-43,-20,-22,-6,-47,1,-5,10,-31,1,-4,-2,-11,-1,18,-3,11,-13,18,-33
30105,Valley County,-41,-137,-108,-133,-39,-97,-146,-7,19,-103,4,90,46,125,12,-12,-98,-129,-24,-38,-13,32,-13,-71,-14
30107,Wheatland County,-10,-71,9,-62,-13,-36,-58,30,45,-9,-7,-29,-40,29,-34,20,19,34,18,-63,12,-19,6,23,-11
30109,Wibaux County,1,-38,-12,-11,-9,-17,-13,25,-23,32,-8,-16,60,63,-19,-9,-21,-23,17,-63,-2,12,3,-8,25
30111,Yellowstone County,-10,626,751,849,947,1387,1125,1078,1836,1437,255,763,1177,1607,882,634,936,914,463,901,382,2323,2330,796,922
31001,Adams County,-46,-144,-374,-73,-55,151,-186,-140,182,40,-38,-229,36,50,-248,105,42,20,-374,-227,-24,-195,58,-116,285
31003,Antelope County,-21,-176,-17,-45,-97,-86,-176,-80,-72,17,-29,-51,-77,-81,-80,-6,-66,0,-49,-31,-15,11,9,-21,45
31005,Arthur County,-4,-36,-15,7,-19,-17,10,-8,-16,-24,3,1,9,-23,0,2,15,-11,7,3,-1,6,-5,-14,7
31007,Banner County,5,-13,-37,-7,-15,-20,1,-20,-41,-38,0,-33,23,-11,-5,43,-2,8,-10,15,5,7,-32,14,6
31009,Blaine County,-1,-25,-20,-14,-35,-22,1,-33,-12,19,0,-8,24,-27,19,-15,-14,10,-5,-15,2,36,-9,-14,21
31011,Boone County,-47,-84,-81,-172,-63,-41,-98,-24,-53,-64,-6,-92,35,-46,-25,-41,28,-7,-86,-44,-20,51,1,-46,55
31013,Box Butte County,-65,-269,-97,-330,-232,-128,-138,-10,-6,-250,-43,-5,-37,-25,-33,-47,-183,-364,-115,25,-18,-147,57,20,-41
31015,Boyd County,-2,-35,-15,-31,-32,-4,-45,-15,-14,-36,9,-27,-7,-25,22,3,-9,3,-2,-25,-2,5,-23,25,-20
31017,Brown County,-7,-8,-3,-18,-28,-112,-2,-85,-64,-28,12,-39,-39,-73,26,30,-3,34,-33,-8,7,23,-20,-17,-7
31019,Buffalo County,8,-125,288,23,235,34,195,42,-14,267,-18,341,427,23,-180,27,159,-106,-277,46,15,-74,142,36,275
31021,Burt County,13,-98,-148,-76,65,-146,-76,-104,-1,-16,-9,-13,-100,-72,8,9,32,10,-23,8,5,19,81,-20,48
31023,Butler County,-5,41,-35,-93,-99,-132,-56,8,-23,24,-1,-113,-4,-6,-64,-101,-36,55,17,-28,-6,79,8,22,7
31025,Cass County,19,64,97,211,179,14,14,-24,16,-284,23,-92,-158,106,67,-22,181,271,216,24,10,519,108,272,31
31027,Cedar County,-33,-174,-124,-113,-96,-73,-250,-184,-135,-52,-22,-69,-55,-75,-101,-37,77,-81,-70,-61,-2,-56,42,-89,76
31029,Chase County,-19,-68,21,11,-72,-56,-56,-84,-77,24,8,21,31,-36,19,-7,-52,14,7,-5,-15,-46,-49,-10,-12
31031,Cherry County,-13,-106,-30,-45,1,-50,-143,-126,-102,-98,-2,21,-3,11,-26,63,-11,-31,-51,-94,1,-8,30,2,16
31033,Cheyenne County,-12,93,16,-61,-33,89,-226,124,-58,-205,-25,-25,54,-43,17,-4,-123,-419,-378,-374,28,44,57,41,48
31035,Clay County,-25,-118,-77,-59,-82,-157,-95,-62,-51,-54,3,-77,-71,-32,-53,-36,-169,38,-7,-9,-1,-31,0,76,-47
31037,Colfax County,-3,-68,-55,-164,-84,-325,-324,-125,-26,100,-8,-77,-99,-167,114,-58,-123,-150,-103,-147,-55,-171,32,5,72
31039,Cuming County,-26,-125,-99,-158,-132,-86,-149,-142,-70,-98,3,-32,-54,-65,-7,25,-145,-6,-42,-110,0,-33,-24,-58,-13
31041,Custer County,-5,-180,-62,-115,-58,-49,-178,-95,21,12,-24,51,-49,4,-70,46,-15,40,-41,-50,-35,10,34,82,-124
31043,Dakota County,-24,-193,-214,-157,-350,-487,-111,14,-265,89,-18,-407,-352,-177,-410,-225,-459,-430,-232,-208,-55,-394,-209,-84,-27
31045,Dawes County,-28,49,19,27,-235,-89,-118,76,-121,22,-17,17,-99,-78,-70,-73,-47,-18,-181,-112,-35,-4,135,-98,-114
31047,Dawson County,10,-176,-316,-80,-220,-181,167,-203,-104,-10,-32,-246,-429,-103,-230,-314,-326,-310,-147,-358,-65,-251,32,218,-87
31049,Deuel County,5,-7,-58,11,-11,-29,-41,-2,-13,-27,0,44,8,-34,6,-9,-41,11,-36,-25,-6,33,48,-26,12
31051,Dixon County,-26,-64,-58,-73,-54,82,18,17,11,-2,-30,11,-108,-73,-81,-6,-40,-1,-78,-85,-13,-21,2,9,14
31053,Dodge County,44,-231,-215,-41,-104,-39,-43,-88,-268,-149,-31,201,-327,-139,53,-81,40,69,-91,-214,-47,48,36,297,425
31055,Douglas County,-14,-272,25,737,944,1427,968,56,852,2269,323,1216,2045,1545,1744,1491,1843,767,1414,719,-112,-3036,-600,2441,4340
31057,Dundy County,-6,-90,-19,15,-10,-50,-30,-30,-32,8,2,-27,36,-10,-71,-89,29,-10,-12,-63,0,-12,-27,-37,15
31059,Fillmore County,-27,-72,-75,13,-53,-91,-34,-54,-4,-21,-2,-21,-78,-31,-13,-10,85,-46,-18,-73,17,-12,12,28,-14
31061,Franklin County,-21,-47,18,-17,-23,18,-67,-143,-30,17,16,-21,-2,-104,-9,-53,27,-20,35,-43,-2,17,0,0,1
31063,Frontier County,-8,-40,-62,-81,-22,-89,-91,-42,-105,-63,-1,-59,10,-7,1,-97,7,-29,-29,17,-11,55,84,-10,-20
31065,Furnas County,-28,-80,28,-53,-107,-70,-32,-91,-61,5,3,6,-16,-27,47,-7,-61,9,-51,-27,-9,-6,-12,-26,-82
31067,Gage County,-7,151,46,76,43,-126,66,3,-225,-198,-8,-307,-220,139,-197,204,-44,37,-110,47,-21,53,81,191,133
31069,Garden County,-5,7,-28,5,-66,-127,-7,-80,-53,-46,15,2,-67,-43,-1,13,-3,-4,-4,-54,12,-23,16,-23,8
31071,Garfield County,-5,-4,21,-24,13,-10,-4,-26,0,-6,1,-9,6,59,-13,17,-2,26,-4,5,-4,32,-27,-6,-33
31073,Gosper County,0,-64,-14,16,-25,-22,-51,10,-59,-44,6,-46,79,-53,-12,19,0,6,-33,-8,2,-48,14,21,-14
31075,Grant County,-1,-3,-26,-38,-22,-16,-3,-28,-18,-55,0,11,-8,5,-10,16,10,-21,7,-41,0,-28,2,-26,0
31077,Greeley County,-3,-43,-27,-51,-47,-82,-21,-66,-20,-80,5,-7,-72,15,0,-52,-33,-28,-14,-5,-8,10,48,-21,-29
31079,Hall County,-82,-461,-189,-154,-33,-331,196,69,522,577,84,324,233,17,93,-431,-217,-515,-298,-364,-182,-868,233,375,280
31081,Hamilton County,-24,-53,13,35,-32,-31,-51,22,-13,-36,7,-57,-63,52,-17,38,-15,-4,30,44,-15,-8,67,95,51
31083,Harlan County,-2,-36,-69,24,-70,-79,-48,-12,-78,-59,2,15,-1,89,-31,-34,15,-18,-34,3,-12,47,-33,38,-16
31085,Hayes County,-2,20,5,-14,-26,-16,-55,-28,8,-24,-7,-10,-37,17,-43,-3,-35,-8,8,-11,1,-14,15,-26,2
31087,Hitchcock County,-3,-3,-36,-2,2,-91,-3,-16,-17,-27,-1,-43,20,-12,40,-9,-44,-6,3,-22,8,-1,31,-49,-72
31089,Holt County,-58,-182,-170,-187,-195,-48,-240,-123,-140,-82,-1,-12,-83,-13,-50,-92,-67,-57,-31,-101,-30,-30,-17,62,-47
31091,Hooker County,1,-29,-11,7,13,3,10,-11,3,-6,0,5,-16,16,-7,2,-15,-13,16,7,-4,31,-43,2,20
31093,Howard County,-17,-54,1,74,-33,-50,-43,-4,-42,26,-12,13,-3,35,11,-3,17,-7,46,-25,17,38,4,24,2
31095,Jefferson County,-2,-60,-46,-127,-61,-117,-70,-211,-80,-69,-17,52,31,16,-179,-39,-13,10,-57,-44,24,-59,42,-29,91
31097,Johnson County,-11,-110,510,155,299,-149,12,-110,44,-4,11,-3,-37,14,75,31,-3,-16,-30,-28,3,56,-31,-25,21
31099,Kearney County,3,-42,-51,9,-32,-98,-74,2,-112,-81,-1,76,-68,-16,71,-31,5,-58,21,-61,7,-26,20,31,23
31101,Keith County,-7,-111,-80,-314,-113,-84,-86,-9,-195,-29,8,-103,-17,-36,31,-20,-18,-36,-68,29,-5,-24,-17,-15,21
31103,Keya Paha County,-1,-23,-12,1,-33,-41,-21,-32,-17,-28,2,-5,-15,-10,8,-2,-6,-3,12,2,-5,33,8,2,11
31105,Kimball County,-30,-33,-16,-90,-26,-9,-64,-88,-51,35,8,-13,18,-99,38,-14,-41,-76,15,63,-16,27,-48,-22,-16
31107,Knox County,-31,-167,-58,-30,-37,-121,-43,22,-141,-91,-3,-72,4,-6,-52,14,25,-30,-42,-73,-7,48,-80,31,27
31109,Lancaster County,531,1169,1841,2014,63,1294,983,1184,1258,1014,140,1696,1459,1591,3396,1577,2283,1684,1127,835,82,-1002,789,2081,2178
31111,Lincoln County,-26,-196,-278,81,183,218,168,-159,26,-186,-49,-292,-167,-107,-352,-177,-89,-254,-204,-303,-97,-328,-280,-47,-92
31113,Logan County,0,4,-15,-29,0,7,1,-14,-22,5,6,4,2,-15,-16,22,0,-32,-15,-4,-2,-22,-1,-31,29
31115,Loup County,-3,9,22,-11,-39,-13,-12,14,-19,0,2,-11,-13,-19,5,10,9,-9,15,44,-1,-6,-1,-8,-4
31117,McPherson County,-3,-5,5,-13,-14,-13,-11,15,0,-34,1,15,-44,19,-20,-22,17,-7,-1,2,-2,-10,-5,-1,-6
31119,Madison County,-102,161,105,-243,-343,-323,-406,-1330,-158,111,22,-191,-106,-32,-209,-255,-203,53,-96,-220,-86,-237,33,298,-115
31121,Merrick County,-42,-130,-1,-41,-32,-123,-110,-114,16,55,2,-95,90,-28,-50,7,14,4,-127,19,-1,18,68,58,98
31123,Morrill County,-6,-97,-131,-48,-54,-60,-39,11,-56,-70,4,-48,-51,2,-5,17,-44,-58,-122,-36,-2,34,-34,8,-47
31125,Nance County,-1,-48,-104,-117,-60,33,-28,-64,-27,-31,-1,5,-49,-118,-7,54,-7,15,-44,4,11,9,-32,-25,26
31127,Nemaha County,-5,-141,-130,-132,-61,21,40,-121,33,-130,3,20,-72,-1,-14,-119,-16,-30,-22,-19,15,-71,49,79,13
31129,Nuckolls County,-19,-67,-102,26,7,-71,-91,-57,-53,-65,8,-42,9,-12,-21,-23,-29,19,-42,-42,1,11,20,39,7
31131,Otoe County,31,45,-48,-55,26,8,98,27,-154,-153,25,-4,-45,-2,77,56,63,-24,23,-8,-6,102,222,202,40
31133,Pawnee County,-2,-55,9,-84,-5,-16,-77,-1,-76,24,13,24,15,-34,-5,-38,10,-78,-2,-11,-5,20,3,-6,31
31135,Perkins County,-23,-76,-14,-38,31,-10,-114,-42,-73,-33,8,-35,-16,-41,-27,57,-52,-17,16,-19,-4,-33,26,-30,6
31137,Phelps County,-6,-46,-22,-122,-43,-129,7,-213,-43,-97,7,-24,48,-22,-30,50,-20,-129,-48,4,3,-27,75,75,-76
31139,Pierce County,-32,-75,-93,-44,-125,29,-119,-117,-49,-64,-18,-83,-16,-13,14,-13,-83,-51,22,-18,7,-44,-4,-54,10
31141,Platte County,-88,-304,-465,-316,-219,33,50,139,-61,277,-22,43,-80,-286,-31,-99,-70,40,-134,4,-44,-139,184,469,299
31143,Polk County,-26,-116,-10,-46,-93,-21,-94,-6,-83,-23,-5,-45,-42,-5,33,-80,16,123,-77,-26,18,-6,76,5,99
31145,Red Willow County,-1,-55,-110,-79,-99,-76,-189,-166,-46,23,-8,-22,-13,4,-156,-11,-100,-45,-41,8,-21,-28,-40,-12,-63
31147,Richardson County,-13,-187,-90,-146,-36,-39,-112,-136,-24,-51,-5,-7,-25,-107,-29,-43,13,6,-15,-45,-3,3,0,6,-12
31149,Rock County,-1,-32,-36,-70,-11,-39,-9,-2,-6,10,-2,-39,-40,17,14,-11,-4,21,-65,8,2,5,-23,32,1
31151,Saline County,12,100,70,110,-86,-144,-223,-31,-103,48,2,34,55,-155,-50,-152,-5,96,-78,-173,-61,-231,99,44,120
31153,Sarpy County,140,1455,1440,1263,1970,1911,1593,1970,2207,1127,378,1042,1299,1691,1202,1669,1549,1585,1165,1714,189,1529,1760,2615,3311
31155,Saunders County,-2,1,-111,70,66,103,-160,0,-139,-84,52,-104,-107,38,-21,48,12,-1,225,261,96,461,345,275,-105
31157,Scotts Bluff County,-16,-530,0,-134,-244,-74,-136,43,121,103,47,-191,-97,-120,-514,-275,129,-355,-306,-374,-32,-96,-34,-92,7
31159,Seward County,10,66,-48,-55,129,-72,48,-198,159,-243,37,-125,139,82,-22,-30,116,74,68,-21,-9,-55,106,65,143
31161,Sheridan County,-23,-190,-9,-152,-32,-140,-87,-62,-102,-14,-12,-71,-27,-88,45,-4,28,52,-73,62,-17,15,-52,-54,9
31163,Sherman County,-19,-18,-78,-21,7,-33,-96,-21,-13,-53,7,-46,-17,-4,-32,24,-5,64,-49,-42,3,25,49,-14,-15
31165,Sioux County,-7,-71,29,32,-55,-11,-33,-18,-55,-43,-1,7,0,2,-8,-43,-19,-60,-23,-28,11,10,12,39,5
31167,Stanton County,-41,-39,47,-16,-32,-60,-28,-132,-124,21,-11,-1,-117,-8,-26,-181,12,-33,-38,-81,-19,-16,-79,78,-77
31169,Thayer County,-9,-144,-131,-75,-96,-38,-128,-13,-56,-50,2,-40,-3,65,46,-60,-21,-23,33,-10,-7,-79,11,9,37
31171,Thomas County,1,-24,-28,-14,-35,-12,-8,-2,-18,-25,-4,47,7,-3,-7,-8,25,-2,-13,3,3,2,-7,13,-29
31173,Thurston County,-37,-94,-117,-27,-89,35,-90,-73,-159,0,11,-124,-62,-110,6,21,-16,2,-12,-119,-13,-164,-127,-15,41
31175,Valley County,-1,-23,-64,34,-80,-84,-33,-41,-98,-13,6,-36,-1,-27,41,-56,37,41,-35,-39,0,15,3,-38,15
31177,Washington County,6,238,24,165,-7,175,70,42,-186,-53,-380,-37,-27,-108,13,-50,261,86,282,83,56,65,195,-14,43
31179,Wayne County,-44,-112,-177,-23,-144,-19,15,-294,-105,4,10,-200,30,-110,-80,-73,-27,-209,76,41,-6,136,45,-40,-64
31181,Webster County,-17,-52,-56,-37,-15,-43,-53,-9,-80,-5,4,-34,-5,-56,22,-20,0,-32,37,-40,-7,24,-20,34,2
31183,Wheeler County,-8,-32,-24,-27,-7,19,-12,7,-12,-33,3,-9,-22,-19,6,-13,20,8,-17,-20,1,12,-3,-9,16
31185,York County,-25,-69,-187,-89,-256,69,71,-58,-244,-223,-27,101,29,9,29,-138,-52,20,-32,-103,-24,150,112,98,7
32001,Churchill County,-7,-2,-565,-104,-21,220,87,0,-56,-59,-97,-254,-418,-371,-194,81,-69,94,418,336,72,213,216,133,189
32003,Clark County,15038,52057,47733,44340,63474,49241,54791,42510,23174,7544,-1918,-3888,14838,16088,23582,31547,30459,31946,34952,31283,8414,17204,24162,23766,30888
32005,Douglas County,136,744,875,763,1658,213,-29,93,-65,-302,28,-32,41,123,551,193,539,474,712,675,104,812,16,160,497
32007,Elko County,-149,-605,-1300,-916,-238,525,952,790,-333,193,1,-50,1105,954,-291,-1352,-107,-146,-296,-165,-89,-95,46,301,-108
32009,Esmeralda County,2,-33,-62,-50,-21,-8,-8,-63,-23,-44,-4,-2,30,67,-12,7,-6,21,-18,46,4,17,20,-3,6
32011,Eureka County,-19,-13,-40,-146,-56,-12,79,59,43,85,10,-23,8,60,-66,27,-93,13,45,29,-3,61,-38,57,12
32013,Humboldt County,-243,-799,-574,-262,184,19,254,115,141,176,15,-84,282,128,-278,-321,-344,-188,-33,-56,-29,300,-365,-121,-66
32015,Lander County,-116,-348,-378,-234,11,-22,104,67,-31,-6,3,-4,28,95,-143,-141,-232,-149,-81,-55,-5,33,13,31,-34
32017,Lincoln County,3,-31,64,25,-8,155,93,74,172,120,16,-77,121,-80,-58,-49,30,42,44,-49,-53,-24,73,28,-20
32019,Lyon County,325,1190,1595,1985,2962,3674,3500,1692,259,-431,55,-739,-462,80,268,622,781,1215,1910,1645,278,1822,847,1189,1201
32021,Mineral County,-53,-132,-111,55,163,10,7,32,-79,40,8,-131,50,-76,-72,-27,-11,104,105,5,17,130,-31,45,26
32023,Nye County,449,886,891,1143,2017,2886,2602,1815,244,250,-53,344,-95,-417,279,435,653,1069,1606,1684,593,2130,2142,1644,1019
32027,Pershing County,-52,-146,-24,-185,-15,-4,7,3,-107,-22,-11,-125,127,76,-168,-89,-51,-104,199,29,-19,-160,46,-36,142
32029,Storey County,-3,45,-5,113,168,346,105,127,149,-20,-16,-79,-57,-22,17,76,116,12,21,151,11,71,49,66,20
32031,Washoe County,1280,8095,7930,7063,8023,7311,4728,4969,3012,-174,64,65,1556,1866,3483,4351,5606,5726,6436,5894,1050,6692,2352,2918,5543
32033,White Pine County,-153,-332,-95,-101,19,390,257,24,15,17,17,76,-143,25,-25,-160,-119,-143,-127,33,-9,-192,-63,-175,79
32510,Carson City,103,755,964,676,653,-93,-730,-233,128,-199,-262,-256,-251,-474,434,54,364,515,765,752,129,649,-171,466,250
33001,Belknap County,280,1247,1230,979,787,297,-63,141,265,107,7,254,211,-79,172,247,545,379,525,460,155,1220,448,737,558
33003,Carroll County,233,385,969,660,916,265,862,501,339,-82,35,-11,103,-22,103,139,288,854,894,412,211,1881,688,645,504
33005,Cheshire County,92,369,639,955,501,190,438,17,-370,-205,-99,-166,-18,-187,-243,-94,-242,67,82,269,112,399,733,484,750
33007,Coos County,39,-84,80,146,107,180,-96,-159,-305,-309,-67,-284,-372,118,981,-259,-200,-316,314,272,-8,500,408,109,444
33009,Grafton County,-33,103,551,655,763,662,513,176,576,-76,9,145,337,360,104,-485,645,-2,28,340,108,-420,2478,243,621
33011,Hillsborough County,866,3862,877,429,1586,347,215,-528,-638,-102,-133,120,272,-384,965,923,1421,1118,718,1652,-95,937,1925,965,2690
33013,Merrimack County,323,1742,2390,1607,1265,1389,1331,312,78,-226,-69,302,240,257,697,604,420,888,935,830,261,651,1862,1051,1075
33015,Rockingham County,920,3510,2514,767,453,770,1275,60,600,83,28,527,1533,881,1595,1291,1459,2087,1479,1354,436,3761,1348,1428,1777
33017,Strafford County,308,1393,1022,638,728,373,1134,953,418,178,-62,562,330,-55,1279,374,1153,1495,-36,743,160,511,964,1344,930
33019,Sullivan County,95,309,290,486,222,213,336,39,-2,-183,-3,-238,-291,-83,126,12,0,46,137,84,33,728,440,299,104
34001,Atlantic County,228,1225,2736,3225,3664,1486,384,-527,-498,229,-119,-871,-910,-895,-2433,-2837,-3174,-1708,-1534,-236,-152,1200,1624,1139,1994
34003,Bergen County,300,1030,-589,-1687,-2021,-4572,-4640,-1201,1981,3059,581,3367,2294,1945,1219,717,-781,2174,-1567,-2530,-667,-430,-813,6082,7313
34005,Burlington County,716,4149,5456,4931,2064,-678,-490,-2338,-2361,-630,167,9,-602,-2271,-1423,-1761,-1286,-463,-1119,319,102,2486,3594,4166,4938
34007,Camden County,-818,-2048,-325,-1184,-491,-116,-863,-1855,-2469,-2323,-796,-2767,-3108,-3360,-3386,-2222,-2192,-1948,-978,-1054,-189,304,1144,3140,2726
34009,Cape May County,-45,-36,-22,261,-924,-853,-300,-740,69,9,84,-328,42,-223,-214,-361,-95,11,-119,166,-30,1402,313,4,140
34011,Cumberland County,-193,-168,501,732,1042,1513,664,330,316,-53,-113,-461,-850,-1433,-563,-1780,-1949,-1987,-1154,-1435,-291,-1460,10,2399,1767
34013,Essex County,-1060,-3230,-4289,-7250,-9630,-11047,-11523,-8795,-7563,-2650,-1056,-3038,-5312,-3147,-2543,-2762,-2419,-600,-1707,-3331,-1676,-7990,-2924,11886,16222
34015,Gloucester County,474,1740,3630,3742,3618,2813,4267,3228,1011,717,70,-202,-623,-280,378,-177,-489,88,422,-25,410,2354,2330,1865,2512
34017,Hudson County,-244,-156,-7986,-8857,-7285,-7311,-8080,-7382,-1946,1164,-186,3519,134,-1811,-3463,-2352,-2690,-2232,-6849,-5164,-2899,-21642,-109,6993,6441
34019,Hunterdon County,367,1634,994,676,380,155,258,-82,-161,-124,-48,-141,-868,-181,-579,-379,-739,-43,77,-397,-63,846,182,445,796
34021,Mercer County,303,962,960,1295,1176,-516,-521,-1128,-622,5,-106,-1781,-153,-527,-1900,-1967,-1740,-733,-1109,-1815,-608,-4606,4376,3250,4882
34023,Middlesex County,1314,3545,1698,-153,-478,-183,-6383,-1305,604,793,-416,88,-333,-1561,-1371,-2443,-3863,-1391,-4085,-3776,-1368,-1319,412,6415,5929
34025,Monmouth County,1046,1732,2341,964,-1289,-2540,-2745,-1835,-763,480,-136,-2197,-2615,-1250,-2219,-1703,-1744,-1241,-1465,-1428,-421,3517,-705,181,2322
34027,Morris County,248,-702,938,757,176,-971,-274,-1350,-497,-176,-23,981,-106,-389,-2076,-1596,-1504,-673,-1584,-1944,-423,1122,1075,4131,3538
34029,Ocean County,2842,10245,13007,8371,5855,4134,4419,3012,3116,3117,736,490,221,1231,1290,1447,2474,3396,4681,4266,1154,9871,4933,2695,3943
34031,Passaic County,-509,-1596,-2783,-4095,-4792,-4674,-5312,-4475,-2659,-105,-579,-2268,-3367,-2993,-2725,-3177,-3848,-2808,-4157,-4208,-1307,-6574,-3665,4430,4597
34033,Salem County,-81,-53,358,-10,401,613,506,171,95,28,-88,-132,-491,-626,-425,-551,-433,-223,-116,-291,35,383,388,429,532
34035,Somerset County,779,1474,2018,930,1080,847,1040,1095,677,2003,281,653,-13,528,-744,-793,-683,-86,-910,-1681,-456,836,1063,2844,3388
34037,Sussex County,234,807,1302,1089,273,20,-71,-166,-795,-888,-181,-916,-1424,-1491,-1081,-1621,-1095,-665,-341,-250,-142,1903,153,609,1023
34039,Union County,-121,-30,-1604,-4047,-4081,-4255,-4496,-4053,-1248,1569,233,-490,238,396,-1104,-903,-126,-901,-1049,-2629,-1121,-2947,-232,8391,9702
34041,Warren County,366,1908,1292,984,165,126,-2,-103,-75,-554,-51,-474,-657,-610,-54,-94,-552,-172,-148,-219,-48,1177,708,806,863
35001,Bernalillo County,32,1826,7654,5425,8062,8951,7655,4390,1774,2387,518,2984,-20,-394,-3158,-2134,-634,-1049,-1483,-51,308,-1068,-1233,-304,-884
35003,Catron County,26,-89,8,-55,5,-52,123,41,-17,-3,21,-5,-73,-19,-30,-54,61,61,25,-9,42,161,126,67,46
35005,Chaves County,-168,-770,-591,81,-215,170,-158,472,171,255,30,-294,-211,-49,-492,-264,-442,-726,-723,-122,-10,-420,-700,-211,155
35006,Cibola County,-2,750,-69,122,-6,-189,-377,-24,-251,-393,30,10,-226,-150,-415,-199,-42,-212,-180,-134,-77,186,-142,104,58
35007,Colfax County,12,-141,-23,-288,-104,-179,-129,-159,-289,-200,-22,-110,-351,-153,-346,-272,-133,-61,-82,-115,-25,114,34,108,42
35009,Curry County,-257,-654,-307,-97,314,-405,-780,-1146,-1816,178,408,265,409,-563,-260,-1293,-465,-928,-897,-829,-164,-675,-722,-330,-298
35011,De Baca County,-25,-56,-18,-32,-73,16,-95,-14,-12,-51,1,-35,-32,0,-45,20,-20,-15,-18,-27,-12,23,36,-12,-2
35013,Doña Ana County,-162,-320,320,1868,1039,2393,2448,2275,1084,2807,502,1089,-300,-1814,-1780,-1360,-676,316,115,-96,380,1454,1413,2061,1738
35015,Eddy County,-278,-855,-35,-206,-49,-716,405,213,256,737,-2,-26,166,921,723,647,-360,-791,368,475,-61,-1471,-651,321,819
35017,Grant County,-130,-240,-588,-760,-410,209,173,305,55,-131,-112,-36,-42,-115,-243,-480,-252,-317,-303,-231,57,-112,15,7,164
35019,Guadalupe County,5,24,-84,37,-160,-57,-54,3,-94,-91,11,-79,-36,-62,-84,-83,5,46,-64,-32,0,22,-77,14,54
35021,Harding County,-3,-17,-31,17,22,-29,-6,-18,-44,-11,-3,31,-10,-12,2,29,-28,1,-31,-18,3,-6,5,19,-13
35023,Hidalgo County,-174,-337,-177,-161,-103,-84,-25,78,-5,-19,-46,-38,-76,-173,-73,-120,-118,-33,-68,-23,-19,-42,-57,-21,-15
35025,Lea County,-437,-669,202,-521,-56,-9,232,407,436,469,-191,-12,619,1580,924,661,-1844,-1712,-51,945,19,-1805,-1150,517,805
35027,Lincoln County,128,-138,156,460,295,203,161,-155,16,18,-13,-63,-216,-199,-375,-221,58,153,92,89,65,203,79,-155,112
35028,Los Alamos County,-85,-668,412,307,-38,-57,27,-233,-388,-239,49,159,-45,-323,-219,-9,347,478,209,318,-5,-77,-175,89,76
35029,Luna County,-66,-254,86,196,135,336,333,136,91,-217,-3,-64,-294,-439,-250,-168,-98,-340,-282,-231,8,75,265,-173,57
35031,McKinley County,-413,-948,-2433,-2334,-889,-1676,-991,-1554,-394,-875,40,-142,-683,-372,-502,182,-859,-806,-694,-721,-192,-722,-1274,-988,-66
35033,Mora County,17,-10,8,6,-75,-50,4,-16,-57,-93,4,-110,-93,19,-77,2,-66,-12,-41,42,1,21,-13,11,2
35035,Otero County,-150,-1208,-235,432,757,-317,-726,18,-334,-441,429,901,160,-157,-1292,-891,578,137,207,513,-15,639,412,954,656
35037,Quay County,-85,-198,-128,-88,-211,-161,-92,-47,-27,-41,37,-14,-248,-97,-184,11,-24,-55,-39,18,-13,0,26,96,-48
35039,Rio Arriba County,-35,-608,-417,-571,-332,-368,-103,-322,-543,-326,-11,-280,-223,-361,-458,-497,-201,-77,-177,-58,-68,43,-34,78,143
35041,Roosevelt County,-70,180,78,-72,-76,3,-88,22,-514,-136,135,285,-249,-414,-579,-664,-121,-343,-273,-369,-62,-135,-133,-69,-141
35043,Sandoval County,453,1315,1908,2025,2451,3875,5725,4946,3731,2542,561,1240,492,495,271,1068,1557,1896,2251,1392,483,2410,2276,2532,1966
35045,San Juan County,-111,33,1994,537,-45,-104,-1544,-689,-1155,593,-89,-1543,-933,-1343,-1369,-1689,-1063,-1524,-1760,-1849,-195,-289,-32,353,-167
35047,San Miguel County,-62,-449,-345,-376,-162,-122,-415,-313,-215,-149,-40,-80,-334,-355,-369,-311,-175,-249,-177,-181,-42,110,-73,-120,-84
35049,Santa Fe County,307,1116,2298,1351,971,971,929,1205,1291,1442,172,874,570,549,118,137,603,662,288,605,314,815,808,1069,1419
35051,Sierra County,4,-28,-85,251,-92,-95,87,20,323,293,54,116,-10,-191,-122,77,51,118,15,-19,36,188,169,217,33
35053,Socorro County,-42,-197,-193,183,-102,-2,-84,-191,-113,-179,-53,-110,-338,-41,-287,-124,-211,-138,-183,-95,-25,-188,-112,-82,15
35055,Taos County,55,-49,363,213,130,-53,142,75,-227,-122,-34,-86,-175,180,-32,-178,153,-76,-29,72,-16,440,87,49,176
35057,Torrance County,7,-338,-192,316,264,-565,14,-189,-355,82,-5,11,-314,-336,-131,-73,-103,51,-44,-53,10,323,161,327,306
35059,Union County,-12,-121,-47,-144,-41,21,-39,8,-6,57,-12,-128,12,-58,-97,-68,-2,29,-77,-49,-3,53,-86,1,-10
35061,Valencia County,87,377,102,-235,-534,447,871,1284,461,51,90,-226,-493,-588,-768,-377,-204,93,299,253,155,1012,963,991,1589
36001,Albany County,224,419,1138,1805,235,-159,137,-1239,-1271,218,-354,111,882,375,25,-206,-275,-289,-1334,-1326,-468,2181,65,2190,2480
36003,Allegany County,-6,199,-71,160,145,-585,-404,-317,109,-313,6,-240,-606,-322,-298,-312,-317,-399,-319,-226,-76,457,24,163,234
36005,Bronx County,-1724,-5541,-5593,-15265,-20147,-24739,-21076,-12818,-9435,-5134,-669,-3244,1266,-1805,-3219,-3079,-7297,-15050,-18161,-22506,-7921,-43063,-46360,-10578,19056
36007,Broome County,-228,-67,-170,-1062,-757,-1103,-267,-678,-484,-171,-261,-1012,-764,-655,-715,-1206,-1436,-1204,-1049,-1250,-379,1071,-603,-456,490
36009,Cattaraugus County,6,-833,-201,-226,-592,-1011,-943,-551,-589,-332,-115,-505,-606,-456,-475,-812,-303,-488,-400,-560,-66,-260,-76,-123,0
36011,Cayuga County,-90,-761,-148,-110,-250,-283,-332,-363,-278,-329,-128,-280,-235,-442,-340,-452,-563,-242,-352,-576,-112,-424,-436,17,235
36013,Chautauqua County,-122,-1016,-485,-874,-550,-1121,-734,-368,-478,-197,-89,-398,-923,-443,-1206,-1174,-1307,-653,-727,-450,-222,-400,-269,-3,-38
36015,Chemung County,-41,-547,-351,-610,-478,-972,-139,-306,-282,302,3,-45,127,-1060,-1090,-494,-1089,-755,-702,-394,-402,-320,-1177,-55,74
36017,Chenango County,-33,-286,96,177,-61,-68,96,33,-206,-349,-47,-222,-258,-399,-163,-481,-398,-441,-246,-171,-109,-284,11,-217,104
36019,Clinton County,-73,319,252,549,174,263,147,-203,-352,-221,-94,-462,-95,-198,-154,-829,-276,-5,88,-204,-95,-515,-763,145,163
36021,Columbia County,-24,-71,189,80,304,61,-380,-62,-237,-280,-38,-383,42,-169,-55,-305,-436,-342,-357,-135,-24,768,-508,-275,62
36023,Cortland County,-72,-11,-288,339,-94,-509,-115,-48,-309,-264,-48,56,-366,-76,-251,-489,-393,-165,-114,-191,-80,-186,-210,-94,81
36025,Delaware County,-73,-315,-212,98,182,-48,-306,-29,-276,-369,-94,-219,-249,-239,-84,-548,-311,-197,-321,-163,-52,804,367,88,209
36027,Dutchess County,568,2467,1826,1717,731,292,-861,-476,-143,233,94,-61,-1433,-1103,-1403,-1475,-1176,505,435,479,-524,1639,149,489,1982
36029,Erie County,-1281,-4259,-4301,-3080,-4682,-7296,-7430,-4832,-2521,-992,-199,689,-257,914,631,-1457,-2217,438,540,-986,-1187,859,-1340,-416,1675
36031,Essex County,-18,-69,185,15,-147,-140,-3,-226,-94,-48,-40,-41,-329,-157,-192,-242,-164,-66,-105,-296,-47,182,-245,234,155
36033,Franklin County,-102,-210,-221,129,-215,-132,-12,33,-148,-255,4,-197,228,-709,-193,-579,534,-632,-125,-177,-261,-373,-590,258,899
36035,Fulton County,-66,-88,23,104,145,122,27,95,29,-89,-23,-300,-190,-379,-373,-99,-92,272,-98,-203,-162,32,-101,318,6
36037,Genesee County,-60,-547,-257,-136,-370,-451,-389,-320,-311,-164,9,-67,-215,-501,-368,-295,-417,-140,-230,-118,-89,-175,-164,625,608
36039,Greene County,-30,81,273,277,414,428,370,82,-20,-119,-28,-193,-198,-244,-286,-151,14,70,127,-34,-142,811,-382,-29,76
36041,Hamilton County,10,-22,-41,-13,7,-28,-70,17,-36,-18,5,-13,8,-13,-16,24,-119,-46,5,18,-11,88,45,7,61
36043,Herkimer County,-63,-290,-456,-52,131,-240,-422,70,-166,-94,14,-94,-157,-305,-476,-662,-142,-199,-348,-295,-83,108,-148,118,65
36045,Jefferson County,-477,-1826,-1211,-941,-2341,2253,-1860,-23,-1838,564,125,-83,1160,-3207,-1791,-2863,-4545,-925,-2265,-3026,-808,99,-2318,-2849,-1025
36047,Kings County,-4684,-18284,-25571,-39059,-40587,-42350,-39905,-27452,-13867,-6761,-1517,4929,1641,-7099,-11935,-19003,-25975,-37913,-37654,-37742,-10993,-95761,-52050,-5894,29704
36049,Lewis County,-31,-214,-494,-151,-138,-91,26,-83,-379,20,-27,-100,62,-200,-110,-335,-267,-146,-175,-242,-35,119,-107,-39,-31
36051,Livingston County,-8,33,-359,-405,-3,-527,-343,-234,-178,-307,4,-404,-81,-149,-37,-214,-305,-509,-168,-226,-211,180,-133,-59,315
36053,Madison County,-81,-116,-93,323,-26,-433,63,141,-139,-303,7,-611,-598,-47,-274,-609,-257,-471,69,-214,-77,-386,-116,331,89
36055,Monroe County,2719,-2535,-1812,-3279,-3454,-5242,-3484,-2349,-1441,-101,-459,11,-1152,-1075,-2791,-3477,-3416,-2191,-1026,-2158,-1021,-3671,-3547,-1237,1557
36057,Montgomery County,-73,-228,-224,57,-44,-110,90,-67,13,-44,10,-367,-70,-49,-90,-123,-421,-63,183,-253,-60,123,35,170,112
36059,Nassau County,-46,-6887,-4124,-7264,-8723,-12608,-14573,-9956,-3532,1881,862,1170,88,296,-1074,-3115,-2369,-1886,-2741,-3291,-2480,-1821,-5907,-1919,6087
36061,New York County,718,7538,-8171,-1936,-777,-5077,-4436,-6475,-4036,-12723,-165,9831,5795,-5547,-5104,-2622,-8123,-12229,-7393,-5003,-6014,-108934,19896,34625,30720
36063,Niagara County,-269,-1315,-496,-156,-415,-926,-652,-401,13,221,76,-538,-864,-459,-533,-791,-609,-293,-519,-458,-305,369,-280,-110,634
36065,Oneida County,-445,-964,-272,-201,24,-767,-484,-228,-530,278,-128,-642,-683,-448,-988,-1239,-844,-269,-640,-795,-656,-1541,-132,-264,146
36067,Onondaga County,-954,-1991,-1358,-950,-1933,-2836,-2139,-2093,-1134,-157,-4,-1061,-1913,-50,-1876,-1923,-3068,-3090,-950,-1865,-999,-3309,-1373,-1141,-145
36069,Ontario County,-1,311,653,512,435,611,27,206,690,573,120,429,13,435,277,-11,9,425,303,148,15,315,75,177,606
36071,Orange County,1112,3614,4203,4987,2632,123,658,53,386,996,-121,-1679,-2918,-1435,-1666,-1264,-202,-299,116,675,-500,1723,-51,247,1971
36073,Orleans County,-72,-493,-336,-232,-131,-414,-270,-232,-218,-277,-35,-223,-238,-146,-365,-388,-275,-396,-120,-274,-270,-190,-130,124,391
36075,Oswego County,-62,-556,-167,320,-151,-1041,-614,-452,-231,-538,-88,-423,-879,-498,-820,-1033,-1097,-660,-1008,-509,-146,645,478,-76,375
36077,Otsego County,-19,83,190,482,453,124,3,-142,-362,-220,-29,-203,-130,-80,-613,-364,-337,-66,78,-149,-84,2749,10,332,237
36079,Putnam County,190,429,651,150,-14,-392,-673,-381,-326,-205,-48,-71,-419,-172,-283,-395,-519,44,-156,-512,18,486,58,-345,618
36081,Queens County,-3111,-18959,-26844,-32803,-33910,-32899,-31384,-17897,-5428,2748,-231,3836,385,-1388,-4680,-8806,-15407,-26118,-34032,-31906,-14024,-59880,-48410,14299,42867
36083,Rensselaer County,40,-476,-54,618,746,-65,576,279,91,-578,-97,18,-365,2,-129,-332,-336,-248,53,-506,-240,-255,-1014,565,544
36085,Richmond County,924,2178,2429,1521,-900,-1424,-1228,355,2207,2163,337,-967,-2678,-487,-1620,-1103,-50,-139,-799,-1291,-583,-1897,-2303,1740,3364
36087,Rockland County,44,-1335,-919,-1838,-2665,-3307,-3837,-2548,-685,-1083,146,371,-946,-373,-1028,-1368,-2699,-1794,-2266,-2673,-885,-1077,-1763,-87,3608
36089,St. Lawrence County,-107,-775,-528,-311,-262,-203,-468,-344,-250,-91,-160,212,-85,-694,-757,-1327,-1100,-845,-333,-495,-322,-452,-249,24,-297
36091,Saratoga County,644,1681,1926,2142,1306,972,939,493,908,1213,265,519,843,1086,-127,1103,660,1871,851,-358,230,2185,1053,452,1348
36093,Schenectady County,-159,-475,622,348,602,824,1051,7,610,410,40,-303,-168,-339,-170,-411,-572,161,67,-82,-186,1911,89,314,1600
36095,Schoharie County,6,194,-90,106,207,86,25,14,-115,-298,-30,-100,-615,-114,-110,-302,-56,-6,-60,-70,40,500,59,173,207
36097,Schuyler County,60,-34,-5,35,-59,-132,-32,-36,-45,-142,-3,125,88,-90,-182,-137,-39,1,21,-34,-18,-17,-92,-24,-190
36099,Seneca County,-19,1255,81,-1,-59,-322,-133,66,-306,-42,-27,61,-35,-165,-454,-89,-98,-411,-46,-167,-316,-160,-513,-158,246
36101,Steuben County,-23,137,64,-776,-527,-465,-730,-329,-168,-71,-70,0,-359,-244,-732,-714,-681,-598,-468,-440,-165,-161,-197,-102,57
36103,Suffolk County,1533,6902,3229,3050,-3662,-11491,-12713,-11018,-5237,-1059,-353,-318,-6644,-3245,-5812,-7615,-9565,-5970,-5200,-6239,-2192,9761,-3938,-983,7457
36105,Sullivan County,259,-228,90,603,517,134,31,300,-679,-428,-82,-540,-225,-164,-1396,-924,8,-45,351,38,-92,1302,105,361,317
36107,Tioga County,-125,-424,2,-391,-493,-354,-319,-230,-307,-348,-44,-189,-643,-287,-371,-552,-538,-189,-133,-170,-80,-176,-194,15,74
36109,Tompkins County,80,802,629,666,228,-232,92,89,283,349,20,-79,629,600,-362,-554,-202,-365,-318,-350,-247,-2639,1582,418,58
36111,Ulster County,38,483,1435,527,471,393,-6,-394,-91,-606,-97,-122,-945,-825,-216,-569,-420,-92,64,-529,-344,2885,-515,891,657
36113,Warren County,37,276,351,538,262,593,365,207,131,46,13,93,-264,-299,-71,-214,140,97,-32,-123,-52,426,84,267,54
36115,Washington County,-64,152,-32,391,673,64,248,174,99,-37,88,-280,-135,-240,-299,-183,-437,-152,-159,70,-144,-34,192,-532,14
36117,Wayne County,-129,-537,-560,-249,-683,-624,-671,-534,-322,-582,-18,-635,-425,-837,-666,-609,-602,-439,-293,-349,-117,3,1,19,406
36119,Westchester County,498,431,-2038,-6081,-5930,-7565,-7609,-3386,-1372,1808,106,1801,-371,1819,-1126,-2006,-2229,-3645,-4415,-3330,-1765,-3571,-8668,1549,7828
36121,Wyoming County,-80,-454,-213,-155,-214,-191,-223,-293,-368,-223,-46,-312,-172,-327,-261,-211,-514,-136,-217,-146,-225,-77,-203,-3,141
36123,Yates County,111,-109,-138,66,10,-11,-240,27,-32,-140,-25,7,-174,-188,-126,-25,-130,-141,-80,-88,-38,-190,-143,-146,8
37001,Alamance County,593,1588,1307,445,1241,1341,1753,2764,2499,1891,191,960,391,707,1047,1511,3103,2763,2884,2655,144,2193,2830,2985,3945
37003,Alexander County,32,203,243,168,519,348,357,276,96,108,32,-228,-101,85,-29,28,224,34,227,203,-30,116,155,315,503
37005,Alleghany County,9,94,35,83,41,20,188,119,95,-13,10,-77,-35,-12,1,3,110,123,176,34,34,263,181,203,142
37007,Anson County,24,-42,-10,-240,397,3,-172,-120,-16,-134,-38,-317,-185,-329,42,-290,-334,-282,-339,-4,226,-435,201,125,-203
37009,Ashe County,67,166,241,177,299,85,197,229,233,168,30,-165,18,-3,43,6,113,303,442,238,41,392,529,228,466
37011,Avery County,161,366,153,26,115,60,166,-146,73,59,11,-12,-102,87,37,-97,30,126,81,116,117,-199,141,219,428
37013,Beaufort County,-31,14,-45,54,116,277,426,-75,439,24,13,-118,-191,-3,69,228,116,-139,204,131,52,47,219,332,434
37015,Bertie County,-42,-93,-182,-130,-95,-101,-293,766,7,-137,-47,-320,-341,-88,67,-46,-681,-90,-81,-58,-155,-273,-155,175,282
37017,Bladen County,-47,137,-249,43,276,-36,-199,-181,72,-117,43,-272,-41,-178,-252,-173,-365,-140,-162,-295,50,63,79,287,429
37019,Brunswick County,630,2295,2212,2206,2936,4536,6131,4997,4142,2759,580,2083,1949,2948,3501,4059,4420,4975,6640,6593,1909,8015,8227,7432,8072
37021,Buncombe County,550,1363,2070,2431,2428,2686,3942,3265,2007,1661,381,2226,2165,2876,2097,2786,3005,2332,2402,2210,383,3052,2728,3038,3301
37023,Burke County,51,-238,-445,-224,-280,-97,80,-31,302,174,-197,150,-463,-441,103,204,276,774,404,237,-180,481,940,838,822
37025,Cabarrus County,905,2959,2293,2145,1637,2721,5480,6195,4331,2216,268,1667,2265,2116,3402,3900,4289,4275,3699,3941,1262,3972,3568,3859,4169
37027,Caldwell County,156,82,28,-36,-368,187,261,183,421,-10,6,-484,-341,178,-299,38,387,334,285,351,-31,439,434,795,678
37029,Camden County,30,151,292,406,498,498,280,204,150,48,16,-3,-25,113,123,5,114,137,110,159,52,468,290,83,82
37031,Carteret County,18,339,500,791,923,583,1002,109,284,966,266,827,470,765,362,280,319,372,928,400,108,1569,1165,834,1063
37033,Caswell County,47,-42,107,-26,-92,-14,63,-136,-12,-154,14,-239,-350,131,-253,63,15,-45,89,8,-184,200,-106,400,96
37035,Catawba County,596,2252,188,27,1351,1497,1699,1873,1351,996,-110,-523,-20,147,-10,395,853,1359,930,912,242,1382,2163,1978,2596
37037,Chatham County,382,1743,2346,1144,1232,800,1758,1332,1795,1183,299,194,445,752,1404,1578,1358,1669,1972,1440,458,1786,1979,1952,2052
37039,Cherokee County,72,239,182,302,392,374,714,394,153,-169,31,-138,7,240,112,194,820,275,539,372,149,598,611,695,543
37041,Chowan County,-32,36,66,42,103,94,237,144,-69,136,-33,127,-113,-10,-120,-235,7,-101,63,-66,-1,183,235,81,188
37043,Clay County,68,270,217,139,159,255,305,246,188,70,13,116,28,11,40,120,179,298,197,181,83,324,312,306,200
37045,Cleveland County,183,466,169,140,-81,-335,200,548,609,75,-58,-524,-76,-394,249,46,292,339,494,548,505,964,766,1147,1154
37047,Columbus County,-66,-278,-173,-424,-188,-314,157,14,178,-189,-120,-265,-231,-344,-76,-129,-280,-153,-114,-106,-42,-232,346,374,266
37049,Craven County,-43,102,-1616,152,-1191,-73,534,-433,94,439,420,-70,-173,-1587,-745,-1626,-533,-412,-436,-494,827,355,844,935,825
37051,Cumberland County,-762,-2839,68,195,-2017,-9138,-1193,-1956,-1576,1156,6061,-395,-4076,-109,-4254,-4245,-906,-5066,-440,-648,1978,442,-2681,-2935,-2350
37053,Currituck County,85,403,673,964,1237,1009,530,360,220,-6,84,216,118,218,517,251,497,618,699,720,305,1376,1203,593,846
37055,Dare County,201,656,1028,746,413,5,17,-44,-84,94,57,114,148,344,41,506,371,416,449,430,136,992,211,275,211
37057,Davidson County,275,1101,797,768,496,522,1114,1142,1465,112,-51,-54,3,347,58,213,786,916,1295,1304,176,2201,2371,3023,3422
37059,Davie County,206,797,499,412,651,1004,904,718,454,246,66,111,-46,198,-153,493,376,484,291,306,193,955,654,689,958
37061,Duplin County,36,395,235,140,172,-29,433,81,353,-173,167,255,-47,-364,-116,-711,244,-516,-65,-321,-28,-63,491,771,1021
37063,Durham County,804,2922,2932,440,1189,1732,3312,3991,4466,4081,566,2785,3391,3621,3819,3258,4641,2117,2762,2552,-2316,2579,2742,3123,4726
37065,Edgecombe County,-318,-291,-567,-434,-537,-541,-618,-788,-131,-759,-10,-651,-491,-263,-632,-1075,-413,-471,-665,-468,-89,-160,238,647,321
37067,Forsyth County,383,2064,1716,852,1720,3318,5139,4304,3532,2505,253,1508,1561,1600,2434,1837,2778,3489,2370,2067,-200,2760,3579,3909,3868
37069,Franklin County,300,987,1601,1088,1027,926,976,1474,1528,755,187,-110,332,565,473,850,855,1358,1435,1970,402,2809,2392,2532,2691
37071,Gaston County,181,546,357,-645,-7,1638,2517,3610,3672,1402,-43,241,606,1146,1102,2005,3453,2868,2783,1738,713,3220,3229,4236,4251
37073,Gates County,-14,37,65,156,54,364,343,301,-19,3,4,-105,-168,-173,-100,-64,49,-35,94,46,-8,6,32,47,23
37075,Graham County,9,-9,63,-65,59,-62,41,-73,63,13,21,-51,-87,35,-72,-14,-37,6,-25,8,8,36,47,29,117
37077,Granville County,340,1026,1477,579,157,506,733,1975,754,385,49,-290,-9,150,215,138,469,666,584,462,-643,439,451,581,257
37079,Greene County,52,112,114,229,162,-135,461,308,-91,-51,-135,162,-389,-208,3,-59,111,-94,129,-19,1,-133,168,248,139
37081,Guilford County,823,3484,1074,1707,1719,5231,7938,6879,6358,3620,541,3146,3351,3747,3765,3000,5302,2337,2769,3079,-2279,2853,4563,4333,4931
37083,Halifax County,-140,-640,-349,-327,-381,-245,-202,-146,-103,-562,-137,-311,-348,-434,-235,-584,-298,-417,-528,-459,-126,173,-361,-299,144
37085,Harnett County,279,1511,2260,1165,1403,1949,1932,2397,2609,2905,822,2455,2043,1924,645,427,1788,822,1195,865,-32,1314,2468,2622,4019
37087,Haywood County,86,580,505,516,637,238,467,616,281,352,-26,-81,48,484,341,685,907,823,1090,607,226,805,576,790,685
37089,Henderson County,492,1390,1434,1329,1441,1721,2381,2055,1754,1317,167,677,569,1396,1615,1853,2041,2043,1586,1276,457,1211,1795,1804,2117
37091,Hertford County,-24,165,629,-279,-74,16,-101,45,55,-116,91,-11,-106,-5,44,-160,-141,-252,8,-138,-93,-1274,-203,-206,-12
37093,Hoke County,100,353,768,507,1010,1172,959,474,799,904,424,1285,348,47,-172,509,-379,544,55,54,61,553,109,560,557
37095,Hyde County,5,-134,32,-157,-84,-18,-165,-43,60,-50,-3,-6,-110,-28,-52,-156,38,-171,-201,-73,-60,134,19,26,-32
37097,Iredell County,782,2842,2511,2035,2847,3424,5552,4285,3482,1776,179,845,1383,1598,1651,2555,2597,2834,2456,3281,1069,4778,3787,3850,5910
37099,Jackson County,140,280,421,792,605,191,659,-34,237,19,52,-230,358,343,-111,346,1305,610,381,348,-764,481,1397,1175,67
37101,Johnston County,1079,3315,3613,2491,3642,3374,4320,4850,4943,3727,498,1742,891,1949,2384,3502,4873,4716,5520,5873,1316,9395,6729,6351,6514
37103,Jones County,-9,-43,-75,-115,166,-64,-78,53,-58,127,8,-47,33,-39,-123,-57,-163,8,47,-168,-11,163,93,248,90
37105,Lee County,115,-192,-1200,-581,-272,740,778,648,877,846,-106,364,421,290,-635,-196,87,580,586,360,49,648,1558,1619,1370
37107,Lenoir County,-156,-583,-527,-491,-400,-254,-450,-500,-56,-354,-59,-73,-297,-307,-442,-217,-643,-502,-505,122,-32,-100,176,653,666
37109,Lincoln County,225,774,657,643,410,1319,1812,1525,1642,987,93,85,335,345,288,1131,663,1334,1540,2071,413,3046,3177,2631,1811
37111,McDowell County,77,335,32,125,52,160,150,223,214,-17,35,-17,15,108,37,30,-63,340,443,368,-11,243,535,483,632
37113,Macon County,179,466,444,420,471,425,645,436,439,170,15,90,20,23,153,374,292,504,769,666,120,683,803,690,577
37115,Madison County,56,172,2,-19,106,144,162,181,157,100,25,118,46,287,88,-17,253,262,160,131,116,581,269,245,508
37117,Martin County,-22,-373,-198,-128,-241,-291,-21,-365,-105,-142,6,-238,-263,-130,-137,-90,-104,-243,-35,-153,-36,-34,-60,145,246
37119,Mecklenburg County,3406,13340,9478,10473,12215,18401,24583,21978,16825,11631,1347,12020,14249,14983,11070,14221,14777,12547,7562,8717,-1251,1729,15790,17642,25032
37121,Mitchell County,50,200,32,16,153,-28,-122,109,31,-14,-34,-68,13,36,-60,-20,22,66,105,50,17,210,223,104,238
37123,Montgomery County,47,-102,-48,148,-229,1,52,48,47,-127,-35,-112,-250,-110,-166,101,-136,2,-211,98,6,274,149,455,232
37125,Moore County,420,1148,1302,896,1205,1377,1947,1909,1313,1125,295,726,943,1263,1491,1290,1363,1963,1489,2101,627,3064,2558,1640,1612
37127,Nash County,221,216,259,356,503,283,934,1196,625,325,-27,-155,-697,-913,-360,-431,209,30,88,190,789,273,877,1064,1595
37129,New Hanover County,352,2450,2807,2704,5332,5773,3805,2107,1720,1487,380,2134,2440,3344,2431,3074,5050,3605,3304,2041,823,4156,5743,3861,3570
37131,Northampton County,-20,-161,-163,-131,-288,49,-206,-47,-183,-268,-34,-34,-597,-344,-105,-23,-302,-160,-111,-90,5,-156,-119,48,-12
37133,Onslow County,-1159,-2425,1353,79,2848,-4618,-198,-358,2761,1180,7217,-5512,2417,-2015,-3899,-1929,-3758,-105,-886,-1815,-110,-3473,966,2071,1592
37135,Orange County,365,1725,-1933,135,-182,1225,1906,1944,1634,1426,222,358,2396,1034,544,526,1106,534,3972,194,-4014,5316,1494,977,-198
37137,Pamlico County,8,-97,54,-43,-114,119,-60,-25,39,33,3,187,-184,-101,74,-46,109,-48,83,171,60,186,35,306,377
37139,Pasquotank County,9,-74,515,449,819,1193,1095,1011,411,-127,-50,-457,49,-899,-255,-163,-49,-56,130,146,-128,243,398,397,312
37141,Pender County,156,398,747,526,1299,1307,2003,1684,1343,1021,157,617,403,955,1022,1420,1289,1874,1250,955,448,2646,2646,2597,1808
37143,Perquimans County,38,103,66,84,90,242,352,335,344,-37,39,23,106,70,-70,-34,2,68,-19,114,35,245,183,232,223
37145,Person County,101,111,421,154,40,308,54,190,123,86,-29,124,-330,62,-140,117,112,117,136,86,106,87,322,548,533
37147,Pitt County,169,902,1030,945,1321,1803,3237,2617,2552,1975,342,970,1210,487,-352,241,266,684,265,545,2015,1482,1298,1418,1762
37149,Polk County,108,262,189,168,277,197,298,252,256,143,-24,-16,88,286,112,196,145,295,272,208,121,560,494,243,520
37151,Randolph County,333,528,443,584,255,1081,1233,616,1028,637,87,-442,142,-117,19,-12,436,-72,208,462,319,1081,1666,1790,1172
37153,Richmond County,-42,-352,111,-404,-213,-29,-235,-51,-29,-163,-15,-39,-325,-218,-364,-291,-371,-216,51,-61,-190,38,-23,-146,164
37155,Robeson County,-94,-599,-380,-111,-582,459,-152,249,-115,-71,35,-101,-281,-1012,-822,-904,-1452,-1125,-1034,-1578,-429,-105,476,1462,1146
37157,Rockingham County,2,-27,343,-160,-481,117,339,189,30,161,3,-321,-430,-573,52,87,-141,-200,104,698,167,695,1314,1005,1485
37159,Rowan County,267,1256,960,-261,-406,420,1446,1510,1959,642,-128,-613,-373,268,501,439,895,1004,737,957,35,1309,2313,2595,2097
37161,Rutherford County,46,112,-165,171,-202,64,394,43,459,51,-22,-212,-78,-174,-77,28,94,428,428,455,-30,604,822,905,585
37163,Sampson County,67,233,40,328,56,146,180,151,33,-34,-36,-224,-62,-30,-255,-391,-478,-82,-66,50,-10,32,262,730,1021
37165,Scotland County,-45,-127,-552,-88,899,-163,-153,-92,-91,-295,-95,96,-237,-227,-344,-398,-42,-221,-425,66,-587,85,238,188,159
37167,Stanly County,100,248,-186,-138,-256,96,136,492,369,15,-9,-102,2,197,-34,20,255,637,675,633,259,726,1327,1609,1708
37169,Stokes County,98,-4,-85,64,230,281,433,145,134,33,-26,-133,-331,-101,-104,-2,-109,16,-45,253,82,380,782,625,619
37171,Surry County,37,225,163,18,-330,199,121,67,196,51,22,-199,-196,-521,-57,-315,165,317,14,-32,49,254,726,348,738
37173,Swain County,48,-34,26,77,34,157,181,-98,18,15,5,30,-2,-63,214,46,-149,119,46,100,-12,145,-85,84,191
37175,Transylvania County,54,14,230,-30,188,326,277,335,290,164,24,-139,146,183,220,316,378,570,526,346,360,505,367,539,519
37177,Tyrrell County,-25,1,47,73,-84,-47,9,18,-87,-29,-3,-58,-216,-20,-1,24,-112,151,-53,-83,-5,171,82,58,6
37179,Union County,1441,4652,5223,4258,6016,7867,10100,10406,7152,3298,472,1626,1952,3043,4384,3208,3298,4137,3600,3134,1264,4309,4705,7010,5319
37181,Vance County,76,315,-310,-440,-297,-360,-15,-411,-183,-113,-124,-106,-367,-654,-38,-109,17,-218,293,-145,4,-294,223,208,292
37183,Wake County,3944,17188,12734,12165,13776,22391,29856,29065,26376,19173,3477,13692,15259,14438,15594,16957,18345,16413,12696,14022,-71,16356,14368,21200,22451
37185,Warren County,30,15,-64,49,39,-2,-250,9,54,-75,-27,10,-188,-97,-172,-118,-248,69,57,21,3,388,21,146,451
37187,Washington County,-44,-135,-144,22,-170,-16,-197,-202,55,-129,-32,-206,-238,56,-202,-197,-136,-96,-146,-162,-18,24,-2,19,24
37189,Watauga County,84,404,168,-84,-128,251,686,297,723,-34,-68,651,378,213,57,641,1026,1011,838,164,463,1009,246,119,-383
37191,Wayne County,-182,-937,-773,-468,234,-951,-1195,-59,-635,-327,63,636,-122,-591,-632,-792,-525,-1538,-99,-328,529,-422,731,1326,1225
37193,Wilkes County,92,352,39,-50,-282,53,4,86,-70,-221,-45,-299,11,-170,-3,29,393,64,224,2,-35,263,402,508,530
37195,Wilson County,37,-282,447,-61,-26,225,102,598,693,322,64,-357,16,-230,-296,138,-82,61,-61,413,675,-287,435,950,679
37197,Yadkin County,126,173,321,-73,-165,164,159,-20,91,-67,-12,-93,-215,-86,-181,-145,95,23,-67,236,35,198,427,450,504
37199,Yancey County,34,97,-24,49,156,136,147,293,154,34,-17,-45,-11,-10,51,43,116,148,232,225,32,412,149,265,226
38001,Adams County,-15,-20,-20,-19,-20,-24,-36,5,-19,-21,6,-34,33,57,9,13,-41,-13,-46,-53,-8,-20,-25,69,49
38003,Barnes County,-49,-219,-167,-80,24,-19,-63,-44,-40,14,14,57,-92,134,-51,-25,-96,-203,-112,-75,9,-58,91,39,15
38005,Benson County,-32,-84,-196,-24,2,-80,-112,-95,-127,-78,4,-38,-6,43,-86,-134,-67,-11,-65,-196,-26,-159,-3,-37,-43
38007,Billings County,-8,3,-29,-31,-22,-23,-33,17,7,24,-2,59,66,-21,-5,12,-12,-33,-6,6,-11,24,54,1,14
38009,Bottineau County,-23,-81,-115,-18,-59,-30,-108,-75,-32,50,8,77,125,127,-69,50,-139,-18,-104,-87,5,37,-52,-45,51
38011,Bowman County,-10,-114,-17,7,41,-83,-29,28,91,-20,2,9,68,13,30,36,-67,-76,-87,-45,-9,-64,2,-21,16
38013,Burke County,-5,-56,-53,-38,-32,-48,-73,-53,-40,43,2,91,107,106,-53,63,-138,-111,-50,12,-5,-35,-26,4,-4
38015,Burleigh County,19,287,684,534,453,1088,1104,1044,802,935,247,1143,1843,2092,1388,1984,749,99,-426,-70,14,544,654,542,1118
38017,Cass County,151,593,284,982,2465,487,1483,1253,1288,1863,250,1673,2524,3844,2179,2670,1889,2025,1218,242,94,3455,2918,2886,916
38019,Cavalier County,-15,-119,-91,-99,-89,-77,-177,-139,-55,-66,-1,-34,3,-57,-20,-17,-17,-40,22,-55,-6,-15,-62,-4,-19
38021,Dickey County,-1,-77,-87,-85,92,-84,-60,-14,-125,-53,0,11,6,-40,-91,-19,-60,-126,66,-66,-27,-33,40,-7,-1
38023,Divide County,-12,-48,32,22,3,-47,-19,-32,4,-33,12,57,116,71,96,25,-63,-97,-27,-2,10,-16,1,-23,-24
38025,Dunn County,0,-31,-48,-29,-91,-31,-6,-18,20,35,8,185,214,172,190,149,-240,-120,9,46,2,-111,-45,7,-68
38027,Eddy County,-9,-43,-13,10,-7,-19,-60,-28,-19,-76,-1,-3,29,44,-28,-3,-11,37,-9,-18,-11,14,6,-17,46
38029,Emmons County,-23,-74,-96,-95,-73,-119,-63,-80,-54,-30,4,6,-17,24,-41,-7,-41,-12,-11,-21,-5,-3,13,-27,-17
38031,Foster County,-20,-80,-32,-37,11,29,-14,-67,-64,-105,7,11,48,-16,-14,-9,-11,-49,-48,-3,-9,-10,24,-51,-21
38033,Golden Valley County,-8,-45,-37,-24,-61,-28,-39,-3,-20,-31,6,67,47,25,26,19,-34,-88,-33,-12,-11,43,-13,-7,22
38035,Grand Forks County,-272,-903,-423,-275,1313,-913,109,-1573,76,-868,5,-811,397,1068,107,-13,-431,-512,-565,-1358,-139,-1038,-619,684,376
38037,Grant County,-3,-10,-58,-22,-37,-15,-58,-37,-40,-31,0,-47,7,39,1,32,-19,-25,-15,-83,-9,44,-44,2,-4
38039,Griggs County,-18,-70,-28,13,-28,-5,-38,-12,-30,16,-2,-27,-5,-35,28,13,-8,11,-17,12,1,-4,-20,3,-4
38041,Hettinger County,-18,-43,-23,-53,46,-26,-3,-58,-47,15,0,44,49,105,-11,25,-63,-130,9,-17,-13,-29,18,2,3
38043,Kidder County,-14,-85,-65,1,-19,-94,8,-54,-60,-72,11,-19,3,-7,-18,-10,11,-4,-30,17,-8,-19,43,-32,14
38045,LaMoure County,-18,-57,-62,-51,-33,-113,-105,-58,-125,-55,-2,-16,0,10,1,28,-19,-19,-42,-42,-5,-26,11,9,-21
38047,Logan County,-13,-65,-20,-52,-23,-42,-55,21,-14,-52,9,-17,-26,3,20,-9,10,-1,-35,-32,6,-2,-23,26,3
38049,McHenry County,-29,-134,-74,-34,-81,-107,-48,-137,-31,-25,1,101,277,91,72,3,-18,-96,-93,-67,-13,-45,-21,-58,-16
38051,McIntosh County,-6,-34,-58,-11,-62,-56,-43,-94,-49,-28,-8,-13,24,16,35,-8,-93,24,-10,-49,-2,19,-4,9,6
38053,McKenzie County,-26,-118,1,-103,-22,62,-55,46,44,150,43,562,893,1178,1518,1599,-384,-62,700,1226,2,-995,-97,251,352
38055,McLean County,-43,-106,-89,-44,-124,-154,-48,45,58,-39,33,88,285,105,64,82,-40,-9,-124,-92,-2,71,58,-8,18
38057,Mercer County,-50,-117,-20,-94,-95,-112,-119,-13,-113,-8,-8,-22,22,97,106,65,-182,-189,-212,-86,-11,-16,18,-2,7
38059,Morton County,-10,-241,-68,-101,29,69,185,190,224,144,80,28,225,644,654,284,234,15,-8,162,18,205,111,235,69
38061,Mountrail County,-23,-55,-44,-9,45,-26,-98,54,30,168,42,330,543,501,314,493,-163,-62,-142,217,-29,-261,-386,107,11
38063,Nelson County,-3,-62,-103,7,42,23,-82,-6,-19,-4,6,-24,30,11,-18,-58,-5,53,8,22,-12,83,-14,11,-2
38065,Oliver County,-12,-84,-51,-49,-43,-54,-56,-27,-53,-41,-7,1,-8,32,-29,-11,21,24,-3,-1,-9,2,-21,6,1
38067,Pembina County,-35,-196,-134,-12,-79,-170,-109,-146,-129,-57,13,-56,-128,-99,-22,-46,-5,-90,-56,-80,-13,-33,12,-58,-74
38069,Pierce County,-18,-46,-53,-62,-86,-62,-4,-44,-11,-66,4,33,101,-15,-38,-76,-42,-105,-21,-82,-15,15,11,0,-17
38071,Ramsey County,-42,-191,-17,-181,-92,-104,-96,-11,74,-74,11,21,58,-50,21,35,-146,16,-64,-104,-23,39,-62,-29,17
38073,Ransom County,2,17,8,23,-22,8,-51,61,-64,-148,-20,11,50,34,-46,29,-49,-48,-49,18,4,-1,7,-4,11
38075,Renville County,-14,-50,3,-43,-25,-20,-40,-87,-52,19,4,11,56,51,-38,-24,-36,-66,-90,-22,-7,3,-8,41,21
38077,Richland County,-65,-381,-262,121,-229,-236,-495,-301,-212,-361,5,-62,-80,17,9,-95,-54,-65,-111,-116,-21,-17,-7,12,68
38079,Rolette County,-33,-110,-201,-252,-131,-152,-201,-139,-155,-118,9,23,41,105,-113,-180,-135,-208,-352,-213,-25,-125,-169,-119,-54
38081,Sargent County,-9,-38,-91,-110,-66,30,31,-48,-93,-74,-24,-20,104,-21,42,-59,2,-37,-19,34,-10,-5,-11,-21,-74
38083,Sheridan County,-8,-69,-44,-39,-62,-29,-45,-39,-60,-21,-6,1,-29,38,10,-22,25,7,-14,-33,-6,13,36,-7,-23
38085,Sioux County,-4,-126,6,-67,-27,-62,-24,-88,-84,-15,-14,32,25,64,-28,-144,45,-88,-81,-154,-16,-118,-54,-40,72
38087,Slope County,-10,-26,-16,-21,-13,-11,6,-41,9,-28,0,-11,36,1,1,-2,-1,-17,-14,-19,-2,-13,-15,-10,-23
38089,Stark County,-109,-204,-217,-112,-53,-18,-27,237,29,240,117,765,1453,1175,1669,1215,-1305,-876,325,326,97,-955,-498,118,398
38091,Steele County,-13,-50,-67,-44,-24,-48,-75,-60,-51,-76,10,-20,-20,-35,-3,-1,-12,-10,-21,-17,-4,12,-11,-10,0
38093,Stutsman County,-47,-220,-155,-207,-186,-82,-22,-268,-109,117,14,-85,-21,113,26,-58,29,94,-257,-181,-41,98,-32,12,-39
38095,Towner County,-16,-61,-50,-55,-51,-60,-49,-73,-68,4,0,28,26,-11,9,-18,-2,-2,-55,7,-14,-4,-58,-28,12
38097,Traill County,-9,-114,-45,-42,70,-40,-108,41,-154,-32,-13,-47,3,105,-148,-41,24,-19,5,12,-11,9,11,-2,29
38099,Walsh County,-42,-249,-243,-107,-140,-40,-172,-182,-113,-92,-22,-81,3,69,-151,-58,-34,-20,-154,2,-28,-24,-4,-164,-41
38101,Ward County,-232,-1238,-981,-637,-212,-1008,-756,-530,-530,432,270,1506,6,1884,699,1005,-2021,-1697,-1432,-681,-129,-947,-1044,-951,-483
38103,Wells County,-18,-164,-74,-61,-57,-58,-130,-50,-36,-30,3,61,58,-46,-6,-14,-32,-33,-75,-69,-10,-39,46,-13,-31
38105,Williams County,-116,-232,22,-153,-96,-28,90,212,138,555,123,1681,2016,2476,2078,2653,-1569,-1207,1528,1624,76,-2915,-927,807,1028
39001,Adams County,-21,82,192,153,94,49,-49,-203,10,-208,11,-126,-173,-232,-6,-110,-89,-45,-84,-16,-12,193,64,162,181
39003,Allen County,4,-731,-617,-1665,-1076,-604,-750,-578,-467,-843,-64,-611,-917,-338,-456,-900,-610,-599,-518,-509,-104,-258,-436,-148,116
39005,Ashland County,-7,57,36,297,113,175,227,313,-11,-126,99,-94,-74,-147,-118,80,192,171,1,-229,19,-191,-5,281,334
39007,Ashtabula County,-67,-122,-97,-80,-305,-210,-514,-472,-653,-369,-91,-319,-767,-436,-663,-522,-180,-331,-108,-313,-41,273,39,280,273
39009,Athens County,48,391,148,153,-880,553,-89,-387,209,-322,381,-134,-604,-120,91,1046,451,112,-994,-177,-48,-2863,1895,1902,463
39011,Auglaize County,-47,-135,-228,-168,-39,111,-209,-113,114,-227,-51,-270,-27,18,-98,-100,-18,-112,-94,-147,21,-158,-240,126,-19
39013,Belmont County,-79,-227,336,-51,-4,-35,205,-45,-146,167,-36,-4,-177,74,-38,-229,-156,-329,-166,-276,-110,25,89,-49,201
39015,Brown County,223,33,323,189,-17,-14,-23,-57,-6,-28,9,-260,-423,-179,-191,-226,-31,-66,104,-110,1,167,216,205,524
39017,Butler County,294,1079,772,1362,1383,1754,3443,1924,510,256,462,-469,-1013,-821,1112,1053,1118,1325,329,157,168,-3197,2939,4037,2652
39019,Carroll County,18,39,79,65,-98,-191,-26,-181,-154,-177,-23,-42,-220,-273,-54,-342,-86,-236,-203,-134,-1,114,167,236,-129
39021,Champaign County,17,-19,79,-81,26,-134,199,-8,13,-139,-49,-272,-272,-155,-407,-73,-204,107,-77,90,20,125,49,110,39
39023,Clark County,-140,-942,-609,-1450,-400,44,-758,-1026,-577,-301,-114,-483,-515,-375,-248,-383,-786,113,62,-332,-60,163,-18,947,1044
39025,Clermont County,227,523,985,889,1379,983,1296,616,163,-326,57,368,-199,319,383,-48,651,621,805,460,51,1219,1238,1437,1902
39027,Clinton County,101,111,100,72,197,107,569,-43,-25,-291,-153,-82,-145,-41,-133,-42,-32,71,73,-126,-10,129,-63,140,31
39029,Columbiana County,-70,-649,-229,-136,-405,-705,-154,-552,-698,-354,5,-403,-756,-518,-198,-635,-718,-522,-330,-383,-69,96,-77,106,109
39031,Coshocton County,22,47,-36,13,-55,-245,-188,-350,-400,-207,-6,-48,-146,-139,-173,-50,-42,-188,42,-46,-21,73,87,322,131
39033,Crawford County,-116,-379,-354,-461,-305,-335,-727,-319,-396,-359,-47,-461,-450,6,-225,-15,-146,-255,-125,54,6,-11,19,187,190
39035,Cuyahoga County,-3029,-12424,-13553,-15122,-15088,-18140,-20539,-14352,-13174,-8888,-2626,-9030,-5194,-1625,-3894,-5891,-5689,-6922,-6214,-7122,-1748,-12215,-6587,-968,-221
39037,Darke County,-73,-317,-216,6,-108,-258,-438,-213,-341,-277,-7,-358,-244,-207,-207,-171,-352,-89,-304,-199,17,-189,73,-34,66
39039,Defiance County,-121,-209,-366,-359,-318,-274,-140,-299,-99,-261,59,-199,-253,-339,-78,-219,-221,4,-120,-37,-35,14,61,242,68
39041,Delaware County,1477,5259,5665,5209,5583,5707,4512,3387,2435,1848,597,2259,1399,3030,2777,2819,2696,2722,3276,3225,892,5771,4819,4671,4231
39043,Erie County,-8,-440,-584,-206,-164,-502,-211,-179,-78,-444,-17,-164,-91,-252,-182,-286,-196,1,-112,-106,-48,-226,36,-126,239
39045,Fairfield County,387,2018,2262,2554,2698,1915,1297,1068,419,698,100,266,-401,959,1131,493,1101,1561,919,1278,520,1733,2057,2444,2141
39047,Fayette County,-17,-247,-71,18,-55,80,-34,-10,-144,-120,2,-157,-133,-65,-15,-23,63,56,28,-147,29,5,45,47,54
39049,Franklin County,886,2150,-2952,-2364,-4167,-2827,1035,1333,4207,5822,300,5322,8741,10148,9496,9745,7485,11870,3659,628,-1150,-12628,4382,3969,9153
39051,Fulton County,-15,-169,-80,-17,182,-63,-326,-177,-206,-222,-69,-361,-108,-208,66,-180,-54,-89,-31,-199,-67,-98,-252,-36,145
39053,Gallia County,0,-120,42,-58,-114,-48,-160,10,-66,-241,117,-53,-200,-194,-272,-188,-42,-18,-174,-8,-5,19,-87,59,71
39055,Geauga County,163,6,374,855,32,237,81,-166,-196,-170,-32,-261,304,-43,-17,-131,-109,-22,-21,-412,-30,329,19,-36,95
39057,Greene County,107,279,963,703,1072,-258,302,55,-118,-148,-135,1508,401,-886,293,-743,620,986,660,1271,95,238,1303,827,2033
39059,Guernsey County,-12,-45,88,64,-237,-265,-184,-122,-272,-178,36,-254,-47,-179,2,-292,-201,-104,-21,-98,-6,-2,20,201,283
39061,Hamilton County,-2119,-7355,-11130,-11600,-11039,-10469,-8954,-6999,-6103,-1573,-998,-4874,-1666,-510,-620,-973,-1035,346,-1386,-740,-790,-4450,-1581,3437,4145
39063,Hancock County,-36,331,338,207,125,-218,256,255,-338,-139,-147,68,336,-58,-583,213,29,1,-141,-296,-57,-160,179,69,91
39065,Hardin County,-53,-311,-22,-213,328,-232,-101,97,-70,-58,15,-379,-236,51,-46,-218,-272,-91,-1,-101,25,-235,92,65,-149
39067,Harrison County,-5,-65,83,86,-123,38,-56,3,-82,-47,-13,11,-60,-52,-43,-68,-104,-1,12,-68,10,70,17,-73,-67
39069,Henry County,-43,-175,11,-110,-54,-68,-97,-464,-202,-267,-56,-216,-235,-105,-263,-135,-196,-128,-118,-137,-8,-68,59,87,1
39071,Highland County,88,37,284,82,362,-233,272,-3,-448,-386,-19,-309,-480,206,-208,-147,-27,-126,87,64,43,130,96,247,195
39073,Hocking County,-19,100,100,63,6,-26,-66,197,-61,-126,68,-14,-174,-678,85,-266,-140,81,-57,-49,-17,215,-137,-158,-21
39075,Holmes County,-30,87,54,-276,-88,-269,-336,-597,-343,-155,-53,-178,-175,-28,-299,-313,-431,-330,-383,-417,-102,-249,-427,-425,-144
39077,Huron County,-14,-307,2,-285,-157,-179,-205,-296,-299,-519,-81,-357,-328,-541,-361,-452,-138,-117,-141,-206,-67,32,-87,104,51
39079,Jackson County,-15,20,180,15,117,180,-131,-5,7,-1,35,-137,-267,-127,-65,-218,-43,-120,2,42,40,-62,222,90,104
39081,Jefferson County,-222,-539,-421,-203,-187,-455,-517,-448,-51,-299,0,-257,-166,-82,-33,-55,-309,-283,-302,-167,-22,374,-314,281,231
39083,Knox County,104,590,581,578,600,432,283,347,241,111,93,133,-634,-18,30,-140,-213,306,485,314,51,-245,665,129,393
39085,Lake County,-39,-166,6,-619,569,-86,483,753,963,497,-54,-9,-259,718,-259,215,-78,1038,289,350,48,484,758,696,1113
39087,Lawrence County,-90,-249,2,353,27,324,276,-49,-110,69,-40,-45,-310,-202,-278,-507,-98,-414,-89,-119,-51,-391,-303,3,132
39089,Licking County,245,683,584,1063,1308,1379,776,621,175,136,102,-33,6,454,529,894,1011,1274,1736,943,214,1224,2022,1573,1188
39091,Logan County,-43,-167,101,105,-76,-222,-243,134,-176,-105,-80,-256,-297,-100,12,-238,-168,88,53,292,-63,76,55,33,47
39093,Lorain County,85,-453,760,2144,534,1908,1419,484,616,13,24,-177,-695,1018,983,567,907,859,1585,720,528,1001,3214,2861,2870
39095,Lucas County,-763,-1770,-2610,-2495,-4413,-4046,-4691,-3546,-3813,-3347,-817,-3491,-4053,-1763,-3025,-2094,-1844,-2762,-2277,-2005,-342,-1394,-1919,-1173,-836
39097,Madison County,-57,-129,61,124,81,16,361,285,31,562,30,-375,-180,297,657,142,-749,672,330,295,1,667,-838,1006,1218
39099,Mahoning County,-539,-1758,-2173,-1077,-1714,-1833,-1609,-2541,-1801,-1484,-221,-344,-947,-622,-425,-738,-986,92,4,60,-203,-566,902,738,284
39101,Marion County,-126,-295,-216,35,-253,-50,-304,-88,5,-77,-46,-43,-402,-380,-235,-329,43,-335,349,-336,44,47,-478,356,260
39103,Medina County,476,1937,2422,2054,2177,1332,1583,909,1128,1183,130,478,-213,786,756,-28,412,1132,664,647,168,782,559,724,522
39105,Meigs County,-50,-48,95,28,-41,-17,-86,-55,-167,73,-24,-85,-68,-105,-154,-13,38,-36,46,-92,-19,74,59,-23,-100
39107,Mercer County,-41,-304,-182,-163,-135,-115,-68,-161,-242,-308,-54,-206,-104,-242,-40,-176,-161,-31,-199,-37,-49,-303,-150,-190,-39
39109,Miami County,17,-70,-130,162,304,361,79,-282,-109,-189,-93,114,58,210,489,59,380,621,777,850,120,584,1254,824,1044
39111,Monroe County,-17,-128,-138,-12,31,-205,-143,-107,1,-120,-36,14,-90,32,-131,-82,-129,-97,-92,-52,-11,36,10,34,-26
39113,Montgomery County,-1232,-5098,-4140,-2993,-3744,-4312,-5237,-4936,-4891,-3646,40,-1909,-1337,-876,-2535,-1264,-412,-598,-222,-440,-198,-127,-381,1636,2432
39115,Morgan County,-13,-90,-95,0,39,-29,-130,-93,-156,-78,-4,17,-65,10,-137,14,28,-41,-54,-47,-29,14,63,68,37
39117,Morrow County,106,447,331,375,338,122,110,200,-220,-98,-33,-38,-86,-64,18,-31,-61,-39,138,151,12,240,169,278,360
39119,Muskingum County,11,-120,235,-86,-53,-141,93,-416,-407,-278,51,-120,-527,-159,190,267,-226,160,-20,58,10,199,-204,243,323
39121,Noble County,24,-163,17,123,67,-154,333,-57,-105,14,-14,53,-99,-2,-149,-74,-15,-37,-53,79,-10,276,19,1,-56
39123,Ottawa County,13,-30,-18,245,177,56,18,38,-182,-19,-2,50,11,-11,18,-46,-131,332,331,-44,-8,143,168,142,180
39125,Paulding County,-62,-200,-313,-186,-208,-142,-204,-151,-206,-176,-44,-234,-145,-105,-259,-34,-123,-17,-105,-86,-2,91,-110,-19,88
39127,Perry County,-2,61,20,136,-11,-24,-31,-81,350,-204,-3,60,-297,-101,-133,-21,-63,-86,3,46,22,63,130,115,149
39129,Pickaway County,14,-699,-831,76,-61,517,904,749,165,-10,-19,118,212,58,232,155,539,254,347,366,126,185,1322,1138,1099
39131,Pike County,38,-71,132,51,-13,-287,135,-128,-56,-236,3,-147,-96,-114,-133,-86,-7,12,-112,-116,-4,75,52,120,190
39133,Portage County,116,151,351,529,-8,28,-420,553,272,427,-102,283,-512,282,664,130,-12,75,144,74,85,-2228,3157,1356,939
39135,Preble County,-29,-185,11,-176,-188,-234,-163,-291,-93,-328,-54,-186,-143,-148,-143,-193,-89,51,-77,-107,13,56,-82,130,299
39137,Putnam County,-21,-211,-229,-39,-257,-71,-265,-281,-311,-290,-85,-256,-337,-200,-108,-334,-150,-266,-167,-51,-57,-74,-39,-134,-162
39139,Richland County,-160,-1164,-134,-437,-593,-613,-902,-690,-1289,-847,-302,-1083,-610,-327,-405,-239,-466,-594,646,251,21,653,408,117,242
39141,Ross County,10,58,172,383,-30,334,356,391,49,-256,20,-459,-334,-34,-333,12,-141,387,-411,-211,6,-260,362,264,-36
39143,Sandusky County,-55,-369,-158,-423,-66,-322,-336,-410,-675,-364,-87,-354,-247,-443,-208,-364,-202,-141,-325,-199,-26,62,164,351,96
39145,Scioto County,-134,-745,-362,-736,-708,-227,-23,99,-31,-210,27,-219,-592,-445,-767,-348,-482,-264,-325,-31,-57,-329,-214,312,159
39147,Seneca County,-116,-367,-516,-323,-347,-438,-413,-276,-320,-623,-112,-132,-376,-239,-19,-184,-207,-130,-72,-42,-17,36,-129,124,67
39149,Shelby County,-21,-5,-251,-233,-308,-81,-263,-122,-161,-190,-137,-284,-339,-159,-350,-183,-406,-146,-251,-205,-86,-121,-367,36,32
39151,Stark County,-382,-1439,-902,-636,-469,-995,-391,48,-291,-1210,-279,-818,332,416,126,-819,-1323,-1114,-441,-518,-106,165,680,783,1461
39153,Summit County,43,-477,-1331,-1136,-1334,-1192,-1732,-2038,-2501,-1911,-404,-1015,-1021,761,-121,-707,-982,544,-250,-428,-349,-1478,832,1211,2082
39155,Trumbull County,-313,-1224,-1420,-1651,-1269,-1591,-1590,-1865,-2079,-868,-340,-676,-1146,-450,-998,-1132,-1175,-835,-1196,-115,-145,801,604,558,714
39157,Tuscarawas County,30,-107,147,-134,-20,-427,-372,-83,-278,-333,-54,-187,-213,108,-10,-78,-300,-306,-295,-137,-58,-383,-372,134,253
39159,Union County,200,922,161,516,636,353,983,662,183,123,25,358,-608,389,111,336,906,928,700,895,225,1908,1636,2550,1790
39161,Van Wert County,-56,-223,-154,-100,-43,-184,-28,-262,-254,-303,-66,-101,-17,-291,-22,5,-133,50,-65,-21,-20,-89,40,-68,170
39163,Vinton County,5,51,69,104,-26,9,88,-38,-170,-8,-20,-37,-166,80,-92,-143,-64,75,50,-47,2,-19,-69,-51,114
39165,Warren County,1879,4809,5563,5382,5775,5072,3738,3208,1900,1699,342,812,1009,1147,1318,1927,1937,1681,2696,2206,773,3418,3186,2926,1783
39167,Washington County,-67,-407,-304,78,70,-414,-293,-193,-264,-100,-69,7,-49,-4,-119,57,-254,44,-218,-66,-52,44,-150,49,215
39169,Wayne County,-63,-33,-129,-272,-400,-230,19,-680,-222,-559,-154,-160,-150,-94,-4,-166,-59,-816,-693,-377,-20,-756,609,-15,-74
39171,Williams County,-17,-161,-212,-331,-105,-239,-111,-100,-332,-390,-122,-29,-152,-135,-250,-205,-114,-167,43,-59,-46,-232,44,31,31
39173,Wood County,-11,364,-167,159,819,49,-110,-174,-520,-98,330,890,895,232,-12,-306,276,451,-173,179,7,-1768,1510,940,526
39175,Wyandot County,-20,-146,-39,-32,13,-170,-145,-116,-138,-82,-23,24,-142,-143,-170,-91,-106,4,-112,-113,-9,-89,-23,-21,106
40001,Adair County,-24,-123,-9,21,-57,97,108,-62,-236,-106,19,-214,-287,-130,-150,-174,-19,-238,66,-55,-54,38,124,117,193
40003,Alfalfa County,-12,-123,-20,-40,-16,-57,-44,1,-8,-88,4,42,29,199,-20,83,4,-18,-143,-56,15,11,14,-21,65
40005,Atoka County,-28,86,108,162,110,15,-15,116,85,-130,22,-73,-166,-106,6,-13,39,-79,-25,-58,43,175,93,238,55
40007,Beaver County,-53,-142,-86,-58,-78,-57,-104,1,-99,0,9,-29,-52,-52,-54,-82,-23,-78,-50,-13,-19,-19,44,-17,-78
40009,Beckham County,-61,44,68,-683,-1050,406,673,1354,556,-516,-124,121,634,249,-14,-145,-1234,-693,-128,83,-82,-228,20,138,116
4001,Apache County,-81,-2364,-1220,23,-752,-423,147,-463,-449,216,123,-127,-416,-369,-920,-1144,63,-186,-16,-75,-36,-142,470,-191,-207
40011,Blaine County,-23,114,-359,-452,1577,31,-238,120,15,-91,-2326,-237,112,-66,26,-104,-172,-91,-54,-36,-9,-108,-42,97,40
40013,Bryan County,35,-203,203,109,555,269,1213,425,745,144,105,414,145,589,294,467,507,789,688,753,249,999,1049,1027,1146
40015,Caddo County,-60,-195,-87,44,-45,-267,-85,-1238,719,964,33,-207,99,-194,-182,-37,165,-348,-300,-251,-46,-279,14,50,125
40017,Canadian County,283,1013,780,1059,1876,2112,2647,2667,1943,2089,543,2312,2289,2586,2523,3017,2429,2802,3673,3135,1133,6423,6402,5671,4725
40019,Carter County,-31,6,285,230,466,48,343,186,285,450,42,267,-70,416,62,-95,-227,-214,-122,-116,12,416,369,397,309
40021,Cherokee County,92,156,305,195,110,185,449,-154,376,128,92,405,95,-169,260,156,295,19,-300,31,26,645,532,174,639
40023,Choctaw County,-6,-223,95,-72,75,-69,37,-118,-164,-36,17,23,-77,-112,126,-97,-70,-52,-131,-14,12,211,145,-17,-6
40025,Cimarron County,-2,-83,-74,-63,-92,-75,-11,-30,-89,31,-12,3,-79,-64,-30,-71,-24,-20,-3,-40,-3,-37,-6,-36,-45
40027,Cleveland County,58,3166,2116,2647,1840,2388,5482,2096,3212,2483,693,3749,2828,2474,-1263,3097,2989,710,910,2221,536,1627,1797,1393,1666
40029,Coal County,-10,-7,-62,-15,-21,-121,-51,46,19,180,-12,41,-18,-147,-13,-102,60,-4,-111,-23,23,58,20,0,170
4003,Cochise County,115,66,705,839,1526,1802,651,211,-3,541,333,724,-1591,-2888,-2786,-1229,-980,-905,1579,-529,110,1203,-178,-402,797
40031,Comanche County,-591,-3462,-1131,-2375,2318,-2778,-480,1123,-3509,37,919,-528,-557,-2660,-1050,-1685,-2976,-617,-1878,-313,-112,897,-164,-970,-620
40033,Cotton County,22,-192,-53,68,-25,76,-41,-23,-99,3,3,5,-13,-1,-25,-103,-49,-53,-47,-141,21,-22,58,26,72
40035,Craig County,-8,-187,-43,49,70,196,20,132,-17,37,28,-23,-177,-20,-62,123,-185,-62,31,-81,46,128,74,340,59
40037,Creek County,133,261,295,-49,-275,-199,121,493,563,554,186,300,84,-201,-47,268,403,732,-111,-121,89,602,783,795,709
40039,Custer County,-95,-387,-549,27,-34,82,130,14,226,270,-3,65,573,543,-2,-60,-482,-397,-68,-113,-77,-219,-140,217,-120
40041,Delaware County,125,444,346,609,399,217,897,620,-79,130,86,196,178,98,178,96,367,823,309,378,94,971,828,460,204
40043,Dewey County,-23,-53,-73,-25,92,-87,-10,11,66,-9,8,-13,33,45,108,42,-76,5,25,-33,-13,-31,7,-101,48
40045,Ellis County,-23,-129,86,-22,11,-43,-77,65,35,42,2,-94,50,52,4,125,-132,-107,-12,-73,-8,18,-38,-24,-5
40047,Garfield County,-173,-620,-77,-112,-78,-418,3,-70,349,579,90,-227,367,736,131,119,-1015,-1077,-723,-283,-157,-661,132,36,-65
40049,Garvin County,48,-210,53,-35,-112,142,104,84,57,-30,-15,-24,-94,90,184,239,-12,-85,-75,-10,5,249,151,229,337
4005,Coconino County,52,-113,1364,35,613,102,-71,-118,-364,15,-69,-1426,828,-374,-68,501,671,-77,914,338,-25,-2361,1070,205,-143
40051,Grady County,29,234,642,380,768,910,1003,180,457,331,25,226,227,507,231,575,68,104,597,352,44,945,1205,798,860
40053,Grant County,-18,-64,-58,-30,-143,-15,-114,-3,-35,-112,18,35,-23,6,-36,24,-38,-56,-55,12,10,7,5,-16,52
40055,Greer County,-16,-179,58,-50,52,6,-9,81,11,15,-20,-48,-68,84,-19,-73,-78,-142,37,-101,5,28,103,-38,-46
40057,Harmon County,-2,-100,-93,-36,-26,30,-30,-90,-5,-10,10,5,-41,-30,-86,-30,-66,-2,-25,-42,-16,-39,31,-5,-65
40059,Harper County,-10,-116,10,-70,52,-29,31,-40,61,-25,-3,10,2,144,0,-89,-56,4,-66,-25,-13,-44,10,23,-3
40061,Haskell County,34,-69,-22,156,96,25,110,12,116,114,-11,2,27,119,-103,-106,-49,102,-64,9,2,112,119,193,70
40063,Hughes County,-23,-197,102,-49,9,-30,-102,29,6,204,22,-253,-56,77,82,-42,-136,-97,58,-12,-19,138,109,67,35
40065,Jackson County,-219,-533,-722,-295,-168,-828,-358,-701,-647,-169,-20,-240,-403,-298,-450,-500,-168,-465,-479,-389,-61,-36,-132,-31,-163
40067,Jefferson County,-42,-82,-84,11,-30,-25,-74,-41,-11,97,-23,46,-98,36,-33,-15,5,-56,-36,-82,-2,138,57,-26,65
40069,Johnston County,5,-49,-31,11,-92,-37,191,-6,-82,-4,34,112,-102,8,86,-126,167,22,-100,84,-34,142,71,-70,134
4007,Gila County,3,-204,103,-349,-66,165,795,498,98,-56,19,-88,-333,79,168,117,617,439,463,513,201,773,889,578,502
40071,Kay County,-181,-540,66,-477,-499,-518,-462,121,-251,77,-191,-600,-245,-184,-141,-214,-371,-519,-407,-365,-73,327,206,18,-94
40073,Kingfisher County,-31,-65,-57,111,14,79,5,110,-76,65,8,53,-167,212,150,13,-22,60,96,-84,-30,66,62,272,182
40075,Kiowa County,-4,-138,-19,-25,-72,55,-148,-159,-29,-122,-12,25,-65,25,-55,-131,-65,-144,-115,-30,4,-25,107,-48,5
40077,Latimer County,-30,-65,24,-85,59,24,15,-38,135,27,-18,-8,-180,-206,8,-135,-50,-187,-130,-107,23,25,163,30,14
40079,Le Flore County,-24,-285,171,9,7,126,204,215,65,-1,89,-91,-235,-101,-159,-206,146,-76,157,-150,66,631,548,541,228
40081,Lincoln County,44,-61,-43,-2,4,-111,181,-44,-188,34,35,-101,-99,57,302,332,-39,126,-110,67,34,480,448,545,449
40083,Logan County,22,512,119,616,-525,303,259,1409,876,668,170,399,322,674,696,498,489,623,308,640,175,1218,1016,1011,665
40085,Love County,-5,-77,73,48,98,62,25,-9,10,7,16,-53,145,98,43,84,188,60,71,96,17,107,3,195,212
40087,McClain County,32,-136,135,452,373,778,878,846,379,473,165,360,325,751,683,664,532,642,573,560,250,1751,1789,1561,1319
40089,McCurtain County,-42,-403,-155,-226,-295,-15,-49,-156,-136,-258,10,7,-42,-201,-90,-36,-128,-47,-113,-149,9,146,185,87,-49
4009,Graham County,7,-431,-343,-522,-487,62,473,1175,1111,517,-144,-300,-386,135,300,-543,-336,-607,334,637,46,193,-178,657,558
40091,McIntosh County,51,22,118,34,64,29,153,244,28,183,52,162,52,3,-48,-45,-4,54,177,-12,56,524,368,393,180
40093,Major County,-11,37,-22,-139,-21,-63,54,-10,-43,70,-24,112,32,-11,53,-26,-13,-71,-50,-10,-21,-67,-59,75,-27
40095,Marshall County,-28,194,250,113,266,482,187,221,73,-2,32,112,67,19,121,148,-19,133,336,173,37,300,425,85,211
40097,Mayes County,38,-61,-35,151,176,112,224,190,156,-142,-5,9,-134,-237,-124,23,137,38,232,-34,44,344,467,436,259
40099,Murray County,-18,84,-47,55,-22,94,124,-9,135,171,31,117,54,86,95,126,83,30,103,146,-13,-75,54,130,104
40101,Muskogee County,-88,-12,-108,338,-123,213,90,48,-112,506,51,-362,-359,-386,-460,-356,-181,38,-552,-243,-86,282,386,554,260
40103,Noble County,-41,11,-147,-35,-79,-77,-89,-91,4,-98,-11,2,-39,-120,128,9,-132,-70,-15,-143,-8,60,8,63,91
40105,Nowata County,31,7,4,198,-158,47,17,48,16,-230,-15,106,5,-16,-20,49,-93,-71,-40,-193,-3,82,122,60,128
40107,Okfuskee County,9,-71,-132,14,-68,-156,-52,-25,-77,-228,16,72,-4,-25,-76,-16,-9,34,34,-62,-35,37,64,109,110
40109,Oklahoma County,60,-223,2737,40,-1349,1244,1936,261,774,5114,909,4942,7087,7164,5425,4908,1900,-3055,524,2837,735,-622,3679,3256,4320
4011,Greenlee County,-2,-311,-613,-383,-97,-49,126,249,190,-111,-103,182,133,99,332,120,-16,-294,-90,-44,-43,-164,-94,25,-46
40111,Okmulgee County,-79,-94,-76,64,-65,-261,-223,73,-251,105,41,-297,-264,-119,-363,17,44,-149,-413,271,-5,382,409,218,336
40113,Osage County,65,312,-125,-27,-73,179,-64,250,-143,-303,-10,238,-252,-59,107,-129,52,20,-186,-52,-26,304,208,430,693
40115,Ottawa County,12,-168,-389,-155,33,146,252,-562,-656,-48,-16,-1,316,-77,-257,-83,-220,-142,-19,-131,-35,301,130,44,225
40117,Pawnee County,72,70,-16,-135,-118,-4,7,-43,-187,98,9,168,-255,34,-102,83,62,-44,-57,27,5,285,82,272,273
40119,Payne County,-1,1727,213,669,-166,-874,1634,-1819,26,560,-36,416,183,593,482,466,143,-199,23,-618,-49,503,706,534,191
4012,La Paz County,-44,-106,-155,164,182,337,98,7,-166,-18,-6,114,-47,58,32,5,240,157,451,191,60,42,344,365,261
40121,Pittsburg County,6,-468,460,43,-25,333,431,225,323,390,-11,0,-115,-221,-331,29,-255,-135,-161,-108,31,134,184,208,240
40123,Pontotoc County,13,-265,53,111,45,157,202,503,389,295,35,55,164,1,-31,-22,94,-232,-124,36,19,120,3,458,-126
40125,Pottawatomie County,115,447,198,828,-216,190,313,748,-13,558,122,192,331,241,497,-98,489,198,377,78,73,765,606,616,811
40127,Pushmataha County,5,24,-15,5,52,-41,57,115,54,137,7,-115,-134,-8,-56,62,-74,105,95,-61,5,98,96,236,76
40129,Roger Mills County,-6,-111,-120,-34,64,43,-32,15,55,-2,1,98,-2,-51,19,3,-128,-12,-33,-77,-6,-39,-6,-39,-29
4013,Maricopa County,17866,72410,69273,60228,80050,110477,93508,55627,46578,26015,1334,22462,43711,42725,48027,51864,58994,48026,55207,62997,18617,49085,51480,30403,40729
40131,Rogers County,647,1273,1729,1585,1405,936,1574,1414,973,875,56,349,324,484,432,656,776,331,374,558,107,1628,2236,1107,1069
40133,Seminole County,-46,-358,-286,-153,42,-42,11,-110,11,85,-19,-71,-18,42,-44,128,-276,-288,-289,-213,-6,171,80,206,-119
40135,Sequoyah County,31,97,61,150,331,85,435,84,31,307,31,-163,-441,-216,84,-86,133,-45,-103,20,-2,429,458,463,309
40137,Stephens County,-84,-273,-76,-113,272,157,245,423,143,96,33,25,-207,151,-439,88,-563,-622,-101,47,-20,572,725,550,181
40139,Texas County,39,-351,-303,-415,99,-408,-128,-227,150,254,114,249,106,220,-546,-482,-444,-470,-629,-714,-109,-502,-382,-343,-148
40141,Tillman County,-41,-41,-344,-41,-128,-217,-96,-138,-205,-165,-4,3,-187,-109,-52,-96,-34,-103,-78,-70,-5,145,-4,-39,-63
40143,Tulsa County,-554,-536,-128,-4154,-5321,-999,3594,3700,2983,5514,527,618,2070,5054,3647,5709,1620,-3088,-1414,1277,767,1678,4586,5429,6949
40145,Wagoner County,134,728,1062,597,669,871,1686,1653,1318,809,203,356,660,386,-184,825,669,1087,921,1012,393,2969,2462,2498,1789
40147,Washington County,-29,-82,144,12,-47,-86,343,778,519,-7,53,218,240,20,344,81,-114,-19,-128,-172,166,397,605,565,327
40149,Washita County,-16,-97,-60,-41,18,17,180,137,36,101,-5,-4,41,102,-175,86,-277,-342,-24,-95,-14,19,-113,39,143
4015,Mohave County,1193,3896,5422,5794,7675,7955,7040,2939,-184,-489,214,2847,1216,687,1031,2150,2126,3012,3824,4478,1740,5958,5960,4950,4717
40151,Woods County,-32,-141,54,-177,-39,21,-103,66,-84,50,16,-129,57,149,244,21,-166,-108,-171,-97,-18,32,3,-33,29
40153,Woodward County,-85,-141,-20,-23,216,53,111,468,19,106,-136,6,417,401,163,-55,-752,-507,-282,-126,-66,-137,-176,-31,-159
4017,Navajo County,181,-150,1885,1063,951,986,1093,879,212,-517,-32,-999,-951,-819,-60,-674,289,141,855,355,164,1473,1521,783,491
4019,Pima County,3519,8080,12317,8895,11848,15399,16974,10748,8022,5143,580,3352,1761,1058,4075,2414,5741,8098,9252,10005,2376,6442,11283,8550,9681
4021,Pinal County,1353,4286,6729,7619,8988,12843,30867,28445,22444,8259,2544,-3624,2191,1072,7812,8480,10057,12994,13960,14667,4674,20010,15533,19518,27298
4023,Santa Cruz County,7,-124,-170,-172,34,432,423,118,-32,115,-151,-182,-707,-815,-657,-442,-474,-185,-499,-201,-14,217,506,367,316
4025,Yavapai County,1447,4585,5409,5054,6670,8337,9435,5192,3042,914,173,835,1791,3231,4135,3929,4824,4728,5089,4564,1682,7984,5792,4709,3946
4027,Yuma County,201,702,1073,1412,2828,4155,3195,1835,2000,1564,857,3781,-2256,-1832,-161,-476,566,730,727,903,561,1536,593,4034,6146
41001,Baker County,-10,-50,-214,-24,25,-117,20,55,51,51,-22,-10,-47,52,36,-73,156,167,-15,149,68,261,175,96,-22
41003,Benton County,-10,-271,1148,-391,-633,233,460,1163,-20,548,-112,477,259,-707,883,980,1433,1716,535,499,-1274,-499,3992,842,-202
41005,Clackamas County,709,4107,5729,3150,3979,3838,4718,3538,4353,3376,531,2079,2580,3524,5035,5540,6181,5137,2301,2363,931,1109,-44,1402,1389
41007,Clatsop County,-73,47,93,193,292,413,289,228,-26,123,19,80,125,-293,302,340,834,448,649,530,86,934,-39,-269,230
41009,Columbia County,59,450,831,434,498,690,1073,558,275,97,-51,-56,-212,-71,172,80,1193,780,487,114,83,571,522,436,269
41011,Coos County,-90,-260,426,582,849,900,232,-221,-53,50,31,-4,195,-106,217,582,945,706,904,553,142,657,638,63,292
41013,Crook County,133,545,173,325,744,486,792,226,80,-350,-116,-161,18,138,288,542,867,769,778,585,220,943,644,628,455
41015,Curry County,-7,163,469,316,622,288,-103,-141,-90,111,40,273,-66,159,121,361,529,267,319,308,174,574,230,-16,-158
41017,Deschutes County,1110,3603,4356,3257,4332,6302,6985,3666,3425,-38,-24,1419,1327,3501,3692,4254,6046,5814,4761,5446,1222,6030,1084,2158,2507
41019,Douglas County,26,-155,713,1006,922,1020,1028,64,-54,-152,66,-63,31,-108,474,760,1319,1516,1368,1274,285,1668,1166,1078,700
41021,Gilliam County,-5,-34,-36,-75,22,-14,-42,-31,40,-54,3,69,6,-11,-18,-57,-1,5,36,32,20,1,13,37,-38
41023,Grant County,-24,-421,-83,-4,-85,-67,-28,-126,9,-56,18,-40,-59,-31,-63,29,-5,38,36,38,14,92,-12,37,-84
41025,Harney County,17,-263,-145,-140,-121,-171,-3,-15,-34,1,-17,-23,-127,-77,-37,27,106,22,23,115,5,122,-29,-61,-30
41027,Hood River County,17,-211,79,-104,109,48,33,-70,170,283,52,-128,14,-93,36,141,33,256,-208,36,-87,90,-40,-219,-69
41029,Jackson County,462,2004,2699,2930,2221,2231,2026,1884,1439,559,127,1189,1069,1299,1956,2172,2919,2534,2821,1611,564,1378,-1519,-44,826
41031,Jefferson County,60,231,-3,-29,-188,-24,117,359,-296,-622,-80,-16,-22,-44,260,261,428,534,421,474,54,608,240,204,158
41033,Josephine County,168,717,1460,1214,1141,1033,1115,305,668,40,176,260,435,729,564,1455,1301,1484,910,667,231,987,6,815,835
41035,Klamath County,60,117,-50,435,158,640,640,358,-193,-446,-79,-129,-431,-300,-430,334,481,653,930,618,246,1082,327,182,333
41037,Lake County,-16,37,-91,-19,-67,-82,166,14,10,-106,-9,47,-114,14,33,-25,79,59,-7,80,15,169,138,-5,-95
41039,Lane County,195,848,2316,2691,1037,3196,3677,4812,2848,1811,41,1780,1046,329,2328,3719,6835,6572,3550,3717,1546,2951,1839,-2739,1426
41041,Lincoln County,-113,-255,626,311,593,631,316,379,225,248,32,28,423,273,139,766,947,1147,714,959,229,877,176,502,361
41043,Linn County,-211,348,786,1159,546,1164,2352,1717,1890,746,94,949,-185,-86,417,1019,2333,2036,2219,2087,366,1123,838,1161,1076
41045,Malheur County,-131,-279,-364,-369,-274,-203,-213,-90,-367,-292,-51,-510,-321,-295,-400,-205,-11,-69,59,-117,50,43,191,403,15
41047,Marion County,202,1423,3035,1435,434,694,2219,1761,1066,2006,64,190,146,43,1243,3052,4643,3583,3309,892,85,625,414,1161,2659
41049,Morrow County,8,27,217,-43,-97,-165,-7,-221,-66,123,20,-96,-81,-86,-173,-62,7,-117,61,164,4,75,-83,27,68
41051,Multnomah County,119,4912,4250,-795,-9593,-1047,4930,9558,10621,9730,882,8253,6247,2634,7766,7727,9603,1884,-1262,1501,186,-11635,-9444,-2516,374
41053,Polk County,210,966,849,1002,1614,2114,2448,1850,1651,816,111,133,19,147,889,1184,2246,2021,1140,948,566,1489,515,354,200
41055,Sherman County,-12,-73,-81,-14,-72,-1,7,28,-31,45,10,-35,-4,-20,-8,-21,19,33,-38,76,1,40,41,7,52
41057,Tillamook County,-19,137,97,187,221,193,189,57,-91,-17,25,181,-86,78,16,289,599,492,243,399,118,493,-48,138,109
41059,Umatilla County,12,-676,926,94,28,-285,-508,-589,-423,206,39,290,-277,-629,-648,-567,-99,163,-1,249,-222,-258,119,226,691
41061,Union County,-5,-208,92,-34,-170,87,-62,456,-66,-149,8,133,-165,-332,60,55,341,290,295,137,-23,156,1,-148,103
41063,Wallowa County,-6,-98,-64,-24,-95,-26,-32,52,35,57,18,-8,-141,1,26,59,118,136,52,160,8,186,130,71,-40
41065,Wasco County,22,-106,-162,106,-133,33,120,202,84,305,36,-30,158,-37,-43,213,326,517,141,251,-47,200,-51,-54,247
41067,Washington County,1838,9257,4841,2446,2729,7503,8437,3322,3800,5220,614,5079,3406,2657,3225,6580,8551,3024,2454,1671,-182,-1187,-4103,2161,2937
41069,Wheeler County,-1,-42,32,-6,-35,-41,19,11,-18,-9,8,-19,12,-26,-25,-6,-4,36,12,-11,15,5,3,15,27
41071,Yamhill County,99,600,825,796,520,1116,2079,2188,1165,511,56,72,-81,-280,645,456,2423,1026,1022,541,-38,320,-76,1330,1243
42001,Adams County,248,1028,1340,1530,1818,1278,1228,552,501,186,-7,-131,-255,-180,136,471,159,678,595,4,46,2283,608,1241,480
42003,Allegheny County,-1730,-5030,-4053,-5303,-8574,-10324,-7178,-2299,-442,1997,586,5054,3253,3640,-285,-3137,-2263,-5064,-1790,-151,-831,-1961,-8678,-2147,204
42005,Armstrong County,-47,-304,-85,-1,-212,-707,-569,-198,-206,-442,-35,-243,-261,-78,-198,-479,-263,-166,-376,-378,-30,93,69,-182,-46
42007,Beaver County,-304,-1023,-434,-158,-501,-1011,-1054,-481,-321,-369,95,-18,218,188,-308,-192,-1028,-585,-424,-77,-156,-107,-138,737,842
42009,Bedford County,12,-185,-107,35,-22,-153,138,22,105,-228,-30,-4,-8,-215,-76,-287,-17,-88,-183,-99,13,173,208,182,206
42011,Berks County,517,1999,2705,3226,3573,3648,4213,1700,705,802,129,-274,-691,-617,-494,-300,-130,1094,2224,-177,-66,923,2768,2695,3027
42013,Blair County,-144,-398,-611,-209,-61,-306,355,106,29,330,0,192,-224,-319,-289,-365,-540,-135,-262,-195,-74,171,-631,167,206
42015,Bradford County,-43,-248,-214,-360,-110,-117,-282,-229,-280,-134,1,344,-210,-564,-695,-275,-541,-116,-102,-377,-16,279,-27,82,16
42017,Bucks County,1103,2217,2884,1657,2203,1355,1738,271,620,1032,-121,165,-980,-320,210,249,573,1354,1344,919,146,2269,110,2704,1548
42019,Butler County,282,1170,1439,1109,649,694,1266,710,987,726,130,670,288,337,802,317,346,958,1067,489,320,3609,1482,1797,1091
42021,Cambria County,-306,-592,-598,-463,-543,-436,-374,-315,-316,-131,-95,-357,-649,-2285,-888,-924,-1091,-860,-943,-745,-164,-3,192,23,82
42023,Cameron County,-21,-35,-56,-53,-120,-63,-60,-41,-69,-85,-7,-39,-16,-25,-101,-49,-49,-64,-93,-20,-12,-21,1,28,0
42025,Carbon County,55,598,583,617,827,1102,854,1194,514,333,3,97,-67,-66,-76,-221,-36,538,575,225,77,1155,399,315,598
42027,Centre County,52,674,2235,1075,182,298,2066,-441,1064,287,97,587,408,2051,1151,498,1271,28,244,-266,-142,-47,68,801,-260
42029,Chester County,1627,3900,4840,4979,5674,5455,6053,4647,3004,2780,309,1590,721,1339,1896,484,156,993,2031,1843,182,5164,5085,3065,2101
42031,Clarion County,-23,-247,-281,63,-779,-21,113,-254,-72,-232,-45,-17,-414,-388,-153,-27,-282,438,-273,-164,-16,628,-80,-172,-87
42033,Clearfield County,-9,-212,167,-234,-171,0,921,418,-191,-98,11,52,185,180,-220,-146,-374,-111,-8,-102,-55,-1472,71,857,146
42035,Clinton County,-7,-176,-166,-102,-121,-10,24,-150,-152,-230,0,212,190,50,-364,-139,-402,-144,-148,-33,-72,758,-93,22,68
42037,Columbia County,-55,272,175,267,287,50,172,170,309,105,27,-211,39,202,-10,-309,-424,-372,-175,-31,19,587,660,631,454
42039,Crawford County,-62,-295,-164,-308,-250,-342,-140,-46,-526,-61,-109,-329,-462,-147,-231,-534,-162,-425,-646,-425,-128,-265,-461,-122,140
42041,Cumberland County,232,1126,2120,1960,1613,1908,3065,1527,2113,1810,408,855,1913,1717,1853,2242,1255,1515,1911,1988,705,5784,3227,2549,3453
42043,Dauphin County,-199,-675,507,11,-738,-123,791,951,234,-186,-115,-16,-213,465,-182,-84,208,731,342,673,107,1143,833,1545,1429
42045,Delaware County,-234,117,-428,-483,-1318,-306,474,48,148,642,-93,-1110,56,-149,-202,-818,-727,-676,273,521,-144,-26,-1088,1778,1715
42047,Elk County,-95,-251,-365,-200,-226,-434,-317,-168,-286,-181,-54,25,-97,-99,-221,-175,-285,-146,-50,-108,-34,6,-110,-71,17
42049,Erie County,-367,-995,-980,-1088,-3026,-1328,381,-807,-991,55,-43,70,-185,-1089,-1682,-1483,-2255,-2691,-2086,-1872,-239,-679,390,-671,-551
42051,Fayette County,-95,-967,-415,-293,1039,-174,-299,-53,-458,-418,-16,24,-291,-238,-227,-337,-539,-467,-412,-469,-137,-507,-361,17,284
42053,Forest County,12,125,-6,11,911,782,528,-27,-88,0,1,26,-31,3,-25,-34,-2,51,35,22,0,10,-217,-71,184
42055,Franklin County,92,441,906,998,1709,2379,2445,1368,1234,774,111,549,26,145,218,183,360,431,128,359,12,956,875,1256,1268
42057,Fulton County,-22,-58,64,149,50,65,126,132,-51,-102,4,-102,-42,-51,-76,24,34,-17,60,16,5,20,102,10,-13
42059,Greene County,-21,-192,-16,-168,-251,415,-450,-193,31,-108,-31,-215,-287,-135,-97,-316,-144,-331,-118,-361,-63,-383,-467,205,-259
42061,Huntingdon County,-7,-99,42,81,36,-32,-103,75,19,-113,9,20,-28,-40,-63,-187,-38,160,107,-72,-30,63,-511,372,-37
42063,Indiana County,-68,-265,-135,167,-412,-336,-116,-336,147,-68,-21,-177,-340,-58,-705,-535,-1541,-183,-121,-231,-48,206,267,458,506
42065,Jefferson County,-59,-164,-83,106,-78,-31,3,5,-73,-231,42,-188,-70,110,-280,-160,-236,-121,-118,-128,-18,-165,-148,66,-126
42067,Juniata County,10,-142,31,48,82,-8,-78,-73,-46,-41,-2,39,-136,-168,5,-70,113,47,42,23,-34,-97,50,94,17
42069,Lackawanna County,-226,-13,-197,56,507,518,402,789,314,-85,156,348,322,178,-445,-437,-428,-72,410,-94,-97,1230,758,1400,969
42071,Lancaster County,443,601,1762,2031,2012,1838,2868,2067,1788,1373,241,1139,497,1230,1023,448,296,1255,665,-205,-221,2098,-85,1843,433
42073,Lawrence County,-42,-300,-19,-154,-267,-355,-443,-238,-177,-224,-99,-267,-469,-284,-384,-230,-517,-401,-191,-387,-19,137,-41,244,76
42075,Lebanon County,8,363,466,1020,1140,1124,1623,1311,807,946,90,554,820,14,492,729,888,1048,1697,384,55,801,643,805,738
42077,Lehigh County,354,1875,1558,3206,3560,3905,4149,2485,2230,1238,372,2375,538,-41,1462,1519,1690,2484,1873,41,-4,954,1063,3298,2662
42079,Luzerne County,-389,-1250,-28,794,544,1265,982,1646,972,1498,211,987,814,-404,409,-125,-185,1513,829,285,7,2066,2255,3105,3029
42081,Lycoming County,-133,-806,-577,-162,-184,-304,-568,-438,-230,73,36,584,412,-682,-314,-683,-678,-721,-14,-379,-39,-172,142,320,49
42083,McKean County,-124,-415,152,-440,-355,-348,94,-227,-188,-207,-74,-123,73,-265,-79,-138,-647,-193,-251,-184,-26,145,-181,-24,-45
42085,Mercer County,-85,-174,-213,85,-192,-244,-306,-180,-232,-392,-47,-202,-260,-176,-197,-728,-770,-787,-614,-671,-56,124,36,15,186
42087,Mifflin County,-39,-3,-73,-290,-174,13,-78,4,-118,-77,-10,62,-71,-191,-158,-77,-165,-2,-133,-117,-14,197,-38,27,66
42089,Monroe County,977,3541,4366,4250,3633,3126,2406,1427,444,415,24,-89,-1349,-1305,-78,-787,-200,1645,1419,1064,72,686,-666,-420,366
42091,Montgomery County,1226,5311,3672,3447,532,8,-912,404,758,1923,591,2487,1644,2522,1262,264,1255,3496,1986,3282,759,7158,1362,4623,4676
42093,Montour County,30,44,-112,-39,-110,26,-42,-22,-58,55,29,41,79,-53,40,-121,-31,45,-30,1,-22,15,47,-104,-39
42095,Northampton County,245,1530,3422,3621,4484,3785,4171,3094,1505,1329,244,300,595,-25,738,782,1428,1733,1974,961,115,6321,959,3336,2480
42097,Northumberland County,-44,-598,-152,-146,-199,-117,-216,129,256,291,-99,320,276,-285,-108,-483,-379,-274,-439,-26,-33,-52,-363,437,221
42099,Perry County,-25,-18,-20,187,103,109,233,165,-47,106,-19,-177,-212,-283,-102,118,24,47,78,88,-24,183,330,118,315
42101,Philadelphia County,-4629,-17786,-16063,-15338,-11114,-12878,-14370,-8592,-7500,64,313,3218,2766,-2331,-2049,-2953,-2845,-2083,-2872,-4797,-2865,-13496,-21728,-10651,2680
42103,Pike County,287,1391,1660,1870,1742,1986,1851,1232,1349,514,17,-243,-684,-98,-322,-237,-277,569,474,150,121,1787,839,1011,936
42105,Potter County,24,-50,57,-170,-169,-191,-61,-342,-251,-131,18,-6,110,-118,-248,-98,-79,-92,-157,-44,-3,-5,38,-84,32
42107,Schuylkill County,-100,-102,159,-340,-17,497,1447,813,359,234,68,-247,114,153,-802,-685,-27,-223,-188,50,50,1198,1006,1478,1194
42109,Snyder County,-22,79,-29,7,-40,-277,219,87,-55,-77,6,1,40,188,105,159,-201,62,-118,-186,-10,10,-186,179,-20
42111,Somerset County,-29,-407,239,245,-193,-252,53,-182,-201,-97,-6,-114,-77,-52,-153,-396,-237,-271,-72,-120,-49,-447,250,98,342
42113,Sullivan County,19,58,6,-4,10,-13,-24,50,-56,44,3,76,32,-36,32,32,-84,55,-11,47,6,124,84,77,39
42115,Susquehanna County,-38,-55,-268,-18,-16,44,-47,-310,-139,-238,5,13,-251,-421,-263,-251,-428,-181,-259,-110,-19,249,-20,170,130
42117,Tioga County,-44,77,73,-65,-57,-213,-254,-31,83,102,40,301,179,-227,-279,-401,-260,-492,72,-16,-30,470,-121,-38,77
42119,Union County,16,308,76,30,431,256,816,-40,1,-116,26,92,43,-489,223,474,-81,-820,367,-74,-22,-137,354,-532,479
42121,Venango County,-100,-331,-304,-162,-319,-131,-343,-318,-266,-236,-40,-159,-373,-301,-371,-257,-375,-541,-380,-305,-58,22,144,65,309
42123,Warren County,-80,-237,-461,-337,-249,-495,-269,-70,-122,-33,-15,-193,-120,-172,-187,-224,-220,-204,-38,-245,-16,-120,12,43,-98
42125,Washington County,62,799,618,1015,702,1871,977,650,1254,919,152,693,683,379,426,390,202,427,536,449,162,1639,1054,1290,974
42127,Wayne County,162,176,498,699,595,1057,1609,345,-436,215,31,68,-323,187,48,-51,-301,103,413,207,57,386,328,562,256
42129,Westmoreland County,-191,-200,-80,936,259,655,314,512,524,632,181,638,-431,-861,-430,-482,-871,-832,-100,34,32,1720,927,1274,1124
42131,Wyoming County,-41,4,-172,-3,51,-93,-19,19,-68,-97,-28,42,65,-231,16,-335,-209,-95,-254,-231,-23,222,111,1,43
42133,York County,604,1837,2469,3778,4780,6072,7049,4821,2402,1464,186,106,-400,535,503,517,1159,1188,1622,491,173,2737,2793,4567,3830
44001,Bristol County,50,382,145,-36,7,-188,-325,-58,27,-284,15,-481,145,118,-4,242,-63,120,53,27,21,228,-214,169,25
44003,Kent County,273,1187,1143,1348,43,-420,-1043,-719,-24,60,-49,-579,-554,-74,359,-586,75,111,662,376,198,1256,896,655,1158
44005,Newport County,146,-344,-6,-246,-867,-1708,501,-2271,-724,-468,16,-20,-32,251,-66,-17,31,-176,-330,-340,-112,287,-536,-765,-190
44007,Providence County,698,3577,3818,2406,-1807,-4908,-5330,-4667,-3473,-2198,498,-44,-70,-1358,-462,-503,-576,-2185,1335,476,-509,-1911,1665,3348,8423
44009,Washington County,365,964,1286,781,148,-553,-675,-302,-157,-186,13,-439,-156,323,103,244,195,444,164,-109,85,1615,145,185,283
45001,Abbeville County,21,16,-134,-96,-196,-345,-221,-151,-134,-173,-65,-186,-88,-113,-82,73,-53,6,43,-14,-21,184,296,273,171
45003,Aiken County,43,357,1037,1064,1381,728,1628,1353,1153,1090,337,662,942,690,364,1241,1213,1044,1115,1412,456,2449,2950,2948,2022
45005,Allendale County,-28,-299,-14,-137,-101,-82,-216,-137,-45,-231,-79,-129,-246,-139,-105,-242,-331,-15,-58,-217,-70,-137,-130,111,-7
45007,Anderson County,393,2011,1006,1095,1253,1430,2521,2224,2322,1560,88,796,471,943,1587,1679,1846,2499,2102,2200,602,3719,3674,4180,3518
45009,Bamberg County,-38,-259,-152,-324,-160,-50,-155,-252,-214,-180,-38,-99,-111,-258,-246,-431,-138,-27,-66,-133,-33,-15,-71,117,-28
45011,Barnwell County,-53,-129,-276,11,-276,-78,-105,-115,-186,-248,-12,-236,-173,-171,-235,-236,-153,-221,-193,-203,-9,66,-59,41,99
45013,Beaufort County,936,1867,2834,1500,2887,3647,3590,2428,3007,1937,447,433,2558,2843,3452,4121,2920,2929,2104,3049,804,4612,4425,3593,3426
45015,Berkeley County,273,419,376,848,1800,384,4755,3902,4572,2402,680,2925,4301,3004,2949,3403,4110,4806,5480,5576,1540,4862,7645,9744,8103
45017,Calhoun County,30,22,-140,-11,-131,-73,-50,-59,-167,2,-50,13,-244,158,-123,-30,5,-5,-104,45,30,148,165,97,114
45019,Charleston County,500,1415,3489,3192,5524,2105,1728,723,3102,3419,442,4461,5141,5171,5935,7441,5632,3540,2945,4024,1197,3769,4277,4937,5628
45021,Cherokee County,67,113,238,-113,99,118,290,121,366,22,35,60,-11,184,249,126,151,205,136,205,16,45,375,844,1018
45023,Chester County,7,-281,-221,-333,-377,-395,-271,-173,3,-359,-41,-276,-286,-4,-243,5,-51,75,62,9,48,52,83,401,405
45025,Chesterfield County,23,-116,-21,-192,-192,-19,-157,88,94,-87,-86,-158,-461,32,-4,-15,20,-100,-48,-155,22,261,534,524,407
45027,Clarendon County,25,93,-76,-27,32,-61,-3,-135,325,-162,-12,-217,-371,-38,-3,-145,301,-124,-189,112,-192,423,245,329,96
45029,Colleton County,67,-68,52,89,101,28,-196,58,99,-197,-11,-444,-340,-393,-49,-17,172,109,204,127,-18,164,410,625,463
45031,Darlington County,-22,36,-31,-170,-498,-305,-127,-271,18,-494,-54,-352,-135,-193,-94,-122,-235,-136,-109,-34,2,206,134,225,368
45033,Dillon County,-86,-3,-222,-127,-19,-242,-79,-164,-124,34,37,-445,-298,-203,-208,-154,-421,-209,45,-173,6,-159,-92,50,-13
45035,Dorchester County,273,1233,1728,2266,2355,4801,5610,4701,2736,1664,590,2211,1505,2037,2288,3142,2686,2138,1197,1528,594,978,2209,3218,4465
45037,Edgefield County,-41,-89,95,242,267,187,-216,185,135,144,-28,-42,-327,-4,82,167,-133,239,374,239,57,824,1122,1311,770
45039,Fairfield County,64,26,130,-81,298,-227,-46,-317,141,-130,-80,-228,-145,-154,-90,-61,-143,63,-112,70,-29,13,-37,153,144
45041,Florence County,-114,5,396,533,449,440,795,461,549,321,39,152,-18,20,275,-345,-338,-139,-393,-35,-157,71,897,854,1019
45043,Georgetown County,184,623,745,622,675,313,202,377,266,-201,10,-67,187,388,438,765,334,516,698,804,219,1134,1260,1520,798
45045,Greenville County,983,3747,2941,2692,3496,4598,8658,9578,8437,6209,759,3852,4729,4822,6149,7113,6110,5804,5967,7087,1353,6900,12952,10752,11378
45047,Greenwood County,-54,81,284,270,-87,247,250,-82,420,427,-18,-158,-107,-307,-311,181,177,257,136,208,-14,-93,541,488,651
45049,Hampton County,-42,-192,-156,-7,-270,1,-191,89,-177,-59,-56,-315,-84,-321,18,-464,-149,-251,-111,-83,-19,-173,5,103,57
45051,Horry County,1271,3320,3790,4208,6712,9918,11255,8838,6870,4294,958,4758,5332,7263,8533,11158,12229,11939,12055,10608,3377,15379,18407,16281,16945
45053,Jasper County,3,17,-93,-42,-11,144,254,258,302,340,140,243,295,494,233,632,500,326,539,835,370,1393,1567,1873,2256
45055,Kershaw County,169,294,28,538,584,785,1152,893,592,513,115,246,65,296,462,424,589,783,568,821,222,863,1869,2277,1644
45057,Lancaster County,-6,-151,275,142,109,-51,193,1419,2046,1583,233,699,1317,1235,2588,2629,3368,2425,2604,2978,618,4333,4041,3755,2701
45059,Laurens County,55,294,-247,-101,-399,173,11,-4,214,69,-55,-137,-227,77,360,72,212,328,150,670,164,577,578,1225,1514
45061,Lee County,-4,-118,21,33,183,-56,-55,-164,-154,-295,-35,-250,-228,-221,-19,-478,-235,-38,-18,-362,96,-128,-46,-101,38
45063,Lexington County,466,1902,1386,2616,2488,2806,4313,3367,4355,4439,607,1888,2363,2401,3202,3420,3774,3358,3358,3770,1063,5810,4546,4546,4249
45065,McCormick County,21,152,63,84,-148,110,138,15,92,67,14,-143,-27,21,-3,-101,-3,71,-53,156,27,395,74,164,276
45067,Marion County,-1,-423,-397,-193,-167,-292,-335,-223,-203,-597,-74,-205,-380,-267,-87,-127,3,-401,-163,-296,-52,-44,-168,203,91
45069,Marlboro County,-47,-273,-95,-188,-156,-552,1304,-49,-254,123,-42,-313,-323,-126,13,-397,-540,-221,-258,-233,-127,-224,67,-45,-98
45071,Newberry County,4,126,336,75,188,136,388,325,171,316,34,-94,72,-118,165,115,172,438,92,57,36,453,492,662,470
45073,Oconee County,144,472,658,407,410,613,683,588,312,346,92,-99,297,467,397,697,784,1028,1155,1493,237,1097,1402,1670,1453
45075,Orangeburg County,-110,-532,-324,-343,-555,-79,-1200,407,-356,-782,-230,-766,-418,-811,-653,-828,-665,-688,-489,-631,-134,-553,888,422,413
45077,Pickens County,188,121,-226,590,438,422,845,779,1072,323,-84,190,22,-584,1245,882,1452,516,1742,1699,278,961,2596,2349,1553
45079,Richland County,376,3277,1743,3889,6083,486,4276,5960,4066,3564,660,1288,1709,1991,1788,3796,1120,1084,986,157,-553,752,3818,2166,4933
45081,Saluda County,-1,-92,-121,-166,-223,108,43,-76,-56,90,20,-143,11,172,-35,55,3,129,52,50,-11,64,244,231,255
45083,Spartanburg County,447,1833,1719,1392,1353,2371,3911,4623,4612,3275,151,442,1296,1628,1998,3090,3658,5230,6732,4914,1412,6734,10647,11541,10276
45085,Sumter County,-143,-1204,72,-513,-254,-955,-1284,-772,-553,-387,-45,-762,-83,-527,-572,-864,-431,-850,-258,49,-162,-625,-700,449,381
45087,Union County,-13,-325,-295,-313,-336,-127,-158,-279,-57,-222,-64,-205,-385,-120,-9,-112,28,-175,-15,79,-21,63,49,189,211
45089,Williamsburg County,-118,-593,-646,-858,-78,-582,501,-28,-426,-500,-61,-184,-508,-410,-260,-146,-530,-626,-490,-144,-47,-207,-15,22,17
45091,York County,831,2886,3298,3382,4175,5618,8864,9431,7816,5476,482,2150,2842,3488,4720,5242,6344,7360,6883,6440,1950,5036,4540,3887,4477
46003,Aurora County,1,-62,-26,16,23,-54,-5,-16,18,-24,-1,5,39,-47,24,-21,1,-10,8,-50,-9,4,26,21,5
46005,Beadle County,-37,-112,-296,-363,-226,-113,-220,216,150,308,4,204,197,32,-284,-85,-60,239,-234,-72,-16,-40,39,-79,148
46007,Bennett County,-7,-90,-36,-59,-43,-18,-110,-51,-80,-85,5,-31,-49,-28,-72,-51,1,-19,5,-131,4,9,-67,-40,-36
46009,Bon Homme County,9,-42,-43,13,-46,-25,190,-90,14,-9,2,-43,20,-24,0,-23,16,11,-30,-15,-14,77,82,22,25
46011,Brookings County,18,-8,38,-4,-68,-244,488,169,148,14,-2,-45,434,39,10,305,240,216,65,-241,-58,202,558,305,791
46013,Brown County,-102,-317,-247,-181,-72,-34,-56,44,-208,73,77,145,563,423,21,64,338,213,-298,-454,-72,-109,-197,-237,-65
46015,Brule County,-14,-131,-87,4,-9,-37,-28,74,-3,42,9,6,-17,52,-100,-60,-48,86,-126,40,4,-20,46,-13,-50
46017,Buffalo County,-17,11,-30,-24,-31,-36,-12,-64,0,-131,15,10,-4,-19,20,-21,-78,-42,3,-64,-5,-18,-48,32,-65
46019,Butte County,5,-56,-123,93,5,62,19,197,91,-75,16,136,-87,40,-82,-50,-91,-29,99,142,27,250,231,50,3
46021,Campbell County,-3,-26,-43,-57,-51,-55,-55,-68,-34,-11,4,-45,-5,-33,33,8,-24,-9,-2,6,-1,9,-13,-12,-1
46023,Charles Mix County,-34,-168,-108,-133,-73,11,-92,-130,-100,7,0,-2,-70,-85,0,54,-28,-7,-143,-91,-11,-183,11,-40,28
46025,Clark County,-26,2,-152,-73,-89,-83,-125,-29,-23,-38,0,-83,15,25,17,-31,-25,14,16,-25,8,-4,56,-18,37
46027,Clay County,-46,8,-192,-73,-176,-14,-8,60,60,-194,-31,87,38,-224,-98,-133,124,43,-90,37,21,138,92,91,-110
46029,Codington County,-59,-79,-111,-131,-130,-146,157,24,-252,-203,-34,91,76,82,-66,-186,31,-46,-190,-104,7,151,247,140,290
46031,Corson County,3,-65,13,-14,-3,-96,-206,42,-135,-108,18,-60,-6,93,-81,-55,-98,36,-83,-125,-15,-58,-40,-46,-37
46033,Custer County,19,58,174,90,167,-20,175,8,22,16,40,77,-9,104,21,35,195,183,71,183,30,360,368,110,249
46035,Davison County,-37,-17,-80,-40,86,-108,118,-170,-173,-89,-6,169,187,-80,-51,-50,63,-185,-100,-53,-20,-32,128,-56,12
46037,Day County,-14,-124,-24,-108,-26,-7,-48,-61,-119,-3,12,22,-130,3,-60,-3,14,27,17,-65,-11,40,82,2,36
46039,Deuel County,-3,-30,-22,-88,-65,25,-20,-57,10,-70,-11,6,18,-85,-3,4,-81,60,27,-13,0,-18,66,-15,-19
46041,Dewey County,-7,-43,-91,-4,-118,-74,-149,-172,-207,-86,11,10,32,-4,-15,-46,-15,-18,-31,-100,-27,-23,-100,59,-72
46043,Douglas County,-20,-13,-52,-67,-14,-26,-97,-43,-71,-28,-6,-2,-7,28,-39,28,-40,15,-18,-15,-3,-13,-17,38,10
46045,Edmunds County,-6,-33,-64,-36,-77,11,-91,-5,15,-52,2,-10,-19,18,-70,14,-60,-14,-56,-31,-11,51,57,-23,-15
46047,Fall River County,-27,6,-27,56,39,105,4,-19,6,104,25,-94,76,-122,113,6,34,-7,102,26,21,340,269,74,112
46049,Faulk County,-11,-82,-37,-39,-60,-55,-30,4,-7,-74,3,-16,3,-13,-23,-8,17,-6,-16,-31,-3,-2,6,31,20
46051,Grant County,-21,-116,-41,16,-130,-114,-77,-32,-40,-16,-10,6,43,-10,-65,-106,9,-42,-72,-63,-21,28,-4,43,93
46053,Gregory County,-19,-132,-86,-40,-49,-66,-63,-40,-34,-6,0,-32,49,8,13,-17,-28,46,-13,-1,12,-9,53,20,77
46055,Haakon County,-18,-39,-50,-43,-31,-63,-47,-31,-27,-11,-11,-7,6,-27,-23,8,30,47,-19,-11,-2,-23,-1,18,-28
46057,Hamlin County,6,-27,-9,-46,-29,33,-63,76,6,50,7,15,-59,-60,-43,-31,-108,31,4,31,-15,51,57,-30,158
46059,Hand County,-20,-69,-63,-45,-109,-38,-4,-7,-17,-12,7,3,-54,15,-33,-22,-5,-4,-33,-59,-10,-33,50,12,-5
46061,Hanson County,7,82,33,35,184,-5,-117,-3,-38,-81,3,12,-22,-10,-17,-38,-21,6,-59,60,0,31,-43,-18,0
46063,Harding County,-13,-38,-37,-6,-61,-36,1,-22,-37,-30,-9,29,27,-59,-26,10,-18,-28,-2,35,0,9,6,-27,-7
46065,Hughes County,-16,-119,127,4,58,43,-27,39,-219,123,21,126,41,-116,74,-165,-45,21,-79,-225,-44,7,-104,-87,-120
46067,Hutchinson County,-10,-123,-53,-19,-76,-41,-114,-21,-56,-30,8,-46,15,-35,39,47,59,15,-56,-29,-4,3,4,43,32
46069,Hyde County,-5,-54,-50,32,30,-12,-63,-64,-31,-2,1,-18,32,-39,9,-3,-48,-25,-25,21,-3,-17,-18,-1,34
46071,Jackson County,3,-158,-20,-24,-52,-31,-70,-27,-137,-51,3,66,-16,22,-7,-19,-37,-55,-47,2,-12,27,-54,-81,-51
46073,Jerauld County,-14,-24,-28,-45,-54,1,-54,-62,2,-15,16,-9,-18,28,-45,-10,-9,29,5,-13,-7,2,13,0,4
46075,Jones County,-8,-49,-20,-45,6,-33,7,-32,-38,2,5,-13,-12,-14,-20,-41,13,-7,0,-28,6,-39,0,-7,29
46077,Kingsbury County,13,-107,-34,-30,-42,52,-43,7,-3,31,2,44,64,-164,10,-100,18,-31,-26,-1,22,-2,85,-3,29
46079,Lake County,-32,38,-160,-92,-75,63,83,337,276,81,51,271,160,137,155,226,248,197,242,-276,-57,-148,104,93,-20
46081,Lawrence County,-54,-89,-26,289,410,208,215,267,-6,59,68,90,82,532,-235,115,489,364,65,127,79,415,1069,858,746
46083,Lincoln County,314,1295,1198,1113,2061,1532,1483,1447,1319,905,162,1068,946,882,1062,819,1072,1560,1531,1710,365,2059,2395,1669,1848
46085,Lyman County,2,-42,-24,-31,-65,-86,-23,0,-121,30,2,13,-58,46,-45,-6,-13,-72,-114,-62,-10,26,-81,-26,2
46087,McCook County,16,19,-93,11,26,-21,-103,29,-100,-36,5,-83,48,10,-42,-51,27,34,18,-40,-15,46,75,34,5
46089,McPherson County,-13,-33,-36,-45,-53,-15,-42,-41,4,-30,-2,5,-11,16,3,-5,29,6,1,-20,-5,30,2,-46,-5
46091,Marshall County,-3,-94,-77,-59,87,32,-48,-79,-15,-94,1,-19,81,90,-94,79,-6,92,-68,-18,-9,-6,59,9,38
46093,Meade County,-76,-196,-12,-171,95,-221,-317,-408,-353,-74,-6,-117,192,401,196,-59,451,556,207,78,26,362,349,200,-60
46095,Mellette County,11,-23,-46,12,-57,-4,-8,-22,-68,5,-5,23,-17,-15,8,-65,36,-21,-41,16,4,-14,-19,-19,-4
46097,Miner County,1,-61,-33,-121,-36,-48,-31,-42,-46,25,-7,-32,-10,15,-20,-70,30,-17,-6,7,-3,26,-14,5,0
46099,Minnehaha County,513,1396,1055,1583,1325,1605,2464,2192,2261,1638,110,55,1787,1661,1180,1038,1187,1768,-31,686,148,1256,2422,1565,2105
46101,Moody County,-20,-4,-101,-76,20,-4,-39,-5,-115,-111,-2,-38,-48,-55,-74,-21,26,-44,-26,48,-13,-30,53,45,99
46102,Oglala Lakota County,,,,,,,,,,,6,25,-78,-126,-150,-36,-93,-171,-163,-266,-38,-121,-94,-125,-105
46103,Pennington County,48,538,273,71,610,-183,499,668,1474,1118,118,450,1040,902,783,-136,458,893,868,1240,252,2251,2013,1225,194
46105,Perkins County,-23,-49,-17,-119,-73,-64,3,1,-20,-32,4,53,28,4,-3,-24,-16,-10,-43,-57,-3,-1,-4,29,18
46107,Potter County,-16,-104,-38,-12,-38,-77,-31,-60,-79,-43,12,28,-5,30,-47,9,-24,-33,2,-47,5,10,-9,-23,7
46109,Roberts County,-31,19,-184,72,25,-117,-31,-64,-52,-86,22,50,-42,-131,-48,-118,-76,10,44,-35,-26,-90,-45,41,50
46111,Sanborn County,-4,-90,-5,37,-13,-77,-27,-11,-22,-17,-1,-2,-31,4,5,6,18,53,-56,-69,-10,54,25,-7,-18
46113,Shannon County,30,-97,77,-63,-201,-26,-17,-317,-221,-182,,,,,,,,,,,,,,,
46115,Spink County,-42,-198,-119,-121,-52,-73,-42,-156,-78,-30,-4,146,168,-72,-26,-93,-52,11,-44,-121,-19,-52,-28,-54,-13
46117,Stanley County,-3,-47,-56,11,38,-54,-1,5,-69,4,9,-11,-24,-9,-14,-22,10,-38,7,51,-5,57,-15,27,-19
46119,Sully County,-10,-24,-59,-68,-37,-11,-2,-6,-70,-42,0,-6,43,9,-41,-11,6,-23,-30,9,2,20,7,8,-12
46121,Todd County,2,-15,-89,-88,95,-90,-91,-2,-234,-225,4,-12,-118,-89,-249,-76,23,-117,-140,-176,-27,-85,-164,-120,3
46123,Tripp County,-41,-111,-13,-60,-96,-30,-101,-163,-134,-53,-1,-4,-116,-1,3,-95,71,-41,17,-81,-13,-25,-6,38,30
46125,Turner County,1,-63,-134,29,-27,-70,-49,16,-17,-58,4,17,-47,12,-100,-20,148,71,118,-49,16,53,220,146,0
46127,Union County,-24,13,114,130,119,88,229,261,123,312,77,90,91,-82,199,-80,156,85,242,291,27,3,185,36,155
46129,Walworth County,-38,-110,-101,-141,-27,-9,-19,-103,7,-13,12,127,-102,48,26,-68,71,36,-39,-54,-22,-26,27,-26,-21
46135,Yankton County,-58,-176,-7,37,111,-93,-17,-45,109,43,12,26,43,-11,-37,-20,-59,-21,54,3,-27,56,93,104,102
46137,Ziebach County,-49,-17,-8,-14,-12,-21,54,-47,-117,-23,10,-15,4,-45,-25,-37,21,-123,-11,14,-28,6,3,-89,18
47001,Anderson County,-99,171,127,144,85,404,1106,489,781,637,5,184,159,181,46,439,230,758,426,834,224,734,1729,1617,1430
47003,Bedford County,171,543,460,675,768,907,1047,730,589,297,-5,-6,-169,158,522,558,377,640,739,371,87,738,827,1023,1035
47005,Benton County,15,154,-65,-4,-5,4,-38,91,6,8,31,64,23,-33,-47,108,-49,49,352,7,15,154,324,257,77
47007,Bledsoe County,35,56,-14,67,108,69,141,158,30,-152,-3,109,-72,960,583,101,138,191,21,218,40,-44,-24,272,623
47009,Blount County,313,1550,1548,1572,1972,2035,2765,1542,1602,973,78,486,344,936,1030,1166,1416,1936,1525,1913,478,2622,2800,2100,1406
47011,Bradley County,133,388,354,302,768,862,1249,1266,805,748,63,575,974,511,749,896,439,946,1447,937,237,1301,1339,1534,2027
47013,Campbell County,55,-67,125,139,417,72,86,118,214,225,8,83,-103,-159,-190,56,173,161,175,192,59,429,437,929,340
47015,Cannon County,80,91,-31,60,113,62,123,125,357,13,-1,-65,83,-52,-86,193,147,301,278,213,74,12,261,277,134
47017,Carroll County,15,156,-220,87,-4,-294,154,136,-71,-79,15,174,197,22,-125,-240,43,15,283,-112,49,63,328,628,269
47019,Carter County,95,172,64,1467,242,332,388,91,256,-94,-26,39,113,-154,-520,216,306,295,177,262,106,161,920,942,716
47021,Cheatham County,132,272,215,83,259,304,406,337,181,149,-25,-191,153,95,157,-91,138,531,121,118,76,471,343,552,412
47023,Chester County,20,292,-20,-337,216,73,77,84,154,-7,27,-36,-94,15,17,-4,12,22,91,32,36,174,178,138,132
47025,Claiborne County,65,149,-24,306,231,297,140,165,208,-5,39,-40,-223,3,69,89,244,153,283,205,75,184,563,464,450
47027,Clay County,10,-32,42,26,78,17,16,-63,-20,-3,12,-70,6,-6,-21,67,52,51,63,-27,23,72,139,97,212
47029,Cocke County,61,96,320,337,224,302,403,279,359,243,11,-141,163,-23,24,-17,233,463,501,282,116,672,829,849,690
47031,Coffee County,113,304,411,438,409,654,591,188,239,240,-15,148,255,154,214,492,457,513,847,603,262,998,932,983,934
47033,Crockett County,26,-11,-80,-117,72,1,-7,31,25,24,-10,-28,69,-18,50,-50,-118,34,-106,-34,2,143,-53,152,42
47035,Cumberland County,242,743,989,583,892,1068,1504,1038,579,498,168,462,636,663,736,551,641,791,1013,1107,357,1815,1706,1791,1328
47037,Davidson County,-498,-418,-4180,-1110,660,1991,2472,1908,1896,2888,16,3608,8339,5958,4479,4896,1262,-3182,-1090,-748,-728,-16893,6835,4689,11395
47039,Decatur County,-19,-4,-24,-20,61,-18,-24,144,44,34,3,21,15,92,36,-22,176,76,30,14,22,89,245,222,146
47041,DeKalb County,26,78,185,187,202,111,137,123,241,25,5,65,125,285,121,55,174,455,291,364,127,384,549,324,416
47043,Dickson County,142,282,291,344,237,282,517,722,280,69,32,194,170,-216,212,749,564,887,605,397,150,826,682,1059,862
47045,Dyer County,33,-253,-99,108,95,243,43,-130,-75,-10,-19,-236,-37,-125,-312,-75,-228,-155,-49,-113,-74,15,5,150,48
47047,Fayette County,279,963,749,858,1121,760,1715,1161,810,418,19,20,6,36,258,150,423,468,422,593,210,928,835,882,488
47049,Fentress County,10,71,134,78,18,230,350,74,236,92,-4,85,-35,35,12,178,126,249,170,274,88,494,636,485,516
47051,Franklin County,29,326,330,154,230,235,351,289,2,107,-54,6,-100,609,219,148,300,177,394,316,96,609,1112,694,619
47053,Gibson County,-19,-23,13,-11,230,154,308,448,767,368,25,291,-214,-234,96,-59,27,110,2,39,52,443,645,479,513
47055,Giles County,29,99,-143,-153,-24,84,34,-87,144,-82,-100,-48,-257,-98,88,144,203,284,158,90,41,292,376,360,234
47057,Grainger County,72,58,228,292,281,397,312,149,87,89,67,64,-54,121,185,50,296,91,83,255,66,430,522,558,468
47059,Greene County,80,250,284,377,534,759,612,518,314,296,21,623,-195,-199,337,371,203,609,625,153,236,826,1339,1739,1328
47061,Grundy County,-3,-103,28,-32,34,32,-18,-12,-33,-81,3,-116,54,-67,-60,44,-9,121,57,97,41,113,262,235,236
47063,Hamblen County,42,313,-512,247,452,668,530,797,384,334,22,265,-225,247,-17,306,318,492,479,253,79,196,1237,1405,1712
47065,Hamilton County,-45,205,187,-323,84,1011,1704,1468,1823,2095,494,3012,3716,2447,984,2232,3202,2727,2684,3006,1005,1685,5923,4994,5685
47067,Hancock County,1,25,-5,-95,24,42,-62,49,-36,-11,12,-50,-30,-4,25,15,26,33,-1,83,-18,210,124,178,120
47069,Hardeman County,15,1,-78,-214,-104,-2,-50,-28,-64,-213,-95,-310,-239,-256,-338,-172,-202,-4,-145,-155,-17,-64,341,157,74
47071,Hardin County,11,277,119,15,-39,310,212,156,148,77,21,-131,148,94,-2,61,61,141,70,80,40,265,459,364,334
47073,Hawkins County,93,376,338,477,357,565,558,493,391,321,44,-162,94,216,-17,70,367,266,277,295,58,1046,1226,1077,1167
47075,Haywood County,-2,-10,-348,-113,62,-222,-120,-222,-169,-166,-38,-297,-291,-89,-50,-220,-195,-176,-243,1,-37,-56,-81,-77,-143
47077,Henderson County,61,56,86,60,62,233,321,154,135,-7,-24,195,40,-18,36,15,-170,-3,153,140,27,178,144,267,245
47079,Henry County,40,141,162,-82,169,302,182,185,307,204,32,148,63,-4,138,-6,256,320,102,192,-6,385,389,387,639
47081,Hickman County,124,210,306,21,288,-17,119,227,37,-91,-28,-278,-148,10,220,-95,288,215,198,200,89,222,482,428,187
47083,Houston County,-59,-1,-18,39,-92,70,16,114,71,42,9,-94,118,-121,-5,-103,3,103,99,-19,31,71,11,189,183
47085,Humphreys County,-26,120,-90,-19,-38,77,191,143,-11,76,36,-140,-99,9,-48,41,265,168,97,55,14,306,16,315,332
47087,Jackson County,50,143,28,36,10,-17,-110,27,140,-15,-13,-26,72,15,24,87,135,130,136,78,37,259,307,417,153
47089,Jefferson County,255,538,521,937,544,622,1234,1067,840,345,23,240,414,-99,321,629,263,737,469,676,291,958,1438,1410,1573
47091,Johnson County,20,210,134,210,87,160,-46,177,32,-26,31,-27,3,-73,10,-43,13,-39,251,98,72,207,149,450,319
47093,Knox County,597,2055,2677,3527,2989,4711,5960,5743,4660,2976,391,2664,2790,2516,2592,2592,3763,4764,4093,3445,1475,6051,10121,5625,5892
47095,Lake County,-7,62,-22,-32,-182,-57,-48,-28,-57,-16,5,3,-64,13,4,-42,-34,-40,-16,-360,-5,-312,-12,-67,14
47097,Lauderdale County,-62,19,-174,-245,-374,-83,-117,-51,-123,-217,-68,-98,-29,-142,-222,-477,-1581,751,-98,-382,-32,-165,-86,-116,126
47099,Lawrence County,5,-162,373,-133,-60,145,-66,130,52,165,111,113,-71,-192,247,259,434,320,381,326,78,692,818,632,551
47101,Lewis County,3,21,12,-4,-37,-58,117,86,-33,-20,0,2,-220,66,-75,-19,53,126,65,195,35,343,170,239,278
47103,Lincoln County,65,190,103,122,34,334,289,237,381,149,79,25,48,192,-4,215,37,356,362,226,47,277,727,259,628
47105,Loudon County,120,718,766,678,761,1065,1189,889,845,517,175,471,649,683,262,445,568,1023,1001,1112,325,2006,1737,2548,2084
47107,McMinn County,127,510,256,234,247,589,626,376,405,138,-39,254,106,95,379,-67,308,342,469,526,145,875,1134,1220,1143
47109,McNairy County,35,-99,-28,164,145,193,310,110,245,150,23,63,90,-45,65,-44,47,285,-72,-31,47,143,312,274,229
47111,Macon County,45,314,-50,106,225,111,192,66,286,28,25,122,-6,137,245,81,215,507,316,251,52,486,575,586,372
47113,Madison County,73,541,146,-51,71,339,888,-136,-434,153,-75,-485,-12,-88,-925,-780,-308,-113,-20,177,16,-206,879,246,755
47115,Marion County,-13,5,18,151,-253,-13,238,76,36,-19,31,-92,152,195,151,29,44,153,198,341,42,205,321,490,541
47117,Marshall County,80,182,64,62,290,271,518,543,498,143,35,120,51,121,131,232,437,953,694,500,129,626,813,1110,775
47119,Maury County,96,247,835,1225,1260,1187,1907,2089,1810,1123,83,-38,234,1268,1481,1819,1888,2405,1735,1797,800,3288,2818,2531,2874
47121,Meigs County,11,73,-2,7,121,73,159,122,209,169,17,-47,29,7,77,122,187,149,270,146,70,327,312,506,362
47123,Monroe County,196,332,573,540,843,949,893,855,749,62,78,318,210,119,147,290,288,294,300,367,191,549,1278,1097,909
47125,Montgomery County,43,-1022,-235,653,1419,4584,-1190,4827,-1569,3752,310,1372,5682,-2905,2536,1131,-131,3164,3479,1591,767,5024,5231,2963,4028
47127,Moore County,26,29,108,-47,62,71,-8,68,57,-17,-1,56,-58,3,14,-1,43,119,69,22,1,219,109,68,10
47129,Morgan County,19,148,31,64,-53,-731,-10,259,-30,-870,12,9,-66,-212,79,-194,282,-127,26,-101,34,182,233,479,628
47131,Obion County,13,-193,-86,-48,-37,-216,-159,-40,-25,-111,4,-121,-322,-246,-126,-227,-2,-118,-79,-116,-5,-91,87,172,1
47133,Overton County,43,7,90,-50,309,112,271,199,-16,178,26,86,17,-90,28,173,-23,105,178,256,111,417,306,465,313
47135,Perry County,4,-134,63,74,-11,19,37,89,72,53,18,-68,-9,36,-54,64,62,97,100,28,1,143,237,228,68
47137,Pickett County,-6,64,74,-78,-73,-21,-5,-5,51,-27,1,65,-43,25,70,88,-34,1,42,28,4,140,79,67,59
47139,Polk County,34,104,-201,-4,-189,28,87,-30,31,-126,8,27,-69,101,76,130,76,42,228,-17,49,330,233,391,425
47141,Putnam County,97,571,837,685,819,881,1456,809,1116,775,122,260,376,474,687,149,862,1216,1284,1512,268,1429,1415,1349,1161
47143,Rhea County,15,55,214,272,143,295,464,232,460,393,24,192,245,136,108,-193,140,230,267,272,75,395,641,379,596
47145,Roane County,29,143,149,415,385,167,579,348,214,140,-39,5,-187,-210,-36,196,427,363,516,377,233,926,1470,1294,907
47147,Robertson County,282,836,617,616,664,791,1459,1215,1247,681,1,172,-296,364,341,434,501,756,667,429,130,1174,1420,1487,1733
47149,Rutherford County,1171,4482,4679,4723,6497,7174,9414,7871,5663,4037,489,3332,3152,4675,5341,7105,6990,7011,6095,5590,1474,6693,9239,6176,7463
47151,Scott County,27,187,-51,-143,11,56,26,31,-88,-141,-3,-83,56,-121,-90,-61,-10,87,83,72,6,100,225,251,335
47153,Sequatchie County,46,123,178,214,266,345,367,253,168,213,-14,139,61,189,123,10,126,10,119,137,35,658,500,252,468
47155,Sevier County,493,1271,1019,986,1597,2061,2133,1487,992,602,193,1106,997,1016,1125,792,963,881,613,399,208,1102,240,1224,951
47157,Shelby County,-849,-5793,-3668,-2731,-4566,-3406,-945,-7421,-9001,-5993,-753,-1452,-470,-6772,-6959,-6094,-6383,-5776,-3585,-3609,-1076,-7776,-5536,-6509,-2747
47159,Smith County,70,142,117,126,49,228,189,149,253,34,-11,93,-19,-70,-54,204,181,143,251,187,56,275,333,138,280
47161,Stewart County,92,98,134,39,-37,212,45,187,212,84,33,-112,108,2,-31,29,18,239,219,135,56,189,265,311,175
47163,Sullivan County,-189,-372,444,257,-395,705,798,1131,604,723,58,536,-69,349,644,344,557,1274,1278,1202,297,2208,2798,2076,1622
47165,Sumner County,497,1804,1785,1419,2328,2333,4043,3144,2173,2147,401,1913,1588,2224,2744,2381,3427,3969,3220,3316,1114,3231,3316,4146,3260
47167,Tipton County,198,749,339,371,144,1059,1073,920,797,379,-3,20,-51,-168,-194,-188,-436,68,208,-29,50,65,728,407,374
47169,Trousdale County,51,-17,5,1,40,141,108,171,97,105,0,-56,-22,25,173,49,1878,882,174,234,41,6,460,219,-138
47171,Unicoi County,3,-24,136,171,47,-10,226,103,99,83,-14,108,30,-46,-23,6,35,204,135,169,-7,-15,199,370,243
47173,Union County,33,374,56,107,-72,0,72,64,96,-20,-21,59,-109,-56,30,168,75,200,298,295,82,296,552,354,432
47175,Van Buren County,-6,-26,12,-95,-16,9,-15,77,41,-8,3,-13,104,-79,138,12,41,35,24,95,18,185,205,134,130
47177,Warren County,73,158,-164,282,87,137,213,161,184,227,6,64,-158,112,103,305,204,300,161,450,99,583,593,670,998
47179,Washington County,211,126,1596,831,904,1491,2142,1658,1931,1479,257,470,931,554,367,528,1177,563,1266,860,320,893,3269,2639,1551
47181,Wayne County,-18,212,-32,-79,-62,-25,-18,-62,-25,-4,-5,69,-26,17,-2,-9,48,-16,55,111,-4,221,72,-116,59
47183,Weakley County,4,-565,-114,-192,-372,60,-147,-65,165,90,-18,-156,-304,-325,-190,-97,-230,-199,144,-34,10,113,337,204,177
47185,White County,15,274,179,117,314,387,303,341,257,211,15,276,49,205,149,124,205,365,411,335,118,272,622,818,624
47187,Williamson County,1181,3228,3167,3417,4193,5213,6117,5790,4255,3184,536,3377,3631,4835,5081,5123,6236,6075,4894,5409,1707,6196,4569,2919,3063
47189,Wilson County,324,1276,1528,1371,1784,2262,3181,2418,3030,1432,412,1696,1873,2409,2744,2968,3513,3663,3769,3226,941,3421,6293,4879,5584
48001,Anderson County,-34,-979,203,1163,0,409,331,292,-100,249,-1,-49,-274,-55,-4,-157,-53,712,20,-72,25,641,-793,1866,653
48003,Andrews County,-126,-244,43,-161,-91,-142,56,128,393,241,19,398,541,452,444,414,-474,-354,344,597,-36,-287,-226,150,49
48005,Angelina County,-14,-602,-184,14,-215,-223,442,-47,-267,331,42,5,-198,-483,-90,-29,-434,-340,-884,-167,-3,363,504,370,303
48007,Aransas County,67,32,502,385,411,693,-14,-15,287,298,44,125,324,530,690,351,455,310,-1810,236,183,895,627,575,493
48009,Archer County,65,-114,69,35,7,-45,-15,-66,53,-109,47,-282,-23,-1,58,-101,35,21,0,-72,8,165,180,192,86
48011,Armstrong County,11,-8,-77,-8,49,32,-25,-30,6,-38,-2,44,24,-8,-15,-4,-34,28,5,10,10,5,24,-16,-12
48013,Atascosa County,209,661,658,200,458,71,241,195,19,380,10,258,694,295,440,305,56,84,954,559,93,716,897,1002,643
48015,Austin County,140,438,341,405,467,232,314,416,265,98,-8,142,-132,54,209,415,103,48,172,15,-31,305,671,642,1028
48017,Bailey County,-24,-122,-147,28,-14,-87,-158,-189,-93,-105,-4,-48,-115,-59,-211,185,-100,-205,-126,-100,-53,-88,-11,-120,27
48019,Bandera County,156,363,519,338,140,203,362,487,199,52,62,14,52,10,333,380,616,659,544,373,195,772,697,616,342
48021,Bastrop County,512,2561,2022,1910,1152,824,1217,1336,771,1030,146,372,-542,789,1512,1968,2069,1574,1638,1761,806,4069,3722,4308,3669
48023,Baylor County,-3,-108,-1,49,20,-61,-11,32,-142,-48,2,6,-76,18,-9,64,47,-52,44,-49,0,36,48,35,28
48025,Bee County,-129,-615,55,705,-307,-321,-217,-141,-270,14,12,358,25,147,-70,-376,62,-322,-169,13,-23,-192,306,292,1233
48027,Bell County,301,-802,1325,1400,-2092,2618,582,7444,3017,-3671,1440,-1828,4994,-2576,-1119,1787,930,2563,4253,3860,718,5536,4141,2777,596
48029,Bexar County,1311,4281,12688,9247,11808,10686,24914,21828,15824,13737,4446,17673,18725,18267,21316,21627,17647,15251,11499,9832,3260,7940,26442,26226,26486
48031,Blanco County,45,190,55,24,173,43,13,-1,80,95,34,94,57,59,175,240,297,203,219,337,97,527,553,664,341
48033,Borden County,-13,-38,8,-20,6,-36,-7,-35,13,-4,4,-14,-15,28,13,-9,0,8,-22,6,16,-17,-35,-6,-11
48035,Bosque County,62,177,125,216,238,107,58,37,-149,46,54,70,-74,-227,-59,202,203,351,401,123,32,431,298,384,160
48037,Bowie County,-148,-88,-87,127,295,229,890,112,812,1011,49,-65,-71,166,-338,-403,132,-174,204,-514,-14,-378,-254,231,1058
48039,Brazoria County,857,2900,4701,3395,4451,3918,7295,6248,5104,5020,599,1989,2535,3217,5081,4894,5346,6326,4812,3196,1029,4146,7810,9686,9122
48041,Brazos County,136,4,1324,1373,285,940,2717,915,2344,3298,379,-16,1118,2161,3074,5395,1627,2429,277,1954,280,1721,3304,2716,392
48043,Brewster County,4,45,126,83,-91,-173,10,36,40,153,42,42,-126,-37,-178,-42,57,132,-84,-85,26,-45,-115,193,-17
48045,Briscoe County,-13,-66,-32,-8,-12,-53,-44,-73,-22,-41,-2,27,-86,-7,3,-31,-19,38,-5,30,-12,-7,43,12,39
48047,Brooks County,-51,-324,-40,-88,-95,-90,-135,-127,-119,-130,-29,-52,-73,41,-65,-65,-35,-88,-71,-31,-38,-31,-71,-69,-164
48049,Brown County,5,-74,206,-98,291,281,300,-331,-93,-27,28,-33,-149,-38,-72,279,381,-126,95,104,-9,388,524,265,441
48051,Burleson County,32,35,-93,113,-39,63,-269,-140,-47,-77,24,100,108,-153,136,226,262,206,312,115,31,535,638,811,620
48053,Burnet County,370,1377,1263,1115,1402,1016,1474,1118,674,451,60,430,115,192,361,826,1019,787,790,832,423,1952,1564,1728,1667
48055,Caldwell County,227,1010,800,317,636,-118,-154,152,607,-4,-3,141,64,329,367,519,517,1003,589,318,61,886,860,1997,2342
48057,Calhoun County,-35,-140,-431,-211,-84,-114,-40,-140,39,-21,-70,-39,149,77,-36,-32,-54,-298,-283,-259,-58,-185,-64,52,92
48059,Callahan County,22,-179,106,122,242,119,-3,96,45,60,-3,38,-2,56,44,100,239,189,48,-16,69,481,239,201,179
48061,Cameron County,-224,-354,1347,1428,913,87,-132,-586,14,557,230,100,-2350,-3481,-3150,-4179,-2508,-3126,-3550,-2396,-312,-264,1090,339,1484
48063,Camp County,46,-142,154,5,130,245,58,162,76,38,-2,-14,66,-84,119,-17,62,23,99,65,-19,227,152,313,128
48065,Carson County,-13,-146,108,-143,-39,43,-50,-61,-107,-68,-20,79,-129,-91,36,-18,89,-82,16,-68,4,-27,120,79,-34
48067,Cass County,-5,-308,-65,-150,-60,31,-65,9,-48,30,33,-131,-210,243,-70,29,-8,7,254,24,14,381,194,328,191
48069,Castro County,-80,-240,-204,-185,-239,-193,-267,-173,-140,-57,31,-113,77,-187,-271,-188,-76,-105,-174,-105,-33,8,-97,-40,37
48071,Chambers County,97,319,313,132,347,228,112,213,343,1847,288,5,614,636,729,533,879,814,685,1325,459,1620,2327,2364,1524
48073,Cherokee County,-7,-101,-212,296,98,-19,-32,42,-147,5,-12,-85,-36,-362,-181,140,108,68,122,97,54,755,430,856,464
48075,Childress County,0,-69,-48,30,8,-105,62,-28,15,-25,16,-81,74,-39,136,-15,39,69,27,-26,-10,166,80,-67,-69
48077,Clay County,71,107,187,13,15,54,-138,-82,-200,-43,-15,-59,-103,-65,-28,25,-81,274,-1,70,42,130,228,260,81
48079,Cochran County,-23,-55,-179,-74,-145,-71,-114,-109,-150,-106,11,-91,-69,-45,-76,24,-61,-85,-49,-9,11,-69,39,-11,-7
48081,Coke County,-14,-7,-24,-11,-67,-3,1,-145,-5,-29,6,-27,-39,7,53,25,46,48,75,44,13,52,51,58,41
48083,Coleman County,-50,-53,-142,-75,-12,-73,137,-55,129,-58,8,-116,-29,-132,-40,-30,134,54,14,-157,7,167,217,114,188
48085,Collin County,6892,29796,23061,19135,23201,23631,30914,24302,21468,18937,4084,17535,15388,14185,20958,23526,21506,21336,26086,24052,8214,34963,41440,36558,39544
48087,Collingsworth County,-9,-73,16,-55,13,-46,-33,13,14,21,-2,26,-76,71,-81,3,5,-47,-26,-16,-8,-17,-12,-17,55
48089,Colorado County,-15,-115,188,128,-62,5,71,-43,101,-100,20,-75,-27,39,-26,257,119,211,-3,178,31,119,266,329,253
48091,Comal County,613,2298,2466,2276,3723,3390,5174,4402,4204,3602,615,2529,2433,3388,4118,5004,5086,6093,7168,7685,2362,12106,9118,8683,7218
48093,Comanche County,-27,-245,-125,-44,89,36,23,-71,19,55,3,-110,-167,-149,-11,-52,160,41,28,138,47,279,147,160,311
48095,Concho County,-10,-77,-13,-32,-35,-42,-128,-1,24,-48,11,24,-43,56,-24,-17,78,-1447,-24,48,14,39,64,63,179
48097,Cooke County,71,335,475,134,142,166,-71,-148,-159,50,-29,-128,168,-409,197,256,11,456,423,639,68,700,608,709,551
48099,Coryell County,-99,-1897,-996,-391,-1307,72,-2049,270,-94,-1083,29,323,1230,-2383,-1264,-609,-1845,-520,-437,778,-92,1059,-536,993,-674
48101,Cottle County,-14,-95,-39,-34,-12,-38,-55,-39,33,-15,-1,1,-18,-18,-3,21,-22,-12,7,16,-6,11,-27,-12,-19
48103,Crane County,-47,-65,-40,-72,-11,-65,-17,100,110,88,-6,-44,125,167,132,70,-261,-132,34,7,-5,-43,-106,9,-14
48105,Crockett County,-65,-169,-15,-1,-23,-32,-131,-5,-33,-111,-15,-62,32,40,-1,-79,-110,-110,-89,17,7,-54,-60,-103,-36
48107,Crosby County,-22,-141,-117,-177,-140,-103,-84,-245,-100,-155,-10,2,-15,-119,-111,76,-19,-45,-97,-26,-29,17,-59,-39,14
48109,Culberson County,-37,-108,-71,-93,-88,-54,-85,-76,-84,-173,0,-23,-96,-23,-33,-52,-43,-3,-52,-36,2,1,-18,32,65
48111,Dallam County,-10,-92,-121,-112,-8,-49,-147,67,59,-47,21,47,97,-49,13,-25,-71,-161,-106,-141,-23,-34,-40,-43,4
48113,Dallas County,-196,9562,-19843,-27414,-20887,-12795,4057,-5213,992,12291,-699,11026,22759,5082,11441,14235,9359,5221,-12523,-15147,-5637,-34336,9031,3840,7337
48115,Dawson County,-68,-143,-483,-114,-341,-12,-171,-222,-130,-159,11,-135,-203,-455,197,-517,-42,-313,-210,70,-18,-58,-190,-264,-67
48117,Deaf Smith County,-109,-394,-238,-279,-35,-205,-270,-144,-154,-305,22,-155,-353,-418,-212,-502,-176,-239,-262,-327,-92,-258,-52,-143,-81
48119,Delta County,20,16,112,-23,146,-80,77,-132,91,-49,21,-72,109,-97,37,15,-5,142,56,-5,1,142,90,132,53
48121,Denton County,4678,19598,18032,15377,14312,17530,24361,17769,14725,13082,2546,12429,15516,14016,17574,19607,21866,20775,17304,22716,7066,25893,29443,26512,25710
48123,DeWitt County,-20,112,-27,24,133,147,-244,-146,-100,88,-5,188,125,17,107,78,7,-404,-46,57,21,180,-74,504,131
48125,Dickens County,-33,-23,36,8,-19,-70,-80,-8,-64,6,6,-45,-66,-27,-68,0,-7,1,34,-4,-9,1,9,-19,16
48127,Dimmit County,-48,-225,-52,-56,-220,-64,-191,-229,-115,-78,23,1,262,312,-3,-146,-302,-457,-119,-110,-42,-99,-105,-93,-93
48129,Donley County,-1,55,11,73,40,-66,-40,23,-106,-58,9,-28,-23,-59,-67,-71,11,-30,-17,-32,17,120,-40,-49,58
48131,Duval County,-72,-200,-171,-212,-92,-199,-204,-266,-205,-115,-54,13,-290,-23,-119,-222,76,-180,-142,-9,-14,267,-312,-60,47
48133,Eastland County,24,-141,226,73,159,115,-13,77,-133,-37,13,35,-73,-101,22,-41,151,97,62,99,57,191,220,397,174
48135,Ector County,-695,-1199,110,-865,69,-128,766,1304,857,2013,-438,1396,3269,3406,2955,3303,-3823,-2443,3374,2562,-88,-5259,-302,2447,2983
48137,Edwards County,-19,-90,-39,-33,-31,-48,-41,43,-2,-121,-9,-28,5,-93,-5,16,4,22,-18,20,0,24,9,-24,-11
48139,Ellis County,834,2511,2891,3045,2660,3602,4626,3968,3632,2315,453,994,619,1380,2288,3070,4055,4185,4661,4880,1831,8673,7907,9372,7724
48141,El Paso County,-1233,-5824,-5386,-3284,-1807,-3249,2821,-2839,552,2501,823,7269,3493,-10546,-5800,-10415,-5010,-4993,-6654,-3651,-474,-1705,-3191,287,2526
48143,Erath County,25,-277,362,234,517,206,671,-27,91,167,-18,870,299,243,408,509,71,223,373,329,150,658,411,362,-376
48145,Falls County,-60,-297,-269,-38,-89,-147,-112,-436,-63,-56,1,-38,-281,-368,-53,-7,27,41,-120,47,-17,199,-82,718,117
48147,Fannin County,146,52,394,552,261,452,239,80,185,-30,6,4,-164,-29,152,36,521,725,730,446,141,1115,620,728,1019
48149,Fayette County,18,407,185,142,117,147,183,140,287,109,-8,238,-29,168,143,222,122,206,251,123,82,382,378,613,182
48151,Fisher County,-2,-73,-9,-34,-46,4,-24,-19,-34,-38,-13,-6,-84,41,27,28,4,8,-62,20,2,46,-9,16,89
48153,Floyd County,-52,-291,-179,23,-245,-194,-162,-226,-207,-54,-31,-62,-31,-145,-301,-101,-4,-45,-70,-89,-19,-29,-14,-131,-88
48155,Foard County,-10,22,-75,-21,-5,-51,-1,-45,-35,-28,7,18,-54,-14,11,-39,-15,12,-2,-31,-4,-8,9,41,-22
48157,Fort Bend County,3406,12189,17137,14417,17183,15623,21195,18089,18534,18323,4031,10375,13049,21050,25313,24355,21875,16918,14514,17847,5338,28430,26534,25402,22294
48159,Franklin County,17,125,47,90,178,1018,30,63,-198,-43,5,-53,82,-12,-46,55,73,118,-2,-32,24,149,194,109,191
48161,Freestone County,31,202,234,73,179,119,192,-27,199,252,-5,-228,-101,88,125,72,-87,-47,142,-66,27,462,269,407,344
48163,Frio County,-84,-117,-67,-194,-144,-137,-113,-169,-124,-146,1,84,335,342,406,290,122,199,221,1,-10,-431,217,376,233
48165,Gaines County,-70,-383,-318,-59,-133,-16,-20,45,2,58,16,82,143,245,255,564,-84,-224,-91,362,21,-101,-26,78,298
48167,Galveston County,183,2435,4215,3548,2996,3609,2947,2836,3026,-3668,778,1452,3667,4008,5082,6137,6235,4413,2256,3278,748,3607,1950,3954,4411
48169,Garza County,-9,162,-58,-50,63,-229,61,-175,-111,-22,6,83,-159,-56,40,-29,-203,257,-269,-32,-9,521,-1958,43,19
48171,Gillespie County,110,264,534,551,334,444,635,269,402,343,69,268,238,289,210,486,378,364,368,409,50,746,397,349,490
48173,Glasscock County,-9,-72,-19,-17,-43,-19,-74,-41,37,-7,3,3,28,-10,43,45,-29,-13,19,11,-1,23,1,-3,-14
48175,Goliad County,56,9,13,64,-73,-1,38,3,-3,-20,19,-10,141,105,90,18,8,47,43,60,7,155,26,51,62
48177,Gonzales County,27,-29,113,106,54,128,-222,-287,-30,-81,4,-110,64,116,129,13,182,-122,-58,-16,1,-39,186,127,29
48179,Gray County,-168,-415,-304,-221,-291,134,205,197,175,-138,-112,130,180,-1,378,-253,-581,-645,-77,-171,-41,-36,-20,68,28
48181,Grayson County,310,1288,617,882,243,386,1207,907,293,803,133,208,365,394,1037,1859,2498,2678,2554,2283,563,4003,3670,3622,3607
48183,Gregg County,-238,-48,222,201,-36,120,871,179,-43,1291,-8,72,-317,-452,-712,14,-980,-883,124,379,-34,-39,1508,600,-114
48185,Grimes County,39,501,415,157,71,5,148,249,72,-44,40,38,-19,76,153,289,131,397,294,529,184,726,980,1362,722
48187,Guadalupe County,719,1650,1603,1830,2131,2676,4671,4085,3870,3185,758,2431,2929,2434,3004,3006,3107,4392,2961,2887,867,3407,5101,5406,5754
48189,Hale County,-96,-1102,-639,-456,288,-517,-228,-474,-809,-109,1,-127,-417,-831,-1459,-565,-63,-279,-446,-354,-94,-209,-223,-97,66
48191,Hall County,-15,5,-43,-9,-19,-40,-33,-142,-38,-64,6,-46,-21,-71,-84,56,33,-35,-16,-58,-10,83,-5,12,6
48193,Hamilton County,21,-59,-98,126,-29,99,109,50,43,-13,-14,-28,-109,17,-9,-20,208,203,122,10,34,57,142,342,153
48195,Hansford County,-31,-91,-92,-84,-71,-25,-45,27,86,-23,-16,-50,-74,-18,-11,56,-79,-119,-51,-112,-28,-122,-14,-29,-86
48197,Hardeman County,-12,-113,-59,-20,-73,-95,-46,-137,-155,-166,14,-17,-48,-34,-51,-59,65,-2,-34,12,22,8,-19,-34,-60
48199,Hardin County,69,116,330,224,500,669,145,710,444,828,78,139,-81,51,75,114,381,755,-93,431,114,793,781,411,460
48201,Harris County,2629,13768,21222,1301,-3111,2853,75344,4359,23253,43373,4154,26918,40008,46383,56722,54778,18830,-11164,-17807,-5560,-5158,-25436,44889,52446,65187
48203,Harrison County,-90,178,-426,-333,333,-11,581,-279,193,692,26,328,-408,-139,62,-59,-234,-294,63,-53,-16,825,571,964,429
48205,Hartley County,-4,-100,-414,227,-125,-123,-29,6,-321,16,-3,-54,37,-126,32,-383,36,-36,-141,-72,-28,35,-206,-110,-176
48207,Haskell County,-44,-73,-190,-84,-77,-15,-151,-88,-35,-77,-6,120,-33,62,-47,34,-46,-11,22,-16,24,11,74,71,55
48209,Hays County,1264,4879,5959,3286,3080,5109,5899,7181,5860,4531,785,3768,3867,6107,7218,8108,8390,8764,6481,5963,2782,11428,11314,10322,10553
48211,Hemphill County,-27,-36,-2,-48,-2,14,-9,-45,56,5,-16,121,104,31,-15,56,-196,-170,-107,-48,-13,-47,-115,-46,2
48213,Henderson County,275,581,973,1567,1612,210,405,-238,-141,121,135,176,188,-145,763,362,745,1094,1406,845,368,1988,1380,2034,1558
48215,Hidalgo County,963,3284,7355,7412,6680,6216,4872,4651,5623,5809,1497,3597,478,-2173,-823,-2295,-2154,-3084,-3353,-3056,-215,950,1798,3605,3758
48217,Hill County,244,205,447,654,413,188,313,212,352,69,15,16,-52,-296,-71,102,324,634,494,506,136,645,1052,980,674
48219,Hockley County,-96,-221,-107,21,-252,-63,-371,-329,-158,-184,-106,-27,-8,179,-13,-250,-348,-160,-109,-55,-37,-186,50,98,130
48221,Hood County,384,1246,1015,1092,1023,1156,1462,953,1295,670,88,303,654,745,992,1527,1384,1440,2354,1567,556,2766,2283,1613,1810
48223,Hopkins County,33,76,43,193,378,164,221,370,-15,300,50,-81,-47,-48,281,231,135,212,270,287,21,521,629,420,595
48225,Houston County,-3,-42,65,21,170,-150,-41,-48,-119,-131,6,-198,-173,-315,79,2,192,248,65,-8,29,62,124,218,397
48227,Howard County,-193,-456,-80,-483,-252,-383,-228,164,292,196,-4,-19,437,594,289,464,-1018,-455,24,649,-62,-343,-3848,-24,-131
48229,Hudspeth County,-4,-9,-77,-142,-70,15,-13,-51,-159,-14,-14,-97,-89,-47,-56,203,688,345,170,76,-7,89,141,14,58
48231,Hunt County,279,963,1291,147,582,125,377,-63,-501,247,174,53,79,255,1022,792,2062,1957,2295,1759,303,3445,4622,4806,4872
48233,Hutchinson County,-99,-613,-215,-492,-409,-369,-96,-191,-376,24,-54,-240,-89,-140,-88,-135,-302,-283,-235,-224,-48,-40,-116,-98,-182
48235,Irion County,-3,-61,36,-8,-26,8,54,-25,-25,25,9,-4,-31,40,-40,-28,18,-60,4,17,0,28,3,16,-40
48237,Jack County,-12,-109,175,-10,4,26,42,-151,-105,-113,-25,6,-55,-53,-65,-6,-95,41,3,102,27,68,224,470,238
48239,Jackson County,1,-210,-26,-147,-40,-23,-94,-131,42,104,-16,-84,177,306,69,32,-8,-115,-18,-140,5,83,0,-10,100
48241,Jasper County,-18,-57,-192,-240,-248,-119,-842,28,-108,33,88,368,-466,-256,-199,-129,125,110,252,-231,-30,-122,168,277,330
48243,Jeff Davis County,20,6,-39,33,-4,0,9,1,31,-1,-2,-54,7,-55,-4,-16,37,31,-17,34,-9,-9,-39,-44,-61
48245,Jefferson County,-582,-3045,-1513,-1663,-1017,-1453,-6227,-51,-193,213,-148,-47,-3088,396,-1199,1047,-512,-721,-3711,-2464,-447,-2414,-1637,597,281
48247,Jim Hogg County,-21,-122,-29,-139,-36,-39,-120,-118,-2,-20,-8,-35,-65,-52,26,-64,-72,-74,-30,9,6,-47,-33,-81,-36
48249,Jim Wells County,6,90,-22,12,121,-102,-327,-15,-482,-277,2,60,218,-213,-478,-246,-587,-456,-276,-377,-54,42,-44,-14,5
48251,Johnson County,944,2927,2370,2465,2416,1600,1501,2398,3304,2028,65,199,562,476,1555,1831,2691,3544,3418,4000,856,6699,7685,6911,7096
48253,Jones County,-38,-564,-67,-23,-167,-185,-114,-259,-95,-135,40,87,-430,184,-180,158,36,-100,39,219,25,378,487,495,34
48255,Karnes County,-26,-30,-161,-53,-41,-132,-13,-52,-3,-85,36,92,-109,-116,133,465,29,-1,90,-68,36,-6,235,14,68
48257,Kaufman County,720,2563,2101,3107,2578,2775,3460,3740,2932,1740,397,722,726,1072,1954,2520,3127,4031,4909,7120,1778,11058,12640,12058,9660
48259,Kendall County,212,503,609,941,845,1238,1418,1316,1543,905,202,824,1061,1576,1203,1551,1951,2046,1615,1816,306,2521,2137,1500,1420
48261,Kenedy County,6,-7,4,-8,4,10,-26,-21,-9,-19,4,16,10,-16,-3,2,-3,-13,16,-39,-2,-6,13,-11,-22
48263,Kent County,-11,-28,10,-23,-13,-1,-8,16,-6,-8,5,6,18,-38,-27,4,1,15,-29,39,10,-1,8,-1,-20
48265,Kerr County,199,535,632,402,867,760,946,514,523,510,52,201,275,313,746,742,738,612,747,403,204,899,941,424,489
48267,Kimble County,21,20,26,-2,45,48,-25,-45,5,111,-10,25,-56,-59,13,-62,40,-3,-34,16,11,88,101,43,-50
48269,King County,-1,-42,-8,5,3,-20,-4,-1,-16,1,2,-34,11,2,-8,18,9,-3,-15,-8,4,-12,-26,-20,-2
48271,Kinney County,5,5,22,-110,-32,26,1,28,-71,15,9,18,24,-3,-75,53,30,79,-26,-22,-1,18,32,52,-16
48273,Kleberg County,-109,-608,-170,-355,-446,-419,-465,-158,-288,-443,-37,-220,-181,-376,-377,-668,-278,-649,-198,-200,-76,-330,-264,-203,-116
48275,Knox County,-16,-199,-36,-54,-96,-127,-49,-84,-113,-32,16,4,6,1,73,-8,-44,-32,-14,-2,1,-6,1,44,-49
48277,Lamar County,71,-153,215,256,-20,1,-72,-125,-72,-53,27,-60,-286,-544,233,-43,49,-15,162,174,59,368,322,645,162
48279,Lamb County,-65,-164,-12,-83,-205,-134,-388,-206,-358,-456,33,7,-257,-231,-209,-270,-116,-67,-108,-236,-44,-81,-122,-25,-95
48281,Lampasas County,116,238,513,278,1222,-705,630,338,175,-46,50,134,99,74,-71,199,179,310,263,299,103,647,647,600,314
48283,La Salle County,-2,-126,-3,-10,-7,56,-123,-13,-170,-69,8,63,104,245,-6,100,-71,-83,-89,-24,-21,32,-141,22,7
48285,Lavaca County,-27,-224,93,26,-43,-13,-24,12,-101,-11,0,46,241,113,214,175,13,166,114,59,27,240,173,-62,6
48287,Lee County,29,243,54,42,-123,9,-76,-64,8,-43,-13,-70,-95,-16,64,185,97,127,-51,99,13,220,300,247,209
48289,Leon County,103,86,261,126,52,272,250,38,409,48,-32,103,-112,-88,120,305,168,48,25,159,30,347,292,383,198
48291,Liberty County,283,782,1364,159,251,-234,-313,-19,160,91,139,-191,-6,181,851,1170,1482,1990,1908,2043,723,4870,4702,5933,6295
48293,Limestone County,4,47,206,141,141,-104,107,-129,-154,3,52,96,30,-268,38,-121,-15,-106,-64,120,2,74,378,221,298
48295,Lipscomb County,-27,-88,59,22,-93,-7,23,25,-29,81,-23,17,108,27,46,-15,-84,-154,-35,-113,-21,-113,-48,53,-29
48297,Live Oak County,-30,-198,-177,-234,-134,-139,-112,-71,-111,-202,23,-39,132,167,216,117,-142,131,-34,38,12,113,236,272,68
48299,Llano County,103,424,417,291,134,206,121,429,133,66,50,-97,322,391,271,537,636,734,597,379,103,1065,754,405,545
48301,Loving County,-3,-2,2,-6,-13,8,1,-2,-17,4,2,11,-9,20,-17,29,-4,19,10,20,1,-4,-7,1,1
48303,Lubbock County,-47,1501,619,1503,-87,-184,1697,853,355,3100,773,1378,927,1879,2906,2160,1952,1683,871,1616,663,2461,2696,2392,2517
48305,Lynn County,-61,-111,-52,-258,-107,-42,-45,-276,-141,-80,-21,-46,-115,-80,35,-56,7,33,2,76,17,59,93,32,106
48307,McCulloch County,-25,-137,-121,61,134,-85,37,-139,60,93,-44,46,-12,10,-44,117,-122,-158,49,25,-30,17,44,62,11
48309,McLennan County,258,364,678,1052,1810,379,461,1307,1219,1065,558,505,65,847,191,868,731,2800,1373,1197,378,2247,1973,1521,930
48311,McMullen County,2,-10,-9,22,-51,66,-18,24,-33,-34,3,-16,32,40,38,21,-22,-42,-36,13,0,6,-13,9,-13
48313,Madison County,24,700,-964,169,161,-66,90,60,-46,55,61,-21,-30,58,25,63,136,89,92,-111,-6,24,150,95,401
48315,Marion County,8,148,-71,81,-127,-27,62,-42,-201,-112,-11,57,-60,-42,-33,66,61,32,-84,9,60,-18,57,131,159
48317,Martin County,-25,-45,-70,-134,-163,10,-28,20,16,51,10,40,41,247,118,119,-87,-147,124,57,6,-59,43,-19,-9
48319,Mason County,6,39,25,51,80,8,59,34,-21,88,10,26,28,72,-22,-30,107,44,85,22,20,-5,84,-16,103
48321,Matagorda County,-28,-166,-283,-103,-407,-452,-556,-453,64,-293,-10,-236,-332,-136,-195,136,183,-441,-405,-72,-13,42,-293,123,-112
48323,Maverick County,-97,-495,-99,40,-286,-311,7,-345,46,592,43,133,-192,-20,-148,-184,-388,-635,-480,-204,-133,-338,-349,-181,-20
48325,Medina County,93,328,336,479,497,300,614,354,270,256,69,192,162,343,434,393,658,753,534,582,184,1434,1265,1063,746
48327,Menard County,0,-24,17,-28,-27,-62,-14,-19,31,6,1,15,7,-65,-4,32,-23,36,19,28,8,30,33,4,-18
48329,Midland County,-752,-533,407,208,394,380,1912,1390,1821,1879,-212,2006,5468,3343,2578,3711,-343,-312,5344,2452,-132,-3326,2801,3910,3547
48331,Milam County,-18,94,455,-141,109,-181,53,-151,60,-352,-63,-88,-540,-39,30,199,310,268,106,-203,11,537,515,425,213
48333,Mills County,-17,-55,76,-45,36,93,-71,42,21,10,19,-61,-17,66,21,19,28,63,-8,32,3,102,55,91,72
48335,Mitchell County,-47,-50,-107,-16,-80,56,-54,48,-63,91,7,2,-83,-342,71,-214,-368,-273,288,-15,10,72,-58,158,-110
48337,Montague County,18,105,22,232,47,140,259,17,40,-41,-16,69,-238,-22,-5,-55,168,60,244,288,62,643,756,623,301
48339,Montgomery County,3033,11590,12298,11545,13657,11913,16667,15147,14501,12294,2560,8747,9542,10349,14959,14781,15720,12703,14971,14365,4412,23905,26560,30135,30975
48341,Moore County,-96,-194,-458,-347,-202,-445,-90,-433,108,201,28,-201,96,-605,-464,-534,-383,-301,-770,-386,-123,-308,-225,-35,194
48343,Morris County,-14,166,10,-36,-129,15,128,48,-192,-191,2,-135,-58,-9,-77,-204,85,-38,-33,99,17,121,155,122,110
48345,Motley County,17,-76,-17,11,-39,-1,-5,2,-11,4,2,7,5,-3,-28,4,32,64,8,-28,-1,24,-21,4,-5
48347,Nacogdoches County,-1,90,-374,55,339,171,546,229,344,285,24,617,-146,-1054,-268,-16,-206,-496,-346,-123,-54,88,167,536,285
48349,Navarro County,141,558,532,229,589,311,480,-212,31,201,-5,8,-84,-319,-388,125,86,212,642,437,195,847,967,843,674
48351,Newton County,-30,-84,-159,-76,-407,-18,-308,-37,-5,-55,-3,123,-122,-58,-17,-135,24,-201,-127,-94,-33,175,-47,93,-84
48353,Nolan County,-59,-464,-326,-54,-142,-291,-73,-49,254,-76,4,-70,-244,106,21,-38,-99,-207,-92,-100,-11,-84,-112,-153,-69
48355,Nueces County,-963,-3953,-1299,-1999,161,-432,-587,-2628,-1043,182,-425,966,2653,2921,1446,1593,-935,-2114,-705,-1225,-157,-615,-1811,-35,-485
48357,Ochiltree County,-34,27,-148,-268,26,72,54,96,-34,64,-63,149,80,27,-97,-114,-547,-357,-222,-106,-62,-200,-143,-47,-216
48359,Oldham County,5,-26,-46,7,-32,-42,-3,-23,2,17,-2,23,-34,41,-39,-7,1,24,1,-19,3,-40,26,11,25
48361,Orange County,-102,-933,-370,-405,-79,-137,-1941,353,130,-1270,96,230,354,-246,282,456,365,331,-1516,-150,-48,35,564,679,269
48363,Palo Pinto County,49,39,2,90,-46,120,199,-350,90,-60,-19,-66,-309,-37,83,-84,171,415,292,306,72,386,657,519,558
48365,Panola County,-8,-60,110,15,-211,182,258,-135,94,24,19,190,-39,-228,-29,-126,-250,-208,-65,68,27,196,276,165,269
48367,Parker County,697,2087,1994,2273,1916,2090,3010,3373,2808,2289,280,696,792,-56,1950,3112,2869,4221,4140,4404,1380,7763,8142,7094,5812
48369,Parmer County,-54,-323,29,-81,-163,-263,-216,-106,-213,-106,7,-50,-179,-279,-138,-233,-126,-146,-64,-200,-31,-107,-192,-71,-73
48371,Pecos County,-127,-403,-185,-428,-176,-227,-16,-105,-95,227,3,-3,-163,-14,42,106,-230,-287,-16,24,-32,-48,-438,-73,-114
48373,Polk County,466,1567,1175,1016,784,338,217,443,234,-28,51,220,31,131,411,948,1167,1443,1129,1531,496,1733,1463,1028,149
48375,Potter County,-70,-159,534,969,-338,254,98,-1095,-575,-356,86,27,-471,-1587,-956,-1582,-1329,-954,-2036,-1805,-319,-1574,-1568,-57,-1005
48377,Presidio County,14,-80,-3,-86,-142,-8,-210,-61,-168,-173,38,-218,-203,-308,-284,-227,26,-121,-291,-202,-30,-7,-191,-231,-118
48379,Rains County,76,503,375,300,208,184,259,207,58,29,13,101,-48,109,45,167,240,476,429,359,47,392,439,242,300
48381,Randall County,234,135,151,447,1078,797,434,1311,756,1353,332,1500,922,1151,1226,950,1376,1094,1164,1540,465,2631,1877,1532,1866
48383,Reagan County,-37,-114,-93,-130,-38,-73,-30,24,-13,-70,-26,13,66,124,106,-2,-118,-72,-12,75,-17,-156,-116,18,-46
48385,Real County,13,-70,-28,54,0,-9,81,14,-107,-13,10,127,-60,6,49,-52,105,46,67,-4,-3,109,50,66,-46
48387,Red River County,-13,-26,-160,-164,-32,-53,-140,-116,-120,-121,3,-134,90,-189,-14,-23,-123,53,10,-59,-3,129,142,167,161
48389,Reeves County,-102,-459,-368,-509,-494,-333,-242,-77,-188,-31,20,191,109,179,530,340,-448,-144,257,381,-7,-1586,-1436,100,115
48391,Refugio County,-14,-91,-113,-111,59,-32,-70,-151,-37,-110,-21,-38,-54,37,94,-29,-46,-88,-188,-66,10,15,-4,78,66
48393,Roberts County,-5,-9,-21,-38,25,5,-15,20,3,9,-6,-3,14,-18,-3,0,-2,19,-36,-45,-3,-19,4,20,19
48395,Robertson County,-1,-36,-163,-88,60,121,-66,-149,-159,-63,-35,79,-222,-69,40,210,101,298,39,-186,8,229,252,181,356
48397,Rockwall County,747,2786,3246,2972,3041,3715,5649,4614,3017,2587,446,1591,1187,1501,1902,2691,2744,2895,3314,3935,1298,7510,6009,7313,4802
48399,Runnels County,-1,-359,-138,-221,-43,50,-249,-117,-72,-68,20,5,-131,-95,135,132,-83,41,-94,106,37,38,59,51,-123
48401,Rusk County,-40,-10,81,-121,222,41,207,262,298,74,26,214,-60,-573,-181,-276,-146,1235,75,104,5,645,115,752,1363
48403,Sabine County,-4,55,71,3,9,-48,116,-21,40,137,32,-58,-142,11,83,102,10,122,200,12,22,246,159,188,47
48405,San Augustine County,11,-137,93,8,63,-54,54,-118,-23,-34,-12,34,8,-96,-136,-96,-4,43,-2,24,29,86,59,68,-15
48407,San Jacinto County,224,268,358,514,560,106,-20,418,52,32,63,331,169,-188,301,333,420,519,483,159,140,483,697,763,218
48409,San Patricio County,-52,-1031,-554,-248,36,243,-701,-804,-573,-739,-411,-279,493,526,184,-3,-193,-443,-834,-272,12,806,383,586,654
48411,San Saba County,15,-4,-84,-8,76,-80,-10,-34,-57,15,18,-83,-68,-14,-114,58,-1,105,51,9,10,147,92,-300,293
48413,Schleicher County,-19,18,-52,-130,-24,-5,-45,26,-39,-30,33,-213,-59,-81,-42,30,-139,-72,-101,-81,-9,-2,-84,21,-54
48415,Scurry County,-135,-518,73,-160,94,-129,22,51,-111,106,5,-167,193,53,23,136,-253,-479,-234,-130,-3,-87,-607,-67,-32
48417,Shackelford County,-3,17,18,-56,-74,-21,-34,26,-82,5,-2,-44,22,1,-34,7,-3,-44,-47,11,8,101,30,24,-17
48419,Shelby County,32,12,46,288,-95,149,92,151,-9,179,-21,208,258,-198,-440,-284,74,-422,26,-75,-77,69,111,93,3
48421,Sherman County,-15,-58,7,-77,-84,-104,-42,6,20,-59,-7,-22,7,20,-5,-17,0,-34,30,-104,-3,-13,-18,-101,52
48423,Smith County,554,1365,2208,1883,1777,2678,3256,2184,1845,2202,393,1318,1040,650,1995,1688,1721,1021,1784,2212,615,3167,4593,3051,3018
48425,Somervell County,13,69,192,128,60,88,175,85,165,102,11,-76,110,10,4,63,58,176,182,118,14,321,343,115,215
48427,Starr County,-89,-377,140,341,219,-551,-271,-377,-491,-92,-49,-552,-642,-578,-430,-430,-486,-545,-635,-397,-164,-294,-678,-238,-253
48429,Stephens County,-40,-214,-112,39,-96,80,12,42,28,68,-35,-39,77,-220,-38,56,14,-87,121,-50,-6,439,0,16,41
48431,Sterling County,-22,-18,-1,-27,-14,-55,-56,31,21,4,-4,34,26,36,102,-12,4,-62,12,-7,11,-10,28,-43,-4
48433,Stonewall County,-8,-100,-102,-31,-36,-32,25,12,2,-49,11,-23,5,-27,-22,16,5,-22,-22,3,3,-17,21,6,34
48435,Sutton County,-52,-23,11,-66,64,51,66,-11,-34,-96,-62,-99,-86,43,-38,-67,-53,-121,-62,15,-11,-48,-46,0,30
48437,Swisher County,-33,-187,-233,-92,-151,-171,-77,-114,-139,-212,39,-143,3,-151,-205,-77,-69,38,-38,-29,-18,88,-24,-33,-41
48439,Tarrant County,4233,19376,19526,13170,11431,15759,33223,27746,21219,20682,2751,14058,17616,14830,17160,22563,22397,17642,11279,7402,1822,3588,19977,22121,22825
48441,Taylor County,-356,-1790,-821,-709,-218,-556,-739,-458,-795,185,171,138,481,-932,242,395,-601,-368,52,107,101,307,1228,1519,717
48443,Terrell County,-16,-39,1,0,-46,7,-17,-30,-5,44,19,-57,-34,-23,16,-42,-46,-7,-1,-31,-10,-16,-18,13,19
48445,Terry County,-89,-327,-22,-149,-104,-217,-86,-158,-160,-27,2,-72,-97,11,-12,-105,-37,-409,-155,-69,-46,-74,-311,73,22
48447,Throckmorton County,-15,-44,-46,-22,-34,45,18,-55,-30,-10,-6,6,-19,-7,13,-40,-10,-23,-2,-5,6,62,43,-3,17
48449,Titus County,-70,-425,-71,165,74,-1113,255,155,149,248,30,-204,-85,-245,-336,-105,-387,-61,-82,-204,2,-87,-119,56,156
48451,Tom Green County,-145,-671,-206,77,-317,-349,394,-104,234,268,245,545,1011,810,1124,516,-522,-516,58,756,55,-866,-346,74,576
48453,Travis County,6092,17340,-4974,23,6179,12321,25594,21021,16166,16000,3124,20087,23490,14383,18534,16320,15383,11343,9745,18260,4669,4030,17749,7978,12265
48455,Trinity County,45,55,165,101,127,123,-31,46,-48,-28,39,6,-209,190,-93,305,114,238,110,57,77,367,330,381,316
48457,Tyler County,2,-298,69,-94,125,-208,-55,128,150,64,0,-54,-116,46,36,-39,112,148,190,145,44,259,679,82,228
48459,Upshur County,67,304,799,397,153,281,-173,56,276,37,33,298,172,-244,488,44,439,340,116,562,136,959,757,930,664
48461,Upton County,-30,-172,12,-123,-76,-97,28,-86,60,4,-6,-56,-34,98,74,153,4,-81,-30,-4,-7,-52,-88,-33,-15
48463,Uvalde County,-61,-137,214,-198,-184,-37,-218,-251,-177,-35,18,-46,13,13,-7,-275,-19,-178,-402,-171,-30,212,48,-6,-43
48465,Val Verde County,21,-411,-128,215,-5,-523,-377,-330,-514,-132,11,-551,-565,-460,-758,-521,-546,-350,-359,-344,-80,-211,-230,-233,-220
48467,Van Zandt County,232,558,1015,298,1058,219,532,-119,256,-189,74,8,-206,203,481,733,945,816,821,649,244,1904,1888,1304,1362
48469,Victoria County,-225,72,-421,-403,-356,-702,-360,242,-85,406,-82,138,1057,429,445,549,-231,-807,-499,-131,-81,-488,124,375,117
48471,Walker County,-72,341,-677,925,577,714,-522,-485,-314,390,285,47,137,639,528,600,897,871,264,-168,135,1969,1470,2541,949
48473,Waller County,129,137,513,507,-210,-458,151,538,-204,248,127,301,-63,771,1021,1495,1102,1335,1457,1384,478,2079,2300,1718,1290
48475,Ward County,-105,-404,-145,-194,-86,-45,3,-100,224,-45,-60,43,99,295,276,3,-120,-226,227,186,-4,-548,-182,-22,44
48477,Washington County,52,-1,265,152,253,260,341,102,258,374,21,194,-34,235,169,412,-126,104,617,407,50,244,585,918,477
48479,Webb County,271,752,452,454,700,377,320,-125,125,529,63,242,521,-419,-1203,-1688,-1524,-2323,-1916,-1831,-439,-1787,-1536,739,5956
48481,Wharton County,-37,-407,-195,-151,-208,-273,-116,-490,-213,-133,15,-153,-290,-109,-186,178,56,90,-457,-85,-34,138,186,10,125
48483,Wheeler County,-39,-87,-110,-197,-19,-27,69,34,-18,96,-7,44,139,116,-42,-37,-161,-220,-138,-93,-12,-33,-68,47,21
48485,Wichita County,-256,-1844,-547,-59,-354,-1668,-761,-1679,-1221,-727,-48,-1465,432,51,-2,-2134,-48,226,-26,205,184,612,339,-175,-288
48487,Wilbarger County,-41,-258,-116,-181,-209,-6,-44,-188,-269,-47,-34,-75,-212,-73,-206,54,-199,-170,75,-18,-33,-85,-147,14,-25
48489,Willacy County,-91,-529,-249,-233,-95,27,-153,-315,-230,-281,22,-245,-113,-350,-202,-207,-240,-318,-149,-163,-34,172,-50,-225,8
48491,Williamson County,4280,18072,9579,8830,10401,11598,15756,17098,16825,10503,2489,11510,9550,10160,13522,15084,16575,14814,16635,20312,6376,27412,24382,22717,22514
48493,Wilson County,248,404,562,846,1048,663,962,980,965,170,148,513,475,734,756,899,851,878,872,757,275,1318,1455,1469,986
48495,Winkler County,-85,-102,-121,-301,-65,-192,-2,59,114,-42,-36,29,165,196,113,142,-169,-353,106,152,-38,-363,-29,201,-122
48497,Wise County,568,1330,1259,1088,663,918,733,433,600,663,-66,518,262,324,417,882,1427,1281,2272,1544,307,3164,2818,3002,3118
48499,Wood County,153,696,571,1454,923,521,1355,510,594,483,88,250,480,192,597,551,834,739,1111,625,288,1824,1280,1268,1329
48501,Yoakum County,-63,-71,-156,-64,33,-63,-86,69,52,12,-47,53,20,70,75,136,-101,-180,-79,24,-27,-142,-140,-87,-10
48503,Young County,-29,-212,7,182,-21,-138,373,-98,-70,175,5,-145,-57,72,-14,-81,-33,-83,85,61,9,215,163,241,241
48505,Zapata County,-19,43,60,-73,-74,111,-177,88,14,-13,-11,-96,-145,-89,-212,-102,-220,-313,-238,-75,-31,-46,-104,-140,-39
48507,Zavala County,-9,-157,-72,-220,-102,-95,-27,-114,-75,-291,24,14,35,60,-58,-29,-261,-210,-35,-177,-10,-157,-99,-91,-208
49001,Beaver County,1,-77,-26,-109,-55,10,21,-80,19,9,-10,-166,-131,-96,-65,-119,79,-102,144,33,-1,104,94,-105,60
49003,Box Elder County,-26,-63,143,-35,-406,-218,154,537,522,152,34,-512,-584,47,68,33,635,585,526,706,175,1493,1480,919,799
49005,Cache County,18,-792,810,-295,-281,-477,-1323,300,1176,1106,173,-607,-750,-740,-993,-13,764,325,550,254,17,2485,1620,1295,385
49007,Carbon County,-103,-771,-41,-138,-326,-350,-22,301,-170,271,2,-206,-226,-421,-311,-289,-89,-183,59,182,64,-93,240,152,42
49009,Daggett County,5,-18,-36,-8,24,-1,1,-31,3,16,5,79,-74,38,-13,-18,-26,-53,-40,-30,18,22,31,-28,-26
49011,Davis County,266,86,1099,1892,1637,2297,4197,4038,2372,736,217,-327,-143,2090,2327,1744,2376,1936,804,710,167,904,668,1703,1282
49013,Duchesne County,-41,5,105,-200,-100,128,97,511,412,717,-60,-197,20,645,-77,249,-744,-571,-155,-230,-42,86,251,238,147
49015,Emery County,-46,-381,-191,-140,-193,-122,-170,-28,48,60,-11,-120,-144,-251,-151,-343,-195,-200,-25,-8,18,124,139,40,11
49017,Garfield County,10,-105,-131,-120,-118,-56,2,83,77,-12,15,-52,-100,-53,-31,-60,-15,51,-19,37,6,40,132,62,-1
49019,Grand County,11,-4,93,-20,-49,85,98,12,107,16,60,-76,25,-19,46,29,29,-49,73,41,6,-28,100,-41,-95
49021,Iron County,48,157,383,-121,378,1636,1713,874,208,330,-58,-256,-524,-676,4,498,1045,569,1420,1645,307,2600,1636,1309,831
49023,Juab County,4,9,-52,28,82,30,120,309,278,88,-15,-64,-126,-131,40,43,327,144,212,259,7,267,261,332,169
49025,Kane County,25,-129,14,-16,23,85,227,50,16,14,88,64,-145,-47,43,-126,248,206,146,197,14,316,204,225,74
49027,Millard County,-36,-172,-166,-122,-203,-194,-73,-92,79,55,22,-72,-196,3,-116,-25,-49,72,70,103,42,82,183,205,183
49029,Morgan County,15,53,57,-15,41,119,208,253,197,29,25,29,67,274,300,309,225,374,32,71,72,216,112,94,41
49031,Piute County,0,-40,-12,-15,10,-19,-5,-23,67,5,3,-63,6,-9,-20,24,-25,-45,31,41,-1,56,8,66,-5
49033,Rich County,0,-52,1,57,-17,-23,-50,51,67,-14,-9,22,-74,-13,-6,13,-8,70,37,7,-8,80,32,8,64
49035,Salt Lake County,-966,-3152,-5275,-6899,-3254,951,5442,2980,2071,2773,129,2328,4746,3456,-874,1403,7005,5947,2156,1988,-768,-7998,1965,3933,5241
49037,San Juan County,-69,-968,61,-210,35,-206,-78,226,319,-31,30,-120,51,-244,-74,41,-44,-133,17,-108,6,-50,-113,-70,137
49039,Sanpete County,-1,136,-117,-66,-29,-17,10,358,672,144,41,-173,-268,0,-44,172,390,495,397,251,57,481,559,654,148
49041,Sevier County,-12,-139,-112,-151,-22,-209,162,147,122,-204,-29,-69,-332,0,-123,0,160,47,89,3,17,304,131,225,143
49043,Summit County,157,589,464,505,628,569,-175,97,338,356,104,572,132,296,435,229,603,559,248,-2,49,474,-268,-342,46
49045,Tooele County,696,1373,1084,947,585,693,1431,1508,1265,562,109,-1,-52,203,155,606,1377,2265,1845,1598,498,2970,2616,1611,1916
49047,Uintah County,-38,152,184,-300,6,188,413,667,430,1217,-269,367,913,516,672,392,-1946,-1378,-114,25,-31,362,733,531,127
49049,Utah County,900,4486,1342,548,1284,3374,6919,8857,6130,4355,541,583,-375,1682,-165,2527,8122,7001,5583,5214,1757,14093,10634,11764,10479
49051,Wasatch County,141,460,392,370,175,608,903,195,245,282,74,515,642,911,914,949,950,1181,874,713,229,1032,287,415,391
49053,Washington County,612,2368,3609,3472,4811,7370,5906,3654,1475,-128,-17,1528,1753,1860,2943,2513,3799,5667,4867,5085,1792,9687,5852,4278,4909
49055,Wayne County,11,-39,-20,-70,-59,-30,45,19,45,5,-14,-45,-47,3,-15,-6,-16,24,-44,34,14,59,70,-18,-14
49057,Weber County,115,207,545,-289,-135,-181,-4,2126,3230,1671,238,-791,50,-544,42,644,2179,2423,2058,2348,290,2137,1892,1548,2074
50001,Addison County,20,-48,171,43,62,-82,51,76,-100,-89,-25,136,-39,15,5,18,-14,-3,-37,-52,-17,121,280,305,177
50003,Bennington County,-7,13,82,-73,-76,-110,121,-75,35,-8,-17,-142,-113,2,-271,71,-111,-79,-16,75,-7,341,241,93,84
50005,Caledonia County,-1,-73,218,28,260,39,199,-188,-232,-66,-34,-67,-59,53,-181,-175,-443,2,127,-238,-18,352,278,183,41
50007,Chittenden County,276,321,321,-136,36,-237,-251,-236,35,309,70,709,127,240,1,944,-189,1033,298,-93,-2,643,355,-149,171
50009,Essex County,-6,36,33,-21,40,-21,-82,99,-3,-39,-3,2,-94,-12,-40,46,54,-6,56,-63,4,76,58,45,79
5001,Arkansas County,-72,-140,-235,-314,5,24,-194,-342,-177,-160,-34,-115,62,-205,-284,-154,-188,-270,-138,-232,-22,-301,-34,-69,-171
50011,Franklin County,78,272,286,162,176,75,32,-95,-141,-17,-14,235,-134,-75,143,81,-162,-146,196,-31,43,332,275,207,236
50013,Grand Isle County,30,146,137,117,99,59,-59,18,107,-145,-6,15,5,9,-14,-99,57,65,118,114,-10,163,97,16,36
50015,Lamoille County,83,241,242,162,36,74,305,204,303,134,21,130,161,77,-25,27,48,17,-106,22,-29,238,30,41,4
50017,Orange County,60,259,13,172,79,-28,136,-152,-143,-101,3,27,-138,-67,21,9,22,54,-43,33,24,404,296,108,166
50019,Orleans County,44,164,126,337,152,185,13,62,-69,48,-7,-27,-14,34,-73,83,-201,138,90,213,4,324,210,192,154
50021,Rutland County,19,-126,58,232,52,180,58,-94,-75,-185,-82,-229,-350,-155,-370,-332,-236,92,-181,-234,-26,512,29,278,116
50023,Washington County,-10,365,211,-115,-65,108,-67,-333,-168,-69,24,-62,-300,-201,-246,-337,-291,-77,-173,329,-12,424,285,212,-303
50025,Windham County,-68,-154,34,114,-256,-168,78,-98,-186,-108,-29,-240,-184,-93,-223,-310,-7,-208,-118,-336,-16,486,1,251,-159
50027,Windsor County,69,66,230,32,-14,-167,-186,-59,-182,-218,-26,75,-412,-48,-160,-44,-93,81,64,-38,31,837,77,185,-121
5003,Ashley County,-61,-304,-119,-338,-298,-400,-293,-314,-111,-290,-25,-187,-212,-249,-326,-101,-298,-178,-254,-317,-69,-202,-180,40,-145
5005,Baxter County,133,271,520,576,1005,1026,1173,939,386,489,54,188,85,228,238,497,333,506,643,655,197,1041,775,810,573
5007,Benton County,1206,3450,4385,5164,6012,5990,7031,6011,5089,3909,674,4861,4000,2917,3527,4999,5725,5352,3834,4930,1981,6665,7509,6649,8655
5009,Boone County,76,213,153,104,330,553,556,619,143,-52,14,183,172,-27,-268,19,143,195,-40,103,38,691,571,375,237
5011,Bradley County,-3,-41,-20,-26,-114,-83,-206,-53,-111,-129,-7,-33,-152,-141,-68,-3,-33,-122,48,-61,-33,-97,-136,20,-119
5013,Calhoun County,-22,-103,44,-16,-79,60,-17,-69,-162,-133,-16,-103,37,-66,-4,46,-35,88,46,-29,0,36,1,-10,66
5015,Carroll County,14,179,247,253,21,389,208,86,171,391,66,-97,157,159,-55,16,-50,169,228,290,-22,312,283,142,322
5017,Chicot County,-38,-314,-395,-201,-285,-140,-224,-225,-324,-217,-15,-84,-221,-111,-148,-184,-52,-261,-167,-285,-42,-36,-123,-213,-101
5019,Clark County,-45,150,-112,-234,-61,-54,178,221,132,-111,-39,32,-180,-146,-30,-20,65,-386,124,16,-50,-109,-69,-167,107
5021,Clay County,-47,-190,-199,-114,-122,-70,-107,-220,-241,-150,16,-115,-77,-133,-107,-61,-83,-100,-48,-170,-13,-75,5,31,23
5023,Cleburne County,74,123,225,356,359,274,168,171,93,307,54,-11,16,-27,116,-130,-31,45,86,84,33,580,453,396,351
5025,Cleveland County,-20,64,-67,40,14,80,-67,24,-160,-192,7,1,-80,-75,-107,-97,4,-48,-163,-26,13,-10,40,-36,41
5027,Columbia County,-60,-243,-103,-318,2,-234,55,-362,-292,-298,191,7,-288,-96,-260,33,-83,-287,-55,-111,-33,-174,-113,-26,-136
5029,Conway County,-9,21,-49,67,-20,90,56,168,-42,65,-27,-108,4,-64,-81,-48,-38,-7,33,9,34,272,238,128,400
5031,Craighead County,242,379,458,682,1010,778,1828,1147,1388,1404,140,1150,1047,1067,513,1141,823,746,1127,1091,279,-226,771,1066,1726
5033,Crawford County,61,468,377,431,643,582,931,558,339,313,5,-291,-65,-399,-88,-34,221,548,391,-222,5,331,817,817,583
5035,Crittenden County,-5,-138,-482,-557,-184,-218,-45,-158,11,75,-66,-732,-770,-647,-486,-893,-40,-797,-533,-598,-85,-614,-370,143,-419
5037,Cross County,-51,-26,-195,-157,-119,117,-318,-331,77,-216,-44,-57,-112,-170,-357,102,-236,-182,-180,-200,-36,-43,0,-75,-77
5039,Dallas County,-25,-131,-183,-59,-12,-162,-90,-109,-103,-122,-35,-6,-63,-25,-161,-127,-105,-34,-166,-135,-22,-73,-46,46,-45
5041,Desha County,-38,-338,-396,-215,-148,-277,-149,-365,-285,-144,-40,-272,-165,-111,-256,-234,-124,-159,-203,-109,-55,-188,-232,-243,-133
5043,Drew County,-53,9,-249,115,19,-25,31,-214,-128,-115,149,16,-8,-156,-67,-71,-65,-223,-73,-139,-34,-191,-94,101,8
5045,Faulkner County,276,1605,1091,2187,1851,2276,2899,1529,1843,1300,592,1472,1484,61,708,50,391,736,991,273,154,1550,1840,2015,1684
5047,Franklin County,-36,65,-31,39,31,98,30,33,-36,-59,-2,-100,-14,-7,-65,-44,-43,211,-40,-35,52,94,192,270,220
5049,Fulton County,21,24,23,41,234,30,-22,191,22,-128,18,98,-39,38,-15,98,24,105,264,237,-6,218,329,171,239
5051,Garland County,327,1248,1203,1282,1102,1546,2304,1115,1262,940,142,981,412,961,343,356,721,365,944,699,204,745,500,437,774
5053,Grant County,3,125,23,106,326,209,139,-12,219,-15,30,67,75,-28,38,-60,64,51,95,101,50,185,101,323,213
5055,Greene County,128,202,97,163,292,360,642,286,155,241,73,478,347,-127,538,356,335,206,284,-94,82,528,193,377,201
5057,Hempstead County,-40,-310,-98,-111,-84,-66,-26,-100,-392,-81,-45,-176,-244,-3,-184,-325,-148,-235,-227,-212,-70,-280,-193,-53,-66
5059,Hot Spring County,35,-16,43,64,158,368,628,236,-11,-146,180,-118,395,58,-32,138,-12,226,123,118,57,236,280,254,274
5061,Howard County,-45,-53,-54,78,-51,53,-156,-134,120,-82,4,-3,-176,-139,-79,-156,-12,-18,-49,-101,-22,-46,-62,-42,-24
5063,Independence County,12,-84,-63,-31,77,-80,52,-16,-76,43,138,12,-2,-117,135,-23,9,280,237,-24,-10,217,303,247,128
5065,Izard County,41,23,-18,159,26,-19,72,-49,128,-16,11,-71,30,-54,216,34,64,256,-6,115,44,499,227,269,202
5067,Jackson County,-71,-457,-54,-269,245,-89,-289,-126,-234,-196,44,-120,-180,84,-127,-155,-69,-223,-242,-14,-4,156,-48,221,-28
5069,Jefferson County,-161,-1050,-689,-670,-881,-1105,-762,-1262,-578,-635,-168,-1503,-1502,-1562,-882,-656,-1483,-1166,-1157,-1208,-337,-905,-1082,-628,290
5071,Johnson County,-15,79,203,140,152,123,283,344,-9,-10,6,50,124,-43,-88,65,-72,202,181,-154,-33,271,92,206,150
5073,Lafayette County,-33,-174,-145,26,-93,-85,-157,-37,-98,-177,-6,-66,-63,-105,-96,-118,-113,-63,-110,-21,-1,-91,21,8,30
5075,Lawrence County,-83,18,-57,-130,-118,-259,-208,44,121,-87,86,-170,-189,51,-18,-247,1,6,-86,29,19,156,-80,135,134
5077,Lee County,-49,-175,-254,-474,-225,-145,-322,-255,-61,-338,-45,-95,-78,-129,-155,-150,-327,-187,-136,-80,-50,129,-135,-108,-82
5079,Lincoln County,-12,-50,-24,-87,-209,-33,-262,-138,-132,-81,-71,239,-187,-72,-38,-126,-127,-223,-238,-112,-24,378,-191,56,28
5081,Little River County,-17,-261,56,-94,-192,-44,28,-90,-94,36,-25,-141,-7,-185,-228,-51,50,-19,-53,3,-33,15,-34,52,-34
5083,Logan County,22,-136,36,209,14,-9,32,47,-79,-219,-9,-61,-335,119,-96,-127,4,9,-9,-146,2,219,144,235,246
5085,Lonoke County,223,607,850,950,1579,1402,1893,1208,1225,1037,230,417,243,332,253,-316,144,763,448,-254,37,632,501,684,411
5087,Madison County,63,0,-120,75,252,274,437,157,253,-21,-23,-10,-106,41,11,-14,358,168,25,147,24,414,536,330,214
5089,Marion County,24,127,-33,16,187,195,322,93,252,-165,16,86,23,-59,77,-90,247,157,359,168,87,286,453,400,232
5091,Miller County,-55,40,165,294,361,290,344,-250,-17,-76,17,14,-257,-367,-114,160,-150,-48,-415,-151,-16,-34,143,66,1
5093,Mississippi County,-212,-1168,-1347,-1669,-930,-638,-668,-387,-79,-374,-145,-495,-666,-977,-647,-700,-989,-869,-938,-671,-140,-838,-610,-123,-451
5095,Monroe County,-60,-224,-244,-123,-307,-106,-218,-267,-223,-179,-39,-42,-226,-139,-41,-155,-220,-133,-118,-133,-26,-46,-33,-1,-69
5097,Montgomery County,30,-45,-93,55,55,-11,20,12,47,-75,-2,-72,4,-63,-61,-74,-35,18,71,137,11,232,2,149,-10
5099,Nevada County,-35,-86,-110,-50,-65,-70,-122,-120,-219,-12,-23,16,-80,-149,-85,-138,-122,-38,-2,-54,-14,-40,41,-12,-52
51001,Accomack County,49,125,178,-2,137,76,-176,-144,-152,2,44,70,18,-231,33,12,-1,-171,-49,-156,7,170,77,404,348
51003,Albemarle County,304,684,387,680,1094,1435,1286,258,1120,141,131,604,940,524,1078,1044,943,1071,443,789,148,1335,922,838,1681
51005,Alleghany County,-5,-113,-72,-182,25,28,7,21,-52,-30,-13,8,-70,-27,-206,-127,28,-132,-77,-8,-11,-8,-29,112,84
51007,Amelia County,72,34,61,51,174,273,312,220,142,18,22,-12,5,-68,50,70,37,187,76,89,4,113,172,209,172
51009,Amherst County,-25,77,-161,40,-17,159,149,117,287,20,7,-211,481,-265,-170,-335,25,14,-134,1,25,183,265,129,190
5101,Newton County,44,-132,1,68,-120,-43,22,-51,-26,-102,10,-49,-182,22,-158,17,14,-21,-2,-22,-12,54,-1,22,-13
51011,Appomattox County,-1,86,-124,11,115,36,219,168,316,-21,48,35,96,35,43,147,51,198,142,33,35,233,299,162,170
51013,Arlington County,-233,194,-1141,-2217,-2031,-1370,-848,1404,4414,5435,941,4600,3172,1162,-1201,383,409,1221,-719,-1053,-265,-6211,-1523,-423,3929
51015,Augusta County,84,221,345,526,917,766,1564,729,60,48,-172,34,-115,287,108,454,552,463,534,252,187,559,630,759,854
51017,Bath County,-15,-4,27,-31,-43,-40,-69,-12,-66,-61,-5,-28,27,-37,-15,-51,-30,-102,13,-74,-8,-53,5,23,30
51019,Bedford County,192,269,345,592,959,1002,1277,842,-30,538,107,411,187,462,835,626,481,528,701,308,154,1119,922,1122,872
51021,Bland County,-24,61,-49,57,21,-37,-9,127,7,-11,-6,19,-35,16,-56,-8,-25,-88,-18,17,-3,-24,29,108,9
51023,Botetourt County,46,108,382,206,211,21,674,174,242,-55,47,-140,187,-45,147,369,-58,172,165,202,76,535,321,223,117
51025,Brunswick County,3,-56,-29,-134,-76,67,3,-194,54,-234,-3,-233,-64,-24,-78,57,-161,57,-153,-21,-8,256,36,68,97
51027,Buchanan County,-147,-453,-263,-453,-361,-392,-405,-408,-378,-201,-41,-200,77,-132,-393,-287,-441,-449,-125,-241,-59,-155,-288,-100,-106
51029,Buckingham County,-5,179,-29,70,30,179,73,77,-17,120,-39,122,-149,35,-228,98,54,25,28,136,22,210,126,78,219
5103,Ouachita County,-88,-574,-429,-186,-360,-236,-335,-260,-287,-275,-2,-281,-302,-364,-143,-394,-237,-96,-111,-147,-24,-121,-159,-55,44
51031,Campbell County,12,-88,84,-77,-7,416,438,75,233,-3,87,-209,-69,218,191,40,-9,-49,-70,-152,-4,61,106,582,513
51033,Caroline County,-15,-4,341,467,689,1375,1067,687,247,26,54,-122,108,188,288,9,99,277,258,-79,27,514,556,743,773
51035,Carroll County,55,161,-108,-6,185,-42,182,-10,61,-76,18,107,-85,115,-57,231,23,174,65,236,49,185,290,346,260
51036,Charles City County,-2,20,70,59,-29,13,94,0,61,-2,14,-17,-65,-25,-87,49,16,32,-2,4,-17,-47,39,115,-26
51037,Charlotte County,-13,-16,79,-167,11,67,63,-76,-65,-139,-2,-48,-77,-108,-73,-8,-31,1,-98,-21,4,23,-3,28,-65
51041,Chesterfield County,527,2349,2906,3046,4329,4578,5747,3371,2410,573,463,1338,2008,2219,2895,1424,2054,3340,3792,3289,981,4851,6786,5411,5146
51043,Clarke County,51,262,151,214,407,374,257,85,202,15,18,198,91,28,63,-58,78,194,97,129,20,179,406,161,271
51045,Craig County,-5,-46,3,26,27,-12,20,40,-57,-67,16,-5,-21,13,37,-26,2,-51,35,51,-2,32,-6,13,46
51047,Culpeper County,183,738,1169,1260,1381,2046,1968,1127,260,-66,79,284,230,510,423,79,557,700,372,618,168,845,521,764,1319
51049,Cumberland County,-13,-12,28,88,-32,195,83,108,47,92,-4,-68,-182,9,-14,-119,-4,91,33,110,-1,77,100,202,316
5105,Perry County,19,50,34,-23,-7,-22,-15,123,-72,30,18,-75,-31,30,38,-42,-4,80,38,97,-10,25,139,155,116
51051,Dickenson County,-36,-59,-25,3,32,151,-148,9,133,-58,10,-52,-41,-160,-122,-70,-112,-220,-117,-126,-28,-98,-1,8,-63
51053,Dinwiddie County,81,-215,228,193,188,155,214,259,566,-22,19,-3,10,-179,-1,-24,251,177,120,-3,-3,248,314,479,424
51057,Essex County,5,38,111,167,47,225,135,173,201,174,15,11,-13,28,-84,21,17,-71,-72,66,9,16,122,40,138
51059,Fairfax County,2310,149,-4635,-6666,-5120,-4395,-13743,-4048,3166,8104,1739,6593,6494,1084,-6224,-6427,-6388,-4915,-9039,-9068,-2900,-12122,-11049,-1798,9953
51061,Fauquier County,331,1468,1630,1329,1615,1448,1096,401,459,392,98,375,244,375,746,105,154,537,976,465,-7,952,639,472,559
51063,Floyd County,71,141,88,92,60,213,142,26,252,60,35,25,32,48,65,65,134,120,28,9,5,141,204,153,33
51065,Fluvanna County,149,893,788,718,483,689,190,316,159,12,36,96,-136,-109,83,118,32,247,350,296,36,545,338,356,276
51067,Franklin County,118,390,324,372,534,567,569,850,348,117,74,204,4,13,99,88,-22,254,29,80,65,828,335,683,377
51069,Frederick County,251,1196,1401,1372,1451,1844,1809,1404,650,671,158,563,388,938,914,556,867,1507,1511,946,409,2187,992,1283,1843
5107,Phillips County,-183,-726,-990,-788,-536,-455,-866,-684,-526,-646,-114,-312,-687,-336,-542,-461,-534,-511,-555,-285,-84,-500,-405,-334,-300
51071,Giles County,42,46,24,66,31,245,265,35,78,145,3,-135,-86,18,-67,-30,126,-44,117,-27,24,-57,22,159,183
51073,Gloucester County,50,261,388,576,347,487,390,524,355,387,49,-59,-41,-77,211,-43,139,260,122,123,26,594,498,585,227
51075,Goochland County,79,283,308,381,464,697,742,580,308,284,33,-364,-83,308,292,331,334,241,568,566,158,801,714,1095,1071
51077,Grayson County,-9,-148,34,-65,-27,-36,16,7,-53,-139,-27,-46,-139,51,807,95,-10,-105,32,0,-2,208,159,120,238
51079,Greene County,87,290,415,242,109,172,320,214,48,84,30,152,37,-7,176,54,64,207,13,50,50,377,29,314,344
51081,Greensville County,-5,-28,1,170,-484,573,-71,39,16,28,-21,-214,-256,-39,-104,327,-206,104,-110,-77,5,95,-148,0,67
51083,Halifax County,-69,-382,-133,-311,-286,-133,69,-146,62,-22,-21,-57,-181,-229,-57,-26,-37,-303,-263,-121,-45,71,151,96,311
51085,Hanover County,576,1537,2190,1696,1515,725,1327,537,373,36,45,-124,435,683,635,1328,1183,1407,1215,829,203,1862,1320,1438,1329
51087,Henrico County,726,1643,1203,1991,3698,3808,2644,2473,1226,2067,150,1730,3501,1614,1812,1236,280,629,422,805,-120,-617,292,675,3688
51089,Henry County,-30,-484,-294,-439,-210,-383,-134,-86,-123,-473,-34,-423,-296,-151,-276,-64,-103,-79,14,-147,-14,-29,159,445,257
5109,Pike County,19,-68,-40,-96,-43,-25,-5,16,-121,-71,2,-38,27,-79,-78,-116,-8,-86,-28,82,-4,-11,111,107,-62
51091,Highland County,7,3,-59,49,-29,30,28,-46,-20,-33,-8,-35,-14,-18,49,-22,16,9,3,-4,12,14,71,61,9
51093,Isle of Wight County,106,310,395,708,774,702,1175,896,385,243,22,-31,49,273,327,279,106,246,389,163,98,790,791,569,353
51095,James City County,370,1016,1653,1700,2213,1959,2373,1471,1044,1223,297,576,1033,1212,1411,829,1225,1456,866,553,218,1724,1472,1096,741
51097,King and Queen County,2,-13,-14,-2,187,48,116,35,-55,-18,22,32,32,41,60,15,-18,-33,71,15,-6,142,99,56,28
51099,King George County,77,149,508,518,621,1192,869,741,367,135,63,387,169,168,227,14,384,284,160,107,77,654,253,528,387
51101,King William County,46,190,201,196,160,298,582,406,272,128,40,-53,-80,75,19,91,85,229,164,167,117,291,246,464,161
51103,Lancaster County,43,-31,93,175,80,107,138,65,-2,-41,18,34,-33,-25,3,62,53,118,105,52,37,211,49,203,254
51105,Lee County,-33,-206,921,698,318,10,101,149,131,114,10,-52,-75,-317,-267,-80,-415,-192,-130,-102,-42,117,107,110,193
51107,Loudoun County,3644,12741,10022,12329,14261,12139,7787,7843,8218,6466,1915,6824,7451,8133,8185,7772,7482,7694,4968,4605,955,2734,889,1181,4140
51109,Louisa County,125,480,664,807,697,1151,1026,676,679,343,84,67,-47,384,249,245,617,576,865,799,205,1321,1019,1038,1122
5111,Poinsett County,-8,-148,-286,-34,-125,3,-156,-114,-219,-74,-17,-39,-139,-48,-43,-90,-17,124,-152,-352,-26,-129,-72,34,-20
51111,Lunenburg County,-34,-15,104,-23,-71,84,33,-46,-36,-35,19,10,-279,-72,-3,-136,-2,47,-82,25,18,105,73,107,82
51113,Madison County,48,166,199,69,67,209,199,174,-82,24,-21,-141,16,-12,-26,44,57,148,26,13,33,125,99,154,145
51115,Mathews County,-4,139,-20,28,-12,24,108,81,49,-31,5,33,13,53,-44,86,11,18,131,104,19,122,24,166,94
51117,Mecklenburg County,6,3,88,-1,-24,67,62,199,126,49,-8,16,-782,-269,-26,4,17,90,109,134,41,292,434,343,411
51119,Middlesex County,51,135,83,235,205,187,243,82,88,98,29,-62,79,-22,-31,82,139,-49,171,-91,27,291,280,90,107
51121,Montgomery County,32,939,34,470,36,795,790,821,463,486,70,-65,582,637,248,-66,616,-227,210,-136,-153,-698,117,-53,-237
51125,Nelson County,25,90,195,148,23,170,40,205,100,169,-8,83,-180,61,79,-18,125,58,67,81,-16,159,-43,15,206
51127,New Kent County,49,313,284,488,528,589,674,501,428,305,111,185,304,333,445,344,584,564,600,702,182,885,913,1135,953
5113,Polk County,8,-125,39,-85,-163,97,198,-62,5,146,7,-59,-141,-24,-74,-4,-17,30,-74,18,-25,270,174,215,72
51131,Northampton County,-24,-3,37,150,208,160,145,27,36,39,10,22,-138,-111,72,99,0,-68,-66,18,-11,-31,15,152,57
51133,Northumberland County,16,138,336,208,79,122,63,164,178,60,29,149,65,-42,38,50,45,168,-28,21,41,375,356,250,107
51135,Nottoway County,21,108,-46,-3,-41,177,-37,105,79,90,3,85,-100,-94,-99,105,-57,-12,4,-114,5,23,83,93,156
51137,Orange County,117,494,717,785,701,1270,1461,770,703,278,44,360,230,332,298,271,226,516,636,346,210,904,837,540,600
51139,Page County,17,26,73,225,1,181,298,148,2,-77,-3,-39,-47,-65,93,-67,19,198,237,-13,20,270,100,87,149
51141,Patrick County,21,-43,-145,-47,-42,26,26,81,8,-44,4,-15,82,55,48,-73,-39,12,56,33,7,278,159,86,70
51143,Pittsylvania County,-19,-119,-332,-128,-135,-67,-109,4,764,-285,160,-224,-227,-155,25,-161,-125,-159,-153,-270,-59,88,294,177,243
51145,Powhatan County,191,337,903,580,586,692,932,147,73,168,18,-49,-4,101,169,-504,363,221,493,438,130,832,386,535,294
51147,Prince Edward County,-39,-15,436,-143,413,567,323,466,610,225,-31,-999,821,-451,250,205,-120,-330,256,-77,28,34,78,193,326
51149,Prince George County,-10,504,1067,633,205,-213,-524,-268,364,425,-157,867,277,53,-50,582,-479,-67,-115,295,34,-147,80,-25,595
5115,Pope County,-20,186,189,-81,627,569,883,437,264,168,244,330,-221,-132,287,232,29,-445,-208,307,9,350,382,614,-42
51153,Prince William County,2025,9490,8048,6895,7609,7155,1612,2208,397,8130,2818,7871,5369,3149,1151,2292,784,1923,-1326,-265,-297,-1106,-1912,100,3295
51155,Pulaski County,25,12,-172,20,127,1,285,261,76,81,-15,38,96,-54,-99,102,5,84,-3,112,46,270,147,210,194
51157,Rappahannock County,-20,122,-5,-35,55,43,-80,20,-50,-139,7,-37,-40,26,-80,64,-23,26,-35,44,-18,157,73,33,45
51159,Richmond County,6,113,82,103,92,23,115,92,-40,-131,14,-40,-81,-100,-27,-29,16,183,117,87,12,186,72,120,107
51161,Roanoke County,68,184,183,741,461,564,1054,476,333,355,-17,566,81,691,143,244,296,649,490,469,79,254,714,861,599
51163,Rockbridge County,31,-28,-11,93,82,201,66,156,-23,-166,7,147,-11,-21,151,28,128,310,224,-51,27,219,186,24,183
51165,Rockingham County,56,249,230,294,402,788,500,774,386,432,45,207,152,220,295,448,726,855,776,606,32,782,1104,1440,1434
51167,Russell County,2,-156,-172,64,-105,55,158,366,15,308,1,-84,-196,-20,-185,-101,-333,-227,-145,-79,7,3,81,202,46
51169,Scott County,-21,-164,-43,-43,37,182,183,15,-10,-70,-56,22,3,-42,-125,-104,-90,-55,-93,22,45,123,225,152,190
5117,Prairie County,-34,22,-117,-109,-172,-49,-60,-46,-142,-54,-13,-101,-98,-100,-11,-27,-6,12,-145,17,-19,-85,47,39,-10
51171,Shenandoah County,139,513,567,713,861,1032,1021,409,347,3,55,175,251,-9,214,199,109,333,215,177,111,722,273,424,363
51173,Smyth County,23,-135,-33,-97,-145,48,160,-178,-56,-55,4,-55,-49,40,-76,-64,-173,-245,-73,-149,32,87,135,78,229
51175,Southampton County,-1,7,-132,38,108,290,188,639,182,-94,78,12,-122,-168,-91,-114,-48,-181,-53,2,-20,219,37,239,47
51177,Spotsylvania County,921,4078,4467,3609,3163,3363,1856,93,99,-47,252,693,541,785,651,408,575,914,783,1743,415,3131,2473,2574,2157
51179,Stafford County,837,3657,4508,4164,3194,2432,720,1120,131,920,587,1202,97,1548,1862,1024,1680,2373,2086,2109,546,3058,896,1768,2221
51181,Surry County,6,-10,78,34,-21,7,115,44,12,-18,7,-113,-76,-43,-7,-88,-90,-25,-42,-30,0,4,29,102,19
51183,Sussex County,-36,-173,-213,143,-165,-73,271,19,60,13,-81,113,-130,-120,-18,2,-214,-7,-108,-39,-21,90,-72,209,17
51185,Tazewell County,-138,-298,112,120,164,44,249,42,1058,162,97,-149,-252,-56,-495,-372,-663,-730,-53,-249,17,9,155,30,90
51187,Warren County,106,393,615,550,469,762,602,323,244,-156,77,10,153,497,1390,-1574,334,139,548,96,41,170,496,514,460
5119,Pulaski County,-239,-1255,-556,-917,-1071,-754,989,-637,366,1193,247,1081,124,463,-675,-1366,-1263,-2225,-2791,-1262,-102,-1655,1910,495,1604
51191,Washington County,27,82,113,128,400,499,308,718,173,181,40,-38,367,-170,-32,-138,-7,247,113,-78,10,245,533,568,463
51193,Westmoreland County,-4,-37,89,231,21,150,112,328,252,155,9,172,-115,57,-80,185,121,126,130,239,64,362,77,340,418
51195,Wise County,-40,-262,-173,21,-5,66,-35,77,14,43,85,-79,-478,-173,-711,-164,-462,-364,-542,-349,-20,-94,-13,117,44
51197,Wythe County,18,-41,116,159,78,337,226,146,262,148,-2,28,164,61,-109,135,-54,19,-33,87,41,109,146,174,71
51199,York County,169,815,905,352,365,607,76,-5,-333,-481,-51,285,-151,-95,306,1001,-228,-87,-203,238,125,898,72,-219,332
5121,Randolph County,-10,66,-64,-99,212,-119,118,-120,8,-119,8,25,-110,-185,-19,-85,45,222,341,7,21,291,79,63,118
5123,St. Francis County,-82,-517,-412,-167,-618,-578,-477,-382,-676,-121,-121,-272,-105,-525,-501,-524,-389,-414,-504,-506,-53,-292,-262,-249,-153
5125,Saline County,348,738,765,781,1588,1655,2269,2266,1443,1783,459,1498,1453,1506,1241,1246,992,1731,1415,1188,353,1687,2258,2189,2143
5127,Scott County,-9,-32,-19,-13,-62,94,232,23,-63,-127,38,-22,-268,-82,-244,-149,-211,68,-46,-53,-6,22,58,106,84
5129,Searcy County,16,-35,-75,-167,42,52,77,41,-12,-63,6,-79,-28,14,-15,-45,165,4,27,-9,10,119,107,-26,53
5131,Sebastian County,228,203,-40,-267,-266,456,1185,500,-29,437,-98,706,56,-763,-873,245,-372,-98,-640,-245,-62,527,1026,-60,1194
5133,Sevier County,-30,-235,-26,-14,110,171,-149,-43,76,24,41,-37,-156,61,-85,-221,-402,57,-147,-152,-67,-79,-12,-26,125
5135,Sharp County,63,235,158,199,92,146,356,-31,13,36,-8,122,-145,88,-134,100,280,234,223,201,63,519,279,258,264
5137,Stone County,29,-44,111,83,47,144,316,-38,117,-38,25,151,86,-68,10,49,163,80,-9,107,31,203,257,172,177
5139,Union County,-66,-449,-1,-420,-427,-491,-135,-549,-3,-255,-98,-114,-606,-226,-423,-73,-248,-442,-228,-387,-71,-428,-365,-318,-221
5141,Van Buren County,29,116,-54,110,121,131,145,139,61,-37,13,-93,-14,-81,-8,-33,-52,-8,184,20,33,100,497,180,160
5143,Washington County,677,2910,2177,2751,3786,5064,4218,1829,461,902,495,2143,1802,2418,2117,2848,2354,2717,2229,966,607,3900,4280,3094,4405
5145,White County,162,823,437,442,939,817,1034,587,983,1065,159,592,402,-304,-239,224,-102,-120,-526,333,30,409,796,967,762
5147,Woodruff County,-46,61,-207,-121,-150,-70,-118,-224,-150,-76,-7,-47,-104,-21,-141,-97,-73,-9,-93,-112,-32,-49,-46,-53,-99
5149,Yell County,9,-52,-60,31,-147,64,360,-36,206,185,-30,-286,-147,-36,-67,-265,-15,4,-52,-135,-42,-30,26,-35,161
51510,Alexandria city,661,673,-1440,-2376,-1751,-1744,-1976,-47,2559,3720,289,1529,1094,237,-263,204,935,453,-2052,-1407,-706,-5135,-1414,-437,2134
51515,Bedford city,22,31,-2,30,48,68,16,81,40,69,,,,,,,,,,,,,,,
51520,Bristol city,-53,114,-175,429,143,45,201,-128,84,221,-11,43,26,-245,-90,-34,-14,-63,-72,186,94,-74,12,-3,-90
51530,Buena Vista city,5,-20,-58,114,37,18,35,-69,33,-12,-19,91,30,-103,-100,-1,-93,14,-9,-32,-16,0,-15,20,33
51540,Charlottesville city,-19,-342,-371,-1267,-763,-83,-60,-7,64,356,-37,70,519,189,277,607,410,277,-299,-497,-154,-928,-810,-512,-508
51550,Chesapeake city,684,1021,991,2527,3458,2057,792,-945,-232,727,869,604,1528,1161,1809,529,1209,1630,1167,1552,153,1377,133,595,308
51570,Colonial Heights city,21,154,79,108,285,103,269,-117,-29,119,-54,-11,133,90,-34,65,35,53,45,-205,27,50,100,171,224
51580,Covington city,-7,108,7,-2,-15,-37,-8,115,-1,-9,2,-15,-83,11,-47,-10,-1,19,49,-33,-1,1,-31,-41,94
51590,Danville city,-151,-363,-135,-133,-486,-456,-212,-240,-222,-62,-97,-107,236,56,-258,-147,-97,-375,-141,-389,13,107,166,251,125
51595,Emporia city,4,-22,123,-54,-16,29,114,11,48,32,11,-58,-3,-81,-80,-80,-126,-21,-108,6,-32,-20,-76,-39,-61
51600,Fairfax city,54,180,146,0,-171,-59,637,325,495,413,18,-186,282,240,-43,-97,-44,-139,-127,-175,-61,-123,-12,124,630
51610,Falls Church city,8,127,-36,-123,3,258,-15,71,234,521,131,187,339,197,-58,239,-210,551,93,30,2,-187,-14,243,193
51620,Franklin city,-60,-37,-71,106,81,98,232,143,-66,-46,19,-97,31,64,-137,-21,-85,-31,-92,-167,-9,4,139,82,81
51630,Fredericksburg city,43,432,278,-41,713,-172,571,119,102,258,89,1172,1112,412,172,-442,107,-60,411,-363,7,320,210,310,640
51640,Galax city,21,-140,-50,17,53,49,72,35,31,64,10,-145,16,79,-32,-22,-89,-42,-37,48,-2,-16,100,63,-46
51650,Hampton city,-196,-1948,-835,-161,-762,1060,-1456,-1220,-2099,-1885,-339,-1459,-201,-553,-219,-1902,-1394,-1104,-782,-194,6,384,145,-1006,360
51660,Harrisonburg city,-51,750,606,-296,2,182,635,49,96,474,18,679,1117,-96,648,-108,595,-226,-454,-775,-185,-490,-723,-374,-553
51670,Hopewell city,-4,-111,168,-211,-43,165,151,197,-19,-196,5,-182,-264,-238,-99,113,303,-83,-61,2,-44,155,-150,69,153
51678,Lexington city,-24,82,35,-110,90,112,144,-63,-10,45,1,-45,61,150,15,64,31,57,94,91,5,104,-2,-25,148
51680,Lynchburg city,9,-362,174,1037,381,1470,1801,1560,773,700,6,869,465,439,1,829,298,535,414,453,-146,-130,-63,171,277
51683,Manassas city,33,-48,91,-170,-110,-564,-1405,-1280,-615,1447,274,478,690,320,-425,-246,-713,-561,-608,-503,-147,-312,-409,-73,406
51685,Manassas Park city,19,161,30,-140,234,44,-393,-250,-313,426,157,375,118,243,-174,-5,100,555,564,-216,-57,-65,-467,-294,141
51690,Martinsville city,-68,42,-160,77,-174,90,65,-92,79,69,-69,-135,-30,-5,-70,40,-143,-17,-78,-17,-8,123,185,104,107
51700,Newport News city,-507,-1978,-202,33,-593,-3264,-2241,-2858,-3321,-1858,-524,-2280,-1579,-181,-1075,-1805,-1950,-1895,-2044,-383,-465,-2014,-1173,-1352,-547
51710,Norfolk city,-545,-1734,3280,-1758,-1043,-6716,-993,-4856,-3639,-3478,-262,-1214,512,-2455,-653,-1832,-2456,-2524,-2261,-2069,-573,-3454,-2887,-843,-2563
51720,Norton city,-27,-37,35,12,-85,-63,41,15,-28,16,14,63,32,-39,11,-116,-44,-64,68,17,-2,-10,15,-45,22
51730,Petersburg city,-154,-286,-333,-8,-348,-256,280,89,-92,-246,45,-531,-234,229,-104,-283,-437,-262,-270,100,-52,-65,-15,-238,621
51735,Poquoson city,4,-111,157,87,-69,75,90,74,-7,8,-6,-92,87,-14,-71,14,-57,119,148,110,17,170,3,12,265
51740,Portsmouth city,-240,-1078,-520,-472,-115,560,982,-1748,-2424,-813,-165,-286,207,-901,-782,51,-1577,-655,-390,-706,35,-276,-671,-152,-233
51750,Radford city,-30,307,-297,-318,34,223,142,122,-66,45,11,341,-127,372,238,-92,38,168,575,102,21,377,206,245,260
51760,Richmond city,-374,30,-422,-990,-1162,-222,120,603,922,443,-244,1125,3105,2013,2127,2572,3230,725,784,231,104,-371,1104,1064,3133
51770,Roanoke city,-185,-271,-898,-527,-183,298,15,103,401,617,-199,-142,885,550,349,-103,-609,-396,-33,40,-127,-964,-586,21,1063
51775,Salem city,54,15,223,54,-161,316,409,108,328,113,44,178,220,231,147,14,45,223,-20,41,63,109,345,-19,269
51790,Staunton city,9,-139,336,-622,-47,281,-10,467,167,-21,20,303,-122,392,235,-4,36,226,263,378,71,-91,292,10,447
51800,Suffolk city,426,1900,2494,3009,2509,1743,1786,469,805,733,197,-504,122,221,719,747,727,515,528,838,403,1509,1923,2070,1846
51810,Virginia Beach city,333,-2443,-289,1732,-364,-4962,-4006,-7130,-5718,-2126,211,328,-1088,-323,-2001,-1611,-2291,-3752,-2421,-2071,-413,-2651,-4984,-2597,-726
51820,Waynesboro city,87,208,402,239,236,264,309,151,249,146,13,59,-80,77,86,254,206,442,169,-7,71,281,147,320,391
51830,Williamsburg city,18,-8,-236,-152,71,171,183,132,-44,190,8,369,413,116,-29,200,7,49,-23,-50,50,87,347,332,-92
51840,Winchester city,94,486,302,0,374,240,92,-226,132,-41,-72,355,253,220,2,-46,145,329,-328,36,-113,78,-172,-153,119
53001,Adams County,-29,-455,-105,-136,-237,-82,-314,47,0,126,-40,-221,-246,-131,-185,-187,-101,30,-224,-41,-56,-180,51,-149,153
53003,Asotin County,-8,-114,24,-35,232,109,163,42,193,-13,70,209,-44,231,48,-65,206,256,136,11,56,226,136,108,89
53005,Benton County,304,1524,3007,1856,697,754,388,626,3225,2959,851,2694,587,702,959,2436,2061,3435,1985,1996,316,2484,1770,2348,2506
53007,Chelan County,-43,-358,-58,208,525,614,499,360,280,717,142,167,1,3,224,644,568,234,282,286,115,529,300,444,1038
53009,Clallam County,136,656,1292,830,1379,1627,1184,841,887,634,137,493,300,549,650,1047,1307,1714,1331,1206,326,1714,7,625,1061
53011,Clark County,1477,8180,7533,6009,9560,7794,5758,5224,4823,4065,725,3063,1825,2652,4621,6434,6155,6931,5106,4986,1743,6258,3308,4332,2904
53013,Columbia County,4,-1,-16,29,51,-30,-50,11,33,76,30,-68,-7,35,-7,15,26,57,41,-49,9,104,44,60,-3
53015,Cowlitz County,-34,370,465,62,852,773,2400,1235,621,62,-39,-360,-817,-259,313,1113,1588,1967,1907,1686,287,858,639,1014,1013
53017,Douglas County,34,-91,68,258,446,290,698,637,398,283,48,-84,302,-9,175,541,599,443,459,464,31,699,188,627,563
53019,Ferry County,10,-17,-20,102,57,30,65,-129,33,111,6,124,33,-59,15,-60,25,64,65,8,28,130,228,94,119
53021,Franklin County,79,377,1219,2245,2059,2377,2395,2091,2281,2711,554,2619,1229,-516,-3,-239,194,472,938,104,126,-13,-536,376,820
53023,Garfield County,-2,-83,-20,10,-45,-2,-34,-48,29,-18,6,-20,-10,32,-38,19,19,-45,41,-14,7,66,16,9,51
53025,Grant County,9,396,212,330,25,111,648,810,1495,1493,202,74,-169,-475,388,-212,-118,420,536,296,104,409,505,1202,1284
53027,Grays Harbor County,-86,1006,401,683,647,527,620,390,33,222,35,-512,-634,-687,-204,269,579,1063,1441,1407,326,1380,673,940,806
53029,Island County,158,1964,1149,689,2459,-12,981,-625,-282,3,65,16,-149,-1131,299,1149,1438,1349,866,759,166,711,-679,-306,-24
53031,Jefferson County,133,490,409,448,474,670,825,204,415,190,71,121,92,328,269,367,734,505,733,688,177,824,295,400,448
53033,King County,-831,5763,-4990,-5610,1684,9551,16548,12915,14691,21024,3786,23439,24346,23214,25074,28497,27295,24615,12994,13185,1763,-28256,5895,10540,27534
53035,Kitsap County,34,59,1201,2302,-604,-4489,2618,-2708,817,-127,298,1680,-1068,-2860,191,4899,2967,2322,2222,1544,18,454,1116,-721,3085
53037,Kittitas County,120,287,807,535,1078,405,955,216,609,210,76,420,-57,74,665,378,1713,1144,1078,457,291,-1054,1529,419,360
53039,Klickitat County,31,-58,-97,132,-31,45,423,180,238,105,47,255,-62,201,-25,120,267,476,360,289,83,441,132,419,379
53041,Lewis County,-6,194,442,743,627,908,1048,657,484,205,-32,117,-282,-507,-165,612,1192,1568,1310,1152,443,2281,982,1103,1004
53043,Lincoln County,-8,-20,-41,92,225,-106,60,41,68,-82,4,-24,-68,-127,-66,62,65,260,173,226,50,401,346,166,122
53045,Mason County,137,440,723,839,1222,1184,1355,1505,807,199,55,158,-199,-278,205,440,1169,1632,1667,1388,385,1431,1135,709,1174
53047,Okanogan County,-52,-572,-354,-339,170,122,4,147,341,257,96,-71,-297,-208,95,71,170,261,171,115,55,691,577,672,1045
53049,Pacific County,-35,-144,53,480,196,377,176,168,-16,-14,6,112,-229,-21,252,424,517,567,510,555,179,751,314,340,239
53051,Pend Oreille County,4,128,116,111,241,133,311,145,164,8,-22,36,78,-82,66,183,90,252,279,181,130,508,343,326,98
53053,Pierce County,1792,8025,8245,3938,793,4187,9761,4204,7554,4619,-1187,7124,2392,479,6204,5980,13926,11887,9801,6992,1184,-99,-2201,1475,5756
53055,San Juan County,74,220,314,173,298,95,103,132,201,43,2,97,65,121,149,249,185,482,442,501,53,902,91,-68,76
53057,Skagit County,376,1006,995,1885,1676,1533,1924,1273,1602,614,-8,243,-194,259,1304,1372,1776,1991,1826,1200,381,1142,337,437,885
53059,Skamania County,15,-79,31,103,165,68,265,143,80,1,28,26,34,85,48,-7,196,231,76,158,6,193,243,204,44
53061,Snohomish County,1749,7822,4655,-220,2381,6105,9991,7108,4342,4311,876,2356,5841,7485,8694,7894,12773,10475,6815,4871,890,2430,2050,4285,8957
53063,Spokane County,260,2589,2841,2478,2730,3773,5249,6568,3954,3824,331,-387,280,1262,2719,4253,6762,7127,7042,8083,1501,3821,4233,2495,2503
53065,Stevens County,96,-161,-99,142,213,396,543,467,150,38,-28,-40,13,-219,175,118,638,513,618,554,185,1168,811,717,371
53067,Thurston County,675,3315,3482,2720,2724,3411,4911,4240,5652,4110,459,2284,1008,2253,1941,2124,4735,5694,5022,3713,1060,1661,521,691,2835
53069,Wahkiakum County,16,-31,42,-91,97,99,131,63,76,13,0,29,32,45,28,7,169,110,162,87,31,183,134,114,78
53071,Walla Walla County,-17,-122,548,450,449,-80,61,144,459,673,99,358,-287,-77,44,345,8,477,83,113,51,-337,67,-116,499
53073,Whatcom County,683,2895,3141,2338,3345,3062,2711,3167,3184,2394,172,1092,621,547,1416,2860,3899,4482,3247,3490,524,-775,3744,2058,2049
53075,Whitman County,-36,-288,351,-487,332,292,-400,-586,713,436,-13,61,1331,-84,-37,1061,494,415,191,272,-180,-4080,3823,-47,202
53077,Yakima County,-538,-2392,-1590,-469,-265,-935,-338,-508,-59,1675,273,-821,-2115,-1825,-1829,-1217,-469,-1197,-970,-1340,-296,-1065,-953,-147,766
54001,Barbour County,-1,-131,100,26,-51,42,131,64,134,152,15,13,238,40,69,100,-202,-214,11,-7,10,78,94,108,-42
54003,Berkeley County,389,1830,2103,3115,3514,3501,3756,2186,1900,926,317,673,810,1002,1207,1099,1447,1265,1857,1615,640,3618,3092,2948,2865
54005,Boone County,-50,-125,121,17,-85,-153,-186,32,-316,-86,-24,-143,-19,-257,-309,-354,-354,-362,-344,-423,-33,-213,-225,-157,29
54007,Braxton County,24,18,6,5,120,-12,-70,13,12,-91,10,-17,-59,-46,52,-36,1,-50,-97,-68,-24,-27,-6,80,3
54009,Brooke County,-85,-141,-33,-50,-183,-148,-268,-118,-36,61,-20,12,27,42,-96,-44,-357,-159,-144,-84,-20,-120,-97,-99,29
54011,Cabell County,-100,-730,-337,-90,-262,-311,63,19,157,790,33,315,221,68,-309,120,-743,-913,-1249,-1013,-48,-300,-186,72,-128
54013,Calhoun County,-14,-141,-53,-73,-11,72,-21,-1,9,-97,21,-13,-17,-33,34,-65,-79,-39,-54,-71,-16,15,-32,-48,-3
54015,Clay County,-26,-90,70,-92,42,-152,-86,33,-45,-26,-19,-58,-132,-73,-250,-2,-32,-80,-52,-110,-28,-51,-3,-1,15
54017,Doddridge County,17,114,-43,14,-148,52,-53,42,-50,10,8,64,66,261,-70,249,-122,-36,62,-81,-7,-13,11,4,-34
54019,Fayette County,-73,-277,1,180,-238,-410,29,111,-38,-175,27,-32,18,-207,-300,-275,-388,-345,-353,-306,-27,-53,-210,35,-156
54021,Gilmer County,15,-46,-83,59,-19,-22,12,3,-9,-49,19,10,17,-117,-119,-177,-149,-80,-112,-43,-12,32,-12,-25,-61
54023,Grant County,-23,53,-26,69,131,78,183,98,61,-71,-17,-6,-71,-32,-108,39,-27,26,-14,-59,14,89,43,69,20
54025,Greenbrier County,-9,30,191,194,128,91,200,126,66,-110,50,361,248,-16,-114,125,74,-140,-308,33,-21,58,58,47,-44
54027,Hampshire County,75,262,250,244,241,458,488,287,15,24,11,-117,-79,-150,-39,-93,46,170,13,-126,14,401,217,251,252
54029,Hancock County,-52,-193,-219,-260,-291,-66,-251,-367,-80,-87,3,29,-43,19,17,-132,-191,-33,-126,-71,-10,-110,-29,136,26
54031,Hardy County,27,73,73,226,154,164,65,104,-74,84,33,-99,-114,120,-29,-102,5,7,-85,28,-50,-28,142,156,121
54033,Harrison County,-89,-566,81,111,351,145,244,-143,541,283,107,160,-123,-102,-252,-81,-106,-257,-238,-52,-49,-190,-187,186,238
54035,Jackson County,14,-57,76,-17,213,-185,123,98,-86,-115,35,89,-13,-87,-28,49,35,-185,-123,-32,-29,148,91,147,55
54037,Jefferson County,188,714,1159,1057,934,1274,1009,953,663,574,97,644,73,163,438,353,-189,387,386,178,37,783,518,792,1501
54039,Kanawha County,-350,-1661,-1380,-353,-525,-1304,-997,-481,-25,952,-37,-361,162,-420,-935,-1566,-1655,-2254,-2279,-1651,-298,-797,-729,-253,2
54041,Lewis County,-32,96,30,219,72,120,-19,65,184,113,15,41,34,64,-23,30,-102,-35,-95,-25,3,-17,16,-11,-26
54043,Lincoln County,10,16,44,94,-13,33,-85,-85,-37,-36,1,-106,42,-174,32,-224,-133,-195,-205,-68,-65,-38,-133,10,-146
54045,Logan County,-158,-671,33,-277,-403,-134,-37,-65,32,115,20,-191,-32,-287,-587,-663,-561,-425,-262,-453,-17,-264,-222,-68,-120
54047,McDowell County,-184,-629,-432,-686,-621,-426,-425,-340,-189,-137,-28,-254,-295,-261,-518,-509,-450,-562,-168,-443,-108,-283,-350,-124,-57
54049,Marion County,-63,-96,192,274,114,311,228,277,-145,250,62,119,74,-33,72,51,-169,-117,-169,62,10,56,104,295,94
54051,Marshall County,-122,-196,-286,-126,-174,-351,-266,-239,-353,-236,1,-68,9,-100,-201,-70,-378,-383,-311,-177,-66,-102,-231,-66,-71
54053,Mason County,-2,108,-104,25,-188,-101,2,-79,146,-31,13,2,-82,-2,86,-11,-44,-32,15,-129,-24,30,-103,23,98
54055,Mercer County,-65,-935,241,25,-50,-263,102,423,337,428,47,363,23,-312,27,-479,-334,-560,-401,-211,-51,130,67,-164,-150
54057,Mineral County,-33,-31,166,77,-142,-112,32,123,185,86,14,-113,-149,-171,-124,-105,27,-76,-197,11,-7,143,202,65,65
54059,Mingo County,-229,-590,-3,-206,-330,-164,-85,28,-390,24,-46,-180,-430,-147,-215,-414,-546,-492,-241,-361,-64,-241,-354,-239,-162
54061,Monongalia County,-20,709,499,1057,380,738,432,425,691,1126,430,1821,1460,976,755,704,565,-190,-521,-377,-11,362,214,562,289
54063,Monroe County,14,96,37,137,83,78,43,95,220,-21,14,84,-25,50,142,31,-61,-54,-41,42,-3,105,32,137,166
54065,Morgan County,79,153,135,212,245,266,462,256,23,-44,-18,42,18,91,123,50,229,189,177,121,32,330,261,327,275
54067,Nicholas County,2,-341,3,-76,40,133,12,-66,21,213,19,38,46,-233,-190,-98,-148,-150,-200,-232,-19,15,92,40,37
54069,Ohio County,-83,-568,-256,-437,-151,-206,-238,-124,-138,52,54,-148,-112,-141,-394,-132,-232,-444,-131,-107,-50,-136,-28,-10,49
54071,Pendleton County,-26,-83,-108,2,-72,-80,-49,-148,-29,-85,-3,-91,-54,-62,-137,-93,-109,17,39,-14,-3,27,28,4,-13
54073,Pleasants County,-17,115,-14,-81,192,-46,-35,-8,-12,-38,-18,40,2,7,70,-61,3,-8,76,-38,10,-7,28,-100,-27
54075,Pocahontas County,-14,-141,48,27,62,-86,-45,-88,-56,-57,0,116,-116,2,7,-52,-28,-30,-41,-108,-2,72,-7,37,-11
54077,Preston County,-36,-4,273,99,139,256,365,157,0,-37,6,120,209,-186,251,-59,-18,90,-208,-63,-11,261,150,-2,94
54079,Putnam County,102,-293,384,540,424,375,466,365,318,69,103,333,338,38,72,-71,75,96,95,-98,21,131,-76,54,210
54081,Raleigh County,-161,-529,605,-9,63,-12,-114,257,109,502,63,431,-66,-335,-591,-633,-815,-1016,-585,-478,-91,-22,-203,163,123
54083,Randolph County,-51,96,127,-95,212,99,50,-31,56,9,-16,122,18,159,-110,-105,-79,-90,-16,-51,-30,131,-97,5,-48
54085,Ritchie County,5,-12,2,43,-19,64,93,-25,-57,-59,-6,-80,-34,-79,-49,38,-93,-108,-37,-119,-11,24,-115,-8,24
54087,Roane County,20,6,-87,77,-52,53,46,-199,-160,-113,3,-80,-133,-7,24,-156,-195,-30,-13,-163,-21,-4,13,5,-30
54089,Summers County,-39,-116,-169,-39,-144,-79,-101,-78,-153,99,17,5,45,-175,-159,-91,-76,11,-126,-40,-4,80,3,22,86
54091,Taylor County,0,16,20,44,45,64,163,74,114,59,19,74,56,21,118,-130,32,-8,-11,-62,21,-94,9,77,116
54093,Tucker County,-21,-54,34,-38,-74,-36,-93,-16,32,2,-13,35,-15,8,3,43,-7,-49,-17,-28,2,3,-8,42,4
54095,Tyler County,-7,-72,-104,-6,21,-35,-76,-123,-79,-161,-21,-10,-31,-32,104,-97,39,-138,-40,-115,-9,-42,-37,-113,31
54097,Upshur County,5,-60,11,258,-15,-200,101,50,49,196,2,37,147,104,68,47,-15,-99,-104,-133,-5,90,43,-77,134
54099,Wayne County,-39,-207,-258,-15,-113,-199,-274,-137,-80,-204,-42,-160,-250,-46,-306,-189,-395,-391,-57,-354,-51,-50,-227,-45,-31
54101,Webster County,-25,-6,58,38,89,-92,-31,-75,36,-13,16,-35,-122,-102,-65,-78,-30,-162,-30,-113,-17,-25,-54,-28,-20
54103,Wetzel County,-30,-304,-94,-86,-22,-91,-218,-156,-122,-97,2,-124,45,-178,-98,-138,-121,-144,-72,-91,-28,-83,-31,52,-126
54105,Wirt County,-3,-23,-54,-42,32,13,-45,-1,-62,-49,11,31,26,55,-40,31,-41,22,39,16,-14,-103,58,-65,-26
54107,Wood County,-126,-133,-29,-380,-276,-117,-302,-114,299,281,42,-23,-155,-54,-37,18,-494,-484,-706,-453,-93,68,171,-15,24
54109,Wyoming County,-107,-473,-349,-186,-255,-16,-236,-211,-127,-87,-28,-188,-163,-165,-265,-302,-264,-395,-306,-227,-27,-112,-240,-135,-122
55001,Adams County,75,303,217,41,124,432,-41,-59,-80,-164,17,31,-250,105,-132,-2,103,50,589,9,89,326,637,598,31
55003,Ashland County,-25,-20,8,-102,-68,-117,-17,-222,-32,-51,11,-97,-211,128,36,-167,-177,-118,84,-37,-14,88,61,103,104
55005,Barron County,41,214,289,23,110,-39,95,-203,40,-142,-43,65,-177,-206,-232,-3,-113,-54,-2,80,-4,145,277,261,-30
55007,Bayfield County,18,88,23,16,-2,-15,28,47,-89,-106,21,82,-1,101,-94,26,21,133,57,93,44,190,384,182,75
55009,Brown County,239,794,1127,597,1287,463,49,895,-217,901,25,452,641,30,315,376,277,1033,79,6,-45,-726,1320,985,1335
55011,Buffalo County,6,-4,-109,41,-76,138,-95,-77,-165,-176,-18,-93,-129,-16,-120,-30,-142,-24,25,-86,10,-2,89,58,4
55013,Burnett County,54,214,178,223,217,14,-34,-13,-213,-68,-7,35,-90,-20,37,-33,126,133,132,84,77,300,358,228,181
55015,Calumet County,21,449,777,483,9,-56,-125,-456,43,-344,-41,270,-275,-246,-303,97,-348,262,36,-162,2,21,217,530,270
55017,Chippewa County,98,272,282,585,1412,664,-51,274,82,51,58,57,-159,-81,145,-8,31,117,271,473,-7,267,265,203,410
55019,Clark County,15,-176,-181,-100,-104,-269,-325,-343,-164,-315,-44,-260,-495,-167,-382,-195,-116,-168,-95,-186,-65,-97,-124,-111,-156
55021,Columbia County,136,361,91,423,596,100,151,86,-100,-138,20,-259,-304,-12,20,33,143,269,32,115,27,-71,-8,-337,147
55023,Crawford County,-5,-235,-49,-103,72,-76,38,-30,-121,-104,-17,81,-141,-113,-53,1,-63,-48,82,-104,-11,32,-20,-4,48
55025,Dane County,1249,4760,4999,3861,3595,3193,3362,4189,3540,4606,301,3779,3699,3875,3474,3784,5307,3419,2148,2350,408,-2742,7346,6958,5393
55027,Dodge County,40,241,379,327,447,-138,602,-217,43,-632,-33,-295,-226,-158,123,-94,-331,502,213,112,-11,-244,364,363,469
55029,Door County,85,221,152,141,-37,-8,32,-173,120,25,-30,117,-121,225,-29,-8,140,266,262,231,93,503,360,173,201
55031,Douglas County,46,117,100,209,43,55,-89,-58,59,257,-13,-198,-292,19,-106,-155,-119,-65,-166,40,77,-209,329,49,-18
55033,Dunn County,36,417,116,36,199,71,536,98,-26,87,-2,-262,-138,130,-114,63,-37,254,292,171,-25,-909,1046,94,223
55035,Eau Claire County,73,346,410,-77,-204,115,612,512,267,671,6,520,489,521,-421,67,519,352,419,-103,67,-54,786,1009,602
55037,Florence County,4,-19,67,-84,-49,-37,-8,-88,-108,-60,-8,15,1,42,-31,22,10,56,-14,22,9,74,143,19,24
55039,Fond du Lac County,-6,246,-20,49,86,83,281,192,221,-96,-96,57,-231,-145,69,-154,93,57,529,253,-5,116,226,426,420
55041,Forest County,10,-90,-21,16,107,-108,-23,-90,23,-157,-4,-29,-81,-60,3,-92,33,-43,23,33,-12,283,-8,71,144
55043,Grant County,-67,-20,-287,22,-35,-160,-484,291,6,-242,-1,-93,-386,80,620,364,-178,-320,-384,-93,-1,-643,117,506,382
55045,Green County,49,86,143,91,356,242,525,174,180,-35,6,-56,-127,74,-72,13,-140,34,45,41,-48,45,-76,118,269
55047,Green Lake County,-10,67,49,-89,-56,-68,-11,-115,-107,-64,-8,24,-20,-98,-103,10,-75,170,144,78,12,318,69,234,-7
55049,Iowa County,-8,46,-11,60,-70,101,47,-71,-62,-252,-7,-179,-73,-83,-17,-32,-184,172,-28,-100,-9,57,131,-54,48
55051,Iron County,-7,-1,-1,-31,-27,-26,-118,-6,-28,-85,8,74,-14,-4,87,-101,-9,71,60,58,21,120,94,93,0
55053,Jackson County,23,182,10,188,-67,175,13,72,15,-67,0,17,-77,41,-2,-101,-98,-9,-21,115,-25,-147,8,51,127
55055,Jefferson County,67,147,51,236,509,352,218,286,190,-148,-58,-189,231,12,-492,-57,-162,112,215,-422,-24,-344,231,239,427
55057,Juneau County,33,185,397,140,203,1235,83,26,54,-144,0,31,76,-189,-177,-52,68,151,130,79,79,39,212,11,169
55059,Kenosha County,235,1142,1203,1221,1276,1289,734,714,511,45,-55,-487,-147,-491,-18,-388,-584,86,76,179,-47,-785,-415,-31,521
55061,Kewaunee County,4,28,89,-132,77,23,4,-109,-114,-63,-1,-45,-101,-130,-43,-12,18,30,-5,36,-15,53,148,89,44
55063,La Crosse County,44,250,454,285,-37,190,391,724,564,812,120,54,979,146,252,-6,-246,161,-127,-183,74,-1478,1052,413,253
55065,Lafayette County,-21,-50,-27,-27,-46,-109,-112,-282,-54,-159,-45,-20,-140,-205,25,-92,-100,-140,-72,-61,-16,110,47,36,174
55067,Langlade County,-5,119,-65,-14,41,-190,-29,-41,-106,-137,-5,-149,-161,-141,-121,-112,70,108,104,3,-6,130,180,34,204
55069,Lincoln County,59,-22,174,79,100,27,-128,-127,-114,-80,8,-212,57,-112,-127,-152,32,-3,-47,-54,15,220,112,234,139
55071,Manitowoc County,-25,-266,-532,-503,-409,-195,-131,-139,-245,-212,-127,-311,-397,-183,-499,-332,-45,-159,4,31,30,329,241,453,470
55073,Marathon County,-84,-314,-228,-289,-174,436,740,424,417,-42,-117,-217,-454,90,-205,-336,-618,58,-359,-88,-68,-377,569,639,254
55075,Marinette County,35,-104,179,-42,-181,260,-318,-71,-117,-138,-37,-132,82,74,-148,-252,-260,127,272,63,68,211,399,358,477
55077,Marquette County,62,-5,116,76,173,167,-16,-96,29,-158,-7,17,-116,-51,-84,88,72,201,184,188,25,306,142,201,8
55078,Menominee County,-2,-50,-4,-78,-100,-58,-76,-64,-138,-130,18,42,-79,-38,76,-60,-28,31,-25,-53,-4,33,-90,25,65
55079,Milwaukee County,-1958,-7154,-6067,-7641,-9586,-11817,-10400,-7278,-5628,-1293,-1003,-2875,-2906,-2829,-4811,-5874,-9150,-9832,-8051,-5942,-1519,-15460,-4997,-2366,2
55081,Monroe County,40,48,102,-104,271,154,247,236,71,76,40,56,-281,-13,-170,-53,-97,113,332,-11,-22,-138,-151,155,176
55083,Oconto County,117,303,231,333,366,97,77,-54,-71,-240,19,-129,-176,-67,117,-12,3,87,336,129,108,437,380,165,369
55085,Oneida County,67,210,55,319,-143,-90,-72,-75,31,-126,-21,-24,-10,49,-62,167,208,46,346,294,93,787,225,208,268
55087,Outagamie County,329,1069,704,381,473,733,939,623,281,842,-44,-79,112,336,885,345,368,368,258,152,34,-15,880,802,865
55089,Ozaukee County,100,255,363,472,556,-63,40,103,246,304,-67,346,266,24,269,269,376,39,635,153,108,1041,711,495,291
55091,Pepin County,-17,49,49,40,66,-1,-60,-5,-50,-90,-17,-59,-54,-25,-42,-68,11,-21,44,-2,16,29,20,63,55
55093,Pierce County,60,161,143,296,393,260,343,30,254,-329,34,-367,-339,-61,117,-68,292,484,491,74,-25,-553,894,437,161
55095,Polk County,94,654,376,391,510,325,263,-171,-71,0,-46,-235,-497,-190,48,-82,62,161,251,259,56,573,284,369,126
55097,Portage County,-38,-233,-58,-239,-267,18,131,326,155,-84,-38,-148,116,4,-178,-151,-234,18,95,-233,13,-860,1378,701,511
55099,Price County,11,-190,-86,-15,-63,-71,-101,-242,-77,-69,-37,-62,-91,-16,-27,25,-95,60,16,19,-5,137,233,28,106
55101,Racine County,-147,-498,-8,312,217,634,-121,-396,-493,-579,-161,-1351,-1043,-503,-596,-644,-394,513,1,-637,-162,-1132,85,763,1115
55103,Richland County,54,-53,-94,88,123,-125,-56,133,-261,-139,-34,-17,-188,-1,-76,-160,-18,-21,-93,-123,-11,-52,22,161,-74
55105,Rock County,-24,63,-150,-85,794,541,1171,603,-45,-794,-244,-955,-310,-21,86,-415,-105,449,303,81,-31,294,81,698,994
55107,Rusk County,7,-141,12,-292,13,-84,-151,-72,-36,-25,-32,-88,-312,133,38,-162,5,88,-26,94,-4,12,166,128,-34
55109,St. Croix County,411,1688,1998,2095,2344,2190,1921,1165,686,176,-100,-174,-211,131,386,102,56,617,728,651,232,972,847,671,465
55111,Sauk County,96,42,230,304,412,332,220,283,288,-136,14,25,-51,237,34,115,247,286,229,5,-10,-68,342,306,362
55113,Sawyer County,52,85,209,204,91,147,12,82,0,-34,10,11,2,5,-48,-25,92,100,135,148,77,254,407,148,291
55115,Shawano County,92,25,63,-5,135,62,62,24,-32,15,12,-238,-181,-25,-46,-272,-50,-37,-109,57,4,54,268,251,293
55117,Sheboygan County,85,217,-142,-185,40,151,-80,-2,-66,-338,-128,-617,-639,-191,159,70,-327,-1,12,-35,-24,-227,418,235,309
55119,Taylor County,7,-127,-61,-190,20,-85,-163,-141,-132,-86,-29,-47,-371,26,-64,-153,-66,-13,36,-45,-6,-15,67,146,23
55121,Trempealeau County,51,-53,72,93,112,206,150,-13,-137,-24,22,17,181,66,-193,-118,1,-316,-25,-16,-3,-175,148,-57,-195
55123,Vernon County,-13,56,63,2,70,163,24,8,-22,102,-18,3,26,-110,-28,18,112,81,-56,-34,-21,154,111,-5,175
55125,Vilas County,132,427,351,301,126,109,25,27,-166,-139,38,71,24,196,106,150,170,350,333,393,103,623,415,315,159
55127,Walworth County,326,851,1440,1156,691,1269,689,-107,-114,-327,-130,288,68,-164,307,-838,20,243,720,343,81,143,885,484,75
55129,Washburn County,68,166,219,52,78,44,79,10,33,45,8,-34,75,-102,43,-87,164,201,161,-23,25,303,280,205,118
55131,Washington County,263,806,644,723,1334,1054,1061,956,894,307,-12,-16,135,-60,351,154,172,452,439,475,37,705,894,589,265
55133,Waukesha County,828,1501,2605,1733,553,772,258,1638,843,1052,-94,68,1365,799,710,438,1763,2015,1261,1451,376,1820,2547,2861,2409
55135,Waupaca County,105,167,324,196,115,-29,260,87,-50,-116,20,161,-183,304,9,-23,-98,56,234,76,23,427,93,-40,184
55137,Waushara County,52,295,995,234,111,46,111,25,48,-134,1,81,-84,-120,-130,-116,203,163,139,216,22,399,337,215,175
55139,Winnebago County,96,174,228,-418,-20,531,448,450,22,672,-51,-1,553,313,-356,-429,-54,370,218,748,-21,-1146,624,1119,1155
55141,Wood County,-82,-283,-385,-236,-261,-330,-561,-325,-193,-109,7,-277,-408,-489,-416,-173,-152,-163,-130,-25,-28,79,280,540,128
56001,Albany County,-143,123,-71,60,72,-341,-65,-495,343,607,91,158,257,-23,-163,103,-252,374,109,6,-8,715,377,12,135
56003,Big Horn County,-47,-171,-23,-90,150,-63,25,127,92,119,22,37,31,174,-100,57,-10,-53,13,-98,-28,216,273,157,0
56005,Campbell County,168,250,1036,-111,-185,372,997,1421,508,1970,-15,-179,757,-336,-416,630,-1073,-2857,-445,-235,14,-821,326,257,241
56007,Carbon County,-67,-419,25,-61,-58,-208,-27,275,86,47,-69,-98,-193,49,-7,-345,-7,-507,-429,-136,-34,208,-177,-217,-212
56009,Converse County,22,-161,151,-62,66,140,100,178,300,228,-29,-150,220,282,-249,10,-260,-401,-122,123,-22,-57,121,63,-104
56011,Crook County,6,-133,108,17,33,71,49,230,111,71,23,-18,-26,0,43,149,11,-131,-11,107,-2,127,97,165,182
56013,Fremont County,-39,-284,137,-92,26,125,252,430,397,403,62,86,280,-208,-578,-489,-124,-513,-334,-319,-23,321,274,355,33
56015,Goshen County,6,-162,-147,-97,45,-66,15,-3,71,140,150,178,62,-95,-36,18,-234,35,-53,-72,11,119,141,78,31
56017,Hot Springs County,-11,-73,-37,-96,11,-28,16,1,38,91,3,12,26,19,-22,-37,-31,54,-99,-121,15,20,76,84,12
56019,Johnson County,35,74,201,131,71,119,107,310,286,99,1,40,-14,-8,-70,48,-114,-16,33,23,15,202,115,70,41
56021,Laramie County,15,246,354,633,419,-403,120,80,494,487,217,-179,1559,509,-161,480,418,-28,61,243,147,-23,142,126,586
56023,Lincoln County,29,-78,-13,60,223,155,225,278,315,133,-51,-196,-204,243,122,69,218,76,75,302,68,481,427,173,62
56025,Natrona County,-36,87,235,352,311,445,519,1062,766,993,-45,562,1712,2050,-229,321,-1631,-1678,-700,464,267,-578,77,369,352
56027,Niobrara County,-12,-56,-71,-1,36,-7,15,112,32,-9,4,-6,5,65,-56,13,-32,-79,-7,-57,-17,-26,-69,-19,-2
56029,Park County,-2,-135,57,224,131,263,354,369,323,279,46,172,288,206,-148,-100,238,-7,23,-26,53,587,496,337,317
56031,Platte County,-47,5,-18,-113,12,-94,-5,-66,-83,-60,18,54,45,-12,77,30,-124,-119,8,-87,35,100,70,-22,-20
56033,Sheridan County,59,78,281,78,13,91,372,398,564,473,26,58,225,192,57,33,76,189,111,303,85,740,469,568,344
56035,Sublette County,16,-35,211,133,241,279,276,583,401,367,-16,-157,184,-398,-90,-207,-119,-277,16,24,-3,-41,29,219,-25
56037,Sweetwater County,-205,-1171,-16,-611,54,103,307,919,119,828,-346,22,669,-208,-592,-617,-822,-1031,-809,-727,-89,-614,-310,-84,16
56039,Teton County,84,134,16,47,220,-73,115,188,228,-52,-71,-55,41,511,282,107,29,-4,-290,42,6,113,-403,-73,-140
56041,Uinta County,-137,-428,-7,-322,-192,-133,31,246,243,186,-58,-382,-94,-228,-314,-218,-238,-389,-276,-186,-9,150,24,-29,-84
56043,Washakie County,-52,-253,-119,-93,-49,17,-115,96,-6,90,10,-109,-26,-11,-158,0,-125,-129,-137,-65,-10,96,61,21,-48
56045,Weston County,-18,-174,89,8,0,-61,96,274,73,63,-29,-65,-75,44,3,66,5,-257,-48,18,-25,-21,151,-18,64
6001,Alameda County,3186,7973,-20068,-21770,-19157,-15341,-8908,-1279,9479,10223,95,7814,13106,15902,17834,16878,6554,-326,-1572,-3086,-3666,-38869,-17767,-6132,-2314
6003,Alpine County,-4,-36,18,-21,8,-62,29,-32,-96,-28,-13,-65,17,18,-46,3,-24,67,-22,36,3,48,-34,-35,-9
6005,Amador County,111,713,921,451,559,696,439,519,-380,1,-216,-166,-296,-326,245,436,541,1234,969,468,157,896,479,539,390
6007,Butte County,726,2578,3070,2316,1547,1705,2021,584,1362,549,-142,-231,763,773,1551,989,1542,2514,1783,-11146,-1248,-3201,1486,424,1491
6009,Calaveras County,157,834,1241,1411,1045,913,908,394,119,-223,-36,-187,-246,35,124,401,502,481,107,338,123,1190,503,235,111
6011,Colusa County,-17,30,54,144,468,124,112,-55,-192,-87,-28,-275,-198,-227,-246,-78,111,-67,-273,-23,-7,-26,-104,53,-82
6013,Contra Costa County,2604,12675,3802,2327,-364,1100,-3629,2597,8570,9505,2059,7846,7290,10860,10530,10595,8229,3889,960,-581,-881,-5101,-7252,-1026,4686
6015,Del Norte County,-48,-85,110,229,386,361,-69,193,66,160,-43,-159,-303,-442,-703,10,196,11,383,68,-108,9,-779,-64,565
6017,El Dorado County,704,3267,3355,2242,2674,2519,831,81,624,662,10,-519,-538,770,1433,1423,1376,2686,2035,2185,29,2825,-340,-415,664
6019,Fresno County,391,3054,7907,7524,4048,1043,891,1061,2158,1230,-766,-2946,-4027,-2693,-335,-37,-1327,742,-514,131,-790,-1485,576,1852,3022
6021,Glenn County,-16,-109,83,196,-16,94,85,-24,30,-116,-75,-178,-435,-219,-112,-205,-26,-41,-61,306,-53,-264,-364,-198,138
6023,Humboldt County,-148,545,678,433,366,41,-234,-875,-102,316,275,-125,-821,-399,-18,467,1036,132,-246,-642,-148,-992,332,-519,-1231
6025,Imperial County,-323,-848,-152,1016,772,1175,1834,1369,453,1440,-330,-1084,-1291,-2255,-609,-1308,-750,-483,-1774,-1967,-225,-1105,-453,164,1050
6027,Inyo County,-13,89,162,123,-104,-241,-251,-97,-258,-14,-35,-112,-62,-9,-96,-190,-186,2,66,75,-2,-54,-151,-145,-17
6029,Kern County,-49,4429,8763,10908,12186,13550,12346,6674,2458,275,-766,-2023,-3406,-302,-1157,-1242,-3104,-1011,-248,-210,-3856,2199,587,-4308,2436
6031,Kings County,-48,1293,864,2495,2021,-696,317,538,-865,-1897,-1053,-2339,-2534,-2378,-2397,-971,-2187,-1188,275,123,-43,-1006,-894,-579,-181
6033,Lake County,312,1982,1572,1091,965,877,588,52,472,155,77,-426,-161,-57,311,353,-229,373,302,189,44,706,-107,138,206
6035,Lassen County,-96,-259,-217,300,374,-92,-12,864,-548,-222,-54,-692,-678,-1621,-566,-488,-577,118,-397,-126,-314,-393,-1765,-1586,-109
6037,Los Angeles County,-796,4813,-733,-24202,-48639,-88637,-128074,-121553,-48757,-18117,-15150,-21282,-10920,-12635,-23100,-22168,-40235,-59264,-77383,-79758,-24985,-183060,-84278,-37686,-7370
6039,Madera County,108,736,1342,2906,3296,1845,1771,756,734,-673,-92,-741,-1520,-1421,852,-1128,-826,421,354,-603,-77,2022,857,2390,1540
6041,Marin County,60,-444,-2417,-2131,-2105,-416,-413,851,1283,1644,384,1922,256,1927,1433,241,-721,-1097,-282,-984,-857,-1968,-2698,-1594,223
6043,Mariposa County,26,2,146,400,144,81,221,102,31,-146,21,-100,-283,-1,-66,-49,-129,28,41,-170,12,92,35,-64,82
6045,Mendocino County,91,46,192,322,-446,-528,-1093,-790,-163,-103,-181,-642,-344,-438,-19,-274,45,128,-273,-720,-212,53,-1034,-530,-224
6047,Merced County,357,3436,3351,2808,1974,1658,-286,-755,-1798,-2011,290,-262,-1166,-1434,-167,-481,-1044,1021,896,1237,-15,3445,2448,880,864
6049,Modoc County,-19,-100,4,113,85,-63,17,-122,18,26,3,-185,-109,-178,-39,16,-71,-65,-58,70,-15,0,32,-8,54
6051,Mono County,18,165,-32,-231,-217,-151,84,-406,-66,-65,33,49,-193,-357,-36,-169,114,8,-47,-56,-12,-26,-348,60,-440
6053,Monterey County,172,-176,-2477,-3378,-5939,-8674,-8584,-4554,-1675,-405,175,-446,-2,-2195,-2337,-1884,-295,-2908,-3747,-2940,-1244,-3580,-6195,-4427,-3213
6055,Napa County,216,2043,1659,1034,-37,-341,520,635,1177,592,169,594,470,883,533,230,-220,-990,-1140,-998,-486,-1152,-1626,-816,-483
6057,Nevada County,494,1283,1008,974,1103,790,341,239,425,496,32,93,-370,27,739,311,399,729,370,462,137,1732,-713,84,460
6059,Orange County,2263,7797,139,-2212,-8487,-24106,-29222,-22310,5113,13279,1530,13614,9501,8550,2555,3415,-2481,-8575,-14032,-15180,-4056,-29273,-11232,-14263,903
6061,Placer County,2631,11984,12474,12347,11596,8923,8265,6042,7617,5636,1236,5228,3019,4261,3059,3083,5579,5727,6954,5766,1074,7336,5766,6709,9007
6063,Plumas County,-35,122,109,128,117,69,-221,-80,-211,-198,-47,-140,-300,-366,-200,-105,296,14,135,123,-10,372,-493,-237,-196
6065,Riverside County,10798,44034,55771,64530,70315,56664,60509,40359,12215,17487,7508,15940,11819,10909,14268,15050,19904,21084,19238,13473,2183,26496,19240,18091,18287
6067,Sacramento County,4342,26911,24865,16867,9755,433,-2875,-591,938,3235,245,2408,2367,3759,8844,10202,9088,8530,4638,6498,-358,-3134,-4004,3412,9027
6069,San Benito County,439,355,-200,-439,-813,-756,-1080,-622,-289,-301,92,-31,193,230,180,-25,595,545,874,888,249,1916,561,247,471
6071,San Bernardino County,4569,26965,22624,29370,35368,25614,9929,-3263,-10770,-9639,1374,797,-5255,-8635,-1016,-1621,-383,2908,1620,-752,-1357,449,-744,-1667,6170
6073,San Diego County,4856,14515,7612,-1045,-18865,-23921,-23959,-2636,12349,7682,2129,9002,13810,12867,15166,8513,3061,-5489,-5240,-12998,-2101,-38001,-3490,-11452,-4566
6075,San Francisco County,125,-1724,-12966,-12878,-9269,-3844,274,3980,5860,4943,-488,6968,9739,7285,7612,8740,5188,3320,-16,-1596,-3704,-54454,-3626,3518,3474
6077,San Joaquin County,3100,17921,12122,11622,10243,7568,-949,-1911,-3265,-476,435,1458,232,-2644,4797,6134,5819,5931,5106,5529,200,4823,4771,7154,7769
6079,San Luis Obispo County,1009,3439,1347,1132,1508,1015,1460,1628,2734,1028,52,873,2698,1200,2136,1581,1464,625,857,-252,-234,-2199,2982,-218,110
6081,San Mateo County,-315,-6674,-12986,-10034,-6884,-4547,-4210,-751,5569,6038,69,4068,6492,5096,4195,3527,-1470,-2876,-3730,-5343,-2425,-23714,-10471,-502,4365
6083,Santa Barbara County,-311,-823,-1730,-2159,-3827,-3867,-4671,-1649,-297,159,-475,-1666,1533,2218,1745,420,-345,-1318,-1666,-1371,-531,-11540,5396,-4686,-1931
6085,Santa Clara County,-1335,-13101,-35560,-24058,-14931,-2766,1152,5544,13897,11287,683,11189,12054,14145,11657,10858,-1054,-8335,-11311,-15012,-6831,-52049,-11284,2442,9653
6087,Santa Cruz County,-235,-1780,-3580,-3676,-2657,-3078,-1922,-747,872,1419,402,173,48,1225,915,1386,-192,-483,-1810,-1280,-566,-9894,3937,-2743,-2084
6089,Shasta County,456,3211,4109,3206,1984,1096,863,672,874,148,11,266,277,521,504,-331,421,1244,677,707,-167,820,-289,422,1190
6091,Sierra County,14,-38,-22,38,-72,-46,43,-43,-56,-80,-5,-104,-22,-21,-32,27,-31,50,-8,20,-4,87,-62,-12,-15
6093,Siskiyou County,-75,-235,156,387,165,237,-78,-19,353,80,56,-244,-512,-426,-136,68,278,426,38,135,-38,329,-58,-543,-138
6095,Solano County,1613,3968,1158,-2125,-2694,-4270,-3209,-3393,-2675,-1836,126,80,1281,1870,3146,2338,3481,2834,815,557,-950,-3019,-2058,763,3026
6097,Sonoma County,1182,2822,-2285,-1368,-2084,-3503,-3260,-518,2906,3378,449,1242,1452,2949,3493,1339,838,-700,-4128,-4437,-507,-3665,-1294,513,1853
6099,Stanislaus County,1685,10600,9563,5467,1162,2731,61,-1781,-4083,-1900,-297,-1699,-988,-605,1089,1701,2572,2129,512,-535,-437,-2147,-2533,-105,869
6101,Sutter County,93,419,1331,1714,1070,1360,1386,853,-156,-299,-118,-877,-924,-173,-296,0,-52,-10,-291,195,-231,-582,-759,-300,-99
6103,Tehama County,100,365,479,864,791,670,581,198,143,-297,108,-342,-229,-371,-245,162,113,261,63,985,-136,-173,77,-208,-261
6105,Trinity County,-11,-37,292,209,54,323,260,97,124,166,-7,-21,-161,-21,-250,19,-190,-69,-133,-240,-3,73,-197,-36,79
6107,Tulare County,-441,-298,1470,3726,3889,3577,964,914,410,1398,-415,-1479,-2204,-2240,-2068,-2502,-2164,-1103,-1527,-2230,-49,238,-1423,-428,-101
6109,Tuolumne County,206,713,737,693,184,230,-48,-266,46,-331,-198,-194,-453,-76,82,-63,377,470,587,252,-130,103,-758,478,268
6111,Ventura County,1360,2873,5422,1437,-2108,-8376,-4809,-6025,-2159,1203,292,-910,-2059,-470,-728,-1118,-2668,-2035,-3971,-5053,-1162,-5186,-7366,-4375,-463
6113,Yolo County,901,4529,3820,1505,1087,-187,1959,3349,1318,1256,-133,-324,1492,510,828,2537,2455,1915,771,-455,-277,-4305,8201,-1350,805
6115,Yuba County,-10,534,628,440,351,2030,2233,828,336,-830,22,-555,-397,-319,-156,-84,330,1104,493,542,286,721,797,911,1369
8001,Adams County,1929,5826,7352,2763,3043,5952,6895,4566,4544,6556,806,3679,4095,4966,5484,6015,3006,1826,3903,2487,88,-22,2810,6196,9001
8003,Alamosa County,-36,-99,82,-119,12,-106,-150,-146,-33,-167,13,92,-118,30,-94,11,104,17,62,-97,-18,167,65,61,-1
8005,Arapahoe County,1655,7078,2737,383,662,937,2234,5914,5918,6055,1458,6925,6175,7603,6133,7543,3755,1663,3747,1342,-451,-1630,56,3311,6935
8007,Archuleta County,133,400,395,166,152,213,443,306,-30,-141,-33,-81,67,69,3,139,405,440,404,264,72,409,201,225,6
8009,Baca County,-14,0,-112,-205,-23,-48,-42,-44,-50,-42,15,7,-39,-59,-59,-7,3,27,35,6,-13,46,-13,-48,32
8011,Bent County,-31,-199,154,236,60,-32,-82,-303,262,487,14,-57,-605,-64,74,81,-35,30,6,-213,-130,-84,123,294,69
8013,Boulder County,1300,4336,112,-2562,-123,-1004,2184,1684,2247,1175,63,3421,3203,3432,1731,4682,2219,342,1452,896,21,-3913,601,-187,1362
8014,Broomfield County,272,626,-43,1242,258,552,1462,1699,633,588,278,903,1105,822,1237,2747,1306,1407,770,896,411,721,638,665,1265
8015,Chaffee County,70,77,311,37,62,-16,-46,244,169,174,-1,230,130,266,119,219,549,597,412,360,45,277,505,367,221
8017,Cheyenne County,-17,-46,-83,-107,-42,-51,-38,-68,-6,-43,-3,30,-1,-2,-46,-28,19,2,9,-32,-6,-23,27,4,-25
8019,Clear Creek County,-24,31,42,-193,-331,-66,-223,40,-86,-260,26,-84,-17,-5,82,120,86,195,15,79,6,71,-78,-207,-39
8021,Conejos County,-7,-131,-46,-111,-25,-88,-171,-98,-105,-214,20,-39,-82,-57,-23,-190,-26,75,30,13,-9,137,17,-58,27
8023,Costilla County,10,-99,-23,-32,1,-135,-27,-34,-71,-121,9,110,-27,-47,38,21,135,62,55,73,9,120,26,34,86
8025,Crowley County,15,148,121,-161,306,35,320,242,21,-96,28,23,-431,-126,267,16,-325,566,116,109,-167,92,-89,45,33
8027,Custer County,13,111,29,126,15,68,-2,99,-26,48,25,-45,3,58,90,102,180,282,85,140,24,392,280,210,0
8029,Delta County,83,248,650,238,425,124,400,295,607,450,-70,-451,58,-129,-309,61,507,282,508,387,-75,550,388,381,641
8031,Denver County,814,1972,-9441,-8989,-5117,-2753,1701,4249,8257,10620,1912,11576,9069,8770,9651,13342,7845,3948,6849,6510,1574,-9605,1505,6555,11063
8033,Dolores County,4,-11,7,-34,-10,-4,90,-7,49,-44,0,-25,-43,24,-45,0,76,-2,21,-7,14,62,98,65,-56
8035,Douglas County,3846,13779,9377,8236,9900,7868,10479,8484,5922,3510,820,2920,3681,5089,5717,5339,4056,5398,5125,6166,2001,8141,4699,6550,6545
8037,Eagle County,129,717,457,142,331,767,665,664,654,853,-313,-627,-319,-1,-65,59,146,-107,-456,-246,-145,-253,-792,-898,-465
8039,Elbert County,203,908,477,78,93,146,178,-78,229,248,36,-36,54,233,430,527,436,554,488,379,160,947,630,906,480
8041,El Paso County,1128,9738,3002,507,1760,3140,7393,312,4299,3951,3185,4705,3435,4055,2865,5570,9046,6921,7353,3625,979,973,1132,1136,3559
8043,Fremont County,121,544,554,92,-111,214,338,232,344,204,84,690,-227,-532,-17,301,848,774,572,65,-8,637,706,989,-4
8045,Garfield County,326,824,723,79,10,779,1353,1164,1148,734,-485,-599,189,-361,-250,121,618,-284,234,-40,-14,-13,47,466,283
8047,Gilpin County,32,-20,-7,-7,-33,48,56,2,124,320,10,-61,-10,71,201,51,96,91,76,117,7,74,-6,1,38
8049,Grand County,38,78,227,-30,77,-128,185,79,90,33,-75,-275,-418,33,184,133,387,120,112,180,9,104,-77,219,176
8051,Gunnison County,7,82,36,-157,-26,6,155,216,110,17,-49,-130,31,113,104,270,235,373,247,233,24,304,-2,-26,-5
8053,Hinsdale County,-1,25,-23,-26,25,-20,23,10,-25,-3,0,-17,-28,-1,-36,-9,25,4,22,13,8,-11,3,-5,-12
8055,Huerfano County,-30,67,73,60,-189,88,50,-35,105,-169,-28,-93,83,-56,-14,60,245,124,298,58,25,213,237,49,30
8057,Jackson County,-2,-53,-8,-25,-33,-39,-42,-14,-34,19,-8,-33,-26,15,42,-35,6,16,20,-11,-1,-9,-48,1,-30
8059,Jefferson County,171,278,-3272,-5565,-5903,-3224,134,1357,2480,1252,216,3144,4393,3783,4880,4612,4864,2563,2777,2255,-88,-2708,-4132,1131,1826
8061,Kiowa County,-8,-69,-46,-40,-46,-3,-14,-51,-35,-40,4,30,-8,-14,-11,13,-39,25,16,20,8,0,-18,-50,30
8063,Kit Carson County,-42,-35,238,-139,14,-121,-58,-89,220,258,-7,-115,-125,158,-256,155,-616,-506,1,-67,-13,-117,61,4,39
8065,Lake County,-1,-78,-110,-218,-62,-126,-71,122,42,-61,-60,16,-121,-28,14,79,115,123,28,220,-29,-33,-53,-21,-7
8067,La Plata County,226,663,688,127,445,672,804,528,613,495,1,161,371,713,248,592,430,86,598,-180,12,467,417,-167,507
8069,Larimer County,1144,5966,3351,1567,1421,2100,3916,3675,4065,3427,456,3341,3967,3928,6114,7987,4399,4121,5633,5175,666,2399,4734,3063,2761
8071,Las Animas County,71,-95,343,269,-110,26,113,68,65,95,-80,-323,-46,-571,-310,48,82,172,333,42,-31,-82,103,180,220
8073,Lincoln County,-22,-189,2,-69,-181,-136,-170,-85,-44,-55,5,-65,30,-36,62,33,15,-25,69,77,-6,-162,58,-18,106
8075,Logan County,44,565,-70,-16,-171,-276,33,-43,-209,2,15,-198,-268,-240,260,-1,-10,-115,-82,121,-257,-100,-141,-101,180
8077,Mesa County,477,1590,2559,2117,2223,1960,3715,3817,2849,3450,-655,320,-339,-595,-418,588,1432,1345,1616,1137,332,1874,1631,1492,1857
8079,Mineral County,7,-15,39,34,44,-11,-3,45,-12,-40,-5,5,7,12,-31,41,10,6,18,-6,7,59,3,12,5
8081,Moffat County,-23,-107,69,-118,-18,-283,64,149,129,40,-12,-493,-307,-148,-283,-89,122,-131,28,11,-24,-96,89,127,-135
8083,Montezuma County,3,-199,203,243,137,14,404,85,-9,137,-5,-118,-17,28,-78,127,256,148,29,49,32,455,363,189,234
8085,Montrose County,110,625,640,499,421,705,907,1195,828,715,-151,-312,-266,-169,-46,-9,588,615,455,558,178,597,782,551,634
8087,Morgan County,22,-153,14,-100,-188,-212,-77,-268,-199,85,-2,30,-366,-207,-316,-43,-210,-10,270,101,-49,-141,394,341,214
8089,Otero County,-81,-311,-405,-181,-203,-245,-206,-283,-93,0,15,-50,-212,-147,-67,-100,123,76,19,-42,-6,-33,-150,-74,-135
8091,Ouray County,32,21,92,24,144,66,49,169,159,-5,16,-43,66,46,31,40,180,11,19,142,2,187,46,82,19
8093,Park County,161,545,474,223,119,48,14,222,-40,-320,52,-255,-40,111,181,312,599,525,615,300,20,378,156,183,180
8095,Phillips County,-32,22,55,-78,74,-24,-40,-45,-19,9,18,-58,9,-24,-8,-66,-65,4,-5,-5,-4,-2,-31,30,-1
8097,Pitkin County,-111,23,-121,-90,-187,-41,-114,70,374,308,-8,-104,44,88,174,156,-57,-114,-75,-287,-23,-57,-550,-215,-53
8099,Prowers County,-56,-315,-172,-308,-267,-217,-403,-440,-88,-89,-37,-35,-140,-155,-305,-167,-30,23,26,51,-2,-47,-86,-89,127
8101,Pueblo County,245,1795,2181,775,349,809,1669,1896,1104,703,239,583,261,96,63,1500,1624,1478,1161,1033,247,1688,1029,791,670
8103,Rio Blanco County,-21,-139,42,-86,34,-98,168,118,49,162,-58,60,-6,-93,-111,-150,-60,-105,-53,-26,-5,-63,131,72,151
8105,Rio Grande County,-3,-293,-42,10,-32,-184,-271,-226,-36,-85,13,-131,-54,-215,-204,-152,-10,-36,-33,-5,10,-97,-20,-104,-26
8107,Routt County,90,282,97,238,93,58,288,448,440,321,-116,-325,-105,223,361,183,200,369,240,57,-18,161,40,58,104
8109,Saguache County,58,147,239,95,170,-8,-35,-21,115,25,10,18,103,-134,-54,37,131,200,184,-25,37,135,124,74,-10
8111,San Juan County,3,8,-1,-3,5,-16,1,-4,-6,-22,9,-18,2,2,17,-24,-2,22,47,-37,9,35,59,-5,21
8113,San Miguel County,7,223,205,-82,-61,24,-84,194,-31,-58,-12,72,52,-2,74,54,140,-35,99,-38,-20,4,-86,-156,-81
8115,Sedgwick County,-1,-88,38,-31,-90,-23,-42,-65,16,-24,-3,12,23,-37,2,70,33,-72,-31,-9,-1,-32,-9,44,-18
8117,Summit County,82,744,-51,65,-409,-164,149,187,153,167,16,-287,5,227,377,511,279,50,-223,-4,-92,-185,-148,-109,109
8119,Teller County,64,295,87,-114,-243,67,85,176,-190,-13,82,-192,68,-125,62,-56,650,576,448,297,55,297,3,-140,105
8121,Washington County,11,-127,159,-51,-89,-54,-37,-77,-129,-43,3,-46,-53,50,-7,55,59,82,-33,20,3,76,-2,26,-88
8123,Weld County,1663,8051,8278,4663,4675,5799,5900,5038,3924,3054,757,2301,2901,3705,4511,6270,7284,7688,6477,7141,2059,6435,8460,7501,7602
8125,Yuma County,-26,-49,-91,91,-179,-81,-41,-82,-15,77,-20,49,-77,-15,-12,-191,-34,-119,-56,30,-9,-49,-48,-75,-54
9001,Fairfield County,274,-808,-1494,-2476,-4383,-5521,-7094,-4606,747,2606,1287,4721,3294,1496,699,-2716,-3944,-4451,-1782,-3343,,,,,
9003,Hartford County,372,1266,1431,2898,-2222,397,-37,-396,-390,835,644,-183,-923,-1556,-1956,-2717,-3721,-2125,-1504,-1734,,,,,
9005,Litchfield County,219,1161,1599,1147,905,76,562,-74,61,-122,-151,-676,-1139,-327,-1104,-879,-973,-703,-124,-299,,,,,
9007,Middlesex County,410,1154,1789,1303,296,388,1030,377,651,457,-50,492,-580,-157,-424,-913,-235,4,240,-122,,,,,
9009,New Haven County,213,2099,2329,3223,-446,-466,-238,-242,-757,-217,477,-1179,-765,-3111,-1265,-3715,-3357,-1102,-1418,-2858,,,,,
9011,New London County,218,929,1291,1568,771,-2062,2204,-4771,391,79,-176,-1506,577,-1434,-1876,-2062,-1430,-1088,-1207,-1059,,,,,
9013,Tolland County,300,1404,2690,2034,968,346,650,229,1242,91,424,-358,-1319,-323,-195,-124,-737,-204,-349,-54,,,,,
9015,Windham County,-12,475,1003,1242,1310,929,780,65,189,-231,117,-442,-616,-595,-859,-362,-427,313,666,-267,,,,,
9110,Capitol Planning Region,,,,,,,,,,,,,,,,,,,,,-10336,7816,3923,6771,7539
9120,Greater Bridgeport Planning Region,,,,,,,,,,,,,,,,,,,,,-1126,1492,1189,2134,3323
9130,Lower Connecticut River Valley Planning Region,,,,,,,,,,,,,,,,,,,,,-659,2685,1051,753,1021
9140,Naugatuck Valley Planning Region,,,,,,,,,,,,,,,,,,,,,-652,2997,2243,3454,4123
9150,Northeastern Connecticut Planning Region,,,,,,,,,,,,,,,,,,,,,-58,633,746,764,935
9160,Northwest Hills Planning Region,,,,,,,,,,,,,,,,,,,,,-85,1064,747,522,1067
9170,South Central Connecticut Planning Region,,,,,,,,,,,,,,,,,,,,,-4677,4671,1044,2722,5254
9180,Southeastern Connecticut Planning Region,,,,,,,,,,,,,,,,,,,,,-1623,1642,480,1591,2594
9190,Western Connecticut Planning Region,,,,,,,,,,,,,,,,,,,,,-1583,3880,331,2460,5773
