county_fips,county,2000,2001,2002,2003,2004,2005,2006,2007,2008,2009,2010,2011,2012,2013,2014,2015,2016,2017,2018,2019,2020,2021,2022,2023,2024
10001,Kent County,110,816,1817,2464,3096,4014,3528,2947,2211,1091,288,1098,1040,747,1371,594,444,1237,1502,1812,442,2941,2494,1696,1762
10003,New Castle County,261,-301,-514,-71,-213,58,-1015,-1453,-1289,-742,-590,-347,-114,-350,-1003,-986,-1724,-1985,-99,-201,3,-330,1563,1172,-88
10005,Sussex County,729,2323,2895,3405,3195,3743,4107,3499,3582,2231,583,2103,2276,2901,3862,4444,4659,5178,5448,5350,1790,11069,8473,7004,6366
1001,Autauga County,133,317,551,501,955,723,1034,498,215,157,147,327,-329,-226,101,-107,266,59,37,270,102,218,511,492,717
1003,Baldwin County,836,2821,2599,2930,4388,5190,5132,3407,2637,2863,782,2899,3055,4176,3864,3433,4188,4619,5224,5297,1614,7039,6880,6581,6397
1005,Barbour County,-29,-205,-212,-94,-291,-319,-201,-220,-33,-189,-69,13,-176,-210,-142,-430,-492,-649,-231,-141,-190,-317,254,-42,-236
1007,Bibb County,38,919,-24,53,141,148,-121,131,65,-24,-59,-124,-105,-151,16,17,-30,-83,-164,31,-95,241,-315,-69,361
1009,Blount County,60,537,536,768,516,364,731,577,653,316,9,28,-100,-65,-158,-90,-102,358,-9,59,22,108,592,362,417
1011,Bullock County,-40,-289,-157,11,-307,-134,-365,144,-176,-28,-24,-254,-81,-85,96,-259,-31,-213,-28,-72,-85,-64,26,-220,-1
1013,Butler County,-83,-300,-360,-23,-31,-76,-94,-42,-87,-205,-4,-77,-170,-304,-11,-153,-154,-121,-216,-141,13,-110,-84,-201,-30
1015,Calhoun County,-961,-481,-311,400,23,323,251,66,313,420,-113,-752,-606,-659,-534,-438,-502,-259,-159,-475,-120,-123,655,893,261
1017,Chambers County,-26,-251,-281,-294,-218,-138,-264,-72,-261,-126,-54,-74,122,57,-158,31,-209,65,-57,-265,-50,-21,-246,6,-258
1019,Cherokee County,59,-17,92,43,174,0,263,-25,-39,66,41,116,53,161,-20,-52,141,178,338,306,58,250,467,499,585
1021,Chilton County,133,61,310,194,306,235,185,390,71,95,47,-82,-170,3,13,-119,46,168,-5,184,26,280,626,548,558
1023,Choctaw County,-67,-225,-327,-199,-265,-395,-143,-219,-106,-97,-18,-194,-6,-108,-40,-58,-148,-72,-49,-199,-23,-16,-37,-88,-95
1025,Clarke County,-79,-319,-410,-269,-170,-263,-10,-357,-197,-250,-78,-141,-450,-10,-229,-177,-348,-221,-133,-232,-56,-128,-61,-159,-130
1027,Clay County,16,-19,-72,-55,-89,-37,-59,8,42,-158,-21,-153,-222,26,61,24,23,8,-41,-12,-20,63,107,1,118
1029,Cleburne County,17,-7,173,48,-106,5,127,185,35,24,13,-85,-64,102,50,-37,-12,69,122,-86,14,172,250,322,273
1031,Coffee County,-117,-60,151,487,377,336,314,915,706,648,118,-13,351,-679,-232,133,-5,457,-16,334,106,584,534,658,359
1033,Colbert County,5,-105,-273,-171,169,10,117,99,54,23,59,56,78,95,64,43,54,239,327,256,68,523,581,497,536
1035,Conecuh County,-41,-178,-187,-260,-154,-24,113,-224,-94,-101,-20,-9,-128,-94,-196,19,-151,-28,-102,-167,-28,-130,0,13,-10
1037,Coosa County,-5,-86,-201,-96,-244,-123,-52,-51,-30,-156,16,-228,-103,-47,-207,-72,-64,-38,-72,42,-44,106,58,65,90
1039,Covington County,-124,-488,-191,-67,-120,322,207,109,-112,51,43,234,-141,56,19,-69,-120,-221,23,235,4,242,328,576,125
1041,Crenshaw County,27,13,-95,35,39,-39,189,34,-40,75,-47,10,28,-53,31,56,71,-16,5,-14,-12,-34,76,95,-33
1043,Cullman County,55,-76,81,261,450,609,320,475,650,71,41,-151,-94,388,284,611,595,434,623,380,290,1860,1272,1414,831
1045,Dale County,-151,-420,-44,127,-800,-674,-666,-158,-231,-538,-1,-553,-246,-781,-632,-270,-287,-109,-338,-89,-79,48,135,233,44
1047,Dallas County,-253,-506,-1086,-592,-652,-619,-355,-447,-294,-834,-7,-635,-554,-779,-436,-601,-803,-819,-854,-1002,-202,-435,-641,-455,-723
1049,DeKalb County,60,484,-442,106,116,-119,114,270,98,-18,-42,-3,-649,-99,-34,52,-128,244,-58,90,49,372,356,496,438
1051,Elmore County,240,881,910,1117,829,1669,1886,1547,231,707,218,147,-157,44,-230,142,168,25,-504,67,-83,986,935,827,506
1053,Escambia County,-66,-82,-162,-323,-201,-212,-137,-59,-173,-152,-28,-186,-139,-258,-1,2,-119,-456,-418,166,-48,129,204,84,152
1055,Etowah County,-217,-441,-132,40,31,67,368,242,230,141,60,-15,161,-169,-305,-204,-5,278,-154,-62,62,149,477,698,293
1057,Fayette County,-33,-127,-40,-69,-87,82,-202,-170,44,-209,-3,-101,-11,-70,-18,-39,-89,-5,16,-97,14,-78,75,-20,43
1059,Franklin County,-71,-342,-509,-263,-271,-80,-154,-402,172,-234,-15,-35,-196,-271,-46,-103,17,-192,-336,-28,-31,-48,-61,-144,-248
1061,Geneva County,31,-279,-16,52,-2,202,218,-16,209,-13,40,5,222,-205,-29,104,-44,-8,-4,62,63,166,319,347,286
1063,Greene County,-44,-117,-49,-143,-183,-46,-371,-45,-92,-212,-53,-88,-59,-70,-175,-62,-15,-154,-86,-101,-20,-79,-101,-71,-142
1065,Hale County,19,-81,-257,-33,-112,23,-28,120,-45,-121,-55,-381,-42,-140,-209,-62,-191,-24,-61,-103,7,12,-76,330,198
1067,Henry County,44,-57,24,58,86,13,160,117,-13,45,13,106,-174,10,-31,71,22,79,104,79,50,368,322,302,343
1069,Houston County,16,90,131,879,786,925,1422,1344,971,709,145,251,521,98,281,-90,-310,-24,224,936,57,305,779,376,544
1071,Jackson County,51,-83,-363,-103,-292,-281,101,-154,128,-119,-57,74,-105,-28,-312,-164,-16,-29,-69,128,26,571,542,788,563
1073,Jefferson County,-789,-4338,-4792,-1887,-3486,-3401,-1651,-3740,-1831,-1424,-965,-2812,-2920,-1226,-1488,-1896,-2639,-2441,-1827,-2375,343,-4305,-4517,-3421,-2305
1075,Lamar County,-4,-327,-190,-213,-218,-98,-262,16,-148,-130,-28,-148,-8,18,-80,-117,65,29,4,-64,0,-131,27,45,-17
1077,Lauderdale County,-55,-638,-525,92,187,372,548,427,622,339,15,-18,155,220,440,-429,100,391,214,355,604,1298,1305,1090,703
1079,Lawrence County,43,-92,-231,-281,-211,43,-449,212,-167,-25,-10,-215,-236,-210,-64,-266,121,-144,-61,69,44,200,270,407,206
1081,Lee County,203,546,759,791,1379,2854,1983,1523,1321,1784,217,2021,2740,1795,1488,1118,731,1177,1159,-112,299,2127,2155,1302,1485
1083,Limestone County,119,354,194,443,525,1112,1741,1737,1983,1917,296,1959,1404,1192,1341,656,939,1001,1855,2545,567,3285,3203,3424,3631
1085,Lowndes County,0,-124,-37,-171,-314,-137,-200,-103,-133,-331,-26,-144,-329,-193,-180,-127,-97,-129,-109,-223,-7,-267,-92,-21,-121
1087,Macon County,-35,-62,-325,-150,-374,-293,-193,-268,-61,-398,31,-189,-691,-559,-362,-292,-176,-194,-428,-162,-18,-416,-298,-113,-103
1089,Madison County,354,1193,2779,2826,2017,3395,4986,4000,4690,4559,790,1424,1095,2324,1319,1506,2067,3687,3817,4721,2258,5819,5682,7160,6523
1091,Marengo County,4,-483,-79,-268,-307,-268,-83,-101,-240,-213,-41,-292,-339,-236,-140,-208,-249,-103,-256,-129,-26,-189,-104,-42,-137
1093,Marion County,-69,-484,-358,-204,-208,-158,137,-101,-94,-261,43,-35,-92,-154,45,7,-62,-60,94,62,-91,2,326,200,161
1095,Marshall County,-83,-647,178,114,-136,416,711,376,418,362,39,319,-2,-104,-305,19,205,229,229,303,28,499,914,843,401
1097,Mobile County,-521,-2361,-3950,-2495,-2143,-1128,1671,340,1298,212,-314,-2321,-1514,-1467,-1548,-1766,-1363,-2431,-1677,-1821,-444,-1330,-1509,-364,-514
1099,Monroe County,-48,-334,-283,-279,-211,-183,-199,-270,-166,-290,-82,-200,-173,-382,-226,-144,-136,-207,-155,-249,-26,-43,-18,-95,-118
11001,District of Columbia,-1792,-4285,-7543,-10286,-7023,-6746,-3369,-3377,-1639,4454,1473,7537,6711,6051,1778,3201,2057,973,-318,-2203,-15396,-6258,-5029,-2706,-386
1101,Montgomery County,-556,-2064,-1090,-1156,-1675,-948,1730,-1304,-2665,-1812,-186,-1918,-2135,-2199,-2155,-1720,-1623,-1244,-2092,-1235,-646,-1799,-1283,-2449,-2058
1103,Morgan County,-81,-323,-609,334,-611,195,774,268,509,377,26,19,-159,-702,-377,-391,-536,-328,130,285,-88,210,1026,799,109
1105,Perry County,-58,-233,-122,-294,-208,-300,-227,154,-26,-126,-27,-100,-282,-134,-155,-159,-113,-207,-230,-124,-51,-80,-383,-108,-63
1107,Pickens County,-55,-97,-120,-354,-184,-244,-73,-171,-110,-150,-18,-345,-24,52,936,511,-451,-120,-241,-33,-106,-182,190,39,-168
1109,Pike County,7,-236,-417,82,199,-116,244,79,15,-42,28,-103,-30,372,-734,127,-249,-231,-230,-210,-83,-101,244,91,-162
1111,Randolph County,31,54,-7,-157,158,103,-1,-93,230,-44,30,-105,-188,34,-151,272,-17,244,101,33,163,185,368,396,326
1113,Russell County,-107,-362,-285,-528,226,-53,416,294,-18,383,232,1318,2126,1212,-412,-753,-879,-1267,683,26,33,-567,-96,165,150
1115,St. Clair County,283,688,832,1147,1641,1833,2967,2892,1401,1356,122,88,489,849,96,403,598,549,642,828,216,1569,1229,1709,1473
1117,Shelby County,851,2990,2798,3833,4399,4092,5262,2718,3044,2158,395,381,1648,1824,1046,1501,1040,1376,1037,1381,760,3091,2001,2000,718
1119,Sumter County,-64,-226,-424,-152,-143,-200,-198,-241,-193,-270,-2,-229,-60,-74,-164,-123,-286,-218,-128,-207,-104,-184,-48,-133,-96
1121,Talladega County,-61,-248,-162,-512,-109,107,149,-54,107,-376,-185,-261,315,-466,44,-370,-477,-247,160,14,-607,-455,470,623,545
1123,Tallapoosa County,-107,-299,-287,-182,10,-36,315,49,94,140,-112,-40,-340,60,-66,-262,48,219,44,-18,6,90,100,-3,202
1125,Tuscaloosa County,-27,-208,-552,104,568,1909,3714,837,1559,1138,62,823,887,1140,860,623,460,97,-159,261,5141,4068,654,-141,337
1127,Walker County,-62,-152,-414,-449,-206,99,24,-391,334,-59,5,-339,-315,-66,-293,-153,-220,-329,32,75,-70,-19,218,540,514
1129,Washington County,3,-277,-156,-88,-164,-179,-63,-283,-83,-54,27,-259,-224,-196,-5,-9,-177,-101,-140,-65,-51,-66,-71,-35,-12
1131,Wilcox County,-53,-163,-30,-168,-125,-113,-151,30,-9,-270,-66,-122,-131,-149,-168,-22,-47,-165,-81,-197,-38,-71,-227,-161,-34
1133,Winston County,15,-357,-35,-52,-44,-86,100,-23,-255,-33,-76,18,-95,67,4,-162,50,-74,13,17,-15,348,243,-7,245
12001,Alachua County,138,1098,1035,534,936,1744,3515,893,-139,-739,-342,-58,-555,-1078,812,1283,2482,93,753,-1302,1312,1301,1180,421,-826
12003,Baker County,94,12,474,21,374,397,468,403,250,102,-57,-157,-123,-116,-68,151,409,250,61,802,-149,548,-972,671,695
12005,Bay County,-167,941,2215,2497,2237,2908,1233,-1461,-449,71,168,-330,1059,2009,2816,2108,1015,199,868,-12080,-605,5443,5210,4761,4957
12007,Bradford County,-27,-25,213,702,677,349,352,267,83,-37,21,-158,-1529,-281,-249,188,-17,432,649,507,-56,-96,-729,543,342
12009,Brevard County,1328,8016,8775,9174,13452,10484,4182,3501,1484,-40,603,697,2663,3886,5410,10752,11594,11740,8971,8509,3130,13323,15171,14419,10792
12011,Broward County,3515,13795,9340,1213,1803,3764,-26566,-37145,-15513,-6570,386,13754,8061,2809,2463,105,83,-5677,-10311,-12153,-2337,-15670,-7298,-14943,-26634
12013,Calhoun County,9,-294,10,232,82,297,6,107,5,248,-4,93,-69,-70,-125,-15,-30,131,168,-409,98,-105,28,123,-157
12015,Charlotte County,876,4711,4424,3507,5527,-1951,2267,3134,1244,86,210,1095,3729,2974,4399,5508,6418,5037,4842,5674,1987,9864,9024,4962,5831
12017,Citrus County,802,3602,3276,3622,4858,4996,5086,3988,2122,683,285,-224,623,1025,1345,2945,3925,4022,3860,3619,1395,6390,6302,5894,4997
12019,Clay County,535,3071,4456,4056,6145,4958,7223,4366,1509,435,291,-175,571,1022,2075,2896,3874,4171,3075,2875,683,3981,4067,5423,3426
12021,Collier County,1902,6774,7470,5929,7537,7636,1354,-1957,-1182,-158,573,2772,2730,4620,6044,6218,6228,4403,3816,5485,1938,11062,8871,4020,-287
12023,Columbia County,184,504,854,1374,1536,2226,2823,701,763,160,47,-287,484,-501,338,298,956,631,714,1065,40,416,2091,1308,474
12027,DeSoto County,-78,-171,-494,364,236,-530,-34,-261,-620,-277,15,-377,-55,-233,258,45,269,759,-34,450,160,293,923,581,301
12029,Dixie County,-1,92,31,18,359,412,272,18,-17,-23,-8,51,-203,-39,39,386,179,227,149,232,-17,340,312,487,484
12031,Duval County,-1219,5000,6188,6626,2347,2747,3220,-1272,-3575,-3415,-436,-1350,-354,-1617,2728,5126,6046,3025,3745,2933,1342,1470,8777,4780,819
12033,Escambia County,-125,2998,603,2094,-1310,-248,936,-4492,-1435,-850,-24,208,1796,1910,-88,18,942,629,1587,2726,685,1691,951,2596,2136
12035,Flagler County,771,3293,3796,4579,6457,7224,6886,5453,2587,885,323,1417,1039,1642,2322,2747,3274,2906,2491,3537,1041,6218,6171,5050,4912
12037,Franklin County,23,78,84,42,31,63,1045,138,-52,23,-8,-32,140,-71,143,59,150,-65,-30,458,41,-215,373,187,374
12039,Gadsden County,-93,79,-543,-233,6,75,-122,260,366,-345,-52,-643,-1011,-598,-85,-192,-125,-228,-183,-303,-302,251,-79,626,-86
12041,Gilchrist County,83,11,270,519,272,454,352,317,79,23,28,-26,-107,34,51,380,213,273,403,318,31,512,664,576,323
12043,Glades County,9,171,146,54,207,160,-192,-159,90,-158,-40,-69,-172,35,287,192,319,193,131,173,-17,302,257,344,309
12045,Gulf County,40,340,47,354,219,314,86,56,-49,76,-50,-33,36,193,145,-6,192,98,98,-2461,103,315,878,539,201
12047,Hamilton County,-2,329,-47,117,-8,-194,296,65,77,93,-155,-156,101,-411,-291,185,6,43,-107,132,-218,-551,172,490,610
12049,Hardee County,-134,-748,151,-401,-232,-282,-153,85,-274,-277,-46,-379,-559,-351,-245,-279,-152,-228,-129,-376,-22,-98,272,86,-61
12051,Hendry County,-101,-953,-766,-596,70,515,-247,-592,-635,-795,-252,-600,-1654,-596,224,58,-82,229,-342,126,60,285,745,1382,852
12053,Hernando County,790,3455,4443,5389,7939,8123,7767,5902,3126,441,409,721,820,1880,2317,3322,5238,5094,4812,4530,1627,7225,7391,6816,5171
12055,Highlands County,42,1129,1404,998,2333,2580,2176,1002,336,-303,35,130,108,274,666,1606,1928,2012,1413,1799,407,3357,3201,2585,2000
12057,Hillsborough County,1415,12693,14411,11055,18143,21375,13923,-1764,-3081,2630,1243,7939,10014,11158,13350,15402,14921,12076,9497,9183,5416,11734,15791,3584,-10825
12059,Holmes County,-14,114,-6,269,-70,50,195,76,62,-74,-46,51,-92,-26,50,-250,178,107,63,228,-35,-146,462,421,296
12061,Indian River County,460,2148,2697,2197,4844,3087,3259,2792,1509,830,308,1046,1626,1813,2872,3484,4101,3443,3549,3407,1103,4959,4347,3124,1872
12063,Jackson County,-13,-312,22,245,742,981,361,19,1850,-54,-144,-392,-38,-226,-112,-78,-224,88,-69,-1606,-143,343,1275,555,1368
12065,Jefferson County,6,-23,355,223,342,85,154,-158,114,11,-24,-183,-289,5,-128,77,-120,248,176,-56,-64,180,596,470,411
12067,Lafayette County,8,15,37,6,161,379,85,-55,-26,-164,-71,-21,-12,8,7,-194,-20,-204,21,-254,6,-207,-129,404,461
12069,Lake County,2394,11467,10705,10970,15092,14530,15168,9828,5129,3801,631,2595,2917,4090,6996,9660,9535,10419,11235,11162,2919,12540,14145,14123,15220
12071,Lee County,2472,12810,13712,13759,21175,27535,21869,15614,460,-4623,1086,7915,10319,13001,14618,18818,19226,14026,12202,15043,5720,28248,28404,7760,4754
12073,Leon County,460,-643,497,2595,781,1264,2081,2262,-323,-1093,-23,401,3159,-3613,-34,247,-1195,2230,-811,479,1676,1363,572,-1840,-1663
12075,Levy County,172,329,721,374,848,660,863,508,328,-108,-54,-453,-235,-242,-45,436,369,602,586,845,227,1476,1293,1435,1126
12077,Liberty County,-31,-6,99,25,50,256,94,-3,89,-59,-27,-89,30,43,31,-20,-120,-94,198,-62,-131,-427,294,153,157
12079,Madison County,10,41,-198,-21,230,-82,156,-65,-69,-75,15,-126,-179,-199,-117,-118,-165,153,71,1,-69,291,206,449,191
12081,Manatee County,1361,5591,6552,5952,8051,9318,5124,843,616,1012,423,3291,5300,6998,8056,10508,11768,9213,8532,8954,2549,14134,15047,10918,10444
12083,Marion County,1375,4501,7080,8198,11579,12174,12479,8883,4134,1528,204,1523,2202,2179,3730,4999,6117,6898,6857,8136,2261,11372,13088,15145,15632
12085,Martin County,443,1950,2558,3002,2837,1683,-758,1132,275,825,180,1224,1539,2595,2459,2888,3187,1830,1613,962,506,2795,2559,1783,1179
12086,Miami-Dade County,-7987,-31172,-30316,-36501,-28719,-28155,-37167,-46034,-34431,-25142,-2175,-11688,-16041,-17040,-28136,-31650,-33655,-46570,-50752,-45174,-7276,-40322,-39112,-50881,-68246
12087,Monroe County,-304,-833,-416,-153,-1426,-2174,-2512,-1237,-630,-546,28,411,165,764,8,-10,-183,-790,-1991,-750,9,-592,-749,-1504,-1434
12089,Nassau County,230,948,1166,951,1309,1481,1828,1631,1078,529,138,533,247,833,832,1683,2017,2886,3044,2813,800,3944,3570,3781,2916
12091,Okaloosa County,-64,163,3530,3352,1659,-44,-2791,-2978,-2857,-2404,-619,1122,4475,1459,308,1380,840,2174,2566,2961,179,1096,1788,181,-1901
12093,Okeechobee County,-66,8,125,203,1036,394,54,-118,-197,-347,-20,-353,-368,-369,-95,107,744,338,248,358,-16,423,397,1009,578
12095,Orange County,2870,11155,5415,6152,14447,21392,7009,-5302,-7652,-6275,-1162,4400,13477,6576,8229,11259,9748,3106,-253,-3333,-937,-14167,5073,-7062,-18446
12097,Osceola County,945,4548,6150,8285,11018,8008,9444,7003,3187,-986,137,3254,4471,4531,4726,5026,6204,6532,4435,4041,1984,10447,12148,7282,5115
12099,Palm Beach County,2197,13801,19477,15109,23621,14305,-6681,-10274,-3093,2391,1984,5410,10233,13001,12889,15496,14288,6842,3926,6712,2628,8778,9286,-481,-7482
12101,Pasco County,2738,12123,13503,14280,20880,21356,18742,14522,8221,2615,757,970,3234,4898,8820,11377,14724,14878,14345,15563,5295,22540,23882,22768,19850
12103,Pinellas County,740,2218,1985,1499,2347,1131,-5871,-6524,-3324,-1023,140,2924,4068,7647,8327,11393,12907,9156,6996,5351,2212,5463,6674,1796,-4103
12105,Polk County,747,3338,4442,7029,10718,15114,15480,11561,3022,-572,192,3044,1801,4020,7783,10410,13345,15193,16911,16638,5644,27123,28989,25219,19415
12107,Putnam County,-33,-49,533,246,721,652,480,59,-542,-781,-115,-503,-684,-409,-262,100,548,1146,877,705,141,1247,1090,1481,1143
12109,St. Johns County,1245,5072,5739,5872,9505,8174,7648,6370,5887,4107,1017,4435,5318,6726,7671,7854,7945,8415,9775,10628,4153,17477,13064,11863,11448
12111,St. Lucie County,531,4001,6045,7507,12441,11540,11042,8889,3782,-557,729,1174,1726,1664,3820,6359,7169,6584,6770,7656,2694,14692,13979,13613,11449
12113,Santa Rosa County,475,2568,5975,4140,5097,3525,1021,2573,1707,526,1185,2244,1576,1463,1626,2884,3026,3712,4974,4787,951,5170,4328,4598,3497
12115,Sarasota County,1290,6927,7165,6937,10343,10458,3697,4022,2057,995,869,3766,5630,5220,7676,9738,9495,8271,8858,9945,3730,17789,16191,8317,4337
12117,Seminole County,942,3615,4715,1682,3666,7896,2146,-3533,-948,-819,-199,657,1763,2257,2953,3698,3971,3218,1790,1840,181,-1565,5434,1910,-2089
12119,Sumter County,280,1261,2996,1463,1571,3580,5530,4283,2849,2635,983,4445,4434,6065,6146,5834,6204,4384,5265,5269,1179,7284,11211,8590,4211
12121,Suwannee County,157,364,317,395,563,857,664,513,178,157,618,1037,194,121,282,18,238,433,174,361,120,870,1512,891,1530
12123,Taylor County,-30,38,-45,408,-58,274,101,843,383,-65,-3,17,56,117,-334,-173,-267,-301,-221,62,-18,-748,494,356,7
12125,Union County,37,63,-20,8,704,270,-32,438,239,-327,-14,-229,-62,-78,121,106,61,292,-40,-16,-553,598,-274,581,-143
12127,Volusia County,1729,6808,7840,8246,11823,10358,8867,4303,-1538,-1397,151,758,2782,4565,6793,10649,12112,10167,9438,8975,3434,14935,15506,11904,9760
12129,Wakulla County,85,936,803,688,941,1015,1308,942,775,1563,47,25,-184,96,310,8,275,139,276,1263,149,443,938,1277,606
12131,Walton County,240,1585,1426,1531,1936,1834,1609,1037,978,942,159,292,1363,1770,1744,1650,2116,2437,2639,3252,644,4110,2961,2791,2836
12133,Washington County,55,267,-63,170,382,175,548,489,1053,-124,-152,-157,242,-247,-154,262,-15,181,290,715,37,-322,609,155,979
13001,Appling County,-49,-68,-11,109,-110,-158,-92,114,24,-124,58,74,-175,-82,62,-92,-33,-37,61,-154,-40,99,76,6,100
13003,Atkinson County,-28,-119,-44,74,-142,-41,-58,-9,-116,-122,-37,-77,-151,-38,-117,60,-151,-95,25,-156,14,20,-236,35,-1
13005,Bacon County,8,-58,-119,44,-64,182,13,162,-86,32,-14,87,-55,-7,5,18,31,-98,-90,-14,-18,-35,144,-27,-87
13007,Baker County,-22,-17,-83,189,-87,-63,-103,-177,6,-169,-19,-131,38,-33,-61,-90,-6,-10,-90,-55,-15,-8,-15,-39,-1
13009,Baldwin County,-13,-110,213,12,148,96,-68,583,253,-809,-140,-679,1186,-473,-338,-475,-345,-223,-32,42,32,40,153,-135,364
13011,Banks County,68,247,192,124,145,216,130,214,135,43,2,-206,-131,62,-70,86,-101,259,296,191,42,519,771,438,428
13013,Barrow County,363,1420,1976,1524,2600,2503,3177,2999,2173,1022,170,-443,-299,526,1142,1527,1453,1395,1537,1949,435,2537,2045,2999,2591
13015,Bartow County,475,1945,1857,1343,859,1216,1330,1431,1359,322,-165,-389,-358,263,-117,285,822,1180,1001,1050,435,1572,1656,1887,2153
13017,Ben Hill County,-51,-285,-234,-185,-55,24,128,40,-227,-217,-9,-106,-42,-121,-16,-134,-110,-212,-211,-100,-15,69,19,114,-148
13019,Berrien County,3,-161,20,93,79,27,-2,-120,219,-99,34,-11,-292,-134,-316,93,-46,108,118,120,-11,49,162,376,118
13021,Bibb County,-310,-1115,-432,-767,-341,-878,-236,-982,-809,11,-160,-390,-550,-2327,-1563,-1128,-1505,-876,-388,-193,-368,-818,318,171,-157
13023,Bleckley County,2,77,-138,96,159,106,356,360,-95,7,-4,47,-209,-147,-16,-17,152,-93,51,28,-47,-174,85,228,198
13025,Brantley County,50,158,194,112,44,6,113,63,80,159,22,87,-22,-296,99,41,-61,372,133,118,25,146,136,199,329
13027,Brooks County,3,-164,-79,-145,48,-23,141,-55,76,-134,-51,-285,-450,-2,-158,130,39,-79,-134,17,-26,86,53,-25,89
13029,Bryan County,34,397,602,829,962,551,805,1021,887,925,84,689,563,456,338,746,746,919,820,1289,238,1799,954,1124,823
13031,Bulloch County,136,466,274,1566,1195,1875,881,1019,868,919,233,1628,1,-1850,356,-47,1000,925,762,1935,216,517,2076,995,806
13033,Burke County,-2,117,-99,-112,-17,-84,-262,-2,-67,-145,20,90,-565,-318,-265,-77,-94,-143,-164,-96,35,-263,104,0,65
13035,Butts County,154,556,748,461,129,333,555,416,647,-102,54,-208,-241,-227,109,196,218,328,144,727,147,717,578,172,267
13037,Calhoun County,-5,-121,11,-144,-34,-96,39,-92,143,112,-12,-87,-56,26,-60,30,-163,46,-46,-171,5,9,-38,5,-39
13039,Camden County,-104,291,783,-890,-84,215,-880,1189,-57,-282,-44,-838,323,-615,-38,-20,-566,178,299,645,78,621,943,647,837
13043,Candler County,-2,-224,242,51,5,-15,109,59,-55,90,3,162,-132,-195,-115,11,-9,-138,105,-30,42,19,83,140,63
13045,Carroll County,555,2681,2483,2685,2011,2351,2873,2534,734,-85,-138,-496,-34,254,1095,34,974,825,105,1494,128,1391,2567,2051,1837
13047,Catoosa County,295,816,1122,1233,1042,636,1163,1107,336,487,35,465,-147,117,68,230,420,226,894,204,143,663,591,319,402
13049,Charlton County,-35,151,33,135,-127,34,128,-237,156,-172,570,580,-127,-269,-131,82,-551,-155,14,383,31,383,73,166,87
13051,Chatham County,-505,-187,802,18,702,-746,2032,2802,499,3867,172,3876,1759,-947,2386,1261,103,-1185,-1683,-994,-413,-39,3837,922,26
13053,Chattahoochee County,-46,810,3256,-979,-546,-1385,-3198,317,-401,408,-219,-191,233,-508,-917,-1128,-1315,-45,195,53,-121,-516,-498,-376,-321
13055,Chattooga County,1,230,58,279,-388,29,155,606,-85,-257,-16,-315,-28,-517,-169,73,-75,-77,84,13,-21,39,230,341,197
13057,Cherokee County,1277,5341,5268,4470,5551,6702,8580,6797,3425,2121,369,823,1275,2115,4070,3470,4602,4453,4769,3561,1373,6133,5113,3785,3974
13059,Clarke County,99,256,-574,404,2256,-1597,907,356,165,-371,417,-218,528,-146,-1473,2029,22,913,-514,205,-236,-49,-34,-663,-1608
13061,Clay County,6,-8,-51,-14,-65,-30,-14,2,-45,-102,-11,-3,-59,-81,71,2,-63,-31,-59,-34,-3,56,11,10,-41
13063,Clayton County,708,4330,1018,1481,-139,-1759,-773,-1106,-1300,-4488,-566,-1121,-57,-4741,-486,2554,2772,1803,2043,408,-484,-1976,-2776,-2410,-4769
13065,Clinch County,-23,-69,20,77,-62,34,-146,-20,52,-152,-16,-74,-74,20,-23,12,-107,-109,-67,-18,-18,-1,-18,53,-15
13067,Cobb County,1948,3098,-97,-4120,-1734,-1291,7034,517,2662,-272,-355,-41,2095,1814,4547,3414,194,-2970,-2924,-2114,-736,-4097,-978,-3159,-5671
13069,Coffee County,25,203,-110,-94,-286,-44,283,-21,-15,-204,256,50,-141,-272,-479,-86,-250,-201,14,37,-37,-60,135,-106,301
13071,Colquitt County,-47,-279,-33,-180,35,-386,330,117,174,-273,24,-182,-43,-110,-443,-643,-224,-91,-102,29,-18,-170,-32,68,-127
13073,Columbia County,287,986,1888,1591,2437,1879,2532,2349,650,1460,557,2869,2432,2710,1861,3567,2229,3090,1716,1833,690,2342,2074,1827,978
13075,Cook County,31,-100,8,-70,142,103,-175,36,47,-80,0,-213,-190,103,199,-254,71,55,-71,97,17,34,115,236,111
13077,Coweta County,697,2489,2498,2177,2816,3215,4351,3403,3046,2251,312,677,403,1470,1362,2078,1455,1874,2049,1811,509,3180,2477,2385,995
13079,Crawford County,-62,12,2,-71,133,-10,-51,-145,-42,-342,-29,-43,-40,-131,-88,-86,-100,38,69,106,-11,137,124,211,112
13081,Crisp County,-25,-87,-150,-342,-75,-132,48,105,-112,-131,-54,225,-243,-344,-278,-204,-134,-251,-122,-224,-50,101,-206,-44,-187
13083,Dade County,14,230,83,112,40,93,154,143,-117,-43,-4,-36,-128,-31,-151,-79,94,60,22,-73,6,84,-25,173,3
13085,Dawson County,271,478,483,715,274,771,893,758,389,300,-79,-58,137,167,194,309,233,684,721,937,291,1538,1553,1437,1907
13087,Decatur County,-38,-420,-47,-125,-49,-277,277,-34,61,-31,-57,-214,-250,-131,-267,-150,-437,-40,-130,-194,-10,-196,-2,85,260
13089,DeKalb County,-992,-9252,-12763,-13073,-11800,-7657,-3235,-6607,-5907,-5143,-2142,-3972,1085,-4279,-3339,-2019,-1190,-6650,-6370,-5190,-1378,-10727,-5013,-8084,-11262
13091,Dodge County,-12,102,56,114,-69,-20,123,2,-93,-46,-75,-152,-97,-143,-283,-52,-282,-76,11,-166,-33,-62,237,-3,-67
13093,Dooly County,-34,140,-202,-112,-54,49,11,-228,-89,240,-65,-278,-220,-35,-118,-181,-150,-155,48,-287,-10,-203,-252,417,55
13095,Dougherty County,-391,-566,-931,-574,-1127,-559,-1045,-492,-807,-236,-171,-313,-974,-1918,-1177,-1731,-1494,-1298,-572,-1601,-472,-2651,668,-391,-341
13097,Douglas County,204,1855,1788,2271,4309,4651,5187,4136,2322,170,-32,-470,-581,1406,1083,1270,560,942,877,615,194,594,1069,855,1550
13099,Early County,-23,-89,-168,-33,-179,-47,-61,-216,-176,-182,-54,-234,-188,-73,-76,10,-162,15,-35,-86,-24,-61,4,60,-89
13101,Echols County,29,-40,-84,27,6,-67,-95,-42,-57,-49,-9,15,-160,-15,-11,-40,-106,-65,40,-14,7,-17,-24,6,-89
13103,Effingham County,230,1173,1440,1194,1376,1858,1843,1588,839,1015,119,-116,280,718,581,1261,1170,1061,1799,1719,316,1404,1980,2165,1343
13105,Elbert County,-17,52,56,-42,86,-127,41,-124,-70,-201,-60,-263,-251,-63,-52,-70,-126,1,50,163,58,40,392,218,182
13107,Emanuel County,-38,-242,-221,-45,-245,83,214,-113,197,-86,14,-166,173,-115,-204,-51,-89,119,110,22,133,75,130,185,63
13109,Evans County,55,126,155,81,-136,-91,-45,-28,74,-8,-23,-80,-378,71,-27,-145,-72,73,-60,-47,-8,-34,-7,108,98
13111,Fannin County,164,390,567,310,427,264,551,374,156,248,-10,37,85,366,146,668,722,457,781,337,189,660,228,462,232
13113,Fayette County,617,1616,1308,1640,1534,2116,1866,589,-86,-103,367,94,-199,549,958,648,782,1060,555,1116,334,1299,1333,1221,887
13115,Floyd County,83,-228,947,330,-121,-166,218,-529,-41,-11,-12,-636,-434,-296,-219,27,94,473,272,391,15,31,1043,695,717
13117,Forsyth County,1631,6286,5524,4910,5444,6163,7845,7984,7491,4160,727,3504,3436,5446,6939,6735,7038,6505,6379,5743,1421,7117,4827,3664,2301
13119,Franklin County,64,335,149,183,172,192,103,111,-85,-124,0,-121,-77,131,152,97,5,518,186,301,54,131,644,650,341
13121,Fulton County,-1937,-6365,-15383,-12399,-12047,-209,17237,14743,10087,7579,2532,11970,14586,-2193,1189,2784,5451,6273,2711,5556,1689,-11574,3421,-4612,-8216
13123,Gilmer County,254,392,533,511,415,472,691,159,77,-110,-6,-162,-172,338,178,477,357,558,444,586,104,882,430,562,549
13125,Glascock County,2,-6,19,11,61,31,86,53,14,9,-5,20,27,-38,-47,34,-31,73,-55,0,8,25,48,39,76
13127,Glynn County,-32,343,343,536,360,553,1597,792,799,273,70,82,399,334,401,942,631,494,295,318,32,495,588,980,245
13129,Gordon County,147,534,439,433,526,409,675,437,351,-285,-93,17,-89,-209,-84,272,324,61,318,217,182,565,664,839,857
13131,Grady County,-53,-219,-168,-76,-87,15,160,32,-127,-121,-6,-105,72,-229,6,-239,-364,-183,-79,-178,-22,-279,178,67,149
13133,Greene County,41,269,187,79,165,89,30,190,-9,-43,20,68,52,132,179,217,214,346,530,616,164,693,638,662,431
13135,Gwinnett County,4380,11662,9099,8391,11740,9984,15613,10345,3613,3605,169,4233,3677,6268,7458,6192,3447,2103,-903,-59,-616,-186,48,-5423,-7129
13137,Habersham County,126,549,273,399,116,283,1160,866,369,207,2,-108,241,-311,308,137,255,324,762,-134,104,666,686,1157,677
13139,Hall County,666,2249,1248,751,644,1939,3256,3626,2470,-431,-97,815,529,1088,1454,1646,2289,1545,1404,1830,418,3125,4147,2968,1220
13141,Hancock County,-22,-104,-230,-82,-103,-70,-26,177,-118,-303,9,-46,-331,-131,-378,42,94,-57,-126,155,29,118,-185,352,48
13143,Haralson County,111,344,362,462,357,330,85,311,44,-25,-1,-280,-164,13,145,225,178,435,343,235,142,687,811,728,394
13145,Harris County,77,437,571,675,685,758,856,676,307,480,109,73,160,-62,167,380,452,318,592,707,273,775,675,407,248
13147,Hart County,56,-64,137,4,490,261,292,-17,88,-213,0,178,134,-76,-104,72,113,256,379,199,72,617,632,753,595
13149,Heard County,61,16,3,-123,52,34,125,19,126,-67,16,-113,-93,-107,36,-47,44,173,110,57,48,103,259,357,132
13151,Henry County,1961,7490,7748,7759,7013,7326,8194,5893,3589,2577,789,436,-226,877,1644,2352,3326,3218,3582,3894,1010,2619,2694,4974,2851
13153,Houston County,158,1137,2495,3301,2463,1042,1024,1801,857,1106,487,1915,525,322,-162,-566,1019,565,1474,1528,591,2491,2065,1178,1824
13155,Irwin County,34,3,-53,38,-332,400,98,-323,268,-252,50,90,-95,-263,-267,77,178,64,37,31,-10,-214,-194,41,66
13157,Jackson County,244,1424,1461,1083,2069,2278,3315,3307,1886,673,123,-48,-379,310,525,1040,1360,2287,2375,2311,872,3675,3187,4086,4580
13159,Jasper County,54,97,317,311,131,303,342,138,116,10,1,-136,-248,-98,-103,133,52,97,142,180,78,688,701,469,653
13161,Jeff Davis County,7,-85,-26,-50,-30,62,48,-82,93,68,-10,14,-46,-176,-159,33,-89,7,-33,18,22,101,87,62,276
13163,Jefferson County,-32,-222,-132,-201,-169,-174,-136,-176,-9,30,-18,-133,-442,-101,-86,-190,-165,-137,-151,-19,-6,-52,-53,-22,-91
13165,Jenkins County,4,-61,-44,-54,-46,3,-23,-126,-131,-76,-8,-202,961,81,-146,-177,-101,1,-77,-88,3,170,-72,-18,241
13167,Johnson County,-20,-75,416,-8,115,-119,59,424,13,-163,-14,14,20,-91,-72,-89,-37,64,-41,-54,-3,-96,244,109,-73
13169,Jones County,47,327,370,582,598,431,119,217,295,9,-29,-4,-183,-103,8,-248,88,-126,231,133,52,136,234,544,100
13171,Lamar County,52,303,-219,89,37,240,76,260,379,135,-55,-122,-149,-133,263,15,193,107,340,113,71,197,783,906,264
13173,Lanier County,0,-151,30,156,-96,52,226,259,235,63,30,313,-93,-106,-113,-159,89,-56,-117,70,38,80,41,183,-71
13175,Laurens County,9,-22,263,458,-125,194,287,1,268,108,-62,-614,-202,-208,-247,-198,-324,30,-78,155,-8,97,308,267,322
13177,Lee County,72,249,287,298,880,728,1089,624,523,368,103,-49,-105,145,-101,-128,-145,108,238,161,39,-35,438,160,45
13179,Liberty County,-629,-2162,583,-83,-415,-259,-3884,-886,-3173,2380,-1237,1405,-3078,-3625,338,-4135,-1435,-923,-2044,-101,-214,798,207,-1053,319
13181,Lincoln County,-2,46,-6,11,-87,-49,-62,-37,-47,-85,-28,-78,-108,-4,-79,76,125,18,80,14,27,100,143,48,165
13183,Long County,4,-85,70,-123,116,4,140,-73,34,694,169,434,648,274,346,373,486,223,106,310,88,740,1083,1051,647
13185,Lowndes County,-124,-422,1184,553,874,766,883,200,1878,1061,194,767,1251,-2287,-386,-1223,-47,287,191,336,2,-11,210,746,699
13187,Lumpkin County,120,587,548,734,440,535,994,502,407,194,238,79,86,120,170,183,123,1365,154,738,148,-621,1686,511,726
13189,McDuffie County,-33,-48,-176,31,-11,47,70,-135,175,-7,-32,-250,-86,-172,-60,-77,-71,13,37,-220,-26,86,135,144,-83
13191,McIntosh County,40,138,-185,-8,21,-77,191,274,-13,-124,-32,-98,-356,119,33,2,49,45,257,86,28,208,229,414,317
13193,Macon County,-58,-67,-127,-163,-179,-219,-67,-121,-71,-3,-93,-218,-189,-327,-129,-124,-208,-199,-67,-182,-35,-121,-15,83,-12
13195,Madison County,93,123,350,204,-59,177,173,204,95,124,-2,-92,-155,64,114,-29,323,364,294,212,140,644,537,697,368
13197,Marion County,18,-78,-115,-52,-77,-48,46,-75,-108,-65,8,-90,-62,-112,40,-81,-100,-66,-45,-8,33,-62,73,33,147
13199,Meriwether County,-17,8,202,-149,53,-19,124,-281,59,-171,-141,-215,-322,-84,-10,-52,-69,0,81,102,23,276,254,123,495
13201,Miller County,-15,-7,-34,-97,-90,-51,49,12,33,-4,6,-63,-76,-86,42,-72,56,-25,-132,49,-5,-46,-23,41,55
13205,Mitchell County,46,-183,-229,-190,-162,-237,66,219,-226,-284,-1,-161,-396,-151,-316,-315,-46,-154,-155,-289,-46,-300,-27,-382,-402
13207,Monroe County,31,97,504,494,-2,257,647,661,76,124,27,129,-40,245,22,49,202,294,407,187,132,852,786,1203,890
13209,Montgomery County,-11,192,-50,189,163,-129,118,-79,-162,-31,-38,-139,-183,40,-7,-14,33,29,108,-14,-29,103,24,120,-178
13211,Morgan County,36,385,293,160,207,318,439,345,327,61,-2,8,-110,-90,179,54,150,245,429,399,105,562,419,468,385
13213,Murray County,163,670,178,457,241,-92,137,-359,-581,-251,-125,-321,-214,-299,-111,12,-250,317,10,76,8,70,504,646,257
13215,Muscogee County,-352,-1284,-1457,-3021,1960,522,1466,-6606,-1707,2314,-35,2659,889,2084,-4589,-3903,-4133,-3617,-648,544,-121,-2191,-3171,-1612,-1259
13217,Newton County,725,3331,3528,3465,4202,4195,4064,4035,1641,529,53,-353,-103,556,834,933,989,767,1079,1822,267,2385,2082,1791,2625
13219,Oconee County,99,124,242,643,442,512,976,823,745,538,61,218,113,435,858,654,903,1001,1135,693,215,1051,560,482,387
13221,Oglethorpe County,63,142,150,84,124,-15,251,242,223,49,17,-229,-248,-122,93,179,-36,160,175,166,57,358,352,235,352
13223,Paulding County,1131,4357,4003,3812,4539,4937,7515,6323,3766,1854,126,-428,-123,902,670,2078,2509,3157,3637,3820,762,3794,3682,3236,3643
13225,Peach County,114,-48,21,103,11,-223,523,812,608,-79,1,-160,-125,-708,-106,-275,-131,73,347,119,58,274,335,358,404
13227,Pickens County,354,988,943,944,706,571,996,1058,556,124,6,-73,-141,122,449,294,538,930,509,625,171,863,914,1224,651
13229,Pierce County,55,28,140,178,433,316,175,341,201,269,33,-91,77,57,-2,59,-33,62,146,47,24,324,288,254,203
13231,Pike County,101,200,492,344,526,368,581,519,313,48,30,-156,1,3,6,185,-17,289,425,299,47,688,456,544,300
13233,Polk County,1,177,195,-71,42,20,266,115,220,-170,-20,-445,-341,-265,-183,255,267,209,454,181,57,470,390,511,112
13235,Pulaski County,-9,-22,17,-8,54,-73,102,29,-58,78,-49,-100,-139,-117,-23,-96,-70,-64,-104,79,16,-236,411,216,76
13237,Putnam County,13,110,44,-35,163,-3,157,245,65,-78,4,5,-158,154,-146,161,212,195,133,357,149,631,430,307,219
13239,Quitman County,2,19,-49,-71,8,87,41,-3,13,-58,7,-62,-33,-39,-63,-2,42,14,-64,46,-2,33,40,42,53
13241,Rabun County,32,245,121,196,71,148,154,187,32,-112,-5,12,61,-53,27,117,311,119,369,347,72,349,227,243,190
13243,Randolph County,-21,-47,-79,-101,-38,-99,-13,-78,-162,13,-32,-120,-253,-115,118,-155,21,-159,-153,-25,-19,-59,-80,66,17
13245,Richmond County,-522,-1413,-1401,-545,-2082,-2292,-1280,-1393,344,-1000,179,-1820,-622,-1982,-1297,-1305,-721,-1317,-898,-76,-269,-1229,884,-1714,-411
13247,Rockdale County,178,289,459,880,860,605,957,1283,581,188,38,-447,-496,688,329,749,208,544,411,136,46,218,910,733,743
13249,Schley County,15,7,-1,-30,8,116,13,111,105,13,-3,-9,-29,67,74,11,-69,34,-43,7,-14,-51,23,32,-14
13251,Screven County,-10,-289,184,-173,8,-27,-191,-3,8,-44,-90,-131,-269,-40,-136,60,-59,-82,-20,-17,23,33,0,277,177
13253,Seminole County,-16,-70,0,-95,27,-112,-40,-45,51,-40,-6,36,104,0,-240,4,-91,-126,39,-157,1,81,35,-7,214
13255,Spalding County,-34,117,465,193,-10,94,509,357,632,182,-58,-307,-545,-299,76,41,656,777,678,595,178,449,1373,867,167
13257,Stephens County,28,60,71,-279,-170,-79,72,-11,267,57,-11,-357,9,-91,-152,78,226,160,319,-42,48,85,183,562,308
13259,Stewart County,6,-87,-44,-96,-76,-87,-99,-77,-23,-26,46,-51,24,-646,233,-84,-89,26,-29,45,-13,-354,-390,10,-5
13261,Sumter County,-5,-214,-342,-149,-418,-511,-73,-169,-454,-391,-131,-708,-616,-329,-251,-531,-356,-538,-109,-340,-70,-427,-29,49,24
13263,Talbot County,26,63,11,-104,57,71,2,13,-178,-55,-15,-28,-209,-51,-6,7,-99,-80,47,-67,1,80,52,6,100
13265,Taliaferro County,11,-40,5,-124,-1,-44,23,-14,-34,-33,-15,15,-19,12,11,-39,-18,4,-7,-62,8,20,58,20,41
13267,Tattnall County,-53,-315,-217,-7,332,-77,33,-205,109,1063,-52,-156,-103,55,-354,35,-148,-4,-35,-242,14,-135,-33,289,-62
13269,Taylor County,-4,-57,50,18,-17,-81,-95,31,7,-155,-118,-320,-91,25,8,-126,-34,-58,-74,-2,9,-14,46,43,10
13271,Telfair County,-3,-104,-152,1130,421,-1,-15,91,-90,-449,5,-291,116,234,-175,-52,-572,-62,-13,-146,-3,-54,125,-1526,184
13273,Terrell County,-23,-81,-147,75,-118,-276,-157,-224,-25,52,-3,-160,-211,-93,-103,-64,-147,-164,-95,-38,-11,-159,-77,-18,53
13275,Thomas County,50,-71,-69,404,-177,720,238,289,309,72,13,-216,-162,123,-162,-69,74,-390,-297,87,3,145,-86,187,393
13277,Tift County,-69,-283,-21,21,291,61,530,130,-52,-62,49,737,-409,-995,108,-123,-158,-251,-5,-30,-3,-240,275,170,-55
13279,Toombs County,-26,-289,-145,-132,6,238,109,174,26,-401,18,-175,-109,-86,-124,-62,-113,-259,-39,-118,35,-160,-4,152,102
13281,Towns County,70,232,125,308,252,187,426,219,164,59,58,141,65,292,359,196,279,239,398,253,105,485,230,185,280
13283,Treutlen County,18,34,-16,17,29,-287,91,19,47,45,-8,-49,-61,-99,102,-24,-115,35,51,85,-5,34,34,3,56
13285,Troup County,67,438,-100,91,735,690,34,285,266,95,33,259,364,266,151,-99,-17,-165,-257,-377,0,352,656,273,81
13287,Turner County,-18,-32,40,-138,-84,-55,-152,-118,-128,-146,-11,29,-529,-269,-139,-38,-44,-33,-4,59,-10,-30,-67,101,86
13289,Twiggs County,-17,-33,184,45,-121,-226,-201,-82,-43,-97,-53,-140,-310,-14,-104,-45,-88,-18,-40,2,2,-31,-105,110,113
13291,Union County,128,449,547,701,471,477,714,579,342,180,21,17,188,256,483,375,763,889,701,747,261,1148,996,891,665
13293,Upson County,-4,64,-174,68,-31,17,-121,31,-112,68,-63,-122,-354,-91,-208,75,44,3,82,238,76,111,550,278,236
13295,Walker County,54,415,291,207,342,573,667,484,67,-65,75,-148,-376,205,66,-140,-60,681,467,391,134,974,754,758,337
13297,Walton County,760,2182,2015,1761,2072,3232,3161,3217,1962,758,74,339,-77,706,1097,577,1199,1264,1740,1162,538,2917,3099,3369,2568
13299,Ware County,-87,-73,-396,-15,-345,-106,475,244,-75,-182,18,-111,-476,-214,-256,-218,273,1,-75,133,-2,-491,208,685,-28
13301,Warren County,-26,54,-111,-70,-39,-75,-124,-87,-69,-73,-33,-94,-143,-4,-34,-50,11,-67,-32,13,8,51,-17,-15,85
13303,Washington County,-15,-90,-193,47,-76,-1029,575,278,2,-23,-58,-150,-248,-267,-71,178,-378,-11,104,-28,-36,-56,104,121,-60
13305,Wayne County,5,137,229,310,227,149,128,225,305,-283,-8,80,-72,-443,-166,-578,458,-234,24,108,5,118,613,675,688
13307,Webster County,-2,-105,-36,26,-4,-42,-12,29,-82,-34,-14,-14,-4,-101,-53,3,-25,-14,8,0,7,17,-15,4,-63
13309,Wheeler County,3,473,-142,-64,-138,149,205,-101,42,66,285,293,-136,-3,53,-70,102,-72,-74,-44,-25,353,-482,-227,251
13311,White County,191,707,913,591,620,425,608,346,190,113,63,178,226,156,158,369,435,607,522,830,153,452,544,263,672
13313,Whitfield County,19,-553,-1090,-1090,-242,-343,-490,-486,-769,-1867,-40,-481,-612,-779,-167,-162,-59,-785,-514,-130,-145,-268,206,184,60
13315,Wilcox County,-9,210,-140,31,39,-104,57,0,127,110,87,-59,-173,12,-132,111,-159,-66,44,-184,45,42,75,103,131
13317,Wilkes County,-12,-70,27,17,-145,-97,-19,-85,53,-59,-240,-142,-128,-115,32,-32,-99,87,33,-39,-1,32,143,21,43
13319,Wilkinson County,-10,34,-118,-78,-92,-85,-159,-77,-106,1,-32,-134,69,-107,-80,-179,-31,-52,96,-65,-17,16,-37,91,-43
13321,Worth County,-48,-89,-313,-84,-92,-293,-6,-227,-67,-150,31,-203,-190,-371,-86,-345,-26,-178,-212,-38,-30,-110,-33,-71,75
15001,Hawaii County,80,640,1255,1988,2578,3298,3299,2047,1631,-234,-100,38,458,929,1127,1062,884,704,849,-643,-23,2730,1701,750,608
15003,Honolulu County,-4310,-8118,-2176,2240,-5927,-3020,-7736,-14675,-6194,-4322,-59,-1106,-3685,-2789,-7781,-7449,-11661,-14471,-13468,-12427,-4595,-12176,-15953,-10817,-5921
15005,Kalawao County,-2,-4,-6,-2,-4,-1,-11,-12,-7,0,0,0,0,0,0,0,0,0,0,0,0,0,0,1,0
15007,Kauai County,-55,-190,273,159,534,256,-135,341,395,81,6,-47,-22,388,206,120,-223,-186,-26,-230,-103,253,-434,-254,-521
15009,Maui County,201,1149,-83,582,861,536,-146,-129,790,-823,-195,226,188,708,739,-550,-455,-499,-265,-517,-144,-656,-1313,-1007,-2652
16001,Ada County,1253,6697,3990,2036,3647,9831,10415,7397,2881,1173,137,4420,4526,3943,6311,3825,8307,9512,10332,10815,3135,14277,4831,2820,5109
16003,Adams County,-17,-16,12,9,22,55,-78,66,3,-62,-22,40,-80,-41,27,17,57,192,112,56,53,227,181,134,114
16005,Bannock County,-130,-472,-830,-1221,-584,-620,45,-269,106,269,-58,-233,-610,-1141,-668,-345,-398,80,740,606,152,1045,918,365,-20
16007,Bear Lake County,1,-80,-228,-47,-81,-130,-43,-62,-62,-59,-23,-16,-77,30,-38,-65,19,63,-1,65,0,192,147,6,-38
16009,Benewah County,27,-252,-69,-2,-26,142,165,-4,88,-142,-12,-104,-47,-112,27,-14,52,168,69,81,46,401,427,120,126
16011,Bingham County,-126,-244,-521,-144,-400,-174,-415,-195,-42,-43,1,-250,-787,-568,-594,-564,-141,314,22,461,55,643,856,211,304
16013,Blaine County,49,411,187,151,55,-175,-76,-179,55,-71,-114,-397,-142,6,-10,-34,89,128,173,45,71,364,-24,-181,-145
16015,Boise County,67,40,125,142,23,2,211,102,-64,-150,-10,-8,-190,-66,72,183,133,259,277,174,50,531,214,105,-16
16017,Bonner County,122,37,648,719,514,786,545,610,220,-156,33,-144,-396,176,765,313,780,1261,1103,1057,332,2441,1780,1097,1136
16019,Bonneville County,41,-114,87,616,1452,776,1613,1615,1344,627,16,-199,-103,-556,-131,352,1072,1382,1031,1633,552,2739,801,909,1195
16021,Boundary County,25,-111,4,101,214,135,204,188,61,-37,40,-204,-44,3,94,292,331,234,13,225,82,487,613,206,254
16023,Butte County,1,-61,14,-88,-45,-20,-46,16,-27,-52,7,-82,-78,-90,0,-105,1,14,-3,7,10,81,44,64,-8
16025,Camas County,-14,22,14,1,-17,32,-9,17,5,-17,-9,-7,-36,-45,7,11,9,13,29,-18,13,55,22,55,7
16027,Canyon County,1120,3991,3718,3740,3528,4343,5630,4629,2609,-179,-119,101,630,3124,2092,2549,2714,3862,4966,5132,1571,10033,5551,4662,5298
16029,Caribou County,-14,1,-204,-119,-49,-188,-119,-47,-75,10,-3,-179,-95,-19,-40,-79,96,96,2,73,-13,89,67,8,-19
16031,Cassia County,-116,-151,-395,-395,-468,-317,-421,-30,199,-53,77,-158,-130,-126,-38,-204,-208,-19,-55,31,6,295,174,-151,-225
16033,Clark County,-1,-88,-44,-93,-1,-35,-18,-30,-4,-54,-2,-36,-91,-11,4,-5,-24,11,-38,-14,0,-4,7,-22,-19
16035,Clearwater County,-39,-281,-150,-36,-44,9,66,-55,-38,-106,-11,-49,-9,35,16,41,141,48,144,22,35,238,168,238,38
16037,Custer County,-8,-135,-85,-39,13,-55,48,21,68,36,0,-35,5,-107,-93,-69,39,51,117,69,-1,202,96,35,65
16039,Elmore County,-193,-290,-118,-374,-428,-849,-751,176,-286,-727,-78,-1259,-496,-451,-500,-914,-93,400,212,-153,-40,37,124,-131,-329
16041,Franklin County,-5,-24,38,-95,89,-60,-160,39,144,16,-31,-101,-119,-77,60,-52,262,95,154,90,61,293,400,223,26
16043,Fremont County,-59,-75,-81,116,24,-273,-67,-39,-108,-142,-32,-212,-260,-188,-158,-100,29,129,-45,-151,9,152,386,114,5
16045,Gem County,26,90,-5,124,139,271,184,60,-41,-142,-47,14,-117,-70,99,26,268,361,267,528,161,647,605,389,160
16047,Gooding County,5,-222,-60,-100,-180,-224,-87,-41,-15,-245,-8,-217,-212,-166,-129,45,-144,-56,-72,-9,61,110,35,106,-63
16049,Idaho County,-58,-92,-26,-109,75,-75,39,52,76,133,27,158,-6,-176,70,72,-25,153,150,219,66,593,611,287,44
16051,Jefferson County,-12,-229,152,91,215,388,299,511,643,471,-13,-265,-42,-184,-199,-121,393,314,630,135,110,958,887,603,278
16053,Jerome County,5,-226,-136,-98,33,-46,93,82,221,320,-14,-192,-292,-188,-69,-242,56,41,-26,41,-41,258,259,-3,51
16055,Kootenai County,686,1541,1794,2283,4190,4587,3074,2687,2278,1576,237,1591,743,1398,2143,2404,3249,4011,3694,4277,1450,7746,3304,1562,2826
16057,Latah County,-140,175,-413,114,147,-89,-112,-504,53,-67,-7,232,-26,-227,0,-246,-247,287,-169,20,53,556,317,-129,-109
16059,Lemhi County,-59,-121,21,37,79,40,85,-26,142,3,22,39,-196,-20,46,54,-1,148,120,124,5,283,199,217,-1
16061,Lewis County,-8,-147,62,-19,-11,-13,34,-10,15,87,-8,-15,13,-11,6,-36,49,35,-49,7,1,202,66,36,1
16063,Lincoln County,5,4,-26,20,-35,123,-56,44,-38,-60,-4,-118,69,-3,-25,-75,-69,4,-29,-78,1,133,60,31,56
16065,Madison County,-109,-180,171,845,1167,801,129,-350,-368,-698,-168,-606,-1190,-1130,-601,-1058,-77,-630,-1077,-305,-201,249,-151,-1727,-1099
16067,Minidoka County,-141,-799,-386,-476,-497,-478,-233,-154,-117,135,-47,-60,-263,8,-213,-49,6,-39,-127,188,63,194,162,163,-22
16069,Nez Perce County,-38,-412,72,570,65,209,423,148,50,243,28,141,78,298,68,129,164,273,0,170,58,489,644,204,96
16071,Oneida County,7,6,-66,-37,-34,38,-7,-4,-2,12,-1,-81,-30,13,-89,65,39,72,57,61,3,36,131,205,15
16073,Owyhee County,24,-21,-194,-39,-238,-166,-76,-33,53,-110,-61,-130,-31,-87,-157,-43,16,209,18,110,80,373,267,53,-96
16075,Payette County,46,69,94,66,-96,258,314,408,73,-62,-44,-193,27,-205,135,-31,71,221,297,386,205,796,535,322,331
16077,Power County,-58,-170,-170,-193,21,-113,-2,-154,-99,-107,25,-178,-54,-158,-152,-119,-68,-143,50,-73,-4,63,87,53,-57
16079,Shoshone County,-38,-254,-396,-127,-93,167,121,-38,122,-186,-31,-30,116,40,-277,60,0,142,273,86,27,534,381,148,45
16081,Teton County,70,143,173,97,30,114,218,359,359,70,-47,-121,-205,128,-87,157,274,153,83,380,90,510,143,-57,154
16083,Twin Falls County,-96,-450,334,958,558,804,1350,954,577,317,80,-128,-281,639,463,530,802,870,161,369,265,1923,1214,895,397
16085,Valley County,-12,3,-140,91,148,332,472,210,-91,-275,-85,-165,-116,18,182,263,365,259,327,354,105,456,202,202,140
16087,Washington County,-27,-76,-104,-46,-8,20,-30,-41,53,59,1,-36,-74,-93,63,-55,153,29,88,64,75,423,278,266,-30
17001,Adams County,-86,-131,-207,-429,-356,82,186,-174,9,115,19,-2,-86,-189,-166,-156,-418,-490,-390,-131,-104,-345,-324,24,-273
17003,Alexander County,-9,-149,-44,-391,-72,-304,-210,-185,-116,-215,-26,-209,-305,-500,-154,-321,-284,-166,-225,-263,-49,-77,-120,-81,-76
17005,Bond County,10,-31,195,247,159,-124,-27,143,-145,-121,9,-89,-209,-215,-260,-375,-108,114,18,-206,-36,-16,-28,-5,-10
17007,Boone County,166,697,893,1093,1280,1377,1538,1190,238,-426,-91,-207,-602,-83,-222,-361,-189,-257,-133,-84,-115,-184,-80,106,-57
17009,Brown County,7,-34,-91,18,-57,-76,-64,-72,30,3,-19,-27,-11,-32,-15,-94,-139,-25,-54,10,-16,232,13,44,-39
17011,Bureau County,-35,-337,-136,-26,-174,-9,143,-71,-129,-124,-54,-280,-256,-229,-216,-371,-60,-191,-145,-281,-44,-91,0,-9,-182
17013,Calhoun County,1,-25,-45,123,30,34,4,-14,-66,-5,-1,-58,-59,34,-91,-62,7,-8,-21,-74,-18,1,-2,16,-23
17015,Carroll County,-25,-162,-36,-2,-127,-119,67,-68,-27,-40,-11,-129,-68,-94,-128,-118,-11,-67,-112,51,-3,126,-19,48,1
17017,Cass County,-64,-150,-278,5,-170,-89,-196,-28,-147,-150,-22,-80,-284,-204,-277,-309,-236,-268,-278,-247,-61,-206,-241,-134,-342
17019,Champaign County,-290,-666,-140,534,-650,-242,680,342,-1458,134,-233,-1521,-1675,-1232,-1557,-1785,-2084,-2904,-3078,-2697,-428,-644,-1556,-3230,-3446
17021,Christian County,-16,-120,-63,-14,52,-203,-115,-84,-125,-213,-10,-14,-162,-319,-263,-271,-153,-142,-279,-275,-66,-69,82,-4,16
17023,Clark County,-19,-76,59,-7,38,44,-28,59,3,-119,-27,-80,63,-137,-40,-156,14,-48,-184,-125,-34,-27,-74,70,-46
17025,Clay County,-9,-211,-57,-33,-73,-46,-96,-148,-50,-138,-1,-80,-40,-131,-93,-45,-60,-23,1,-53,-11,-86,-69,-59,-65
17027,Clinton County,-39,36,64,149,39,-77,190,-110,86,-164,40,81,-209,-251,-149,-47,-169,-17,21,-180,2,-50,83,-205,118
17029,Coles County,-142,-862,-388,309,-5,-376,144,-86,-309,-166,22,-263,-358,-298,-630,-432,-464,-528,-538,-210,-72,721,-904,-104,-199
17031,Cook County,-19949,-81227,-96394,-96992,-94784,-98531,-96694,-64734,-44933,-31114,-7911,-31086,-27384,-32192,-45585,-57304,-62019,-65794,-63118,-52810,-13935,-87871,-97104,-53197,-37078
17033,Crawford County,-53,-88,-154,-84,-43,-8,-103,-80,-51,50,6,-16,-210,-124,-126,13,-101,-148,-121,-140,-26,-283,237,22,212
17035,Cumberland County,3,-91,-81,-122,3,-65,17,-70,-5,-95,-5,20,-155,-59,-18,-55,-6,-18,-68,-48,-13,-71,1,-15,22
17037,DeKalb County,106,636,792,1504,1520,1699,2355,1589,109,-187,-220,-1448,-833,-867,-321,-1119,-797,-419,-553,-26,-221,418,-1549,-513,-51
17039,De Witt County,-8,-98,-182,4,-86,20,43,-112,-57,-238,6,-39,-92,-116,-143,-9,-32,-202,-84,-112,-41,7,16,31,37
17041,Douglas County,-32,-123,-171,-220,-117,-180,-116,-203,-267,-285,-39,-208,-54,-105,15,-129,-197,-146,-220,-61,7,-72,-33,-60,-28
17043,DuPage County,-1143,-5502,-7607,-9495,-8459,-10795,-10489,-8722,-4786,-4061,-596,-1070,-3735,-3459,-6532,-7742,-9545,-8352,-9081,-10009,-1892,-7549,-12088,-8434,-6842
17045,Edgar County,-31,-62,-217,-95,-14,-77,-13,-66,-159,-121,-32,-74,-201,-155,-68,-139,-16,-81,-4,-147,-50,-104,-47,95,57
17047,Edwards County,0,-108,-56,3,-70,-36,-91,42,-48,-50,14,-77,48,-28,-69,-111,12,-71,-86,-7,-15,-89,17,-34,-15
17049,Effingham County,-19,-21,-128,31,-34,-255,-248,-224,-96,6,-56,-53,-99,-135,-220,5,-146,-201,-52,-273,-28,-170,-212,10,6
17051,Fayette County,-19,-254,-5,-379,-442,530,-38,-159,-39,-44,-3,166,-251,14,-166,-58,-483,-71,-158,-40,-14,-351,96,-31,-23
17053,Ford County,-20,-38,9,8,63,-40,29,139,-103,-19,-9,-114,37,-147,-85,50,-134,0,-33,-214,6,50,-174,26,72
17055,Franklin County,-21,-108,204,270,290,328,58,-54,95,64,35,78,-95,-224,-87,3,-269,-24,-248,-173,-78,25,-11,104,-6
17057,Fulton County,-21,-291,-261,158,-47,-140,-59,-61,4,-21,4,-73,-213,-191,-195,-188,-101,-294,-142,-353,-76,29,59,-104,145
17059,Gallatin County,-4,-121,-102,13,-23,-17,-12,-76,-58,-148,-2,-54,-80,20,-80,-37,-55,-62,22,-178,3,4,-14,-87,33
17061,Greene County,-10,-169,14,-222,-156,-45,-242,-171,-55,-58,-14,-56,-201,-30,-221,-31,-173,93,-88,-76,-37,-3,-114,-3,-104
17063,Grundy County,76,336,242,582,1263,2296,1781,1048,450,-45,-33,-311,-177,-220,-111,-135,-280,116,179,-99,-26,412,151,318,78
17065,Hamilton County,-12,-93,-101,-29,73,-61,22,-101,16,-42,6,0,-19,-7,5,-56,-51,5,-11,-7,-2,-34,103,-40,-22
17067,Hancock County,-16,-156,-305,-169,-127,-166,-174,-147,-215,-189,6,-109,-153,-271,-212,-132,-6,-203,-105,-102,-50,-77,-61,-25,-192
17069,Hardin County,-9,13,-47,32,-40,-26,-85,-28,-63,-37,-3,-7,-1,-70,7,-39,-45,-27,7,-38,-1,54,-6,55,3
17071,Henderson County,1,-24,-42,-114,-10,-101,-135,-20,-84,-86,7,-93,-150,-51,42,4,-93,-48,-88,-18,-30,22,-100,-43,-44
17073,Henry County,0,-496,-359,149,-333,-86,-377,-59,-195,-181,-59,-197,-29,-384,-104,-208,-158,-233,-120,-88,-81,-77,-195,-83,-78
17075,Iroquois County,-27,-373,-205,-73,-186,54,-204,-11,-40,-299,-35,-137,-175,-244,-195,-99,-275,-310,-212,-302,-68,-46,-114,-215,162
17077,Jackson County,-153,-664,-1229,-204,-422,62,-529,-1311,-451,-537,29,-423,-1837,255,-860,-609,-961,-1259,-921,-845,-57,-266,-502,-514,-154
17079,Jasper County,-42,-22,-64,-84,-4,-150,-126,-47,-11,-117,-3,11,-87,-70,8,-40,-64,-54,51,-49,-35,-39,14,1,-54
17081,Jefferson County,-38,-58,-22,39,-21,52,-24,-83,-109,-213,-34,-42,-159,-76,-323,-210,-158,-238,-367,-44,-80,7,-302,-91,-135
17083,Jersey County,-18,87,154,68,202,81,155,18,197,-87,-36,-97,-168,-80,-106,-191,-289,-6,-70,-18,-8,-14,-11,26,82
17085,Jo Daviess County,-17,78,-80,117,-140,-1,76,-141,-93,-109,-5,32,-90,-101,24,-204,-178,-212,-88,-8,40,35,0,41,-66
17087,Johnson County,39,90,-305,691,73,-25,207,3,-17,48,22,244,11,23,21,-85,-317,-27,62,38,13,226,-14,6,7
17089,Kane County,1242,7579,7950,5293,5037,645,1771,2793,1158,64,-371,-1754,-2714,-2042,-1333,-917,-1760,-2024,-2468,-3026,-745,-1873,-4177,-1855,-989
17091,Kankakee County,-121,160,-174,180,307,528,1029,832,299,-231,-108,-333,-992,-539,-1208,-418,-898,-701,-688,-192,-190,-321,-1035,-224,-285
17093,Kendall County,480,2114,2863,3591,4646,5581,7563,7624,5106,1502,185,104,156,62,513,339,502,535,505,277,233,1907,1539,1409,1564
17095,Knox County,-83,-487,-400,-598,-501,-411,-261,-280,-52,-48,29,-97,-306,-77,-206,-537,-403,-358,-586,-296,-124,-259,-514,-496,-152
17097,Lake County,352,1773,2015,-1788,-1912,-887,-2986,-3560,-2768,-2940,-729,-7918,-5543,-3175,-5078,-5270,-5103,-6106,-6276,-6404,-1146,-1873,-6194,-5700,-1916
17099,LaSalle County,-143,86,-687,-1296,844,161,393,286,33,-513,-122,-284,-506,-342,-759,-555,-790,-546,-279,-389,-158,-423,-595,217,42
17101,Lawrence County,-32,-40,804,448,161,317,-177,153,-37,-59,19,22,-121,15,-170,-79,-214,-116,-168,-86,-24,-145,-1539,139,154
17103,Lee County,-26,-108,-398,-356,-36,-192,58,104,-126,-222,-79,-353,-447,-94,-204,-354,-7,65,-217,-169,-65,32,-537,-454,87
17105,Livingston County,-64,-172,-591,-619,-196,-233,-325,-140,-238,-156,-83,-125,-300,-1144,-375,-453,-510,-5,-396,-106,-33,76,-149,-265,47
17107,Logan County,-46,-253,-129,-208,-52,-200,-238,-39,-7,-179,-32,-20,100,-517,-163,-355,-87,-99,-73,-258,-59,-448,75,-69,249
17109,McDonough County,-85,-110,0,170,-190,62,3,21,-380,-114,-17,-146,-8,-380,-564,-383,-568,-629,-417,-344,-90,50,-318,56,-655
17111,McHenry County,932,4122,4417,5001,4297,4185,4322,2583,608,-168,-170,-2304,-1882,-2031,-1559,-1197,-1618,-434,-489,-1381,-401,987,-424,443,1269
17113,McLean County,81,549,1778,509,-94,-340,1164,797,165,662,-65,-568,194,630,-2673,-2664,-1611,-1950,-1567,-2102,-162,-451,-1078,-1251,-862
17115,Macon County,-311,-1444,-1591,-1561,-721,-497,-763,-547,-646,-340,-117,-373,-748,-845,-1213,-1269,-1118,-1079,-977,-564,-217,-997,-1225,-783,-336
17117,Macoupin County,-6,-102,4,89,-55,-148,-148,74,-75,-390,51,-28,-593,-281,-341,-232,-78,-61,-96,-282,-75,-67,-200,105,41
17119,Madison County,-81,275,104,735,230,31,440,228,-150,-333,-150,-1382,-1254,-1172,-1082,-832,-628,-487,-1150,-920,-155,-77,-650,-62,12
17121,Marion County,-9,-320,-427,-372,-324,-328,49,-254,-195,-416,30,-213,-148,-327,-131,-212,-302,-254,-292,-176,-63,-115,-300,-103,-67
17123,Marshall County,-17,-166,85,3,145,-3,-14,39,-122,-17,-12,-101,-158,-117,-115,-23,-10,-163,-121,-11,-29,39,65,65,-38
17125,Mason County,-14,-14,-79,-126,-56,-176,-292,-25,-53,-172,-29,-130,-97,-103,-8,-183,-123,38,-77,-128,-34,-86,-1,-57,9
17127,Massac County,-13,-56,99,-5,209,-24,-102,25,-79,-63,-11,-64,-189,-142,-74,-114,-69,-98,-204,-207,-20,-82,30,-3,9
17129,Menard County,4,-35,20,-8,60,-119,-11,114,8,-84,-7,-10,0,-90,-59,-119,48,-122,20,-85,-15,-74,-45,-81,-49
17131,Mercer County,10,-51,-57,-95,-68,-131,-32,-53,35,-198,-4,-81,-139,-51,-149,-121,-85,41,6,-60,-47,26,40,23,-120
17133,Monroe County,106,421,656,557,579,441,575,354,303,221,16,185,4,172,33,164,99,183,159,227,2,94,148,172,40
17135,Montgomery County,-34,-164,1,-258,-16,-131,39,-170,-76,-175,-13,-171,-228,-208,156,-180,-66,-226,-41,-213,-52,96,8,-81,129
17137,Morgan County,-15,-343,-208,-33,3,-301,-177,-76,-230,-275,-35,-35,-156,-319,-337,-35,-39,-410,-220,-377,-55,-88,-109,-147,-40
17139,Moultrie County,31,-52,19,72,60,53,-37,57,32,15,22,43,10,-78,-64,7,-136,75,-43,-166,-26,63,-141,6,90
17141,Ogle County,57,69,253,383,264,286,392,147,58,-190,-76,-431,-349,-587,-402,-406,-486,-182,-185,-172,-76,-142,-32,-60,-113
17143,Peoria County,-583,-1918,-763,-1418,-734,-729,-676,-669,-511,839,-562,-619,-681,-19,-2477,-2211,-2516,-3524,-2882,-2321,-526,-1700,-2446,-1190,-719
17145,Perry County,-40,10,-263,-43,20,-13,85,-77,-138,-51,-4,-29,-429,-117,-160,44,-120,-97,-109,-193,-42,-116,93,91,-258
17147,Piatt County,-13,-79,-135,115,17,118,-3,-40,-6,-6,-9,-38,-182,-39,-39,-67,151,-93,-80,-35,-3,122,-30,71,-73
17149,Pike County,-32,-127,-142,-145,43,-27,-239,104,-178,-99,-14,-21,-77,-149,-87,-141,-25,-56,-71,-50,-73,28,25,-149,-29
17151,Pope County,21,-71,-25,316,-357,-101,11,9,-57,-58,3,46,-16,24,-68,-71,-79,30,24,7,-8,38,35,1,42
17153,Pulaski County,-22,-135,-92,-145,-114,-153,-155,-79,-155,-100,-8,-129,-7,-40,-91,-110,-38,-90,-94,-82,-17,-60,-56,32,-51
17155,Putnam County,-21,-11,3,4,-58,-37,-60,51,-8,7,-2,-33,-69,-53,-12,-107,-5,13,34,12,1,-30,-14,27,48
17157,Randolph County,-9,172,-691,-159,190,-145,4,-188,-130,-77,-42,-33,-323,112,-50,-250,-352,-106,-95,-344,-53,239,-231,-109,36
17159,Richland County,-35,-185,120,-76,-99,-57,-98,-37,-124,110,-13,-40,-76,-106,22,-54,-109,29,-104,-157,7,32,-109,30,-81
17161,Rock Island County,-407,-1147,-1084,-1655,-857,-943,-817,68,-1166,-520,-163,-812,-488,-686,-1476,-1610,-1793,-1665,-1551,-1158,-255,-1550,-1773,-674,-335
17163,St. Clair County,-340,-1683,169,781,-1089,-1019,-365,-638,-582,15,-103,-1475,-2689,-2902,-1941,-2318,-2612,-1371,-1747,-2115,-415,-1708,-2331,-612,-985
17165,Saline County,-64,-67,0,-63,127,-85,132,61,-115,-33,33,46,15,-69,-252,-8,-229,-155,-110,-231,-60,-182,-95,-35,-10
17167,Sangamon County,-146,-257,42,-302,-491,-439,14,-275,46,145,162,439,-333,-970,-619,-909,-1444,-1522,-1816,-1272,-197,-223,-2099,-502,-313
17169,Schuyler County,0,-141,0,18,59,55,-73,-52,-79,-119,-1,-41,-1,-54,-117,-103,-101,-22,-58,-68,-19,-4,-44,0,47
17171,Scott County,10,-30,-49,-12,-73,-29,-92,-40,-35,-7,-9,-85,58,-51,-34,-47,-65,-63,-47,21,-1,-64,-40,-28,31
17173,Shelby County,-63,-191,-35,-95,-208,-102,-159,-146,13,-18,-19,-81,-89,-82,-68,-267,-96,3,-16,-73,-59,8,-14,-36,34
17175,Stark County,-5,4,-13,-46,-23,-31,42,14,-16,-55,-22,-113,-83,-6,-109,-67,31,-52,-27,-59,-7,-69,70,-59,8
17177,Stephenson County,-127,-535,-493,-77,-240,-423,-426,-369,-219,-124,-54,-252,-451,-191,-404,-612,-144,-461,-146,-252,-93,-220,-246,-181,-78
17179,Tazewell County,-76,-703,-209,-473,274,657,347,676,117,568,3,84,47,-130,-1230,-1225,-575,-562,-1114,-644,-184,-214,-267,333,192
17181,Union County,-26,-72,51,78,-31,27,-3,-3,-82,-55,-35,-34,-32,-23,-94,-80,-172,-82,-92,-129,-29,-138,-42,-16,49
17183,Vermilion County,-199,-575,-655,-612,-307,-508,-366,-828,-700,-514,-96,-306,-716,-396,-897,-625,-777,-804,-1021,-937,-166,-534,-679,-202,-54
17185,Wabash County,-17,-143,-110,-104,-97,-70,-104,-121,-96,-111,-24,-120,-131,-38,-99,-12,-130,-56,-66,-55,-34,-44,-95,14,-11
17187,Warren County,-56,-215,-113,-203,-327,-45,-73,-12,-185,-22,-16,80,-168,-168,-25,-331,-246,-234,-212,-212,-29,-183,-360,-186,-96
17189,Washington County,0,79,-155,66,-107,-199,44,-118,-45,-143,-18,-130,33,-192,-19,-148,-87,-227,38,-123,-34,-40,49,-31,14
17191,Wayne County,-31,-79,-128,-95,-71,23,-95,75,-96,-195,-5,-77,-3,6,-48,-53,-23,-119,-98,-90,-34,-103,-55,-26,26
17193,White County,-17,22,-95,-78,103,103,-89,-104,92,-32,-21,31,-17,-27,-116,3,-64,-100,-204,-16,-31,93,-18,-45,33
17195,Whiteside County,-68,-208,-601,-676,-183,-270,-103,-241,-66,-217,-92,-227,-473,-272,-434,-149,-415,-460,-274,-330,-103,-40,-540,102,140
17197,Will County,4140,16991,17741,19083,21220,16098,17441,7543,1815,-1391,-292,-3225,-3297,-2961,-2715,-3397,-1374,-1173,-2159,-3092,-642,716,-3829,-281,-400
17199,Williamson County,-16,496,384,241,766,517,68,653,246,476,25,225,18,563,-127,-116,-62,-425,-58,-359,-19,-41,-104,308,413
17201,Winnebago County,-190,-972,-902,222,-770,104,1305,2499,-256,-1929,-641,-2803,-2918,-2303,-3354,-2583,-2281,-2569,-1861,-1907,-384,-1565,-2071,-1200,-73
17203,Woodford County,-26,-23,82,246,427,432,259,466,370,130,-47,48,-81,106,-50,-144,-76,-246,-229,-100,-44,-119,-34,102,-148
18001,Adams County,-92,-295,-347,-131,-216,-288,-341,-339,-125,-196,-63,-402,-345,-123,-285,-134,-126,-162,-198,-239,-45,-160,-124,-134,-246
18003,Allen County,-31,-1138,-1070,-674,-1707,-1003,-244,-118,-1692,-602,-331,-145,-1082,-245,-798,-160,-597,80,685,1492,256,1119,499,115,623
18005,Bartholomew County,142,-319,-853,-216,4,170,156,94,194,-42,-72,275,681,-2,123,212,-161,-637,-440,151,-63,1,-12,-286,-385
18007,Benton County,-17,-133,-149,-53,-174,-146,-84,-91,-45,-113,21,-22,-61,-79,-64,-47,-63,-71,4,73,-9,-4,-11,67,58
18009,Blackford County,-39,-236,-30,-39,-114,-48,-216,-74,-86,-90,-7,-120,-147,-65,-71,-88,-102,-51,-67,-128,8,21,-47,36,-17
18011,Boone County,258,497,871,767,926,807,1289,780,654,976,177,691,831,1056,977,1136,824,1241,810,546,326,1714,1013,1405,2140
18013,Brown County,41,83,76,-49,-54,-149,16,-106,-86,-58,-2,-98,9,31,-78,90,68,46,279,-98,37,198,89,167,61
18015,Carroll County,-15,28,-125,53,-389,10,-179,-166,-134,-101,1,-167,9,-54,-221,-58,44,63,58,13,10,137,17,42,135
18017,Cass County,-47,-261,-742,-361,-436,-500,-619,-446,-195,-319,-49,-303,-357,-405,-260,-520,-372,-189,-97,-354,-56,-196,-75,-4,-411
18019,Clark County,119,58,374,996,707,875,1781,896,1069,1079,213,431,-87,478,935,518,524,772,415,719,273,1511,1304,1182,1680
18021,Clay County,-8,-15,-203,200,159,-3,-109,-174,34,-177,-23,-49,-73,-141,-263,-10,-227,-39,5,32,-11,8,85,91,24
18023,Clinton County,4,-353,-430,-421,-202,-287,-146,-310,-52,-238,-57,-303,-230,-222,-385,-189,-252,-92,-80,87,-33,-149,-156,-53,-175
18025,Crawford County,26,98,34,16,1,-27,-26,-102,-160,-163,14,-77,27,-20,33,-140,31,-26,45,-12,15,15,92,-14,167
18027,Daviess County,-63,-361,-172,-34,-128,-147,-300,-90,-96,21,11,12,-33,-42,199,-57,-40,-95,-115,-163,-36,-191,-212,-111,-88
18029,Dearborn County,126,205,211,459,306,81,311,348,141,157,7,-170,-324,-57,-383,18,-40,202,-84,-6,58,150,248,485,152
18031,Decatur County,-33,-230,-36,-37,24,7,-94,-160,-63,-193,6,6,77,86,92,-188,136,-23,43,-232,23,-146,128,-33,65
18033,DeKalb County,60,-175,-107,109,38,-11,-54,73,-44,-196,-9,21,-327,-49,-37,-33,37,108,296,176,7,23,342,307,40
18035,Delaware County,-135,953,-848,-472,-1425,-1269,-1245,-505,-762,24,-90,1,-1052,-368,-550,-778,-234,-355,-1004,-233,-52,586,494,401,470
18037,Dubois County,-47,7,-160,61,130,-12,84,-125,-72,-298,-60,112,-215,1,-160,-171,-126,-134,-120,-188,-24,-130,-75,5,-179
18039,Elkhart County,-7,-1190,-2284,411,-76,608,282,-1279,-1028,-2366,-563,-675,-685,-204,-248,87,-999,-806,-238,-870,-328,-1011,-1352,-1965,-1476
18041,Fayette County,-70,-324,-151,-152,-132,-183,-232,-108,-59,-152,17,-84,-131,-45,-337,9,-69,-7,-42,27,-20,158,154,81,243
18043,Floyd County,14,388,-179,-298,79,249,247,351,703,323,6,128,114,623,-119,323,-5,156,669,504,65,34,207,320,1101
18045,Fountain County,-38,-190,-20,-166,-192,-206,-26,-116,-88,-201,10,-101,-14,-220,-205,-148,-58,9,-37,-51,24,46,172,134,213
18047,Franklin County,31,-21,79,175,17,51,-20,14,-19,-163,-47,-85,-37,-104,-41,-73,-218,-126,-62,-18,-6,82,214,63,-10
18049,Fulton County,17,-141,-134,-171,43,-20,-65,-32,-22,-45,-14,-70,-101,-209,33,-205,-222,-124,61,-100,-6,-49,36,23,-252
18051,Gibson County,16,57,-73,90,150,-53,-15,-345,-156,-114,33,-122,-70,-87,168,-123,-89,-2,-192,-12,23,-74,58,-97,78
18053,Grant County,-157,-585,-693,-406,-774,-716,-591,-708,20,-175,-79,-256,-582,-250,-469,-802,-749,-252,-250,-235,-99,-36,89,373,101
18055,Greene County,27,-71,-169,124,17,-140,-168,-262,-114,-136,57,-192,-70,-159,-14,-194,-153,28,-67,-62,41,107,301,173,188
18057,Hamilton County,1933,7164,7703,7574,7891,7355,7267,6429,5764,4903,1013,3643,3219,4186,2783,2938,4375,4461,4472,4962,1194,6624,4884,2684,2788
18059,Hancock County,186,705,1124,888,902,1697,1797,1192,572,588,103,-28,101,258,607,499,1220,1070,1252,1457,364,1707,1180,2911,2399
18061,Harrison County,130,29,258,258,468,312,84,52,159,189,-10,-189,-241,-52,157,253,59,104,398,224,27,220,132,311,132
18063,Hendricks County,1071,3672,3854,2934,3684,2785,3000,3555,2006,1764,188,1660,976,2042,1355,1180,1694,2519,2430,2539,801,3872,2865,2284,2365
18065,Henry County,-75,-205,-191,-263,-52,-230,170,-422,1154,-242,37,-203,18,-176,124,-118,-200,10,111,-60,26,235,72,410,306
18067,Howard County,-77,-336,-557,-333,-475,-184,-774,-492,-531,-913,-67,-165,-91,-179,-166,-179,-34,-24,13,261,13,219,277,533,370
18069,Huntington County,-22,-181,117,-125,-84,-111,-53,-222,-223,-52,-29,34,-211,-207,-176,-151,-200,-80,-31,238,-31,213,65,8,91
18071,Jackson County,-7,-310,-221,-161,-182,52,-203,-190,-153,-81,140,147,-88,218,87,-27,-179,-263,-150,-85,-29,-347,-290,-160,-21
18073,Jasper County,91,-74,73,244,171,-4,447,285,108,-40,18,-171,-37,-131,25,-66,-152,-10,-135,166,-13,272,235,207,-53
18075,Jay County,-39,-175,-165,-152,-155,-204,-103,-100,-243,-193,-73,29,-51,-137,-196,-85,-187,-174,-185,-334,-13,-201,-163,-84,94
18077,Jefferson County,17,150,-1,-66,-17,196,276,-155,381,-5,4,-91,127,-14,38,-108,-87,-228,121,123,-42,-80,0,221,138
18079,Jennings County,95,32,40,-270,-19,-105,-232,-1,-218,-128,-62,-382,-90,17,-362,-129,-214,10,-23,23,-27,-87,52,185,28
18081,Johnson County,532,1805,2117,1217,1416,1978,2973,2558,2037,866,161,624,968,1172,763,1186,1725,1490,1451,1268,466,1898,1074,1628,1301
18083,Knox County,-55,-317,-101,-326,6,-232,-271,-182,23,-79,-38,57,-537,12,-139,-168,-430,-302,-495,-17,-15,-169,-53,159,-172
18085,Kosciusko County,0,-196,-547,-312,-349,-107,-218,-208,-411,-539,-125,-364,-93,-35,115,-260,-199,-100,-19,-346,-160,-41,257,-398,30
18087,LaGrange County,-78,-133,-346,-234,-205,-261,-251,-247,-281,-520,-88,-204,-305,-76,-133,-278,-8,-339,-334,-230,-31,-366,-88,-346,-281
18089,Lake County,-845,-2864,-2342,-1489,-816,-526,-735,-754,-622,-2052,-574,-2690,-3393,-3022,-2228,-4249,-3030,-2123,-898,413,227,164,726,86,1110
18091,LaPorte County,-95,-475,-1003,-924,-441,313,-286,824,-37,-50,-119,-323,-162,-25,118,-948,-769,-362,20,-127,-88,338,-493,-274,350
18093,Lawrence County,-12,-73,-18,6,-99,64,-187,112,-145,-47,4,29,40,-179,-132,-27,35,123,114,-164,47,210,452,-53,336
18095,Madison County,-174,-388,-708,-934,-600,-650,70,-204,-33,-90,-35,-807,-944,137,-572,-374,-136,144,157,16,109,772,866,1292,1645
18097,Marion County,-1959,-4611,-9176,-7640,-7798,-6818,-5068,-5723,-4996,-1209,-1147,-3057,-1180,803,-3368,-5235,-4739,-3840,-2621,-4866,-1344,-10744,-10610,-11726,-10542
18099,Marshall County,-3,-160,-419,29,-34,-104,-138,-365,-203,-130,-105,-204,-244,-146,-78,-348,-311,-314,-329,-199,-23,76,171,-121,136
18101,Martin County,-22,-96,-23,-65,-9,-70,-26,-96,-85,-72,-1,-35,-67,-101,-46,-37,-48,-15,19,30,-19,-10,22,65,14
18103,Miami County,63,36,323,14,-374,112,31,-390,-530,-305,-111,-217,-110,-365,-178,-57,44,-185,-227,-175,-25,-846,-521,-152,392
18105,Monroe County,-99,-720,-521,453,294,193,955,262,322,478,230,359,-189,-587,-54,-366,22,-153,-931,-282,-163,3962,-1081,-1715,-1828
18107,Montgomery County,-69,61,-203,-376,-24,104,-267,-20,-145,-162,-70,136,-178,-165,-57,32,-112,63,-153,-15,18,146,296,250,55
18109,Morgan County,105,-53,318,396,33,198,181,40,583,-431,116,-90,-189,90,67,-67,-86,41,178,208,68,509,188,946,793
18111,Newton County,-30,-236,-113,33,-107,59,-194,4,-111,-203,5,-118,-55,-3,49,-80,-5,30,-48,-14,-18,57,67,160,33
18113,Noble County,8,-7,-626,-384,-257,-91,-243,-446,-281,-312,-111,-258,-235,-80,-58,-42,-317,-187,4,12,-51,-225,-239,35,108
18115,Ohio County,1,17,80,1,65,28,44,-71,29,6,-18,-19,4,-70,-23,-56,18,-35,24,1,3,88,151,-56,41
18117,Orange County,-7,-29,-2,133,-84,78,-154,91,-103,-10,-52,119,-206,69,-96,-133,-173,-67,85,64,-1,26,-101,141,149
18119,Owen County,55,149,173,302,-54,-161,-74,42,-10,7,11,-100,-143,-182,-154,-181,88,-80,104,-4,1,236,175,283,158
18121,Parke County,-32,22,54,212,-130,-176,-99,-10,-56,-282,-72,-225,8,87,-40,-330,-91,-61,7,-73,-12,337,-268,-91,212
18123,Perry County,-14,-98,-18,-13,104,11,-172,98,-118,-112,67,9,-45,53,-20,-38,-345,6,96,74,-7,-24,-190,356,217
18125,Pike County,-17,7,32,-62,11,-237,44,-31,-54,-275,0,-121,20,-136,-36,-63,3,-54,80,4,1,-30,32,33,101
18127,Porter County,144,463,818,1017,1235,1702,1862,1481,978,408,59,497,-398,394,168,-100,-298,769,912,828,125,1281,504,335,569
18129,Posey County,-14,-129,-40,-204,-107,-170,-121,-137,-143,-176,-28,-211,-169,-100,-14,-5,-9,-81,-28,-111,-22,3,-12,-15,56
18131,Pulaski County,-31,15,-33,40,32,6,21,-2,-65,-114,-57,-78,-195,-54,-30,-111,-183,-74,-42,-141,7,-94,156,14,22
18133,Putnam County,35,-19,-44,375,153,21,-216,204,-121,-442,-51,-100,-287,-183,-59,-107,-319,243,77,38,-20,359,180,112,538
18135,Randolph County,-44,-271,-200,-345,-264,-149,-153,-276,-7,-162,-44,-154,-180,-249,-277,-228,-66,-160,-116,-165,-71,91,38,-16,-57
18137,Ripley County,46,155,24,-61,-17,-59,47,-244,-3,-113,-20,-217,-274,-171,2,15,-45,14,-18,-179,-15,55,101,255,106
18139,Rush County,-63,-142,-203,-57,-239,-91,-170,-87,-272,-105,-21,-65,-181,-78,-155,-129,-79,16,-12,-59,13,-43,16,160,-57
18141,St. Joseph County,-382,-2240,-2159,-2229,-1872,-1299,-1209,-1261,-604,-2111,-508,-1463,-1635,-950,-521,-692,-136,-1071,-772,-914,-320,-815,-733,-640,-1790
18143,Scott County,48,174,-50,144,-110,187,-43,11,-167,-20,5,-253,-172,44,-131,52,10,150,27,117,0,119,233,301,217
18145,Shelby County,44,-32,-369,-466,-116,-182,122,72,52,77,-88,-120,-122,47,-78,-105,-198,116,124,126,16,43,118,-11,223
18147,Spencer County,-6,-172,-175,-21,-101,118,-89,-115,-238,-53,-31,6,-239,-20,-71,-176,-120,-47,-44,-84,9,33,76,158,203
18149,Starke County,-51,-359,116,-81,-54,57,-28,-103,61,8,4,-178,4,-22,-133,-80,150,-71,16,69,22,95,-26,112,136
18151,Steuben County,29,4,-314,51,-235,-28,-105,-217,-133,-78,-58,-111,13,131,43,-76,-233,-10,97,106,13,245,104,172,-63
18153,Sullivan County,-17,13,27,2,-8,-118,-162,3,-26,-101,-48,-159,-29,-79,-149,-80,-127,19,2,-24,1,10,-75,106,30
18155,Switzerland County,39,240,143,-85,35,180,-116,-9,-19,39,9,-104,-190,100,-71,33,-17,21,28,7,-18,92,129,16,74
18157,Tippecanoe County,-157,-478,-973,-621,-448,672,1738,675,337,595,-347,244,459,165,-279,-243,435,-1431,-474,-1159,-136,-329,-1259,-2092,-2638
18159,Tipton County,-16,-112,-22,-128,-48,-141,-128,-100,-151,-79,-44,-50,-131,-65,-153,-130,-70,-11,-12,43,30,21,21,-9,42
18161,Union County,-27,-78,-11,-135,-76,26,-24,-39,-109,-16,12,-48,-160,-32,-57,-55,-32,38,-114,37,-3,-31,-31,31,-26
18163,Vanderburgh County,-102,-438,-67,299,-22,-382,43,-188,-716,16,-16,79,-70,80,-15,-751,-560,-742,-253,-47,212,-128,-556,24,74
18165,Vermillion County,-6,-125,-56,-43,12,52,-19,-30,-167,27,-63,10,-88,-64,-154,-8,50,-82,37,1,-27,55,52,29,209
18167,Vigo County,-219,-549,-638,-81,-953,233,782,-6,-411,-28,-8,92,-160,-509,-631,-651,-58,-391,-444,-547,-68,24,109,-26,-25
18169,Wabash County,-13,-365,-220,-226,-209,-346,-193,-315,-147,-180,-36,-240,-134,-18,-89,-149,-278,-32,-69,-113,-24,171,123,-30,122
18171,Warren County,3,125,74,-19,19,35,-15,-78,57,-91,-9,-80,-125,-29,-44,-64,-99,38,69,-19,-10,73,35,36,-15
18173,Warrick County,63,-32,320,862,430,632,473,703,408,460,98,144,-93,378,-89,397,333,342,-16,460,128,700,664,664,270
18175,Washington County,14,99,79,-63,3,-121,146,-32,-37,-211,22,-102,-293,-150,57,-135,-11,52,148,87,49,-76,125,95,232
18177,Wayne County,-108,-549,-418,-338,-697,-562,-488,-507,-506,-289,-78,-334,-412,-423,-305,-330,-310,-345,-110,-122,-8,171,-34,33,215
18179,Wells County,-24,-84,65,-37,-53,-71,-42,-77,-133,-254,-10,-33,-151,-59,14,8,-87,37,61,109,-11,20,175,264,111
18181,White County,-67,-193,-397,-442,-329,-359,-276,-315,-125,-472,0,-114,-186,-60,-21,-140,-245,55,-65,-66,-8,9,-38,65,-88
18183,Whitley County,-23,150,116,191,30,204,262,68,-3,-49,19,-82,-91,-144,50,-73,-89,172,201,-192,140,140,151,149,39
19001,Adair County,-25,-78,-63,3,-11,-74,-37,-57,-125,-69,4,-83,-56,-32,12,-167,-100,65,16,71,-10,71,-19,-38,54
19003,Adams County,-3,-74,-17,-6,-55,-61,-24,-57,-64,-89,-2,-16,-86,-19,-22,-103,-47,-36,-7,-35,-1,-59,-19,-41,51
19005,Allamakee County,-30,-390,-119,-23,-79,-29,-74,-113,-105,-132,0,-167,-98,-129,-48,-236,-65,-102,11,-194,-9,-96,-31,-35,-102
19007,Appanoose County,-7,-119,-164,108,-52,-13,-140,-187,-149,-82,-1,-10,-146,-17,32,-61,-58,-128,82,69,-15,64,-48,36,18
19009,Audubon County,-7,-80,-56,-83,-30,-79,-49,-39,-1,-64,-4,-74,-100,6,-75,-56,-66,-48,-70,29,2,-6,-51,-26,42
19011,Benton County,8,203,268,132,218,70,-119,-109,15,2,-15,-37,-318,-183,-149,-104,-43,-77,-50,-1,-34,205,-6,25,42
19013,Black Hawk County,-243,-1031,-1781,-1279,-583,-448,-402,-639,444,414,-41,-351,-348,166,-451,-587,-1499,-1548,-1190,-1129,-199,-830,-1115,-9,-144
19015,Boone County,20,-4,-156,69,74,71,-94,19,-113,-158,-24,-9,-163,144,43,165,6,67,-102,-40,-1,138,-92,89,207
19017,Bremer County,-49,91,-188,65,101,-1,79,50,-184,-122,11,60,44,19,-2,7,-89,4,53,48,20,139,126,42,21
19019,Buchanan County,-45,-234,-275,-49,-16,-153,-26,-33,-30,-249,-31,-124,-14,-46,32,-104,-191,61,-20,-74,17,37,-58,-54,-91
19021,Buena Vista County,-104,-341,-223,-331,-348,-290,-316,-323,-191,-102,14,-181,50,-180,-269,-441,-268,-427,-480,-385,-29,-188,-429,-336,-314
19023,Butler County,-10,-221,-116,44,19,-40,-40,-21,-25,-234,48,76,2,18,-7,-51,-152,-67,-3,-53,-7,73,-76,-39,-69
19025,Calhoun County,-19,-88,-159,-119,-104,-77,-114,-126,-61,-152,-1,-32,-146,16,-19,-23,32,-41,-20,-25,-26,53,-118,83,-63
19027,Carroll County,-69,-150,-113,-126,-136,-12,-187,-13,-142,-45,2,-4,-241,-119,-63,-108,-67,-112,-140,-8,-41,50,-166,-19,-61
19029,Cass County,-4,-154,-185,51,-106,-114,22,-43,-55,-31,2,-130,-14,-108,-114,19,-126,10,-159,-77,9,43,129,61,-44
19031,Cedar County,-23,-108,-13,8,-27,-123,18,-67,61,-71,1,-105,-77,-91,35,-23,97,125,69,42,-6,-17,-16,2,0
19033,Cerro Gordo County,-96,-560,-441,-66,-438,-221,-263,-114,-268,-123,-51,-159,-281,-191,-332,-202,177,-46,-325,-153,-70,-109,-229,48,4
19035,Cherokee County,-29,-130,-238,-144,-86,-139,-183,-113,-144,-28,45,-40,-36,-60,-68,-292,-53,-51,16,-11,2,-72,20,158,-9
19037,Chickasaw County,-41,-43,-273,-195,-105,-159,-33,-132,-142,-94,-24,-5,-145,1,-44,-102,-71,-83,-94,-59,-28,-65,-163,-97,-28
19039,Clarke County,58,-35,-31,23,-10,-160,-24,-91,21,-46,11,-7,27,-129,-59,-11,28,51,69,-142,-18,25,-102,-42,-99
19041,Clay County,-19,-158,-203,-105,-95,-158,-95,-117,-39,-28,-27,-36,-39,-142,50,2,-196,-184,-71,-133,-27,133,87,25,-28
19043,Clayton County,-61,-122,-205,-63,-68,-153,-91,-114,-122,-98,-34,-35,-99,-144,-56,-43,-67,-6,-107,11,-33,67,26,-48,-5
19045,Clinton County,-121,-307,-304,-111,-124,-144,-144,-302,-180,-225,-24,-65,-464,-493,-431,-404,-362,-337,-428,-9,-39,139,-106,-33,-41
19047,Crawford County,-39,-153,-174,-222,-195,-189,-242,-141,-254,-118,13,-21,-55,-20,-317,-220,-133,-112,-87,-386,-53,-288,-237,-232,-7
19049,Dallas County,206,1234,1215,1487,2729,1918,2205,1993,1957,1243,325,2044,1528,1535,1657,1786,2559,1885,1895,2577,723,2913,2729,1852,2038
19051,Davis County,-14,-4,-25,-73,44,-82,-30,-3,-65,-70,7,-47,-119,32,-65,-48,66,-4,-80,-38,-5,-30,-94,-77,-79
19053,Decatur County,-21,-9,-89,-71,-15,-21,-90,-40,-162,7,-27,-163,-15,-21,-6,-94,-101,-129,-73,-42,-21,69,33,-27,-103
19055,Delaware County,-43,-207,-99,-188,-230,-195,-124,-93,-231,-188,1,-163,-97,-134,-136,-56,-152,-165,-113,-98,-24,81,53,-28,25
19057,Des Moines County,-89,-473,-682,-215,-471,-195,-185,41,8,112,-50,-207,158,134,-332,-238,-294,-284,-215,-173,-72,-242,-186,80,-66
19059,Dickinson County,21,48,-91,29,176,116,26,-23,69,-9,12,246,68,15,8,167,123,98,15,163,80,154,221,54,78
19061,Dubuque County,-77,-712,-181,402,18,-100,150,455,-79,56,120,265,234,433,127,21,-574,-48,-465,106,-40,-572,-273,-36,-142
19063,Emmet County,-31,-109,-79,-113,-167,-74,-118,-65,26,-145,-24,-236,-136,-37,-63,-123,-126,-150,-137,-69,-28,31,-87,93,-150
19065,Fayette County,-29,-240,-186,-70,-234,-58,-215,-314,-116,-67,-32,108,-196,-230,-192,-112,-262,-155,2,-27,-64,-56,39,-56,-108
19067,Floyd County,-42,-241,7,-63,-67,-99,10,-156,-218,-160,11,-222,0,-13,-19,-105,-95,-126,-42,-113,-35,-80,-64,13,-200
19069,Franklin County,-31,-121,8,-59,11,-45,-147,-37,-130,-69,-3,-15,-174,20,-108,-137,-142,-41,-65,-31,-24,-28,-19,-98,38
19071,Fremont County,-10,-126,-78,-28,-77,-25,-7,-4,-172,-69,-12,-59,-210,-43,-28,-99,45,-9,38,-24,-30,43,-81,8,49
19073,Greene County,-25,-153,5,-63,-27,-118,-207,-82,-146,-81,5,-13,-114,-11,-9,-170,71,-22,16,-65,-13,3,34,-85,81
19075,Grundy County,-24,-67,34,-4,42,6,27,-123,15,66,5,6,-54,-114,48,36,-107,42,-19,-29,3,54,9,33,-27
19077,Guthrie County,-16,-92,6,103,86,-114,-103,-22,-68,-143,5,-52,-99,-95,25,-10,-5,19,64,-30,7,20,121,66,-23
19079,Hamilton County,-29,-242,34,-61,-149,-72,-198,-236,-209,-129,-26,-165,-159,16,-181,-35,-185,-39,-138,-107,-18,-92,-40,-76,-97
19081,Hancock County,-10,-186,-151,30,-99,-60,-132,-215,-83,-218,-23,1,-92,-26,-72,-20,-148,-124,-48,-66,-34,-55,-4,-27,-16
19083,Hardin County,-7,-117,-204,-196,-122,-164,-113,-61,-89,-233,-5,-139,22,43,-43,-49,-32,-96,-115,-58,-37,10,-18,-135,-41
19085,Harrison County,25,-57,-53,69,31,23,41,-123,-197,81,-10,-87,-267,-77,-112,-86,-69,69,6,-28,-14,201,22,15,-26
19087,Henry County,-45,11,-357,137,-54,58,-94,9,-104,-185,-35,129,-274,-5,-221,-30,-53,191,-60,-117,-31,40,-52,-688,-203
19089,Howard County,-10,-28,-58,-64,-12,-60,-115,-73,-47,-49,-12,-28,-11,-119,-91,-58,-56,-44,-37,-6,9,4,32,-123,-11
19091,Humboldt County,-24,-71,-209,-28,-68,-153,-35,-152,-65,-101,-19,2,-44,-45,-32,-74,-21,41,-27,-7,-2,58,-115,-50,-23
19093,Ida County,-35,-121,-74,-69,-129,-86,-109,-29,-79,-160,-8,13,15,33,-106,-8,1,-72,20,50,15,-1,-47,-65,-39
19095,Iowa County,24,72,-37,49,-10,92,12,-188,-68,11,-29,-24,-167,113,28,-52,-81,-74,33,34,12,-27,-47,-86,45
19097,Jackson County,-10,-68,-139,3,-10,-9,-5,-97,-96,-47,0,-65,-14,-143,-85,-30,2,-42,63,20,-31,1,-15,4,26
19099,Jasper County,-31,-42,-1,-50,-211,-314,-349,-219,-181,-287,-23,-239,-128,71,135,-173,-98,289,171,-40,-5,75,101,-80,-11
19101,Jefferson County,-28,-124,-267,-54,-33,-141,-88,55,-130,21,-32,63,-58,3,-124,-152,-82,-75,-92,-74,18,29,-283,-321,-238
19103,Johnson County,74,728,122,367,778,134,591,876,1125,1381,-22,455,1152,884,389,235,11,336,-320,-855,-95,668,0,-862,-681
19105,Jones County,-34,-41,34,43,165,-84,1,30,-21,-108,27,25,-129,-107,2,-147,-53,185,32,1,4,233,182,-18,227
19107,Keokuk County,24,-33,-33,-143,-111,-161,-154,-32,-82,-90,-18,-137,-11,-68,-76,-104,-15,-29,65,12,-21,-33,29,54,-105
19109,Kossuth County,-40,-303,-240,-179,-98,-214,-300,-199,-203,-92,-22,-111,24,-35,-74,-46,-52,-163,-79,-83,-19,-211,-14,-49,-3
19111,Lee County,-107,-495,-502,-385,-7,-210,-113,-157,-354,-22,-22,-259,-10,-298,-149,-156,-414,-194,-279,-219,-1,-146,-238,-150,28
19113,Linn County,119,450,-58,-571,-158,635,761,1581,1057,-216,-27,1107,-39,-405,230,698,515,812,249,-149,-114,-1701,-1557,-1394,267
19115,Louisa County,-33,-82,-57,-98,-160,-329,-27,-71,-141,-520,-22,-47,-82,-81,-184,-57,-154,-81,-97,-151,-17,-85,-132,-159,24
19117,Lucas County,-20,54,-5,55,149,11,-110,-50,-147,-146,-13,-48,-77,-68,-52,-5,-24,-21,65,-42,-11,105,10,53,-8
19119,Lyon County,-30,-104,-101,-31,-71,-106,-140,-160,-85,-68,-11,46,37,-101,-70,-12,-48,-61,-42,-120,-27,67,48,44,55
19121,Madison County,33,66,138,102,173,137,286,97,30,-133,34,-9,-147,-173,95,78,57,185,196,126,63,150,241,-63,112
19123,Mahaska County,-48,-2,-147,-321,-43,77,-275,-50,-53,-210,-19,3,-117,-60,-138,-149,-201,-40,-245,15,-22,-162,36,-19,-48
19125,Marion County,22,377,-110,-219,-32,44,413,-325,36,-166,-77,-40,-14,-300,188,-181,-23,-83,147,-23,-18,48,223,72,307
19127,Marshall County,-78,-193,-356,-138,-38,-423,-363,-65,-87,-223,2,43,-198,-311,-493,-493,-389,-108,-284,-591,-24,-239,-288,-48,-233
19129,Mills County,-5,-87,18,37,87,101,244,-26,-74,-181,3,-57,-152,33,-172,80,130,5,-4,34,-70,74,92,98,135
19131,Mitchell County,6,-132,111,27,86,-80,44,-17,-1,-10,9,-76,25,-32,23,-6,-24,-60,21,10,22,-7,-14,-37,47
19133,Monona County,-1,-100,-23,39,-89,-57,-91,-63,-43,-70,5,53,-88,5,-46,11,-15,-10,-28,7,8,-61,-26,38,-37
19135,Monroe County,-13,-52,-96,37,-6,-33,-83,-54,-14,-15,10,80,17,-85,9,1,-77,-8,-25,-63,21,28,-15,-7,-58
19137,Montgomery County,16,-260,-185,-64,10,19,-23,-184,-138,23,-25,-16,-71,-103,14,-202,-19,0,-101,-17,15,66,-49,-6,-48
19139,Muscatine County,-37,-348,-230,-404,-104,-61,3,-112,-92,-19,-91,-176,-75,-162,-249,-188,-318,-309,-233,-412,-76,-423,-345,-289,-284
19141,O'Brien County,-41,-168,-167,-61,-208,-93,-40,-142,-125,30,-10,-144,-28,-109,4,-97,17,-110,36,-33,-20,-58,-10,-117,96
19143,Osceola County,-22,-27,-75,-42,-30,-132,-35,-115,-9,-114,-15,-120,-123,12,-25,-88,-74,-54,-1,-62,8,-9,-99,-79,-16
19145,Page County,-47,22,-363,-206,-112,68,60,-124,-345,-213,7,7,-164,-175,-36,17,-110,-56,57,-68,4,90,43,-90,96
19147,Palo Alto County,-2,-98,-139,-162,5,-73,-93,-29,-94,-37,-31,-19,-46,-91,-43,21,-112,17,-156,-27,-5,-46,-99,65,51
19149,Plymouth County,-8,-159,-238,-35,50,-181,-152,-200,-155,-149,-7,-221,-16,37,-109,-75,189,-176,-79,95,-5,-4,-111,-94,-93
19151,Pocahontas County,-56,-97,-89,-152,-122,-121,-126,20,-119,-124,-23,-51,-60,7,-10,-128,-100,0,-96,-81,0,11,29,-99,-57
19153,Polk County,62,-55,74,-231,-206,2540,2491,2394,1983,2129,448,1414,1474,3017,3216,2044,2399,1904,1686,777,-69,1846,-432,39,1139
19155,Pottawattamie County,22,-623,-37,-151,390,-123,42,-239,6,-148,104,-272,-927,-396,78,1,-370,-349,-322,-216,-34,-170,-269,70,-49
19157,Poweshiek County,8,-4,-45,99,21,-132,33,48,-153,-51,-15,-35,-140,-87,21,-243,-77,81,166,61,-9,5,-49,-38,-75
19159,Ringgold County,3,-42,-70,2,17,-63,-64,-23,-22,-64,3,-27,-1,-30,1,41,25,49,-67,-36,-10,41,90,3,2
19161,Sac County,-35,-90,-248,-136,-84,-166,-26,-163,-47,-110,10,-80,-35,-94,35,-46,-126,5,-63,29,-13,4,-31,30,-91
19163,Scott County,-372,-1228,-977,-809,-592,-382,281,-276,902,1071,-184,450,797,823,-24,-401,-721,-478,-318,-481,-188,-479,-716,-41,54
19165,Shelby County,-11,-47,-116,-61,-49,-207,-62,10,-156,-139,10,-145,32,-144,8,-52,-92,-33,18,-81,-7,100,-65,66,-1
19167,Sioux County,-82,-50,-129,-154,-109,-225,-91,-389,-229,-85,-59,-73,-25,-115,-211,-205,-96,-440,-262,-205,-39,-133,-172,-195,-179
19169,Story County,-86,-1045,667,-989,-330,-844,809,845,137,108,-204,73,-176,488,556,-248,-828,-812,-1208,-369,-14,477,-475,257,-485
19171,Tama County,-39,-67,-125,-69,14,-49,-131,-149,-171,-246,-42,-103,-143,-62,-157,-119,-49,-166,-185,-42,-30,-168,47,-132,-65
19173,Taylor County,23,-64,-53,-44,-52,-115,2,-86,-79,18,-8,-4,-55,-34,-69,53,-45,-84,55,-48,-22,25,-1,41,-83
19175,Union County,-35,-47,-78,-198,53,37,44,56,84,65,-22,25,54,2,24,-170,-50,72,-153,-53,-11,-42,-127,5,67
19177,Van Buren County,5,-52,10,-26,-4,-25,31,8,8,-18,-13,-60,-65,-30,-34,-80,-47,-86,-145,40,8,37,-11,5,-62
19179,Wapello County,-23,-74,-206,-120,-156,44,-175,-459,-152,-49,-1,-300,-124,-55,-216,-64,-365,-473,-129,-154,-69,-77,-367,-23,-243
19181,Warren County,62,64,181,533,209,496,553,457,325,272,46,153,88,264,335,486,717,606,781,308,172,882,751,842,986
19183,Washington County,-3,212,-90,-26,-55,-1,6,-16,14,-14,-19,123,49,-45,4,41,-97,83,-195,-142,-27,-76,24,-30,-14
19185,Wayne County,-4,-49,3,-26,-43,-41,-18,-107,13,22,11,-88,15,35,-21,-12,77,33,-89,43,5,16,-41,61,63
19187,Webster County,-54,-211,-395,-264,-490,-355,21,-152,-125,-85,-133,-170,-424,-15,-302,-66,-351,-179,-360,-467,-18,284,-534,-218,-2
19189,Winnebago County,13,-208,-215,-3,-77,-18,-212,-180,-82,-91,-28,-125,-88,-134,91,58,27,-21,-36,-162,-11,37,21,-75,-141
19191,Winneshiek County,-30,-17,-131,-204,-13,-29,-114,-5,-145,-93,0,-14,-7,-165,-141,55,-348,-281,-128,-16,-25,-108,-17,-215,-89
19193,Woodbury County,-326,-1655,-1265,-1359,-1068,-1959,-764,-1005,-417,-110,-41,-463,-1195,-837,-833,-511,-646,-1205,-197,7,-131,-548,-921,-358,-831
19195,Worth County,-6,-64,15,-41,26,29,-83,-16,-4,-69,-10,-11,-57,11,69,-41,-23,-12,-41,-40,-11,-39,-49,-3,-32
19197,Wright County,-17,-231,-228,-180,-113,-155,-232,-170,-198,-199,-33,-133,-26,-19,-87,-76,-38,-66,-66,-132,-32,-85,-169,-117,-181
20001,Allen County,-22,-221,-63,-163,8,-193,-111,-123,-130,-60,-14,13,-10,-188,-153,-184,-8,-110,-40,-115,2,-3,74,-10,-71
20003,Anderson County,-25,87,-79,18,-95,-25,-101,-17,68,-115,-10,-41,-124,-68,18,-65,5,41,13,8,16,-24,1,41,92
20005,Atchison County,-14,-3,-88,-5,-42,-150,-37,-121,-117,-36,-51,-128,-5,-115,-222,-114,-47,-79,-130,-90,-25,-56,-142,8,63
20007,Barber County,-8,-134,-67,-39,-55,-9,-23,-73,-110,-28,-20,48,-57,46,-37,-44,-148,-101,-107,-41,-20,-58,52,-28,1
20009,Barton County,-117,-417,-281,-333,-354,-46,-294,-165,-441,-232,-10,-17,-220,-179,-228,-214,-353,-497,-326,-250,-61,-132,-142,-142,-75
20011,Bourbon County,8,0,-190,-51,-126,-149,-42,-36,11,-43,-14,-236,-100,-89,-97,-96,-137,-6,-70,-46,-20,-10,146,-20,15
20013,Brown County,-17,-151,-206,-95,-18,-137,24,-67,-72,-76,-5,-9,-129,29,-135,-80,-98,-9,-1,-49,-16,31,-32,-81,-113
20015,Butler County,111,-131,185,231,408,319,559,233,268,306,3,-290,-356,-163,53,222,256,83,-179,-34,27,631,349,240,291
20017,Chase County,1,-68,-11,-57,57,-49,-9,-96,-36,-26,3,9,-17,-49,-26,4,-12,25,-44,44,0,33,-37,6,-41
20019,Chautauqua County,-1,-47,-15,6,30,-124,-122,-55,7,6,0,-17,-23,-26,-48,-55,1,-20,0,-42,15,28,43,1,13
20021,Cherokee County,-56,-253,-258,-147,-70,-336,106,-13,-229,-129,-31,-129,-155,-233,-115,-206,-296,-72,-47,-54,-44,9,-16,166,196
20023,Cheyenne County,-13,-65,-45,-73,-27,-27,-5,-29,-14,-15,-2,-12,-15,16,5,-18,-5,10,-35,24,1,29,-15,19,6
20025,Clark County,-5,-26,-28,-32,-10,-76,-52,-56,8,-7,-12,-68,56,10,-50,-13,-12,-61,3,-1,-9,4,-8,-77,22
20027,Clay County,-10,-64,-58,-44,-17,52,41,75,122,-116,17,-4,-24,-133,-82,-11,-185,-91,-17,13,10,0,-8,-5,22
20029,Cloud County,-23,-110,-117,-44,-111,20,-175,-32,24,-13,8,-117,-11,-71,-7,-107,-98,-110,-170,74,-26,-23,35,-42,-78
20031,Coffey County,10,-89,-38,-4,-89,-82,37,-105,18,-16,9,-82,-9,-68,11,-82,67,-121,-4,-67,10,6,-47,28,36
20033,Comanche County,-14,33,-2,-30,7,39,-60,19,84,-22,4,4,34,23,32,-107,26,-66,-14,-40,-2,4,39,-21,14
20035,Cowley County,-70,-537,243,-678,-280,-684,-425,-3,-242,-494,-59,-133,-29,-152,-414,-212,-108,-341,-143,-240,-16,205,-114,-205,-48
20037,Crawford County,-62,3,-234,166,-115,-75,49,-64,-74,-215,-15,-112,-14,-260,-246,-368,-284,-201,-165,-268,-19,212,194,-365,-233
20039,Decatur County,-3,-9,-52,-73,-56,-88,1,-50,-34,-35,-8,4,-12,28,-8,26,-84,51,-2,-29,-7,29,-49,53,-13
20041,Dickinson County,-9,-283,0,105,-115,49,44,-67,298,-201,1,-119,70,-249,-143,-99,-226,-108,-131,-217,-19,166,7,176,272
20043,Doniphan County,-6,-31,-51,-57,-154,-150,39,26,-41,-145,4,-29,-78,-29,-35,-58,-79,-40,21,-57,-19,23,51,44,68
20045,Douglas County,60,217,479,196,429,52,677,-114,335,576,110,24,-446,273,560,284,301,-39,33,342,-71,334,33,-55,-631
20047,Edwards County,-23,-64,-60,-75,24,-35,-118,-22,-8,-30,8,-43,-35,-16,52,-70,-51,-10,-47,-28,-9,-40,-30,-6,5
20049,Elk County,-26,-21,18,-17,9,-13,-50,-14,29,-10,-8,-65,-109,2,47,-96,-51,7,-13,58,4,-15,40,48,-19
20051,Ellis County,-84,-47,-219,-232,-211,-183,28,-132,79,113,-47,138,100,-229,-227,-172,-257,-295,-197,-184,-13,-123,-28,-84,-104
20053,Ellsworth County,15,-24,-24,37,-7,-4,59,28,-48,-29,22,-24,5,-87,16,-6,14,21,-102,-49,-8,1,92,5,-67
20055,Finney County,-202,-1539,-1919,-1484,-786,-1336,-1067,-1174,-723,231,7,-554,-590,-691,-608,-682,-888,-607,-718,-574,-202,-502,-880,-547,-648
20057,Ford County,-110,-1067,-898,-348,-604,-509,-961,-475,-614,353,71,-139,-310,-470,-771,-1073,-827,-854,-916,-842,-150,-391,-751,-358,-611
20059,Franklin County,9,78,99,-18,115,-116,63,-101,-8,-143,-1,-246,-103,-165,-255,-163,9,105,-70,-136,12,45,21,204,9
20061,Geary County,-320,-809,-689,-80,-1523,-778,-420,-625,988,66,571,-925,1271,-2243,-1374,-926,-2468,-2187,-1591,-1793,-130,-1344,-1364,-1264,-677
20063,Gove County,-5,-55,-38,-79,-48,-70,-37,-83,-112,-10,-3,41,29,48,-38,-56,-76,3,-17,33,-10,60,6,-1,-72
20065,Graham County,-18,-22,-9,-50,-62,-19,-12,-49,-49,-87,11,39,-51,10,-40,41,-14,-63,5,24,-8,12,16,-8,1
20067,Grant County,-65,-255,-84,-330,-193,-193,-127,-122,-237,-108,-10,-5,-134,-36,-129,-137,-123,-245,-250,-210,-31,-45,-193,-178,-168
20069,Gray County,-9,-97,-8,-77,-113,-150,-128,-175,8,44,6,21,-178,-21,27,-39,-103,-54,-5,-159,-16,0,17,5,-92
20071,Greeley County,3,-16,-111,-41,2,-71,-41,4,-34,-53,11,-8,16,6,10,6,-22,-43,-10,-13,-4,25,-42,-42,-8
20073,Greenwood County,-10,49,-33,-50,-21,-139,-245,43,-117,-102,-8,-29,-150,-19,-44,-30,-83,3,-29,-14,-25,1,61,29,-14
20075,Hamilton County,-20,-16,-49,-25,-84,-84,-36,10,-32,-13,1,-84,-10,-36,-20,-127,32,-36,-39,-88,-24,-38,-73,-52,-53
20077,Harper County,-19,-71,-123,3,-42,-80,-103,-65,45,-92,-5,-45,-54,-15,-24,-39,-92,-72,-40,-40,-16,-80,48,31,32
20079,Harvey County,-31,-93,139,27,43,-99,-66,30,35,360,20,-137,9,-129,-205,140,-124,-344,-234,172,-40,-71,91,-22,17
20081,Haskell County,-9,-132,-138,-67,-60,-89,-136,-79,-121,-56,9,-70,-62,-127,-61,-28,-91,-22,-62,-53,-22,-125,-93,12,-104
20083,Hodgeman County,-2,55,16,-20,-34,-52,-17,-61,-12,-36,-5,39,-34,-26,-53,-28,-32,14,-34,-27,9,10,3,-12,2
20085,Jackson County,15,0,151,103,11,219,-25,-49,-180,86,15,-79,-69,-133,100,-183,-48,22,-72,-138,-1,12,-8,30,39
20087,Jefferson County,-5,-3,1,-30,66,8,-247,-66,-92,-161,11,-185,-74,-103,14,22,21,105,-61,167,-33,140,-29,6,55
20089,Jewell County,-25,-94,-82,-47,-40,-57,17,-42,-57,-44,-2,44,-16,22,-8,-59,-84,-30,-10,38,-2,29,-32,-10,-6
20091,Johnson County,1556,4094,6675,5050,4746,4155,5459,3929,3303,1944,239,2072,1848,2326,1606,1145,845,1579,2574,299,304,846,1319,-496,-1068
20093,Kearny County,-17,-54,-156,-148,-40,-128,-116,-149,-37,-10,7,-58,-31,-75,-11,-37,-78,9,-34,-146,-20,-87,-59,-71,-18
20095,Kingman County,3,-112,-114,69,-100,-170,-136,-113,-113,-47,-7,32,-35,17,-129,-13,-179,-33,32,-48,-12,38,85,69,20
20097,Kiowa County,-23,-116,-34,-1,-65,-69,-69,-230,-429,2,12,-25,-50,7,-6,21,-82,-28,-1,-20,-5,-37,-2,-33,-2
20099,Labette County,-73,-248,-155,-73,-114,40,22,-19,-192,-45,-64,-138,-229,-302,-110,-154,-306,-201,-238,-312,-24,-174,-113,106,-95
20101,Lane County,-10,-41,-108,-18,-27,-57,-74,-13,-3,10,-8,14,-56,17,-34,-25,-20,-35,16,-7,-1,17,-3,-3,-29
20103,Leavenworth County,78,494,715,462,-329,80,348,567,271,423,153,150,-97,-43,-61,-75,598,515,5,-58,14,213,414,411,395
20105,Lincoln County,5,-2,-32,28,-100,19,-79,-3,-36,-86,-2,-3,-53,-15,28,-47,-54,-29,-28,-22,10,-20,14,23,6
20107,Linn County,35,123,-41,19,-1,143,-53,-198,-183,-135,-15,-2,-115,97,-6,46,31,108,84,-36,-4,208,118,156,-8
20109,Logan County,1,-77,-23,-80,-39,-45,-85,-29,-31,-61,9,-5,28,-14,5,23,7,-14,-13,-40,-16,-24,3,-27,28
20111,Lyon County,-94,-369,-639,-391,-214,-505,-520,-182,-796,-2113,-138,-208,-365,-310,-563,-248,17,-289,-102,-265,-64,-163,-197,-27,-100
20113,McPherson County,3,-64,-220,8,19,46,-212,72,-207,39,-35,34,85,202,-438,-238,-178,315,-96,47,-13,81,20,92,14
20115,Marion County,21,-24,-104,-66,-192,-62,-227,-102,-65,-23,-4,-76,-116,-143,22,-69,12,-7,-4,-10,-31,8,146,2,-79
20117,Marshall County,-19,-86,-192,-93,-129,0,-72,0,21,-56,-12,-101,36,-33,-33,-96,-76,-75,23,-29,-9,12,7,-24,21
20119,Meade County,-6,-33,-52,-110,-65,-34,-88,-75,-35,-41,17,-82,-151,-127,49,-85,-87,3,-142,-78,-1,-53,-85,3,-46
20121,Miami County,124,-30,83,67,377,297,116,418,-155,-58,40,-200,-221,88,-70,-144,107,418,220,392,16,463,207,538,344
20123,Mitchell County,-10,-105,-62,7,-104,-79,-10,6,12,63,-19,-41,36,13,-64,16,-84,-44,-31,-103,-11,10,20,15,12
20125,Montgomery County,-74,-442,-580,-474,-94,-255,68,100,-207,-95,-105,-583,-423,-102,-447,-755,-620,-438,-289,-290,-67,-75,-79,-86,-234
20127,Morris County,8,-26,-63,-21,6,54,-10,33,76,-8,-9,-22,0,-137,-40,-23,-57,-82,69,50,-11,47,36,-53,1
20129,Morton County,-26,-167,-93,-35,-121,-85,-70,-87,-85,-67,-8,-57,-56,-34,-61,-73,-151,-52,-76,-116,3,-16,-73,-14,-109
2013,Aleutians East Borough,-16,-236,159,26,-45,-13,-38,183,-107,-4,9,-4,-30,-47,-82,-54,-107,-28,-116,-103,0,-24,-87,-50,-55
20131,Nemaha County,-26,-158,-9,-14,-74,-19,-28,-18,-85,-109,-14,-60,8,9,-13,-17,-51,-41,9,36,-22,-12,-59,-64,-35
20133,Neosho County,-52,-113,-221,-150,-19,-131,-168,22,-76,-136,-31,-54,-78,-81,-73,-82,-216,-64,-117,-67,6,-78,-149,-126,107
20135,Ness County,-10,-80,-53,-105,-77,-51,-52,7,-40,-60,3,24,-27,-7,4,-65,-50,-84,-38,-30,-5,11,20,-25,-13
20137,Norton County,-7,-117,-27,-26,-49,-50,-37,-59,-17,-82,5,9,-65,37,-84,19,-44,-63,0,-49,-7,-58,-46,6,17
20139,Osage County,28,-86,51,-10,125,15,-283,-186,-63,-183,-10,50,-157,-64,-91,-52,-27,34,136,48,-15,112,37,187,-13
20141,Osborne County,-6,-61,-40,-116,-15,-31,-23,-59,-26,67,-18,-4,-9,7,-43,-79,-29,-35,-74,-45,1,11,24,-35,-66
20143,Ottawa County,14,-44,48,-46,-47,-23,10,-5,8,-22,-8,-26,-4,5,-10,-90,-7,-63,-31,-32,4,137,-9,20,29
20145,Pawnee County,-8,-180,-90,-95,-38,-33,-187,-52,-152,-82,-1,16,-111,10,-11,-34,-31,-44,-89,-155,4,22,-30,-41,-27
20147,Phillips County,-18,-107,-54,-84,-14,-127,-78,-2,-6,16,-5,-62,-11,30,-53,-77,1,-6,-82,-27,-12,-97,-7,-2,-1
20149,Pottawatomie County,35,-77,-42,131,14,34,38,352,153,43,43,37,95,66,-2,210,278,124,99,17,26,300,268,-88,103
20151,Pratt County,-8,-98,72,-120,-131,100,-38,-4,-34,-82,-22,-9,79,7,-27,-113,-160,-66,-163,-189,-1,70,-76,21,14
20153,Rawlins County,-4,-63,-18,-61,-38,-66,-18,4,-65,-26,-9,22,4,64,-5,-35,0,-14,12,10,1,2,-21,-42,-28
20155,Reno County,-118,-424,-636,-431,-493,-258,-123,-408,47,-53,44,-129,-227,-98,-339,-142,-412,-500,-315,-340,-7,-165,259,38,91
20157,Republic County,-24,-74,-173,-79,-90,-29,-82,-30,-61,5,-14,0,-14,-31,14,-14,-14,53,5,-18,-1,44,-2,4,31
20159,Rice County,-29,-145,-87,-83,30,-123,-159,-144,44,-84,17,-26,-99,-20,3,-79,-155,-199,-81,40,-35,37,22,-83,-21
2016,Aleutians West Census Area,-31,-128,-215,235,-15,-106,-464,-316,-218,-10,-19,-70,-2,-87,-54,-159,-215,-138,-169,-91,-53,-138,-223,-52,-51
20161,Riley County,-176,-1266,-616,872,-496,-156,537,-727,754,-666,58,580,1991,-2086,-1989,-1124,-3458,-2090,-58,-1398,-66,-528,-924,-989,-218
20163,Rooks County,-14,-95,-77,-57,-30,-58,-30,-70,-57,-109,-2,12,13,-23,0,-6,-56,-64,-46,-55,-19,-7,-34,-16,-35
20165,Rush County,-17,-14,-46,-12,3,-58,-74,-22,36,-42,16,-81,21,-11,15,-49,-16,19,20,-22,-8,30,44,-84,11
20167,Russell County,-13,-166,-94,-44,51,-126,-13,27,-69,-20,17,7,11,-7,48,41,-38,-51,-1,-15,-8,96,51,3,-7
20169,Saline County,-54,-81,-184,-540,-182,-289,-281,-117,-313,-113,46,-268,-210,-356,-425,-333,-657,-576,-244,-346,-70,-341,-332,-277,-86
20171,Scott County,-25,-19,-186,-136,-194,12,-74,-67,-21,16,14,-79,-40,51,35,-46,22,-40,-36,-83,-14,-18,-104,-84,-86
20173,Sedgwick County,-831,-2302,-807,-2916,-3762,-2062,-903,1428,2091,3511,-326,-2857,-1633,-2306,-1824,-2129,-2019,-2870,-2542,-240,294,-1588,-474,735,737
20175,Seward County,-138,-771,-468,-727,-645,-800,-648,-407,-517,-324,-57,-175,-197,-423,-452,-556,-852,-1022,-748,-878,-153,-303,-693,-527,-375
20177,Shawnee County,-99,-455,-837,-221,-533,-572,54,8,251,106,69,-329,-753,-1123,-945,-526,-1014,-606,-1072,-743,-203,-139,-635,157,54
20179,Sheridan County,-19,-72,-65,-26,-80,8,-46,-21,2,-29,-6,-11,-15,11,4,-26,8,38,-12,-14,0,27,3,-2,1
20181,Sherman County,-20,-173,-231,-115,-125,-45,-170,3,-19,-52,-4,30,67,-41,-22,-111,-20,-5,-44,5,-29,20,-66,-51,21
20183,Smith County,-15,-64,-62,-27,-31,-25,-64,-36,-64,-79,9,-46,-8,-14,75,-14,-21,-10,-29,-10,-1,37,19,24,36
20185,Stafford County,-33,-21,-74,-87,-72,7,-30,27,-55,1,-9,-34,-20,18,-55,-50,-33,2,-28,-9,-3,-27,4,-22,-39
20187,Stanton County,-7,-42,-34,-96,-48,-146,-69,-74,-47,-62,11,-39,-68,-1,-62,-83,2,-68,-45,-42,-4,-35,-76,-62,-47
20189,Stevens County,-22,-168,-107,-101,49,-153,-236,-193,-90,-9,15,-180,64,-2,-46,-105,-196,-126,-59,-106,-12,37,-148,-101,-73
20191,Sumner County,-44,-339,-367,-336,-174,-424,-394,-263,-169,-261,-54,-339,-149,-133,-153,-15,-245,-91,-103,-189,-41,104,152,67,0
20193,Thomas County,-15,-61,-130,-142,-166,-189,-113,-114,-79,-11,30,-29,-53,-22,-161,-2,-94,-72,-183,-1,-9,-34,-109,-100,-118
20195,Trego County,-27,-40,-70,-43,42,-85,-19,-4,-18,-5,3,-45,10,14,-31,11,-40,19,-39,26,0,0,-26,-1,12
20197,Wabaunsee County,-16,-96,-68,-28,29,48,-115,115,28,-66,-11,-21,-52,-12,-108,-76,-24,-59,45,-7,2,83,46,45,2
20199,Wallace County,-10,-54,-25,-55,-64,-38,-8,-46,-37,3,3,46,-6,35,-56,3,-9,16,-39,21,-1,-5,-24,6,-31
2020,Anchorage Municipality,-779,-44,1481,1576,-1037,-1411,-943,-5319,-1951,1972,363,-1132,-2283,-1662,-5062,-6466,-4337,-6877,-6344,-4972,-886,-3977,-4072,-3022,-2153
20201,Washington County,-2,-101,-43,-40,-66,-47,-51,-58,-32,-64,-10,46,-95,-114,-17,-47,-20,-86,-31,-34,0,-4,-26,21,-32
20203,Wichita County,-9,-34,-67,-66,-93,-14,-102,-47,-73,-26,3,15,-27,-46,-9,-22,-36,-4,-28,-7,-10,-64,-25,-11,-78
20205,Wilson County,-8,-32,-88,-6,-231,-15,-23,43,-167,-111,-14,-126,-132,-11,-104,-99,-143,2,-38,-141,-38,-10,115,-99,-3
20207,Woodson County,-18,17,-115,-12,-73,60,-88,-63,-5,-4,0,27,-39,-19,-18,-19,57,-38,49,-40,-13,19,64,26,-1
20209,Wyandotte County,-591,-1707,-3162,-3613,-3274,-2621,-2823,-1678,-1414,-817,-195,-1488,-501,-540,-714,-760,-1105,-1190,-1426,-1445,-481,-2589,-3282,-1810,-986
2050,Bethel Census Area,-47,-186,-21,-137,-182,-150,-249,-315,-245,-222,-12,-26,-63,-166,-276,-281,-259,-235,-135,-88,-71,-299,-592,-344,-219
2060,Bristol Bay Borough,-28,-61,-57,-42,-15,0,-68,-49,-47,-84,5,21,-51,-34,0,-50,-4,-40,9,-46,-12,11,19,-38,5
2063,Chugach Census Area,,,,,,,,,,,,,,,,,,,,,-28,-157,-114,-188,-150
2066,Copper River Census Area,,,,,,,,,,,,,,,,,,,,,0,11,4,48,-19
2068,Denali Borough,-8,-68,4,3,10,-75,-20,-38,-9,10,3,5,5,-5,-53,-14,76,-21,-60,51,-12,-33,-43,-14,5
2070,Dillingham Census Area,-21,-106,37,-142,-10,-47,-49,-45,-126,-57,2,23,-61,-50,-47,-56,-96,-109,2,-121,-26,-92,-110,-137,-43
2090,Fairbanks North Star Borough,-462,79,233,582,195,-211,-2193,1804,-1374,-1329,197,-1607,571,-1071,-3241,-1304,-535,-2348,-2166,-2763,-522,-425,-679,-1186,-2062
2100,Haines Borough,6,-82,-22,8,-69,-21,16,56,0,50,1,46,-10,-12,-2,-42,10,-16,-51,28,9,-10,-13,-14,-3
21001,Adair County,18,130,52,63,-27,11,64,44,-84,85,76,218,-40,137,94,-116,50,23,-58,38,21,115,217,208,-80
21003,Allen County,-12,20,160,80,174,95,218,94,130,-104,31,104,31,44,111,169,36,189,218,195,1,274,463,505,223
21005,Anderson County,48,215,-77,183,151,258,490,406,61,239,31,47,46,1,84,0,190,326,79,59,30,206,232,309,219
21007,Ballard County,18,-54,-23,73,2,2,-7,31,85,-38,13,13,35,-5,-44,56,-149,7,-3,-82,-3,14,33,12,43
21009,Barren County,75,289,108,338,304,523,340,419,219,193,-43,105,190,203,7,446,122,-76,303,98,33,197,364,147,282
21011,Bath County,32,139,109,26,31,55,-2,-112,149,-120,12,103,49,141,126,47,40,95,8,26,-16,92,90,178,-16
21013,Bell County,-38,-406,182,-134,-209,-129,-130,-156,46,-87,26,-15,-383,-271,-149,-407,-112,-266,-316,-398,-88,-41,63,-126,-37
21015,Boone County,768,2121,2075,2245,3165,3535,2640,1873,1861,1204,177,1137,363,360,613,413,387,591,111,943,291,485,656,438,671
21017,Bourbon County,-26,3,-70,21,102,75,-199,-68,25,-85,-24,5,-79,-82,11,94,-41,-22,38,-299,51,19,-24,82,114
21019,Boyd County,-52,-33,14,103,-264,-193,-221,-298,-57,-99,59,-139,-179,-301,-107,-347,-327,-211,-396,-460,9,-210,604,30,276
21021,Boyle County,-12,-138,93,86,483,212,136,97,192,36,184,145,247,537,140,-51,161,20,124,-14,146,-24,338,192,224
21023,Bracken County,-11,94,74,-37,203,-63,-70,-46,10,-19,8,-21,-68,-71,-67,-68,71,-79,-18,28,-9,63,36,8,68
21025,Breathitt County,-38,-107,-96,-84,69,22,-83,-85,77,-54,10,-75,-167,-62,-127,7,-143,-206,-142,-113,-1,-75,-71,-336,-81
21027,Breckinridge County,15,53,92,68,30,102,-145,118,39,-154,17,237,-173,-19,-165,112,-29,124,182,143,15,267,376,218,150
21029,Bullitt County,306,575,714,758,1343,1218,923,1008,682,572,101,422,417,775,887,442,365,900,614,553,92,728,834,1017,664
21031,Butler County,19,52,-15,8,106,-117,35,-151,12,-88,13,-24,3,-45,6,-18,-42,110,-46,126,-33,17,88,3,33
21033,Caldwell County,-28,-97,-33,43,11,69,46,57,94,15,9,46,-16,-93,-27,-35,-109,47,51,58,0,62,-6,-26,28
21035,Calloway County,-19,198,-6,296,314,305,449,71,-54,60,134,218,246,182,-140,31,-83,-48,154,71,78,444,342,334,309
21037,Campbell County,-130,-352,-698,-722,-677,-361,-534,-237,-246,703,170,167,-431,-248,116,-213,-118,289,291,-130,7,-398,421,279,-163
21039,Carlisle County,-1,-5,-1,-26,28,-48,5,-96,3,46,-2,-36,-18,-66,-1,-112,-63,20,-62,17,-4,-9,7,25,37
21041,Carroll County,9,-46,99,6,-48,93,-39,18,63,22,-34,102,-176,-68,-123,-71,-76,70,-21,-98,18,26,59,22,80
21043,Carter County,-22,15,144,86,-46,48,-25,-96,-388,-420,-4,-152,-20,-114,-224,-119,-200,-105,-170,-221,-25,-64,103,167,52
21045,Casey County,28,102,132,35,133,97,82,34,84,65,14,-41,78,-13,-235,-32,36,28,110,254,-22,75,60,61,108
21047,Christian County,-272,-93,-410,506,-2009,77,-4065,1806,-2432,439,-188,-1614,-297,-2614,-1457,-1697,-2463,-1447,-886,-1026,-237,-220,-1688,-1851,-543
21049,Clark County,38,117,16,238,278,313,385,326,-21,288,11,-199,204,-153,102,14,152,51,260,82,49,-104,237,382,392
2105,Hoonah-Angoon Census Area,-13,-26,-68,-119,-70,-27,-52,-33,-40,-76,1,-37,20,-11,-37,31,-26,-7,9,-13,0,-22,-62,-11,33
21051,Clay County,-51,-73,-53,-210,-208,-187,-113,-317,74,-204,-61,-73,-103,-373,-168,-162,-314,-357,-173,-178,-22,-28,-128,-142,-6
21053,Clinton County,-14,-44,-21,-30,-36,-28,-80,42,26,-99,1,-88,99,-100,40,0,17,24,-36,55,-15,113,-116,44,-13
21055,Crittenden County,21,-90,-35,23,-86,-5,113,0,131,-106,5,-22,-3,-7,2,21,-6,-77,-87,-68,17,-16,84,25,-1
21057,Cumberland County,11,18,-4,-23,23,-117,18,-104,-38,-40,4,18,-6,-46,-52,56,11,1,14,-41,-13,77,94,60,93
21059,Daviess County,-68,-386,-337,179,-213,-116,225,152,165,330,7,96,234,20,-286,536,-30,50,110,332,45,-293,120,-20,-172
21061,Edmonson County,-3,67,16,24,1,134,-35,57,56,-93,40,18,-120,7,-22,26,104,191,54,-59,34,153,143,219,207
21063,Elliott County,35,-70,1,69,-21,736,469,137,503,345,4,-54,-137,-62,-20,6,-62,14,-3,20,-11,85,-19,-5,25
21065,Estill County,3,-35,-67,-163,-109,-124,0,-11,-31,-53,14,-42,-124,5,22,-30,-11,-57,19,4,6,20,65,23,121
21067,Fayette County,-127,-741,-1176,861,-881,-349,928,-293,993,1342,177,1720,891,372,-926,1004,617,-484,-1349,-943,-242,-3316,-1628,-2647,-2032
21069,Fleming County,55,206,52,181,59,59,-28,134,6,-96,23,68,28,0,-58,94,-108,-68,2,59,5,178,19,177,208
21071,Floyd County,-76,-242,38,-140,-7,-98,-196,27,-89,-125,444,-197,-674,-695,-501,-433,-473,-608,-286,-200,-78,-234,553,-206,-108
21073,Franklin County,112,73,-72,-187,85,-103,-142,-182,278,-217,-20,-99,21,-115,118,229,135,124,215,97,66,294,156,60,572
21075,Fulton County,-45,72,-161,-102,-127,-146,-200,8,106,-122,10,-52,-161,-123,-107,5,-77,29,-70,-62,2,56,-69,21,-54
21077,Gallatin County,9,75,-167,131,-56,11,-86,-35,-8,64,2,-33,-75,-12,49,-35,76,-16,37,75,-17,95,34,17,-33
21079,Garrard County,64,194,383,203,154,346,265,233,-28,15,11,-92,93,-18,0,211,130,79,51,144,14,513,255,298,126
21081,Grant County,102,403,225,210,108,21,122,146,186,-212,-30,-74,-410,-40,123,-212,72,-46,-19,-96,47,228,149,82,34
21083,Graves County,7,-187,-93,115,-68,89,-71,49,-156,30,42,189,-124,-213,97,-417,-134,-134,2,-144,-79,210,-45,-16,98
21085,Grayson County,30,41,61,346,250,140,29,75,70,69,43,-21,44,119,106,21,-36,168,60,152,15,197,153,204,254
21087,Green County,17,61,-10,72,-128,13,71,-1,36,-27,-6,-38,82,-89,-111,-30,49,82,-8,-26,26,236,118,121,128
21089,Greenup County,-50,64,-27,170,-9,8,385,193,302,253,15,2,-71,-162,-148,-197,-71,-188,-78,-112,-26,24,31,78,128
21091,Hancock County,5,-39,-20,-22,-66,81,-4,-29,9,-63,-7,21,7,-22,36,-89,44,14,-51,-47,8,5,-16,-91,92
21093,Hardin County,-186,-323,-56,370,-942,404,-825,3,-285,116,1043,-512,-466,-383,-1526,-3150,9,574,1579,271,-3,756,-121,169,-119
21095,Harlan County,-199,-532,0,-514,-438,-102,-22,-35,-258,161,-32,-144,-442,-133,-442,-462,-414,-245,-256,-197,-56,-299,-244,-112,-58
21097,Harrison County,21,-29,-49,127,5,34,120,172,82,37,-22,-113,-79,-65,74,23,-82,157,30,94,27,306,191,332,110
21099,Hart County,67,-237,250,117,71,214,59,54,120,-114,10,11,52,75,-16,-125,61,169,83,47,-10,211,156,122,158
2110,Juneau City and Borough,-109,-486,-35,-47,-192,-369,-482,-443,185,-517,61,452,-34,-107,-378,-131,-457,-630,-219,-247,-75,-334,-375,-375,-47
21101,Henderson County,-29,-148,40,-133,-100,-62,-147,-155,89,-157,19,2,-1,-159,9,-58,-173,-342,-403,-297,-98,-144,-219,142,29
21103,Henry County,16,54,-3,107,41,24,76,-42,44,62,-28,-23,-64,82,119,7,274,123,90,51,9,12,93,222,201
21105,Hickman County,-12,6,3,-38,-76,-25,-36,-47,-2,-27,-17,-54,-37,-7,0,-39,9,-66,-74,-24,10,-46,27,64,15
21107,Hopkins County,-107,-400,177,281,-6,-192,15,-54,51,-209,-21,-56,-202,-120,-240,-73,-393,-191,-255,-325,19,-95,-40,81,143
21109,Jackson County,-11,67,-47,-79,-70,52,-72,-31,17,-154,23,-80,-64,70,-108,7,23,45,19,-60,11,76,77,146,199
21111,Jefferson County,-863,-2435,-2631,-760,-2456,-2371,-383,1905,1177,262,-148,-309,187,1814,-1703,-1600,-2012,-1347,-4036,-3669,-519,-5592,-4572,-6223,-4692
21113,Jessamine County,98,300,667,452,417,793,1043,539,928,340,40,-117,175,250,415,638,84,736,307,125,0,538,543,586,278
21115,Johnson County,-103,-19,-7,27,160,161,115,-1,-61,-34,55,16,-34,42,-230,-110,-204,-221,-109,-138,-15,48,-128,23,96
21117,Kenton County,-148,-766,-1091,-256,-568,-440,651,434,-242,-220,-109,-564,150,297,-515,-65,-366,-81,-104,2,23,-281,112,141,645
21119,Knott County,-36,-109,131,-98,-162,83,-176,-137,28,-8,-5,-13,-121,-9,-174,-233,-158,-189,-115,-205,-45,-15,-16,-46,-75
21121,Knox County,16,-314,-85,74,-29,77,15,43,69,173,-6,41,-445,57,-151,-106,28,7,-148,-117,-6,-86,-102,101,63
21123,Larue County,24,-36,34,-138,111,143,50,3,43,53,6,56,-146,-16,97,25,-87,185,90,86,16,189,183,194,-159
21125,Laurel County,165,334,506,531,163,354,429,361,-125,138,100,164,28,-102,96,-128,23,135,302,115,122,27,478,495,-2
21127,Lawrence County,18,59,137,6,192,131,65,54,81,92,15,73,-61,10,-64,-27,-20,-111,-144,-210,14,16,-75,25,-52
21129,Lee County,-1,-44,29,47,-136,-167,-17,-46,-17,-8,-186,22,-86,-717,-45,-25,-128,13,465,373,-14,172,-121,88,51
21131,Leslie County,-37,-185,-7,-136,-126,-14,-143,-57,-130,-71,-1,-23,-105,-110,-145,-174,-180,-69,-109,-206,-37,-103,-123,-90,-54
21133,Letcher County,-61,-361,3,-41,-243,-245,-149,-120,-193,-120,56,-152,-354,-423,-162,-290,-239,-356,-397,-185,-50,-37,-152,-162,-98
21135,Lewis County,12,-175,-255,-19,103,-4,83,-15,-126,-117,-10,-9,-25,-98,41,-147,-93,-101,-87,10,-7,-42,22,86,-41
21137,Lincoln County,78,219,96,223,147,318,40,-33,-241,82,-15,-79,-341,-29,-31,-87,-21,80,72,-104,-12,44,286,413,227
21139,Livingston County,15,-1,3,-48,-15,80,-38,-52,-31,62,23,21,-52,-92,20,-21,-47,90,12,-21,-13,208,70,-6,-36
21141,Logan County,-8,-114,11,-64,90,-3,14,92,-139,16,-15,-51,-148,168,-216,-49,-128,329,-45,70,71,292,61,406,200
21143,Lyon County,32,110,37,59,128,97,135,4,22,10,12,150,49,55,24,152,-169,102,-48,120,7,-143,676,155,-37
21145,McCracken County,-80,-631,-273,-136,-195,84,212,236,308,424,-36,325,-161,-206,16,-322,312,47,-18,213,43,-82,165,315,179
21147,McCreary County,-27,-139,0,-82,1289,447,-57,-1164,-65,-57,21,-99,-275,-146,-43,-8,-373,-144,-55,-54,-33,12,104,336,-148
21149,McLean County,28,-151,59,-121,-22,-27,-123,7,-30,-70,-8,-26,-23,-21,-61,30,-28,-109,48,-44,-13,38,39,-11,72
21151,Madison County,333,851,776,974,1399,1689,1041,61,490,462,417,967,255,113,768,761,951,1232,787,661,291,403,1558,2035,1585
21153,Magoffin County,-31,-175,5,-78,-46,-55,-109,-21,-119,88,-4,-102,-179,-134,-2,-172,-125,-136,-159,-121,-25,-68,-60,-48,-8
21155,Marion County,-21,65,51,-18,271,53,28,-41,55,-9,5,64,-122,-38,-913,62,-100,125,31,-88,17,184,50,108,7
21157,Marshall County,-2,99,135,261,238,225,371,287,-3,18,31,-79,86,53,-150,146,311,194,-5,37,69,301,169,102,149
21159,Martin County,-31,-190,-68,-148,867,373,-198,-143,-78,-176,-38,-90,-92,-64,-160,-210,-302,-442,-126,-81,-29,-41,23,-105,-175
21161,Mason County,-10,-8,5,-111,53,111,181,53,160,-13,0,34,-106,-153,-181,-39,98,7,-120,-37,1,-141,25,19,85
21163,Meade County,112,135,335,147,326,40,-524,-363,-277,-625,53,834,-582,-136,-226,-1467,209,84,609,-54,12,177,-37,143,286
21165,Menifee County,32,78,45,-64,20,10,4,-70,25,-94,50,43,-85,0,-25,77,86,28,0,82,17,96,85,83,82
21167,Mercer County,8,-33,116,165,104,107,-9,98,44,-5,15,-81,-38,-24,48,57,29,138,173,276,8,325,143,265,357
21169,Metcalfe County,-25,64,-96,31,58,53,19,74,-28,-105,16,-82,-110,-18,22,-76,102,95,-27,17,7,145,69,95,36
21171,Monroe County,-20,43,-80,-18,-89,98,-51,-123,-156,14,15,-15,-46,-127,-19,-46,-46,81,136,-82,-14,-14,121,-20,-69
21173,Montgomery County,68,85,242,203,116,423,436,236,205,194,-5,67,8,199,9,155,49,210,157,1,-4,168,214,210,275
21175,Morgan County,26,70,97,33,112,-129,-58,-12,-117,-92,-190,-6,-197,-154,-29,-54,-8,-14,160,-10,11,-9,468,159,-184
21177,Muhlenberg County,-49,-41,-98,16,55,-56,-20,66,-147,19,126,-83,-121,-11,2,4,-87,-159,-75,-133,-20,-418,495,-33,85
21179,Nelson County,149,323,387,426,458,388,616,398,342,120,86,201,95,-49,101,76,260,-18,107,294,39,388,253,327,431
21181,Nicholas County,-29,61,96,22,36,-41,-5,-11,-23,-17,-2,-29,-78,23,40,21,32,85,44,86,5,220,69,-84,31
21183,Ohio County,-22,57,75,-59,202,29,-107,-7,128,-215,-28,105,9,-72,-18,91,139,-40,-68,-69,-27,21,-104,144,160
21185,Oldham County,288,603,847,1492,1057,989,1596,1143,840,-17,62,45,1091,791,808,425,690,922,-210,100,64,504,1136,603,-47
21187,Owen County,23,62,174,31,182,67,9,127,28,-37,-8,-29,-70,-107,13,107,-32,130,92,20,45,69,55,47,155
21189,Owsley County,7,-34,-44,-12,69,-44,-51,-11,43,-27,14,77,-88,-29,-80,-37,50,-63,64,-55,-11,-14,6,84,-13
21191,Pendleton County,76,63,16,61,-41,33,46,-58,-108,-94,27,-261,-100,-29,-118,-2,70,-29,-31,-15,6,-13,99,122,49
21193,Perry County,-158,-196,86,-61,-134,-188,36,-65,-83,-24,8,53,-392,-315,-401,-216,-205,-572,-299,-368,-48,-225,-308,-110,-138
21195,Pike County,-269,-815,-84,-516,-728,-284,17,-132,-148,213,94,-58,-261,-671,-831,-1057,-1219,-1383,-233,-390,-123,-516,-548,20,-264
21197,Powell County,31,9,-121,-50,156,110,-111,11,-65,-23,16,-9,-153,17,-115,-109,15,38,107,-7,-19,51,28,-18,-53
21199,Pulaski County,92,248,290,489,665,444,486,392,513,157,86,298,13,269,135,47,180,440,322,434,108,720,564,622,776
21201,Robertson County,-6,-4,44,16,-6,-49,61,-54,22,0,-2,5,-65,26,-24,-33,1,5,12,-22,-1,102,7,82,52
21203,Rockcastle County,23,-116,2,-9,-20,7,-16,23,51,-153,6,61,-39,-305,122,128,-41,-104,73,-48,32,191,222,69,171
21205,Rowan County,-45,122,-99,-102,-234,97,212,33,24,85,42,159,179,315,-40,313,-254,55,-52,-91,63,-115,-145,24,78
21207,Russell County,-1,56,55,94,251,94,181,60,141,82,-21,115,-115,90,76,-97,129,1,95,149,28,303,84,136,143
21209,Scott County,273,761,653,706,903,1105,1736,1036,1155,659,62,295,603,642,834,576,894,1052,908,776,323,745,771,805,662
21211,Shelby County,132,175,428,649,791,761,1074,660,417,314,103,290,417,355,279,330,441,397,645,776,101,226,173,497,211
21213,Simpson County,-16,103,-27,10,89,112,61,4,-91,-55,19,-87,216,87,41,85,24,47,341,118,24,130,255,297,115
21215,Spencer County,224,593,617,588,451,560,694,688,478,149,31,187,-12,137,53,191,224,235,323,262,77,399,303,291,191
21217,Taylor County,-14,52,380,38,121,213,150,57,129,131,149,255,7,-2,83,146,-227,32,-68,227,5,228,317,163,210
21219,Todd County,-53,12,-102,-118,-112,7,35,13,90,20,-35,-51,103,-224,-69,-65,-135,-203,77,-62,25,11,85,68,125
2122,Kenai Peninsula Borough,-99,81,487,-150,97,-85,306,677,64,638,75,406,207,-291,208,163,105,-273,-208,6,94,782,602,554,-27
21221,Trigg County,54,66,64,104,303,87,67,200,-11,-24,30,-78,183,-70,-133,103,87,136,247,4,36,208,218,79,220
21223,Trimble County,40,226,114,65,176,-50,79,37,25,-95,-14,-29,1,-40,-85,14,-112,-55,-51,16,-5,124,41,118,-2
21225,Union County,-37,-69,26,-28,49,-170,-175,-351,-5,-58,251,-12,-207,-38,0,-99,-171,-118,-116,-72,-25,-312,-58,16,90
21227,Warren County,51,161,254,968,614,1325,1692,793,1128,1137,238,547,425,793,701,1358,916,1408,864,1308,341,1508,1924,892,1066
21229,Washington County,-3,55,121,43,-12,46,75,142,-116,-211,15,13,117,-41,8,90,81,-222,116,53,9,95,16,218,40
21231,Wayne County,38,-61,75,214,71,-16,-33,78,32,40,3,39,-82,-69,-134,8,102,-110,-167,-107,-6,110,212,15,30
21233,Webster County,-3,-201,-26,-104,-4,-27,-199,-63,-278,-28,-30,-42,-42,-104,-168,-45,31,-159,5,-145,-11,-110,-100,-20,37
21235,Whitley County,85,404,184,226,398,389,128,176,199,143,19,61,-184,70,-172,196,-143,-61,-4,115,-20,108,263,-60,241
21237,Wolfe County,30,-207,-11,6,-20,92,-5,-2,-79,33,-4,-13,-154,106,-12,11,-17,63,-44,-24,2,-5,-17,-76,-40
21239,Woodford County,24,-99,-56,-27,11,95,115,-9,195,35,50,-184,86,162,196,239,175,193,63,195,25,235,42,198,-40
2130,Ketchikan Gateway Borough,-120,-321,-305,-363,-230,-86,36,-305,-157,-183,16,-22,-79,-155,-19,-201,-105,19,-75,-42,-48,-159,-124,-77,-87
2150,Kodiak Island Borough,-34,-524,-303,-471,-387,-367,-220,-252,-176,-104,-38,-48,-41,-239,-438,-413,-312,-451,-399,-400,-80,-318,-410,-233,-267
2158,Kusilvak Census Area,,,,,,,,,,,-42,3,-42,18,-62,-91,-192,-119,-82,-146,-41,-145,-312,-366,-199
2164,Lake and Peninsula Borough,-16,-124,-114,-19,-16,-38,-40,-12,-49,-43,-5,0,-27,-2,-51,-72,-25,-15,-48,-28,-20,-41,-51,-53,-38
2170,Matanuska-Susitna Borough,383,1508,2051,2417,3060,3131,3597,2106,1973,2079,483,1163,1080,1277,1295,1925,2051,1154,149,466,251,3055,1919,1202,1484
2180,Nome Census Area,-51,-132,-135,-60,0,-197,-267,-139,-211,-141,22,55,-139,-122,-182,-111,-78,-104,-62,-147,-41,-224,-205,-115,-63
2185,North Slope Borough,-49,-280,-231,-160,-318,-298,-299,-196,-81,-151,3,-71,-24,-51,-157,-124,-202,-7,-75,-114,-54,-103,-319,-245,-57
2188,Northwest Arctic Borough,-15,-94,-131,-70,-35,-119,-81,-172,-142,-166,-18,-31,-128,-144,-106,-121,-213,-47,-195,-156,-23,-304,-234,-162,-217
2195,Petersburg Census Area,-17,-82,-118,-91,34,-109,-112,-8,-98,-81,,,,,,,,,,,,,,,
2195,Petersburg Borough,,,,,,,,,,,0,3,-11,-32,-63,-36,-9,-16,-33,19,1,-30,-36,37,-15
2198,Prince of Wales-Hyder Census Area,-34,-266,-243,-40,-39,-95,12,-149,-52,-37,26,127,-6,-19,0,-3,-11,-85,-87,-166,-16,-12,-76,49,38
22001,Acadia Parish,-99,-318,-178,-301,-396,-120,585,-146,-130,-177,-9,-222,-140,66,30,-245,-236,-508,-498,-312,-73,-154,-424,-265,-129
22003,Allen Parish,-55,-98,-372,14,-86,-391,531,-72,-340,-200,-43,-93,-187,-74,9,-133,-22,-127,-89,-9,-40,-22,-194,-114,44
22005,Ascension Parish,480,962,1185,1565,1403,2315,5429,2489,1574,1170,386,1073,1184,1310,1604,1061,1082,553,806,955,310,823,1236,337,405
22007,Assumption Parish,-45,-312,-150,-127,-63,-282,145,-110,-184,-231,-62,-207,-174,48,-195,-210,-182,-234,-308,-393,-62,-207,-109,-210,-131
22009,Avoyelles Parish,-37,-269,-56,166,-242,-233,970,-376,153,-140,-7,-390,-310,-341,-230,-221,-120,-181,-490,-320,-39,-249,-373,-211,-156
22011,Beauregard Parish,2,-28,-79,169,301,449,291,1,145,168,140,103,10,-243,-137,105,261,-225,356,1,37,-10,-68,116,-249
22013,Bienville Parish,-24,-244,-25,-134,8,-102,-22,-20,-167,15,-6,-12,-71,-190,-118,66,-29,-130,-270,-39,-42,-24,-76,-165,-25
22015,Bossier Parish,-40,308,629,932,679,939,1634,278,426,286,306,1508,1746,-281,-177,-348,-564,385,-446,-477,-135,232,-666,-53,-402
22017,Caddo Parish,-429,-2151,-2001,-953,-316,-599,2022,-2243,-1240,-262,255,32,-1094,-3288,-3705,-2308,-3340,-3434,-3505,-2938,-662,-3446,-3305,-2688,-1544
22019,Calcasieu Parish,-373,-1496,-1034,-68,-355,-518,-2134,217,353,641,137,-85,-373,59,240,1001,1005,777,-195,-644,-386,-10671,-3183,625,1124
22021,Caldwell Parish,-1,-122,23,-65,90,-115,-29,-20,67,3,1,-55,-34,-50,-54,75,11,-129,22,-45,-19,8,-11,-45,55
22023,Cameron Parish,-45,-164,-133,-78,-76,-82,-2182,-275,-190,-566,44,-281,-54,70,-20,78,59,18,44,-57,7,-487,-219,-142,-92
22025,Catahoula Parish,-34,-101,-121,-100,-105,-205,114,19,55,-140,-17,-104,-46,4,-121,-84,-156,-54,-233,-114,-42,-58,-45,-129,-53
22027,Claiborne Parish,-53,-116,-43,-19,-259,223,161,-20,-153,-148,-46,-219,-59,-174,-259,-120,-83,-156,-23,-160,-24,3,-136,-115,-41
22029,Concordia Parish,-40,-325,-254,-274,-281,-290,219,-264,-76,8,-19,1,-438,5,0,-263,-262,-144,-276,-335,-85,-147,-279,-235,-221
22031,De Soto Parish,-10,-101,52,69,195,2,53,92,29,-188,54,44,149,4,-73,-22,49,62,161,14,56,129,-30,273,134
22033,East Baton Rouge Parish,-969,-4809,-4171,-1555,-1493,-3597,16122,-3781,-3247,488,-216,-2825,-1565,-1871,-2174,-2979,-2322,-4966,-5070,-4499,-921,-3608,-5679,-4872,-3106
22035,East Carroll Parish,-28,-263,-262,-198,-172,-262,-217,-104,-202,-107,-40,-122,-145,-84,-113,-197,-57,-143,-130,-146,-51,-128,-242,-65,40
22037,East Feliciana Parish,-9,-214,-207,-113,-272,-143,454,-128,22,-9,-86,-87,-200,-208,99,-108,-1,-66,-52,-114,-32,-5,-49,126,-105
22039,Evangeline Parish,-75,-211,-219,-311,-69,126,316,27,-588,-276,-17,-276,-303,-76,-269,-222,-249,-197,-311,-217,-50,-84,-229,-406,-498
22041,Franklin Parish,-23,-317,-287,-148,-131,-340,-105,-90,-157,-183,10,-65,-237,-38,-66,-51,-39,-133,-115,-143,-49,-20,-189,-20,-94
22043,Grant Parish,-23,-97,-35,63,206,274,396,-29,151,129,33,-11,-34,-110,-32,-89,-49,-38,109,-91,-31,81,-179,-140,88
22045,Iberia Parish,-193,-439,-452,-397,-383,-220,460,-192,-371,-390,-101,-317,-101,-304,-533,-439,-1187,-1290,-1275,-1221,-160,-747,-1037,-771,-295
22047,Iberville Parish,-51,-271,-278,-404,-437,-259,626,-145,-162,-515,-62,-192,-206,-51,-271,-31,-303,21,-235,-211,-109,-213,-63,5,-137
22049,Jackson Parish,-18,5,-143,-6,-30,-60,169,-174,47,-106,13,29,-96,-96,-90,-65,-35,44,56,-104,-16,2,2,0,-88
22051,Jefferson Parish,-1585,-5725,-3542,-2512,-1968,-4014,-32841,2398,-5063,-3213,-730,-2158,-2634,-2305,-3023,-2568,-2158,-3064,-4736,-3646,-890,-6581,-11119,-8277,-5252
22053,Jefferson Davis Parish,-88,-446,-277,-173,-172,-1,199,-320,-104,-142,-1,-99,-236,-186,95,-109,-131,62,73,-149,-50,224,-357,-332,-128
22055,Lafayette Parish,-298,-1190,342,-292,93,184,4675,-223,602,1523,65,332,923,2056,2078,1579,-148,-1357,-145,-113,131,1405,1360,-8,1096
22057,Lafourche Parish,-181,-335,206,142,-85,-681,1106,-496,77,-294,-62,-258,-352,-335,220,-109,-349,-764,-460,-656,-54,-36,-1821,-792,-53
22059,La Salle Parish,-21,-140,36,-79,-70,-125,140,-71,-36,-78,,,,,,,,,,,,,,,
22059,LaSalle Parish,,,,,,,,,,,32,11,-73,-51,23,65,9,-146,-15,-14,32,42,34,-5,-71
22061,Lincoln Parish,-65,-485,-491,129,227,-285,-394,-132,-150,211,14,-232,-407,-124,-334,-108,-370,-276,-525,-556,-113,-205,-108,-56,0
22063,Livingston Parish,496,1928,2394,1887,2804,1995,5193,2416,2882,1244,370,581,808,1386,689,1157,1653,-2690,897,780,457,2896,1485,1389,1189
22065,Madison Parish,-32,-384,-411,-445,-350,-240,-183,-168,-109,-416,-8,-172,167,-369,-132,-300,-89,-163,-173,-247,-71,-102,-323,-234,-152
22067,Morehouse Parish,-73,-467,-333,-100,-329,-530,-230,-609,-228,-207,-67,-398,-110,-412,-285,-337,-409,-256,-288,-434,-119,-245,-373,-255,-146
22069,Natchitoches Parish,-44,-576,31,-546,-214,-84,-188,-159,-171,-58,-29,-346,-197,-422,-154,-251,-109,-82,-524,-551,-117,-268,-241,-277,-321
22071,Orleans Parish,-1642,-8754,-7938,-7250,-8391,-9091,-248723,29040,22535,16086,3103,10273,6479,6334,2794,2983,-473,-2194,-1902,-2041,-632,-6439,-8760,-7886,-5071
22073,Ouachita Parish,-205,-1532,-51,-127,-381,-814,832,-1187,-618,224,-12,-245,-328,15,-560,-313,-707,-1724,-1762,-1731,-281,-1163,-1297,-601,-352
22075,Plaquemines Parish,-60,-20,130,404,745,-195,-7421,-101,-393,-281,30,348,130,-462,-372,-38,-260,-89,-60,-277,-46,-171,-840,-347,-154
22077,Pointe Coupee Parish,-36,-312,-239,-170,-124,-340,553,-55,-4,-126,-26,-118,-195,-262,-113,-92,-126,60,-283,-125,-40,-243,-64,-170,-77
22079,Rapides Parish,-138,-718,-435,-64,-136,-140,1923,-627,-372,-206,6,-354,-473,-82,-695,-849,-452,-926,-1054,-900,-297,-724,-1414,-834,-973
22081,Red River Parish,-23,-127,-64,-48,-92,-206,-29,-115,-139,-102,-6,-61,-56,-134,-225,-57,-93,-102,-11,-79,-10,-36,3,-77,-114
22083,Richland Parish,-58,-119,-166,-256,-130,-96,86,-101,-14,-137,-2,130,-11,-56,-249,-222,-129,-49,-214,-103,-29,-124,-42,-79,-50
22085,Sabine Parish,16,-198,-60,3,-121,54,128,11,-79,-104,-19,172,-143,-62,-167,95,-174,-118,-33,-41,-20,119,0,28,-124
22087,St. Bernard Parish,-251,-553,-420,-600,-458,-528,-50912,5685,3797,2638,751,2310,1621,1520,589,601,-13,44,359,185,73,319,-17,-143,-174
22089,St. Charles Parish,-18,-127,191,-206,148,266,1349,-211,-753,-365,-91,-688,-261,-150,-193,-378,-85,-407,-28,179,-35,-163,-1560,-568,-194
22091,St. Helena Parish,-22,-113,16,-106,-45,-97,494,-94,-50,-6,-21,-221,5,-187,-258,-60,-56,-47,-129,-46,-16,71,-66,20,32
22093,St. James Parish,-53,-210,-143,-305,-252,-92,347,2,-325,-160,-99,-381,-269,-48,-218,-105,-84,-91,-287,-113,-65,-306,-379,-175,-71
22095,St. John the Baptist Parish,-40,79,22,173,206,239,1715,-281,-967,-732,-221,-837,-658,-1429,-116,-421,-329,-256,-308,-413,-77,-315,-2288,-433,-20
22097,St. Landry Parish,-96,-490,-268,-147,-80,13,1703,-96,153,-108,0,-514,-305,-389,-97,-298,-249,-512,-864,-756,-176,-12,-511,-383,-544
22099,St. Martin Parish,-37,98,-10,58,24,-201,907,82,82,-229,7,224,-461,-77,74,240,-371,78,-695,-265,-135,-65,-349,-280,-60
22101,St. Mary Parish,-316,-1052,-669,-512,-550,-922,502,-738,-600,-493,-141,-629,-918,-227,-678,-720,-1073,-1573,-1029,-622,-213,-875,-458,-846,-484
22103,St. Tammany Parish,586,2429,3946,3719,4447,4700,4627,1750,1591,773,563,1262,1411,2143,2284,2730,2381,2551,1547,1894,462,4885,2572,1225,573
22105,Tangipahoa Parish,79,167,84,656,811,969,6309,1680,800,497,166,319,189,948,656,956,1008,1041,874,350,410,1429,1028,705,1202
22107,Tensas Parish,-52,-147,-145,-187,-154,-79,37,-199,-165,-87,-27,-151,-121,-60,-89,-89,-117,-70,-110,-128,-23,-36,-159,17,13
22109,Terrebonne Parish,-294,-631,-574,-552,-567,-41,1264,-340,-424,-750,-212,-676,-686,336,59,-378,-1649,-1763,-1029,-1052,-222,-601,-4679,-1310,-963
22111,Union Parish,-29,-56,-248,107,-170,-34,68,-242,-169,-145,27,-148,-305,-101,108,-90,12,-110,-127,-120,32,44,-140,51,-66
22113,Vermilion Parish,-123,-323,12,-307,-28,229,232,-86,65,-246,19,-107,117,306,-22,131,-101,-348,-221,-507,-58,-60,148,-14,237
22115,Vernon Parish,-239,-931,-948,101,-1885,-483,-2595,-1917,-3033,1324,104,-1280,659,-2462,-752,-2320,-724,-2267,-2179,-1161,-219,-898,-1606,-1115,-631
22117,Washington Parish,-61,-171,-142,-86,35,220,98,906,369,8,-96,21,-430,-223,-80,38,16,198,4,-341,-44,-31,15,-2,142
22119,Webster Parish,-129,-376,-20,-268,-14,14,130,-137,-146,-71,30,23,-403,-202,-324,-270,-303,-418,-410,-376,-45,-550,-110,-74,-129
22121,West Baton Rouge Parish,-57,-85,-88,-174,24,-317,541,277,-198,-120,93,-13,-106,318,402,205,174,140,68,-52,37,469,152,151,-45
22123,West Carroll Parish,-30,-210,-12,6,-131,-88,-128,-196,-127,-70,-11,-82,-35,-12,65,-247,-161,-131,38,-96,-43,-31,-49,-121,10
22125,West Feliciana Parish,26,-94,-27,21,-130,81,273,-152,29,-136,-6,-149,-73,-7,-89,4,-37,65,99,66,-31,311,-64,21,-88
22127,Winn Parish,-58,-322,-43,-280,-209,-154,-49,-158,-198,-69,-34,-188,-76,-227,-20,-171,-99,-190,-167,-169,-7,-116,-187,-32,-170
2220,Sitka City and Borough,-23,-181,37,-28,-73,15,-54,-292,-109,-61,-2,-79,22,-125,-198,-101,-99,-161,-137,-96,-29,-71,-66,-74,29
2230,Skagway Municipality,4,-8,-15,16,27,0,-16,-5,-1,4,-4,-21,30,15,22,22,35,29,-4,20,-1,-87,-65,-4,4
2240,Southeast Fairbanks Census Area,-26,-591,-163,42,209,399,170,-20,-159,-60,10,-10,-108,-267,-136,-211,-38,-36,-59,-129,3,138,-39,-3,51
2261,Valdez-Cordova Census Area,2,-210,-137,-157,-129,-158,-185,-345,-240,-109,20,-7,-96,-74,-367,-217,-71,-160,-127,-13,,,,,
2270,Wade Hampton Census Area,-29,-123,-85,-58,-5,-184,-173,-62,-120,-149,,,,,,,,,,,,,,,
2275,Wrangell City and Borough,-3,-75,-77,-75,-70,-3,-11,-4,0,-57,2,10,20,17,-26,13,28,18,6,-30,2,-25,-24,-3,-13
2282,Yakutat City and Borough,-8,-2,-53,-26,-18,-37,-22,10,-31,28,-4,-14,-2,-21,-3,-26,-30,-13,-11,-22,21,21,-22,0,1
2290,Yukon-Koyukuk Census Area,-29,-136,-57,-120,-62,-230,-258,-62,-168,-161,13,-27,-37,-97,-126,-36,-69,-37,-70,-139,-40,-31,-100,-37,-48
23001,Androscoggin County,-17,170,546,773,283,-21,41,-780,55,-815,-156,-694,-280,-667,-363,-470,-107,-66,323,150,1,1795,610,603,204
23003,Aroostook County,-88,-897,1,157,96,16,-41,-100,-83,-162,-124,-142,-399,-572,-518,-477,-437,-417,-113,-45,0,352,716,412,67
23005,Cumberland County,79,1123,1259,1694,497,89,-631,247,589,224,-544,385,409,827,849,925,653,579,969,872,457,2157,2009,251,203
23007,Franklin County,17,69,301,-66,2,6,150,-65,-27,-60,-53,48,-80,-164,-244,-103,28,-53,223,391,19,982,477,341,229
23009,Hancock County,64,118,291,716,468,130,125,128,-6,84,-75,182,14,103,-51,-151,285,192,356,432,66,1209,549,289,295
23011,Kennebec County,33,613,460,827,462,649,279,12,247,-165,-30,-212,-215,-432,144,-137,531,585,346,500,298,1389,1672,1139,614
23013,Knox County,56,363,568,285,247,141,-57,17,42,-88,-26,46,-28,91,143,33,149,185,101,199,92,657,385,30,143
23015,Lincoln County,90,422,377,360,393,152,77,130,-99,-85,-53,-46,13,81,82,-101,297,340,296,341,68,1009,452,415,256
23017,Oxford County,67,296,551,264,445,357,208,232,11,-346,-64,73,-172,-48,45,10,266,348,419,439,152,1145,1137,832,218
23019,Penobscot County,-121,478,534,795,-707,206,968,-13,306,-151,-127,-211,-436,-89,-179,-1137,-606,506,305,491,21,1706,1906,1693,523
23021,Piscataquis County,10,-63,96,184,72,111,-6,62,-149,-135,17,-94,-5,-22,-45,-2,40,-10,61,131,34,523,323,288,140
23023,Sagadahoc County,-19,189,276,856,-274,-259,217,-134,-12,-310,-115,-102,-55,-71,41,98,93,344,299,255,37,585,311,234,143
23025,Somerset County,20,-122,-21,195,-121,106,438,113,-240,-269,32,-221,-78,-70,-403,-366,-24,-32,282,81,6,489,625,472,450
23027,Waldo County,168,527,473,286,176,74,266,-71,-191,-2,28,-7,13,4,-20,152,281,408,-16,144,78,466,409,452,301
23029,Washington County,-27,-390,-112,80,75,-184,-34,51,-216,-287,-20,1,-79,-187,-219,-119,-106,-82,74,185,72,344,561,250,221
23031,York County,1133,3371,3067,1755,1493,1140,-457,-1,184,-370,1,991,506,433,1058,592,1317,1988,1843,2047,397,3293,2280,2158,1182
24001,Allegany County,-132,-301,-285,-178,394,-293,5,453,114,50,-99,-234,-466,-207,-433,-301,-203,-468,-208,-332,-46,83,-91,421,226
24003,Anne Arundel County,378,2228,2685,1404,-1089,-1674,-4082,-1916,-536,2227,401,1673,1202,1413,-9,-277,516,771,1620,1162,245,-374,-1216,-2686,-2012
24005,Baltimore County,517,3431,3442,3626,2147,84,178,-2962,-2869,-2377,22,1141,-61,21,-2173,-2595,-2998,-3872,-3794,-3211,-956,-4311,-7109,-5782,-2881
24009,Calvert County,444,1683,2555,2520,1538,1017,392,133,30,211,92,28,-12,365,-250,-381,257,127,464,272,102,1182,221,-25,-160
24011,Caroline County,34,-18,147,336,-10,580,591,335,71,-186,-34,-320,-389,-95,-190,-74,135,177,94,9,-22,110,-52,74,127
24013,Carroll County,480,2194,3462,2945,2211,1150,1094,-2,-245,-417,13,-343,-318,31,5,-369,-276,401,672,120,100,1187,1257,920,28
24015,Cecil County,358,1417,1374,1810,1911,1501,1396,212,55,290,-6,29,-242,-106,50,10,-110,-282,44,102,78,329,836,736,474
24017,Charles County,342,2497,2401,2839,2044,1637,1073,190,-384,-290,259,987,238,984,695,181,700,1355,1303,1043,45,1499,669,1152,1440
24019,Dorchester County,-66,68,-28,141,379,374,201,412,172,-39,33,-46,-220,47,-119,-135,-162,-123,-174,19,11,136,133,396,260
24021,Frederick County,714,3704,4778,2649,1775,1371,693,1081,-251,-338,289,1214,530,-58,445,-98,452,2206,3050,3280,903,6661,4965,3486,2473
24023,Garrett County,-35,-119,130,120,-133,-123,-32,-19,40,-87,-12,30,-193,0,-306,-222,-16,-73,-30,-31,-19,95,-25,28,54
24025,Harford County,390,1534,3209,2877,1842,2232,1120,-1007,-286,-238,103,340,770,-505,-523,-884,-105,876,1365,1096,219,1850,500,549,250
24027,Howard County,788,2365,1131,776,-631,-473,-86,372,53,1733,570,1875,2212,1202,36,870,1000,676,861,710,132,511,-2304,-2333,-1274
24029,Kent County,74,172,218,138,143,211,144,101,426,-23,18,109,-237,-94,62,22,60,-127,94,124,-14,280,209,137,127
24031,Montgomery County,-389,-2582,-5081,-8854,-11560,-10635,-12748,-11532,-5297,961,312,576,-2442,-5072,-6776,-8778,-9314,-7393,-10633,-9423,-1914,-12149,-16521,-11310,-9394
24033,Prince George's County,-1569,145,-1952,-3246,-6655,-7506,-16698,-17085,-14683,-7976,-781,-3725,-4394,-2988,-2830,-6638,-9422,-10034,-9925,-9430,-2098,-14457,-20072,-12983,-7791
24035,Queen Anne's County,159,385,1091,1017,600,339,725,655,448,268,32,324,197,-50,138,127,-19,439,441,143,134,840,709,652,731
24037,St. Mary's County,92,347,1785,2344,1356,1289,846,854,368,418,372,890,262,-393,-71,150,-11,106,-300,288,136,59,-332,-123,386
24039,Somerset County,-23,420,222,51,198,-91,242,362,-163,-226,10,-186,-304,-148,-457,99,116,62,-239,53,-32,-334,36,494,161
24041,Talbot County,72,283,295,281,633,524,455,83,60,142,74,112,121,9,-280,26,-196,9,97,242,-1,437,253,167,201
24043,Washington County,60,591,1280,1520,2080,2134,1426,1093,-145,-120,193,563,-248,-451,-383,-369,130,314,309,256,0,-104,351,752,1254
24045,Wicomico County,59,-2,270,933,943,1339,1232,454,-24,-257,-39,267,-241,-330,-50,-201,-192,-335,351,186,-78,272,111,-233,-209
24047,Worcester County,237,825,675,526,316,-63,294,193,-44,-6,48,128,183,110,137,58,202,370,525,576,133,1209,747,424,312
24510,Baltimore city,-3181,-12370,-10893,-9165,-11585,-7577,-5838,-5651,-6366,-4883,-1019,-4913,-2388,-4697,-3197,-5872,-10253,-9236,-10340,-10919,-2094,-6814,-9228,-6397,-3150
25001,Barnstable County,1087,2165,2518,1905,-598,-1223,-961,-622,-194,265,201,480,235,866,765,717,644,1006,934,616,-384,6242,834,642,235
25003,Berkshire County,-152,-673,-315,-38,-386,-454,-603,-152,-514,-183,37,-690,-300,-551,-563,-912,-595,-488,-145,-662,1088,1062,-111,-253,228
25005,Bristol County,473,687,2712,1751,-1877,-2529,-3102,-1260,-810,-564,392,-1399,0,-274,1040,110,-853,966,1275,30,-1807,2775,-715,1179,634
25007,Dukes County,72,67,88,50,-18,-76,-104,15,53,128,12,98,122,311,127,-58,36,-10,-6,-19,-12,518,-330,-339,-41
25009,Essex County,110,360,-2696,-5465,-5845,-5130,-4041,-3275,-712,149,647,354,-450,1102,327,-988,-3830,-2420,-2329,-4047,-1529,-3731,-6738,-2712,-2195
25011,Franklin County,-70,-24,129,-25,-27,-59,-231,-182,-26,-269,-49,261,-182,-427,-147,-449,-305,-53,60,-355,30,270,159,-58,246
25013,Hampden County,-451,-2168,80,-192,-1857,-1821,-2565,-2753,-2369,-1205,-144,-2093,-3215,-2546,-1906,-3512,-4511,-3133,-3061,-2820,-1461,-1467,-2938,-1479,-1033
25015,Hampshire County,34,-385,391,593,-111,-118,229,150,266,-190,938,234,-393,-67,-550,-621,146,-842,-208,-469,-10761,18410,-209,-97,-749
25017,Middlesex County,-2241,-9957,-19932,-19600,-17996,-18171,-12509,-7007,801,4159,-251,137,-39,-137,-4605,-7165,-9596,-10248,-10430,-10597,-6466,-18251,-11590,-13065,-7271
25019,Nantucket County,21,-51,155,60,1,-118,-16,28,47,-93,-60,-156,59,55,115,-35,-11,-58,-157,57,-24,192,-178,-131,-59
25021,Norfolk County,-687,-2377,-3567,-5288,-4517,-4911,-2030,-651,1440,1255,862,470,230,1157,-1429,-2473,-2822,-1861,-1528,-336,-1696,-1743,-4582,-4380,672
25023,Plymouth County,518,1819,1545,-67,-1274,-684,-1395,-451,404,1301,358,195,-906,1200,1629,729,678,1058,1024,1105,-1498,3595,-584,646,858
25025,Suffolk County,-1729,-6964,-13241,-18973,-17989,-17947,-13248,-7259,-4832,-32,132,-1750,-95,-2638,-4295,-5633,-5614,-8449,-10905,-11034,-8388,-19504,-17390,-14066,-10260
25027,Worcester County,969,2824,1622,657,-2201,-1836,-1869,-3156,-3278,-1107,488,-1613,-2811,-1145,-1290,-2283,-3536,-477,-1747,-1743,-3955,2199,-3582,-1247,-460
26001,Alcona County,15,76,-70,107,79,152,64,23,-18,-118,-17,-22,-32,91,8,25,149,73,155,150,49,267,234,230,189
26003,Alger County,-14,-2,-34,-35,18,-26,66,125,-118,-212,-21,-22,-1,31,-18,-29,-73,63,10,36,7,-27,45,25,3
26005,Allegan County,164,1003,550,471,538,205,-289,-233,-284,-676,-41,-861,-156,80,829,395,349,988,408,504,122,328,222,468,323
26007,Alpena County,-40,-105,-230,-128,-104,-212,-311,-31,-87,-260,-38,-96,-48,-85,-17,-73,53,-114,27,76,-3,200,111,240,200
26009,Antrim County,144,250,294,314,172,7,-1,-42,-164,-188,-43,-116,-30,-21,72,-33,99,279,161,115,64,601,474,254,153
26011,Arenac County,13,-58,34,-45,-14,-8,-151,-122,-231,-281,-8,-147,-53,23,10,21,-92,-4,89,-28,26,115,211,132,34
26013,Baraga County,126,28,-38,-25,12,-66,56,-54,-109,41,-17,2,-83,2,-38,-56,-11,-62,-73,-63,-5,148,-12,74,8
26015,Barry County,79,351,183,280,-12,360,-266,32,-489,-613,-148,-326,-42,2,69,6,269,789,463,258,158,599,420,491,88
26017,Bay County,-130,-593,-203,-452,-330,-443,-627,-678,38,-381,-81,-322,-364,-76,-696,-545,-638,-114,-137,-384,-51,26,238,386,165
26019,Benzie County,85,339,251,334,124,194,70,-40,-148,-181,0,-59,4,82,181,-22,210,107,205,70,55,379,175,187,113
26021,Berrien County,-150,-1775,-858,-787,-849,-1642,-1439,-582,-302,-651,-204,-514,-855,-1091,-705,-1238,-1119,-411,-537,-608,-64,-544,-234,-585,-261
26023,Branch County,18,-173,344,-260,-189,-353,-277,-319,-760,-1334,-135,-1423,-218,-360,-30,-181,-311,-190,64,-172,-12,269,-876,557,58
26025,Calhoun County,-129,-554,-130,-255,-215,-1193,-1295,-1350,-971,-1417,-202,-1234,-860,-482,-501,-985,-457,-496,-392,-184,-64,13,-177,-15,223
26027,Cass County,7,-56,-97,-76,149,-210,-338,2,-280,-625,-52,-43,-385,-118,-48,-171,-19,243,291,104,-12,156,136,295,40
26029,Charlevoix County,51,164,26,90,-168,-118,-217,57,-255,-228,-35,152,18,75,26,20,-7,44,57,12,-4,247,133,122,134
26031,Cheboygan County,130,323,226,126,-20,33,-41,-168,-347,-342,-34,-64,-39,-56,144,-127,147,112,191,-74,78,401,421,281,28
26033,Chippewa County,13,-211,109,-46,-146,38,-105,154,-82,-164,-60,205,59,-493,-343,-304,-310,-14,-181,-57,-3,-752,471,166,-50
26035,Clare County,101,-34,233,-22,131,-122,-117,-347,-316,-210,61,75,-111,-131,178,-18,-133,315,243,286,10,541,416,209,181
26037,Clinton County,93,307,676,640,605,261,229,19,-257,-273,-22,175,-60,330,-73,-223,294,654,464,149,3,318,277,44,76
26039,Crawford County,77,95,142,122,-10,240,-55,-171,-39,-208,-14,27,-48,-19,-97,142,-44,209,31,156,14,394,258,204,148
26041,Delta County,13,-222,-63,-116,-38,-138,-74,-360,-132,-318,18,-28,-38,-9,-190,-93,-131,-184,79,39,0,223,193,220,83
26043,Dickinson County,5,-245,-22,23,356,-58,-23,-18,-156,-108,-25,28,141,-90,-82,-126,-111,-50,-11,-64,-32,47,249,157,34
26045,Eaton County,98,169,342,646,-57,81,-194,-413,-805,-1203,-99,-283,-325,-2,18,-313,137,-15,66,405,-23,-91,138,-52,111
26047,Emmet County,99,508,249,142,394,64,92,-155,105,6,-6,47,83,146,110,19,3,276,189,207,16,347,73,11,69
26049,Genesee County,-103,-1241,-1112,-1122,-1778,-2568,-3688,-5711,-7527,-6767,-1159,-4260,-4917,-3458,-3624,-2709,-2157,-1734,-1044,-1026,-112,-348,-1607,-103,282
26051,Gladwin County,78,361,333,167,157,-150,28,-368,-225,-212,29,214,-211,118,8,-222,17,189,216,256,45,361,383,442,184
26053,Gogebic County,-134,509,-116,-79,-158,-111,-192,-18,11,-39,-23,-182,26,-30,-67,-160,-110,69,-146,-1073,-8,179,118,-31,80
26055,Grand Traverse County,228,1535,757,517,520,671,717,555,296,33,-49,1264,670,787,554,601,320,-227,703,517,179,697,525,187,195
26057,Gratiot County,156,-73,-168,75,-97,-145,97,32,-116,-468,-38,-351,-197,9,-450,-99,-331,121,-354,160,-62,-210,27,375,-20
26059,Hillsdale County,91,-238,64,53,-196,-173,-231,-423,-641,-409,-69,-131,-387,-208,-340,-99,-170,6,-166,-129,5,-16,292,-3,41
26061,Houghton County,-85,-400,52,-274,179,-128,-570,-107,260,-110,22,-181,-263,-269,-409,-365,-65,-212,-336,-335,-110,233,98,-239,-168
26063,Huron County,-48,-286,-228,-177,-255,-325,-325,-331,-450,-290,-38,-238,-145,-82,-71,-93,-170,-51,34,-103,-2,173,92,-18,-22
26065,Ingham County,-644,-1840,-2291,-2985,-1551,-3587,-3897,-3275,-3297,-3002,-688,-1730,-2696,-2657,-1760,-1577,-869,-855,-2730,-1437,-393,-12586,10089,-435,-1558
26067,Ionia County,73,-107,635,33,221,-317,-88,-475,-541,-1727,-92,-275,-271,-144,64,-403,-83,-105,-176,259,9,-132,1,-700,102
26069,Iosco County,-20,-43,-107,22,91,136,119,43,-61,-129,-44,-80,16,156,141,88,122,45,137,182,16,472,380,155,246
26071,Iron County,-1,-135,-41,25,-128,-9,-36,27,-27,-86,0,59,-90,32,-48,50,-42,39,89,48,41,135,219,157,93
26073,Isabella County,-45,148,-27,508,396,93,11,-222,-397,9,-88,-69,-377,-898,-624,229,119,-513,-933,-921,67,-215,250,-256,288
26075,Jackson County,96,448,539,617,-561,345,-210,-680,-3125,-1072,-212,-877,43,-540,-446,-392,-1101,241,-57,-200,-113,211,127,-89,107
26077,Kalamazoo County,-116,-515,188,421,-2933,-782,-750,-497,-168,585,-27,317,1022,238,65,-702,-73,363,514,-715,-81,-1576,-260,147,-680
26079,Kalkaska County,36,137,36,178,-22,-145,91,-120,-109,-327,-25,44,-60,173,89,-109,73,326,237,229,3,138,297,281,284
26081,Kent County,-19,-1400,-2408,-3297,-3884,-3035,-2815,-3091,-4451,-2950,-1075,-58,1348,2335,1122,370,555,-73,-762,-1208,-461,-2837,-3622,-2443,-964
26083,Keweenaw County,12,-22,-41,-24,-44,-15,31,26,47,31,11,12,-11,-18,33,-53,20,-34,12,39,13,67,66,40,-10
26085,Lake County,36,237,-11,237,142,41,-582,-18,-43,-80,-4,8,41,-12,65,355,187,176,-51,23,26,325,468,176,337
26087,Lapeer County,260,465,567,322,289,299,-183,-740,-1343,-1295,-178,-193,-76,5,-135,153,-174,81,-95,-183,19,329,344,576,345
26089,Leelanau County,124,209,74,254,79,-43,9,8,-46,39,38,-273,-12,157,189,96,-98,202,125,87,45,488,370,223,43
26091,Lenawee County,14,177,309,35,108,-307,12,-373,-835,-1290,-328,-406,-553,-251,-193,-351,91,-90,-304,367,-83,90,-460,-431,309
26093,Livingston County,1128,3743,3653,2500,3116,2747,2021,-348,-1257,-516,-140,577,311,951,868,1181,870,949,1063,611,100,1330,1051,657,72
26095,Luce County,-20,82,-33,-95,-4,-71,-70,52,-101,-74,-31,-60,-36,42,-77,17,-49,52,-36,-74,3,-359,293,178,-2
26097,Mackinac County,5,-177,-110,-109,-47,-102,-172,-67,-217,-64,-8,-33,73,-18,11,-136,-60,55,55,41,21,184,121,-55,159
26099,Macomb County,1053,3932,2429,2369,2055,520,-683,-2359,-2273,-2153,-634,-691,1672,3897,2028,-693,-219,117,-302,-653,-363,-2008,-2706,-241,1529
26101,Manistee County,94,104,255,264,-177,148,9,-90,-110,-99,-156,286,12,-40,50,170,51,62,170,184,81,494,210,337,206
26103,Marquette County,-28,80,193,-8,466,41,112,-38,211,195,26,380,239,-105,5,-433,-829,29,-61,397,-26,-39,876,579,363
26105,Mason County,50,162,243,118,94,-75,49,-165,1,-7,4,-34,78,50,141,32,83,215,105,79,26,507,174,4,62
26107,Mecosta County,57,106,353,161,266,96,-320,-471,-149,-160,14,482,-75,-376,-144,-246,44,88,106,-4,78,372,748,321,211
26109,Menominee County,-41,-90,-113,-22,-22,-234,-211,-136,23,-185,-29,-37,-65,66,-134,-5,-177,-129,44,-75,-17,-5,96,-47,105
26111,Midland County,-54,36,-556,-261,-485,-596,-713,-564,-391,-379,-88,-161,-432,-339,-483,-150,-454,-289,-211,-241,-4,-5,357,187,-153
26113,Missaukee County,51,28,212,150,60,-37,-95,-77,1,-172,-18,65,32,16,-94,-83,120,-54,53,-18,19,150,96,104,-81
26115,Monroe County,289,705,510,616,818,769,532,-448,-1099,-794,-189,-806,-936,-836,-419,-582,-296,281,777,369,95,851,190,281,579
26117,Montcalm County,147,206,108,86,174,-281,-142,-584,-267,-417,-99,-240,-368,-395,-156,-137,93,459,317,-158,-40,847,-22,895,604
26119,Montmorency County,62,131,133,61,53,5,11,-8,22,-25,21,-60,-29,-25,54,36,-2,122,136,153,41,270,346,237,196
26121,Muskegon County,32,-42,-97,104,-199,228,-500,-687,-618,-1574,-477,-2454,-419,1599,-499,-173,280,20,-447,-362,36,951,239,965,818
26123,Newaygo County,55,349,-9,198,14,-47,-417,-235,-429,-601,-73,-155,-568,-88,-161,12,-102,428,525,126,112,402,432,425,319
26125,Oakland County,-1051,-6429,-11623,-6635,-6406,-8866,-8985,-9873,-7329,-4764,-1400,920,2219,3247,-1915,-6729,-3988,-3511,-5064,-4781,-1658,-2627,-7443,-9182,-4456
26127,Oceana County,38,-38,243,37,23,-192,-99,-357,-253,-415,-57,-168,-261,-116,0,-60,-94,68,92,-118,65,182,69,34,-26
26129,Ogemaw County,59,108,96,105,70,50,-38,-22,-27,111,-36,-28,-58,-79,-93,40,104,163,85,199,38,169,324,234,124
26131,Ontonagon County,-12,-14,-10,-57,-27,-100,-120,-76,-143,-119,-1,-85,-162,-44,-67,-73,-32,23,-3,-5,15,168,113,51,49
26133,Osceola County,17,52,124,-23,-87,-232,-236,-215,-294,-300,-9,-60,-205,-102,-122,-69,3,76,90,64,18,311,118,78,222
26135,Oscoda County,-4,63,-60,45,-105,-156,5,-15,-43,-165,0,56,-6,-164,-7,-22,3,37,35,58,22,182,152,229,102
26137,Otsego County,83,238,233,68,-24,22,-70,-244,-474,-305,-7,-67,-116,62,20,89,228,159,116,62,53,302,354,271,328
26139,Ottawa County,425,1595,585,968,912,-47,339,-231,-171,-1322,-277,692,1603,1415,1499,1242,801,1152,1694,438,456,541,1798,1539,1092
26141,Presque Isle County,-11,-42,7,-10,11,-31,-31,-10,-174,-85,-18,-61,11,31,49,-68,19,139,41,-27,51,295,282,54,106
26143,Roscommon County,89,359,240,389,51,90,59,-41,-252,-140,47,75,49,44,218,115,119,230,326,419,77,579,323,462,281
26145,Saginaw County,-389,-1211,-1010,-1391,-1001,-1763,-2250,-3180,-1767,-1445,-393,-1373,-1133,-2066,-2103,-2237,-1140,-801,-1378,-421,-137,222,-506,-327,178
26147,St. Clair County,269,564,435,1145,587,-535,234,-942,-1654,-1966,-382,-1169,-1104,-289,-117,-169,-136,-94,293,403,73,491,395,784,360
26149,St. Joseph County,-38,-489,-656,-214,-448,-422,-466,-414,-568,-1026,-117,-485,-415,-203,-136,-393,-175,-137,33,-113,-22,-79,40,133,-70
26151,Sanilac County,-43,-5,-181,-240,-2,-292,-133,-440,-629,-1023,-70,-421,-406,-391,-214,-136,-30,-68,31,42,-72,216,175,55,8
26153,Schoolcraft County,33,-75,-66,42,104,-54,29,-132,-275,-13,1,39,-108,-54,-50,33,-117,107,63,94,23,62,181,36,66
26155,Shiawassee County,-57,-12,-166,55,228,-580,-235,-715,-1125,-1039,-74,-673,-716,-417,-74,-276,27,-106,-252,43,-37,123,218,185,98
26157,Tuscola County,-50,-209,-199,6,-307,-520,-552,-415,-768,-826,-78,-274,-746,-506,-297,-196,-414,-387,-140,-281,27,-45,156,108,75
26159,Van Buren County,-36,-31,143,158,15,-398,-190,-591,-338,-135,-181,-469,-999,-184,-372,-319,-8,-9,51,99,-9,188,101,121,48
26161,Washtenaw County,465,636,241,-222,-203,-534,-1694,-2039,-6799,-822,-385,120,-1328,-34,244,-486,-802,-718,-1622,-4098,-633,-7533,-460,-3677,-3712
26163,Wayne County,-6817,-25879,-29363,-30267,-30739,-32901,-37290,-40482,-44752,-34794,-8051,-22088,-17875,-25954,-19143,-16163,-15276,-12460,-10365,-12052,-2803,-16439,-20059,-15477,-9730
26165,Wexford County,14,109,-9,277,78,212,-49,-88,-154,-221,-4,-183,-153,-77,276,-19,148,98,166,160,23,277,268,213,141
27001,Aitkin County,71,42,265,153,166,90,143,92,-84,-212,30,54,-77,-60,89,106,21,156,184,84,45,424,298,86,290
27003,Anoka County,790,1996,1042,371,1831,311,668,-838,-1249,-560,-156,-1235,512,467,-116,-259,-408,1432,920,1216,107,1079,-441,755,647
27005,Becker County,39,210,330,349,274,22,202,-59,-18,16,13,123,118,71,-63,91,179,248,230,-31,-5,179,108,-30,145
27007,Beltrami County,67,382,416,300,158,283,53,-128,146,189,10,161,-247,6,-212,-290,64,171,24,219,-7,98,233,-141,119
27009,Benton County,173,738,638,471,195,171,13,214,59,-5,-43,-7,-315,74,-77,-83,-64,243,134,123,-42,51,-175,-116,48
27011,Big Stone County,-24,-62,18,-47,-99,20,-47,-13,-20,-21,0,-37,-44,-50,33,-74,25,21,-11,1,-7,21,3,-23,-3
27013,Blue Earth County,-83,302,204,427,-22,245,495,202,190,-56,-57,-121,246,-578,104,-26,234,207,160,-72,13,-108,391,-215,-441
27015,Brown County,-54,-3,-46,-213,-90,-400,-31,-174,-178,-183,-22,-159,-270,-88,1,5,-4,-95,-41,-125,-10,27,-147,-57,-22
27017,Carlton County,36,243,433,392,393,255,-28,-102,344,129,3,7,-221,34,115,60,171,-31,302,50,-23,334,406,95,129
27019,Carver County,430,1223,1553,1709,1711,1919,1552,771,811,823,107,661,318,1041,944,495,967,1059,716,905,241,997,623,162,761
27021,Cass County,114,322,261,127,337,255,-64,-159,4,-291,44,-295,-46,68,12,113,306,343,178,304,110,664,709,250,206
27023,Chippewa County,-29,-108,-27,-139,-74,40,-81,-160,-69,-79,8,-170,-222,-62,-74,-16,-93,-121,-65,-148,-2,-194,-128,-159,-50
27025,Chisago County,344,1226,1219,1220,1085,510,405,164,53,-116,-62,-354,-540,31,14,188,265,460,518,391,25,772,386,518,200
27027,Clay County,0,10,13,58,596,415,437,190,679,612,47,382,-132,-11,180,376,288,210,-240,-294,-44,-51,95,83,627
27029,Clearwater County,-43,-38,34,-77,-12,-55,-62,-19,-2,-25,0,-8,-43,92,7,5,20,-21,-54,-38,41,19,94,43,-64
27031,Cook County,23,26,41,36,33,4,71,42,64,-38,-4,39,-47,7,45,-41,54,57,-6,10,2,52,86,-91,-75
27033,Cottonwood County,-43,-61,-82,-38,2,-216,-231,-62,-77,-137,19,-34,-158,-43,-84,-97,-73,-116,6,-69,7,105,-200,-40,-138
27035,Crow Wing County,172,693,891,764,609,578,833,562,454,103,46,-98,20,131,20,63,405,573,566,294,156,1271,716,528,412
27037,Dakota County,682,1602,808,120,724,725,260,456,-939,-1129,-405,-810,-770,8,124,-1318,-246,931,487,1160,-9,-5,-2144,1137,940
27039,Dodge County,87,118,221,79,175,30,16,-171,82,-87,22,-109,-81,-49,-68,-90,10,70,-21,66,-13,-28,-68,-40,-19
27041,Douglas County,81,323,414,507,411,467,284,353,158,61,-19,177,83,55,185,188,381,391,401,187,91,295,416,272,118
27043,Faribault County,-25,-164,-74,-134,-63,-257,-111,-126,-170,-126,-42,24,-224,-27,25,-86,-93,-58,9,-69,-9,87,90,-6,-10
27045,Fillmore County,15,68,49,7,-88,-62,-121,-23,-192,-115,-40,-43,-14,-111,-46,-63,127,2,17,-11,9,80,115,57,24
27047,Freeborn County,-53,-137,-460,-43,-178,-287,-126,-194,-312,-24,-39,-145,-26,-169,-186,-167,-111,146,-67,-187,4,-33,-31,-107,16
27049,Goodhue County,-1,372,265,11,147,-84,46,92,-83,-131,-1,-161,-69,-20,-136,-12,133,20,-16,-10,-13,540,105,19,-91
27051,Grant County,-8,2,27,-40,-59,1,-53,-4,-33,-105,-2,0,-63,40,-39,-70,67,2,69,-13,13,78,-15,24,-29
27053,Hennepin County,-1870,-7949,-15700,-14394,-12788,-14425,-10222,-5830,-3502,-652,-1544,2080,2106,1175,-1692,-3413,-1298,180,-543,-2922,-1350,-20243,-16183,-11862,-4610
27055,Houston County,5,162,-94,-56,-136,-22,-60,-160,-253,-102,-5,-145,-138,-29,-99,-18,2,-83,-111,23,-9,-1,-4,-12,-24
27057,Hubbard County,55,-39,107,11,167,-44,-104,64,-35,-181,0,26,-81,208,-85,9,32,270,312,182,50,402,220,171,74
27059,Isanti County,191,940,957,1202,852,775,740,417,61,-58,6,93,-213,-267,84,-162,324,663,242,512,250,510,685,394,346
27061,Itasca County,-18,-130,51,253,-40,11,33,267,-79,168,-29,103,76,282,62,12,-51,3,-31,136,38,284,449,385,100
27063,Jackson County,-29,-153,99,-70,-11,-31,12,-45,-119,-11,3,-40,112,-66,-6,-203,-151,4,-96,-45,-3,32,-110,13,-30
27065,Kanabec County,52,124,103,322,91,89,7,2,-56,-329,-14,-5,-239,12,-56,-113,16,139,131,44,21,195,324,194,-8
27067,Kandiyohi County,-134,-142,-539,-34,-235,-348,-351,-349,-218,-148,-42,-313,-92,-251,-415,-295,-414,-344,-268,-100,-71,-70,-321,-266,-321
27069,Kittson County,-28,-68,-115,-85,-62,-36,-93,-94,-24,-49,0,-12,-13,23,-28,-21,-63,-47,7,14,-12,6,-74,-2,-5
27071,Koochiching County,-47,-190,-135,-21,-60,-60,-143,-107,-142,-100,18,-48,-30,-30,-200,-32,-140,-46,-58,-153,-15,1,-2,-17,-72
27073,Lac qui Parle County,-19,-124,7,-64,-84,-91,-140,12,-75,-40,-19,0,-63,-100,-87,-21,-116,-30,-11,-4,-17,38,-2,20,-6
27075,Lake County,4,73,12,72,-25,-43,-22,-17,-47,-28,8,-47,12,-47,-81,-29,-3,25,157,58,14,168,7,28,-66
27077,Lake of the Woods County,-21,-56,-125,9,5,-45,-66,-146,-96,-88,2,-12,-47,-32,-18,-2,-79,-55,20,13,5,74,64,-97,-1
27079,Le Sueur County,38,108,182,384,308,100,276,250,-176,-134,-40,-84,-249,-18,17,-170,-94,301,222,148,-38,228,183,30,3
27081,Lincoln County,-23,-52,-61,-15,-66,-31,-70,-69,-8,-48,2,-42,-47,-10,19,-33,-8,-19,-9,-24,-8,-42,41,-9,7
27083,Lyon County,-38,-244,-551,-383,-266,-14,-92,-242,-7,-150,-43,-249,-398,-123,-204,-223,-157,-295,-569,-319,-104,-36,-306,-149,14
27085,McLeod County,-78,75,76,-47,158,102,305,-16,-259,-488,-65,-401,-508,-190,-209,-98,-124,46,-81,17,-28,84,-39,27,-102
27087,Mahnomen County,-18,-17,-55,-80,-65,-23,-71,-7,-49,-103,4,-20,-14,-62,-1,-114,12,50,-96,2,-24,22,-43,-32,-65
27089,Marshall County,-32,-184,-65,2,-79,-104,-141,-186,-165,-186,-19,8,-29,-63,-51,-41,-81,-46,-7,-69,-6,-42,-115,-72,-45
27091,Martin County,-25,-349,-172,-148,-167,-118,-198,-100,-39,-136,-2,-148,-146,-36,-128,-151,-113,-44,-73,-98,-34,-27,-187,69,-129
27093,Meeker County,31,48,55,59,45,-98,108,-100,-84,-228,-15,-218,-245,7,-44,-133,-62,-67,47,11,33,-31,126,-69,-35
27095,Mille Lacs County,108,466,709,559,461,570,358,150,-65,-59,-26,-260,-283,-29,-130,-86,82,226,183,119,-4,540,454,205,227
27097,Morrison County,47,146,172,-8,-110,33,-31,72,91,-238,-16,-102,-212,-256,-140,-105,62,83,23,251,-24,126,252,73,161
27099,Mower County,22,-209,-371,-230,-121,-519,-238,-338,-335,8,-30,-30,-170,-218,-169,-318,-191,1,90,-372,-20,-27,-397,-289,-26
27101,Murray County,-14,-64,-75,-68,-67,-103,-73,-120,-71,-26,-23,-59,-38,-65,-58,-47,-90,39,-78,-68,-8,-20,-65,47,-55
27103,Nicollet County,68,50,34,-22,13,-74,350,14,-74,31,-18,-4,-147,-212,161,-72,-17,125,16,-53,35,-209,53,-567,103
27105,Nobles County,-83,-208,-470,-266,-313,-229,-396,-188,70,-108,-74,-209,-237,-262,-454,-280,-254,-506,-226,-399,-113,-351,-440,-514,-337
27107,Norman County,-15,-109,-21,-111,-72,-68,-119,-60,-43,-72,6,8,-182,12,-15,42,-70,72,-96,-103,-9,12,-65,-19,-10
27109,Olmsted County,110,216,706,425,302,4,508,288,314,259,-227,-394,-528,297,-666,-631,76,-116,263,537,-39,-451,-971,-418,-468
27111,Otter Tail County,-4,-10,147,229,-11,-247,181,-256,-138,-331,-16,61,-32,238,-44,31,241,266,491,87,32,295,465,190,213
27113,Pennington County,-43,-184,193,-31,4,-61,110,-40,-82,-9,-4,62,0,-39,-78,43,-96,-81,-52,-98,-46,-137,37,-99,-77
27115,Pine County,134,341,319,104,175,79,-3,106,123,-125,-12,-180,-491,-130,-25,-2,-133,331,312,137,29,248,812,431,278
27117,Pipestone County,-57,-23,-120,-73,-96,-162,9,-10,67,-23,-12,-88,-141,-110,3,-85,-73,-118,-69,-43,-15,-79,-40,-75,-102
27119,Polk County,-28,-280,-141,15,-10,-60,-114,3,-228,130,12,-162,-98,29,-268,-128,31,-166,-379,-158,-105,-241,-67,-294,139
27121,Pope County,22,-39,86,-38,38,-28,15,-61,-4,-74,-21,-41,-27,-14,47,7,42,7,90,151,22,98,29,-8,77
27123,Ramsey County,-1149,-4139,-7686,-10733,-9541,-8644,-5892,-3021,-1940,-1337,-895,-190,-1344,-164,-1898,-3134,-2295,-2384,-1107,-3770,-1260,-10571,-10108,-6159,-3214
27125,Red Lake County,-21,2,-28,14,21,-76,-96,24,-19,41,-17,3,-49,-37,-49,9,-56,11,-37,48,1,-12,-73,28,-25
27127,Redwood County,-52,-124,-233,-194,-109,-213,-47,-134,-20,-140,-4,-55,-209,-106,-183,-98,-213,14,-8,-118,-25,-17,-40,-89,-121
27129,Renville County,-28,-195,-13,-134,-119,-37,-228,-140,-308,-140,-53,-247,-152,-222,-140,-131,-187,61,-86,-90,-27,-37,-57,-67,-71
27131,Rice County,19,516,284,478,320,172,411,-28,119,-368,3,-211,-367,-127,-107,-123,-35,-63,-53,-25,-37,80,253,18,167
27133,Rock County,-30,7,-1,-65,-144,-11,-60,67,-39,7,-13,-27,-108,-47,-41,73,-40,73,-42,-91,0,30,-93,54,-40
27135,Roseau County,-52,-193,-137,-7,-87,2,-253,-161,-74,-148,-96,-113,-61,-94,99,-111,-122,-295,-204,-44,-20,-12,56,-103,-70
27137,St. Louis County,-104,699,-852,-362,-1079,-1063,-450,241,528,302,-120,197,-112,-15,51,-507,-379,-122,2,-480,-58,-330,1676,520,468
27139,Scott County,1191,4661,4367,2980,4122,3169,2466,1644,1188,794,123,483,946,587,353,733,548,925,413,611,178,1066,71,-64,-147
27141,Sherburne County,715,1931,2741,1842,2490,2095,1758,793,465,-429,43,-268,-580,-109,80,-241,1102,554,791,582,211,1186,1200,769,17
27143,Sibley County,-26,-10,-129,-179,-161,-190,-76,-31,-73,-269,-3,-121,-137,-76,-197,-63,-70,52,74,-174,-43,105,-15,120,14
27145,Stearns County,65,70,207,-207,-267,311,578,479,-60,-159,-193,-641,-660,-701,-322,261,-624,-479,-209,-127,-78,-349,-632,-233,-375
27147,Steele County,41,85,-56,88,96,117,70,-58,-110,-185,-123,-178,-425,-136,-78,-61,-80,35,-121,-166,-30,-29,-62,-113,-161
27149,Stevens County,-40,-63,-80,-12,-127,-105,-141,-103,-6,-18,-17,-17,-33,-35,25,-64,-153,-176,-66,-30,-23,-14,-90,22,-177
27151,Swift County,-35,-382,-65,165,-204,-995,829,-129,-107,-152,-14,-78,-59,-91,-94,-111,62,-64,-72,-74,-32,-18,-48,-106,-45
27153,Todd County,-37,11,-248,-194,-43,-220,-192,-65,-181,-238,-42,-121,-395,-293,-211,-101,-36,-7,-86,-16,-14,-66,133,13,11
27155,Traverse County,-14,-123,-29,-27,12,-19,-35,-79,-51,-21,-12,-10,-61,17,-2,10,-35,-8,-1,-34,-9,-51,4,-73,-13
27157,Wabasha County,14,35,-88,13,-119,-142,22,-211,9,-93,-28,-144,-130,-21,-145,-97,-1,87,0,-72,20,94,130,19,-104
27159,Wadena County,13,-27,50,-143,-34,88,-149,88,-49,-51,-10,-152,-46,70,-44,85,-76,105,110,-49,41,40,110,10,156
27161,Waseca County,-23,-85,-35,-162,-225,-43,-44,-21,-175,-731,-25,-28,-53,-192,-168,-39,-169,-108,-81,-103,-14,15,-13,61,-374
27163,Washington County,864,2208,775,1287,-254,1771,2679,2204,1306,83,295,564,657,592,819,299,577,1763,2216,2420,541,3374,2379,1372,2960
27165,Watonwan County,-69,-106,-127,-246,-242,-191,-151,-192,-219,-38,-10,-88,-102,-96,-131,-91,-110,-151,-17,-203,-28,-102,-138,-191,-119
27167,Wilkin County,-18,-161,-26,-32,-145,-82,-122,-41,-144,-120,0,-1,20,-69,-19,-99,-19,-11,-64,-23,-12,-41,-25,-10,-24
27169,Winona County,-7,-369,-415,-115,-343,89,-194,-17,-338,-392,-97,-170,-159,-189,-452,-332,-85,-211,-36,-292,-44,38,-71,21,384
27171,Wright County,477,2095,3275,2825,2760,2106,2822,1664,1160,262,77,-93,-221,-229,512,97,318,904,1155,1132,242,2603,2015,2025,1917
27173,Yellow Medicine County,-45,-116,-177,-91,-152,-127,-83,-124,-139,-38,-6,-117,-129,-71,-98,-145,36,-42,-58,-104,-32,-62,37,-32,-106
28001,Adams County,-131,-484,-429,-473,-827,-324,333,-551,-458,-481,222,-173,-306,-15,-212,-704,-106,-568,-491,-414,-64,-791,-364,-129,-686
28003,Alcorn County,17,68,27,-43,224,60,278,183,-3,-38,21,168,-62,95,-5,35,11,-37,-310,197,-11,-213,-92,52,273
28005,Amite County,-20,-84,-96,10,-97,17,162,-205,-111,-224,-18,-4,-216,-56,-249,-6,-66,54,-92,-7,-7,16,54,-14,55
28007,Attala County,-35,-50,-27,-73,-88,-68,120,70,71,6,-32,-113,-222,-29,-240,-105,-54,-55,-130,-141,-26,-9,-97,-107,-35
28009,Benton County,-12,-143,-101,-46,-23,22,39,22,38,-153,-17,21,-62,-142,-185,-127,105,31,-19,23,25,29,-16,-67,86
28011,Bolivar County,-195,-577,-1065,-559,-732,-859,-131,-409,-631,-443,-103,-483,45,-163,-226,-706,-739,-848,-666,-519,-115,-512,-677,-517,-323
28013,Calhoun County,-24,-136,-168,-111,-127,-137,46,-88,-164,-136,-18,-52,-52,-111,-7,-48,-79,-67,-95,-75,-21,-158,-45,-135,6
28015,Carroll County,-6,-118,-189,-53,-56,-99,6,21,-38,-137,-3,-170,0,-63,-64,1,11,-58,-175,46,-33,-28,4,-127,-56
28017,Chickasaw County,-65,-66,-246,-174,-200,-249,-313,-213,-275,-212,-13,-11,-95,-212,-57,-109,-216,-136,-128,-45,-17,-62,-128,6,4
28019,Choctaw County,-15,-146,-34,-85,-184,-59,-93,-218,30,-72,2,-133,-30,20,-63,-24,-51,-19,29,-28,-19,-31,-7,17,46
28021,Claiborne County,-16,-189,-184,-351,-44,-18,-273,-416,64,-113,-47,161,-466,-237,-11,30,-60,-150,23,-98,-27,-378,-101,-173,-280
28023,Clarke County,-22,-168,-135,-172,-89,-190,80,-147,-40,-159,-26,-10,-164,-91,-118,-225,-78,-59,-215,-40,-42,-47,-138,88,-29
28025,Clay County,-35,-259,-36,-552,-17,-394,-214,-221,-242,-65,-60,-128,-97,-41,-158,-135,-146,-196,-251,-70,2,-97,-92,-51,-18
28027,Coahoma County,-152,-518,-613,-738,-656,-685,-571,-590,-609,-446,-67,-410,-386,-566,-471,-457,-768,-739,-638,-548,-123,-398,-485,-297,-340
28029,Copiah County,-31,-46,-258,179,-115,-177,105,-213,-192,-308,-61,-263,-308,-149,-48,-148,-259,-144,-139,-374,-72,-270,-156,-99,-246
28031,Covington County,26,-103,217,244,38,-117,116,21,96,-23,19,-103,-70,-233,-59,87,-54,-130,-210,-201,-7,26,-61,-54,25
28033,DeSoto County,1213,3520,3978,4283,5353,4854,6885,3909,3954,2133,234,1279,1459,1095,1521,1555,1639,2355,2192,2257,638,2472,2207,1913,1835
28035,Forrest County,77,-9,-65,412,35,390,1179,932,-35,581,-74,250,175,-319,-1270,-803,-374,-727,-570,-404,-50,-320,103,-99,-288
28037,Franklin County,-6,-113,-131,26,35,-93,14,34,-53,-57,6,-128,-60,-21,-58,-15,-7,39,0,-43,-7,55,-21,41,-51
28039,George County,16,145,224,269,111,296,555,238,300,5,61,54,-96,161,-86,-40,131,216,29,290,-8,451,393,330,255
28041,Greene County,-11,-124,0,57,-193,7,-142,652,541,1,-24,-64,10,-60,57,-804,31,-23,431,-444,-7,168,-64,42,37
28043,Grenada County,-73,-168,-62,-130,-50,26,241,4,-105,-103,-26,-235,9,-32,90,-136,-202,-141,5,-182,-20,-124,-93,-7,-95
28045,Hancock County,286,509,535,338,558,587,-7908,1118,578,359,58,615,392,223,393,278,382,418,356,394,111,108,251,240,384
28047,Harrison County,-152,-776,398,-89,1971,173,-25517,2929,1558,674,390,1823,820,1390,908,1024,883,1442,826,1088,139,758,1200,-503,1187
28049,Hinds County,-635,-2928,-2463,-1745,-814,-2264,-30,-4228,-3657,-1846,-107,753,-1821,-3267,-2478,-2630,-3211,-3293,-5245,-5018,-915,-4357,-5210,-3673,-3429
28051,Holmes County,-66,-312,-288,-461,-159,-268,-179,-369,-79,-379,-95,-411,-253,-176,-344,-184,-386,-179,-423,-431,-62,-298,-310,-267,-198
28053,Humphreys County,-66,-191,-446,-293,-188,-285,-191,-266,-81,-254,-67,-66,-165,-289,-195,-113,-138,-263,-88,-178,-41,-123,-168,-105,-103
28055,Issaquena County,-14,-99,-132,-34,-127,-81,-72,-94,-18,-55,-10,-3,4,5,-7,-52,-17,12,-39,26,-7,-2,-25,0,23
28057,Itawamba County,81,22,-19,196,-13,131,-65,-30,87,-116,16,-113,-38,91,18,171,-97,126,-35,-80,6,186,152,126,85
28059,Jackson County,167,-28,-712,227,429,-341,-7039,1789,52,111,-310,-103,-730,-42,430,-683,-355,102,194,262,81,1142,595,749,538
28061,Jasper County,-34,103,-153,-187,-145,-254,67,-42,43,-231,-91,-187,-324,-111,36,9,14,-23,-131,-35,-1,-83,-33,25,-95
28063,Jefferson County,-42,-138,-98,-249,-82,-240,-162,-46,-162,-3,-29,-144,35,-73,-98,-93,-206,-82,-136,-104,-8,-59,-30,-98,-68
28065,Jefferson Davis County,-80,-261,-239,-185,-320,-73,30,-233,-159,-108,-31,-296,-77,-127,-112,-134,-168,-117,-48,-49,-34,-48,5,-40,117
28067,Jones County,-73,-620,-343,-302,-23,91,-47,-112,11,-239,28,-206,229,241,-793,39,-406,-290,-288,-186,-76,-375,-200,-275,-261
28069,Kemper County,-33,120,-145,-59,-69,-158,-138,-148,-200,-53,0,-147,111,-87,-52,-94,-51,68,-362,33,1,-114,-73,-35,-15
28071,Lafayette County,-36,211,270,887,84,152,1294,216,172,70,95,556,1538,1139,241,448,556,497,-794,342,82,1803,694,400,180
28073,Lamar County,178,333,684,423,924,944,1338,1151,896,553,300,879,352,647,598,419,64,-211,715,317,111,821,171,159,301
28075,Lauderdale County,-165,-687,30,201,-701,-301,-496,681,341,189,4,17,-715,-198,-1164,-1140,-1133,-1128,-1139,-1140,-182,-370,-588,-557,-436
28077,Lawrence County,8,9,-102,58,-70,-58,-34,-56,-47,-26,-50,-215,-67,-62,-15,59,104,-178,-183,145,-22,-115,31,10,14
28079,Leake County,-36,378,137,162,148,106,70,-21,31,23,-38,-558,-115,9,-123,-498,-37,-10,-96,-23,-28,-12,-113,-86,-48
28081,Lee County,37,143,-198,236,-117,3,679,471,507,448,-46,804,406,-37,-489,-247,-177,-49,-18,-12,-66,-243,-72,-163,4
28083,Leflore County,-211,-930,-789,-1570,461,-625,-371,-319,-261,-785,-68,-615,-1430,-145,-120,-621,-566,-562,-729,-478,-92,-548,-757,-327,-414
28085,Lincoln County,14,-57,99,30,-1,136,443,6,132,63,-13,-73,-115,-181,-41,-203,-145,-66,-132,-71,-27,229,-28,2,141
28087,Lowndes County,-203,-955,-592,-556,-706,-698,-288,-458,-732,136,-50,-425,-399,-151,-337,-479,-393,-554,-593,-417,-90,-557,-509,-475,-377
28089,Madison County,301,1053,1238,1557,2023,2220,2486,1793,1500,1167,201,872,648,1074,863,1066,1005,354,698,344,84,590,1104,596,286
28091,Marion County,-20,-319,-167,-50,-11,-115,375,53,-36,-64,-30,-337,-341,-209,-395,-228,-249,2,-355,-154,-13,113,-6,134,41
28093,Marshall County,13,-186,50,265,-170,102,167,361,162,-152,-53,-386,-250,-132,-312,-291,-131,-152,-162,-81,32,21,373,383,340
28095,Monroe County,-37,-99,-434,-130,-131,-359,-156,-260,-63,-358,-102,-300,-216,-270,-108,-213,129,0,-267,-265,-16,-83,-177,155,-115
28097,Montgomery County,-66,-64,-203,-155,-128,-25,-32,-172,-237,-133,-4,-94,-137,-24,-204,-151,38,-90,-163,-189,-15,-13,-88,62,-112
28099,Neshoba County,-3,-349,40,218,212,126,-142,-134,11,-26,-44,-51,-128,-243,-84,-38,-22,-97,-310,-87,-37,-12,-71,-42,-33
28101,Newton County,-15,-68,-233,57,-12,-26,162,121,-174,-86,-18,-336,0,45,178,-129,-126,-86,-99,-351,-31,-150,-59,-3,4
28103,Noxubee County,-24,-195,-236,-243,-148,-196,-194,-114,-175,-233,-45,-216,-197,-167,-58,-157,-87,-204,-230,-173,-44,-94,-120,-96,-98
28105,Oktibbeha County,36,-625,-826,-465,-444,-69,354,260,-214,65,-61,-344,667,-78,-439,53,-236,-154,-809,42,-111,-63,-596,-579,-514
28107,Panola County,77,-130,63,-62,-107,-168,-8,-17,-73,-326,-43,-287,-176,-176,-106,-365,-88,-248,-104,-62,-61,-204,-205,143,145
28109,Pearl River County,89,429,544,339,661,402,4080,807,398,-104,-46,-333,-562,-133,276,-121,177,257,219,315,95,626,991,849,792
28111,Perry County,27,-27,31,-66,-66,-199,-52,145,-57,-248,4,-94,-216,4,50,31,4,-51,-110,44,-29,131,-22,-15,-26
28113,Pike County,-32,-440,-182,-299,-174,17,1126,-360,-119,-179,-21,-99,-451,-224,-69,-40,-280,-134,-133,-104,-76,-144,-185,-244,-194
28115,Pontotoc County,15,170,12,330,121,-4,295,-98,-96,30,67,-404,344,259,-8,-99,439,26,18,119,10,146,80,122,64
28117,Prentiss County,-10,-197,-12,91,-64,38,-149,-157,9,-5,-84,93,-119,121,-70,43,-57,-166,-147,32,-9,178,-25,191,120
28119,Quitman County,-58,-135,-169,-331,-35,-241,-259,-307,-236,-216,-41,-90,-273,10,-140,-203,-139,-158,-159,-236,-4,-172,-166,-69,-39
28121,Rankin County,602,1866,1503,2010,2640,2254,2834,1545,1373,918,191,660,682,615,95,135,1369,635,782,498,25,322,711,830,-275
28123,Scott County,-78,-200,-461,19,-222,-217,-217,-258,-359,-319,-5,-207,-299,-223,4,-343,-279,-166,-336,-355,-60,-446,-134,-286,-183
28125,Sharkey County,-43,-215,-124,-130,-190,-138,-231,-282,-60,-130,-50,-14,-125,-100,-51,-51,-42,-102,-46,-70,-31,-86,-133,-96,-145
28127,Simpson County,12,-297,237,-297,-84,188,-78,-254,57,-207,-19,-213,-46,91,-80,-319,-169,-45,-226,-53,-38,-86,0,96,-6
28129,Smith County,1,-80,-213,-122,-65,148,37,-10,-246,-31,-34,-42,-204,-128,-29,-117,-138,100,-85,-122,-11,27,-58,38,-28
28131,Stone County,48,324,-91,96,122,395,660,117,653,203,84,-47,137,-130,88,95,-83,392,-647,302,8,511,130,143,519
28133,Sunflower County,-168,-446,-606,-425,-1229,-832,-523,-248,-981,-635,-509,-507,-166,-535,-551,-593,-390,-325,99,-1081,-82,-777,-376,-348,-797
28135,Tallahatchie County,-43,-277,-291,-247,-214,-225,-419,-428,-419,-330,-30,-53,-292,-32,-272,-104,-241,-247,-151,-144,-47,-574,-195,-203,-511
28137,Tate County,31,-52,-98,100,228,111,247,49,143,-5,74,-336,-320,-196,-169,187,-200,234,-286,-45,67,165,269,80,278
28139,Tippah County,-2,-97,-45,-48,-99,70,-87,-36,-86,-39,-28,-168,-133,80,-26,27,45,-89,69,-44,-53,-66,-97,-119,52
28141,Tishomingo County,12,-154,118,-127,24,50,139,91,-112,-39,15,81,76,-20,19,146,53,148,-73,86,7,85,85,30,160
28143,Tunica County,-19,57,278,154,-65,42,136,-61,-143,-190,-70,-252,-271,-70,-72,-332,-199,-229,-131,-362,-61,-63,-186,-130,-263
28145,Union County,114,54,-12,150,53,329,65,-247,87,0,2,64,-49,251,226,79,-97,84,17,94,20,197,118,128,62
28147,Walthall County,-61,-33,-185,-8,-35,-65,419,-207,17,-179,-29,-53,-322,-217,24,-234,-12,-53,-58,-118,4,18,55,61,36
28149,Warren County,-140,-604,-412,-419,-136,-535,312,-637,-1025,-242,-21,-630,-276,-45,-485,-526,-565,-361,-681,-786,-140,-857,-692,-340,-223
28151,Washington County,-407,-1466,-1671,-1578,-1209,-880,-1572,-1369,-952,-640,-135,-877,-675,-574,-874,-1254,-883,-1045,-1205,-1107,-227,-748,-989,-542,-682
28153,Wayne County,-65,-144,-81,-192,-168,-85,-42,5,-432,-214,1,-248,-52,-189,-60,-51,-90,-84,-167,-153,24,-117,-57,104,-33
28155,Webster County,-2,-13,-106,-178,-35,-79,-2,-18,145,-72,17,-75,-103,-95,51,-72,-92,2,61,-57,0,120,48,96,117
28157,Wilkinson County,-17,-20,30,66,-125,-54,181,-149,-70,-14,-31,-292,-133,-128,-147,-81,-23,-145,-29,-116,-41,-155,-72,-123,-125
28159,Winston County,-7,-169,-205,-91,-120,-217,-93,-34,-308,-192,-17,-144,-40,-170,-94,-148,-68,-82,-26,-150,-18,2,28,-20,-4
28161,Yalobusha County,98,204,-53,36,-51,77,32,115,-111,101,-29,-106,-110,10,-49,168,10,20,-59,-231,-16,49,40,26,133
28163,Yazoo County,-68,-458,-218,6,-117,-130,755,-391,-497,-492,13,-24,-74,-401,-227,-458,499,511,324,515,-76,-1305,-445,-88,-1554
29001,Adair County,-32,-103,-3,-248,-104,-250,38,-174,218,10,-36,-102,-118,-45,-269,-307,-249,21,-100,-307,-56,-167,-134,-149,126
29003,Andrew County,27,63,-54,88,-39,-74,354,-38,53,102,52,-180,101,-2,-52,-1,50,93,159,24,-28,-54,36,126,-11
29005,Atchison County,-21,11,-87,50,13,-52,-114,40,-56,40,-28,-53,-24,-89,-45,-30,1,-20,-51,-11,8,-31,7,-8,55
29007,Audrain County,-60,-192,39,-80,-258,190,50,-322,-26,-340,-68,-6,-44,-6,210,78,-120,-309,-197,-76,-131,110,-331,-40,-68
29009,Barry County,-24,-140,11,293,198,215,352,-98,-68,-504,-18,-282,-94,-33,-50,-37,-72,350,125,65,17,332,292,388,309
29011,Barton County,-10,117,58,102,-8,28,-45,-265,-227,-152,-21,-62,-65,-119,-184,-141,14,-32,-11,-56,-14,60,71,71,-18
29013,Bates County,40,89,194,57,-73,-19,22,-64,-33,-196,-4,-41,-352,-147,92,-126,21,-27,28,-140,14,82,148,126,180
29015,Benton County,71,252,216,423,380,371,131,318,74,25,43,15,107,98,72,52,291,282,361,279,89,782,490,514,192
29017,Bollinger County,20,194,-10,-63,-20,-26,-37,-31,-202,-161,-24,26,30,44,-60,-92,-113,118,-77,-46,-6,59,-17,39,75
29019,Boone County,3,592,851,599,577,1505,2055,938,466,525,198,1098,839,552,-25,-29,287,-27,-339,22,152,1085,354,420,-356
29021,Buchanan County,2,-450,-370,-467,-220,-54,-245,682,-81,367,-249,231,-230,-411,-711,-905,-465,-774,-805,-1137,-345,-753,-767,-45,-95
29023,Butler County,-93,-151,102,4,201,306,88,-308,13,137,17,236,-53,-8,-119,78,-72,-147,52,-42,-69,232,206,-69,64
29025,Caldwell County,-11,28,0,74,26,7,33,16,-58,-35,0,-147,-174,-33,-23,12,36,7,26,-43,5,111,67,38,36
29027,Callaway County,117,391,357,-175,-463,720,280,64,161,-66,-21,-215,-63,-63,-89,-71,260,-161,-100,-260,15,371,152,33,350
29029,Camden County,180,187,442,282,439,714,737,486,273,-51,44,-273,411,121,327,227,273,665,545,558,124,1102,527,499,184
29031,Cape Girardeau County,16,229,174,156,587,405,777,187,289,419,115,458,117,151,158,39,5,-474,140,-53,80,402,731,-67,231
29033,Carroll County,-21,-53,15,-51,0,39,-123,-97,-93,-152,-8,-17,-183,3,-102,-57,-16,-38,-36,-14,-25,-25,56,-3,88
29035,Carter County,13,-61,8,23,-35,4,6,34,-24,-36,27,52,-42,35,-67,-14,-62,-24,-95,-84,9,147,-61,53,17
29037,Cass County,398,1599,1804,1015,2333,1359,1494,1866,844,305,136,-177,86,-39,-128,235,1026,651,1104,876,290,1725,759,1307,2002
29039,Cedar County,-1,185,11,54,59,206,-84,-127,-35,-124,20,-11,6,-110,42,37,123,209,91,239,13,338,113,86,297
29041,Chariton County,-7,-108,44,-32,-31,-56,-76,-113,-88,-72,13,-84,-50,-58,31,-47,-78,-32,2,-14,-19,32,74,37,11
29043,Christian County,578,1557,1552,1708,2208,2376,3025,2688,1804,1236,259,252,616,561,827,834,659,832,1292,1178,386,2260,1357,1043,1234
29045,Clark County,-21,38,-59,-62,-32,-19,-21,-6,-45,-39,3,-104,-63,-51,-1,-75,-65,-16,103,-45,6,103,9,-64,-32
29047,Clay County,350,1925,1460,998,1822,2406,4018,3000,2257,2933,254,772,743,1130,1143,668,1992,2576,2409,2231,485,710,117,1500,1272
29049,Clinton County,55,357,176,514,410,72,-55,435,34,-24,-12,-42,-81,-3,-228,345,-23,38,-89,-25,24,91,131,263,220
29051,Cole County,-32,-172,50,176,-815,-13,119,-87,313,101,48,-43,-399,-111,-434,-222,-426,-391,-180,-210,-580,9,254,164,142
29053,Cooper County,31,-29,279,-31,213,181,124,108,-272,-46,-20,-67,-6,61,-74,42,100,-48,-55,56,-370,48,123,205,185
29055,Crawford County,21,-86,392,159,49,63,51,109,-173,-46,-55,164,10,-272,78,-132,-219,-85,-82,3,-2,-87,0,185,178
29057,Dade County,-5,-18,-36,-6,-18,16,28,-34,-49,-112,-13,-40,-191,-3,98,14,65,18,-3,36,19,85,127,107,-19
29059,Dallas County,17,19,75,88,198,19,203,299,-59,-226,-32,-39,-57,-249,-120,10,25,301,70,94,61,335,290,209,116
29061,Daviess County,-35,-62,12,10,37,-62,27,-95,-64,-16,8,-182,-31,4,-17,-68,-73,105,-72,-92,-3,-35,56,81,-41
29063,DeKalb County,30,-86,-29,27,-613,-83,78,-12,-118,-71,2,-69,-27,-104,-85,20,-41,62,18,54,696,164,-373,-1423,18
29065,Dent County,2,123,-139,86,68,74,114,-127,121,-18,25,-75,58,89,-120,40,-206,68,40,31,0,160,156,262,133
29067,Douglas County,18,-17,201,-37,118,64,57,37,115,-9,-47,-2,-66,-107,122,-164,37,-46,119,-142,36,233,305,300,93
29069,Dunklin County,-51,-246,-215,-217,-387,40,-302,-266,-305,-328,-39,4,-148,-140,-484,-470,-306,-437,-620,-287,-55,-272,-157,-259,48
29071,Franklin County,127,440,506,353,600,526,508,494,492,-24,-64,-59,-629,61,-19,80,269,357,209,106,164,661,768,726,904
29073,Gasconade County,31,58,79,94,26,138,-17,-9,-108,-146,13,-110,-75,-43,18,3,26,11,35,74,-5,153,98,22,28
29075,Gentry County,2,-41,-130,-99,-15,-37,-79,-80,-26,-108,-7,71,-58,-26,15,-127,-34,14,-26,-19,-15,75,115,28,-1
29077,Greene County,143,1212,1439,2148,2613,2566,4184,2857,1493,1397,-88,833,1862,1933,498,815,-416,835,936,1310,294,1894,2076,1001,1504
29079,Grundy County,-23,-67,-146,62,-82,67,-89,7,0,-14,10,-12,52,-18,-201,-173,72,-149,-67,-165,-41,20,95,-24,-58
29081,Harrison County,24,-82,9,8,-25,120,-49,42,-28,42,-7,-90,-143,-5,-70,-4,-28,-49,-96,-10,2,40,62,23,-16
29083,Henry County,75,212,-91,242,57,-62,179,-66,-187,42,6,28,31,-43,-33,-237,-42,140,148,76,43,357,305,151,191
29085,Hickory County,9,82,-94,212,146,150,47,26,-26,-30,25,39,-89,-21,15,57,179,105,129,138,41,398,105,228,138
29087,Holt County,-24,5,-145,27,-38,-57,-57,33,-71,-25,-3,-70,-149,-67,-45,-26,-3,-59,15,6,-29,92,54,19,-20
29089,Howard County,-29,-66,-114,-26,-67,19,-36,-54,35,-2,-31,67,-70,36,-139,-10,-119,36,-30,-78,3,1,69,-48,41
29091,Howell County,-28,-116,73,135,168,518,212,147,311,-143,118,-43,-90,-269,-150,5,41,-45,23,-11,63,380,799,289,248
29093,Iron County,-47,-40,-44,-141,57,-22,-4,-109,-44,-15,-40,50,-58,-79,-39,-94,-33,119,41,-9,5,-2,88,120,35
29095,Jackson County,-773,-3752,-3425,-5410,-5844,-5021,-3741,-3067,-3233,-417,-419,-3673,-2299,-1312,-769,-325,1912,1855,-693,-845,-269,-1648,-3120,-434,1476
29097,Jasper County,79,124,521,536,734,649,1209,1128,739,652,131,-3088,-204,343,326,219,62,283,-23,423,28,309,575,734,818
29099,Jefferson County,237,901,961,1518,2007,1227,1957,703,419,207,100,-467,-576,225,369,496,-359,-125,201,329,260,1082,1518,1957,817
29101,Johnson County,48,423,330,661,-11,-115,-341,-160,-376,21,-44,250,205,-432,-646,-1020,-363,-76,-422,94,-84,-34,18,184,290
29103,Knox County,-4,-67,-15,-30,-32,-51,-37,-4,-22,-15,3,13,-33,-35,-70,-89,27,34,-30,-6,-6,66,5,-39,-5
29105,Laclede County,62,181,-79,197,264,596,534,271,55,-190,47,-118,-285,163,-218,-114,-117,-80,127,53,-2,158,262,334,50
29107,Lafayette County,12,-130,48,15,-100,35,-57,-214,110,-298,18,-246,-181,-199,-223,-2,-29,105,-5,192,59,-115,253,302,241
29109,Lawrence County,91,149,365,-11,141,352,209,299,-67,-134,-69,-144,-176,-347,-189,74,149,62,14,75,-40,372,488,207,288
29111,Lewis County,0,-95,-57,-115,-48,-64,-1,-53,-126,-110,-12,-2,-99,-16,-32,71,-65,-122,-114,-81,4,-5,-43,-24,29
29113,Lincoln County,247,1240,1174,1396,1307,1703,1927,1368,825,160,41,45,-74,238,94,104,331,676,1253,1072,225,1709,1249,1229,917
29115,Linn County,-33,-52,-116,-135,-101,-166,-178,-74,-103,-28,-7,-136,-71,-127,14,-11,-110,74,-109,-84,-11,52,40,5,143
29117,Livingston County,-44,11,-98,-24,-70,-47,32,53,11,122,-58,18,-97,-128,163,-38,241,60,14,55,-15,260,-227,157,86
29119,McDonald County,-71,-223,-228,131,57,58,-8,-213,-309,-93,-53,-312,-53,-449,91,-273,-135,-143,112,-293,-32,77,36,166,-430
29121,Macon County,-24,-83,-141,160,-33,107,-6,1,3,-63,16,-89,109,-54,-19,-174,-98,111,-78,-44,2,41,-50,117,31
29123,Madison County,1,22,60,-18,118,87,126,200,104,-47,-30,35,136,-81,-39,23,61,39,-9,-55,14,133,154,10,132
29125,Maries County,-1,-124,-20,20,188,37,31,26,-127,-112,10,22,-151,40,-9,-44,-103,-2,-19,-61,20,15,46,27,77
29127,Marion County,-19,-293,-122,185,-111,62,93,-177,41,80,-29,-70,-62,-31,-73,-115,-64,-109,-80,-56,-36,75,15,-118,171
29129,Mercer County,1,-18,-80,-23,-44,-55,-59,-20,6,-2,-8,9,-57,-40,11,-20,-15,9,-55,-15,-15,-24,-12,-6,-91
29131,Miller County,49,282,144,-35,381,40,136,-15,-31,-82,-24,-36,-98,196,-17,43,99,184,95,285,43,222,492,195,108
29133,Mississippi County,-70,-169,-74,304,121,33,8,-183,-137,-133,-19,-53,41,-68,9,-210,-203,-116,-184,-164,-353,69,-368,201,130
29135,Moniteau County,-7,-92,112,-7,-117,116,-52,-45,-123,-29,-3,11,-122,0,14,-14,42,-7,58,-110,-202,52,-70,-24,115
29137,Monroe County,31,-54,-22,24,-1,-38,20,19,-62,-162,-48,-118,18,74,-36,-97,-4,-36,46,15,19,64,-41,85,150
29139,Montgomery County,-4,-53,-69,-22,74,-6,-49,1,-70,-156,3,-8,-233,-124,-88,-131,-75,-13,132,72,-33,221,105,42,132
29141,Morgan County,78,287,92,276,306,177,260,115,-28,-264,2,-96,-265,96,-4,13,65,89,284,235,15,532,414,238,450
29143,New Madrid County,-74,-185,-380,-164,-314,-511,-240,-171,-141,-75,-32,-135,-253,-138,-111,-132,-229,-295,-253,-160,-68,-167,-212,-179,-71
29145,Newton County,23,-85,105,532,368,425,279,303,-288,-75,-13,194,-133,-311,-361,-73,-25,-35,-82,3,16,850,636,506,460
29147,Nodaway County,-40,19,50,-77,19,3,-99,-17,-85,-9,-20,-21,-137,-240,-221,-400,-207,-105,-181,-145,-204,-56,-335,-85,-491
29149,Oregon County,-5,-107,98,65,63,1,104,-11,-12,-30,51,131,-89,-22,-95,36,-75,-149,34,6,-13,87,151,92,32
29151,Osage County,14,-36,-22,119,-66,34,75,-180,25,99,-22,-9,-98,-180,-57,-120,27,24,-10,-48,-19,151,6,58,-28
29153,Ozark County,11,-87,23,72,-46,0,84,-31,53,-57,15,-55,-14,-49,-14,-26,-119,72,-123,155,0,388,258,91,152
29155,Pemiscot County,-73,-289,-170,-379,-319,-211,-381,-243,-337,-239,-58,-160,-145,-351,-213,-181,-366,-285,-551,-433,-50,-267,-320,-170,-191
29157,Perry County,-21,-2,51,-69,39,68,-27,144,-91,78,-32,22,-33,27,37,-53,106,21,-20,-150,8,20,-75,73,155
29159,Pettis County,-27,-136,-256,-97,-91,247,81,-54,-78,56,7,-302,-51,-288,-184,-141,-202,65,-131,-270,-20,149,57,-35,-111
29161,Phelps County,44,-130,603,259,304,271,130,-203,-526,-72,58,-371,-323,-489,-357,-434,-265,-363,-247,-191,-69,484,344,-58,-199
29163,Pike County,-50,-31,-9,88,-123,287,-70,-196,-9,-160,-23,134,-157,59,-135,-97,78,26,-62,-217,-139,203,76,309,152
29165,Platte County,291,1155,1179,847,833,760,564,1010,607,662,217,487,577,519,841,779,1479,1721,891,946,328,1180,1299,805,249
29167,Polk County,14,278,310,405,216,474,595,312,31,180,6,-17,-149,23,-73,136,74,379,473,-63,75,531,624,128,199
29169,Pulaski County,337,914,1114,1790,-1414,-505,-820,201,-212,1264,241,-371,-1103,-346,-1321,-1308,-1447,-1156,-298,183,-88,-418,-316,-336,-195
29171,Putnam County,15,-31,-23,-12,-46,10,-17,-117,-25,-62,-9,7,-13,-41,-36,12,-26,-21,-38,-53,6,26,-1,-6,-98
29173,Ralls County,26,5,26,-46,-26,114,4,-50,-108,-64,16,64,-64,-36,101,-92,70,-7,-24,49,6,66,85,113,17
29175,Randolph County,-8,-17,-51,264,103,142,-27,12,-41,-234,1,-217,52,-378,92,25,-90,-58,-216,-42,-212,189,145,-505,282
29177,Ray County,-7,-17,72,99,-50,-145,112,-220,-31,-215,-23,-191,-266,-17,-99,-169,-41,157,83,93,-16,7,144,155,118
29179,Reynolds County,22,-158,75,-11,14,-35,-29,-25,-70,-96,7,-86,-6,-81,-12,-57,82,-69,29,17,-12,43,-35,-4,-18
29181,Ripley County,-1,-100,79,62,20,18,52,-8,-67,-91,18,34,-100,-13,-56,-159,20,-187,-104,-65,7,20,163,181,-42
29183,St. Charles County,1551,5891,5544,5276,5722,6220,6254,4482,2826,2809,538,912,1171,2668,3043,2856,3314,2404,1801,1567,918,3457,2403,1556,2948
29185,St. Clair County,24,-29,34,-4,47,21,-33,121,-56,-50,40,-100,-105,27,-11,44,-58,130,50,56,86,114,207,181,125
29186,Ste. Genevieve County,50,-18,-1,52,-9,-75,-30,-63,-179,-194,-8,28,-319,75,-51,-109,55,-47,82,15,-7,122,108,73,-37
29187,St. Francois County,75,379,502,1064,2666,1309,411,419,419,456,144,60,197,348,-300,516,188,382,145,566,-398,972,237,351,585
29189,St. Louis County,-1510,-4551,-6051,-6870,-8002,-7866,-6516,-7447,-5612,-3610,-1189,-3680,-3157,-3513,-4069,-3724,-6765,-5358,-3550,-3548,-774,-4442,-9005,-5746,-3930
29195,Saline County,-12,-345,-482,-160,58,-76,-147,-125,-192,117,6,-130,48,-261,6,-268,-169,-217,-61,-174,-2,-16,-234,59,-64
29197,Schuyler County,2,-24,40,12,25,-52,-37,21,42,19,3,-59,-13,-24,21,89,-22,-11,50,37,-22,5,-18,38,-12
29199,Scotland County,-2,-10,-74,3,-56,-37,22,10,-39,10,-5,-13,2,17,-86,-12,55,5,-48,-69,-18,-36,-54,5,-48
29201,Scott County,-61,-77,-301,42,-134,10,-118,-136,-245,-85,19,-255,-87,-21,-413,73,-290,-199,-122,-280,-26,-72,94,71,63
29203,Shannon County,-11,-32,-37,-58,46,17,4,62,2,-2,-11,-37,-86,-35,18,-18,-36,5,-50,-35,12,118,158,58,52
29205,Shelby County,-7,-11,-34,-47,-8,26,-161,-32,-80,-45,-4,-101,-20,-54,-52,26,-46,-45,10,-93,-4,-91,55,-44,30
29207,Stoddard County,-14,0,202,-120,97,79,-8,-116,-254,-354,56,-160,15,-23,-24,11,-164,-43,-44,-177,-1,-60,20,119,162
29209,Stone County,85,160,461,589,454,179,665,346,70,-84,10,-22,-150,-76,-42,34,316,290,234,406,188,640,716,699,82
29211,Sullivan County,0,-12,-17,-222,-132,-95,-65,-138,-12,-43,5,-90,-141,-90,-28,-139,-83,-159,-12,-169,-14,-50,-69,-13,-134
29213,Taney County,199,179,542,476,497,813,1091,1232,1104,501,163,545,104,270,460,297,329,434,602,145,5,496,620,159,21
29215,Texas County,-17,1018,204,-150,352,9,273,-24,-31,50,43,-136,-145,-103,-7,42,163,-139,-115,-75,-127,724,558,422,160
29217,Vernon County,-40,-61,-112,-77,11,-37,-129,-101,0,28,-21,-119,-178,34,11,-229,-107,-163,-20,55,-54,-22,111,184,28
29219,Warren County,145,493,608,644,630,842,757,613,499,129,10,-150,24,69,118,210,209,436,238,771,218,883,726,474,606
29221,Washington County,49,-43,97,35,96,-105,197,75,95,-142,-15,-164,-70,10,-58,-291,61,177,-64,-206,-75,116,131,236,122
29223,Wayne County,4,-11,-127,67,-79,61,-169,-117,-16,-15,9,-42,48,80,77,8,-156,144,-116,-180,-13,98,18,83,73
29225,Webster County,141,466,345,208,607,386,516,595,243,-147,30,-56,-238,21,156,340,304,371,225,218,-119,477,626,911,375
29227,Worth County,-7,-52,-22,-31,-37,-54,-26,10,-70,3,-14,-13,-41,4,-16,-6,-10,33,-10,-18,-8,16,-5,-16,-8
29229,Wright County,-5,-91,78,-49,-88,89,-60,24,58,-395,32,-199,-42,-239,-142,-67,21,47,5,111,4,474,550,291,114
29510,St. Louis city,-2078,-7753,-8613,-7275,-7260,-9664,-8768,-6074,-4386,-3197,-797,-2957,-2659,-3218,-3552,-3974,-5562,-6485,-6701,-4414,-1030,-7170,-8564,-5611,-5635
30001,Beaverhead County,-17,-179,-89,-101,-39,-47,90,-34,86,-22,-1,-70,121,-69,21,-40,142,-21,-51,49,7,210,229,160,130
30003,Big Horn County,-47,-1,-201,-185,-52,-224,-204,-113,-129,32,4,-4,-212,2,9,-216,6,-130,-231,-170,-56,-129,-44,-70,-64
30005,Blaine County,-52,-236,21,-119,-166,-51,-109,-99,-129,-29,-3,30,41,-108,7,-81,-23,-10,13,-115,-40,-20,-34,-89,3
30007,Broadwater County,-5,13,-12,24,87,-1,119,77,92,110,16,100,41,-74,-21,64,79,153,149,155,77,496,433,256,232
30009,Carbon County,23,83,31,30,-2,90,-28,33,-33,47,4,27,58,204,99,2,134,212,30,46,67,431,333,189,75
30011,Carter County,-11,14,-12,-14,1,-25,-23,3,-39,7,-4,-19,31,-8,-2,-13,26,45,12,19,-5,15,-13,14,10
30013,Cascade County,-273,-529,-248,223,-355,-608,-782,-490,-211,-201,40,-196,-703,35,-557,-651,-627,-122,-136,-595,-62,238,524,-171,-3
30015,Chouteau County,21,-199,-148,-83,-72,-76,-40,-5,-28,-16,2,-11,134,-74,71,-115,1,-35,-1,-87,11,48,18,-32,0
30017,Custer County,-22,-245,5,-126,42,-127,-76,18,-10,77,0,54,44,55,108,44,-259,-111,-136,-171,-4,141,93,22,-38
30019,Daniels County,-1,-3,-80,-16,-53,-17,-33,-43,4,17,4,24,9,-1,23,-41,-16,-1,3,-43,-1,34,-20,-10,13
30021,Dawson County,-17,-131,-182,-9,-54,-1,5,39,-60,61,-27,64,212,147,94,35,-338,-316,-260,-56,-19,-15,4,42,-80
30023,Deer Lodge County,-20,-111,-68,-54,77,48,-102,63,75,-73,13,48,7,100,-87,40,4,89,79,65,17,160,61,159,146
30025,Fallon County,-26,-83,-17,31,-16,-83,-14,23,9,44,-6,18,70,21,34,38,-95,-96,-101,-77,-11,-30,41,-56,-55
30027,Fergus County,-16,-118,-57,-71,-9,-78,67,-51,17,78,7,-82,-2,87,-73,-24,49,-1,-154,-51,29,210,114,152,24
30029,Flathead County,137,1015,988,1558,1317,1595,1883,1883,1362,17,-169,9,90,995,1315,1117,1680,1995,1762,1629,524,4067,2775,1580,811
30031,Gallatin County,356,1293,1238,1999,2130,2637,2970,1913,1603,-414,-65,1107,539,1251,1765,2606,2923,2976,2297,1973,489,2944,883,639,424
30033,Garfield County,-12,-6,-22,-8,-28,-39,17,-8,-41,0,-15,56,-16,14,21,12,10,-22,-25,-2,-1,41,9,-8,-35
30035,Glacier County,-64,-188,-108,-85,97,-221,-123,-171,-186,6,17,-8,1,-24,-204,-197,-33,-109,13,-175,-36,-2,-52,-38,-38
30037,Golden Valley County,-17,-16,35,-20,44,33,-24,11,-56,6,0,-46,0,23,-2,-23,-7,6,-3,-6,-2,6,24,21,-17
30039,Granite County,11,45,12,4,-22,46,-5,-8,-31,15,8,11,-24,38,90,25,130,77,30,22,4,63,133,108,53
30041,Hill County,-76,-274,-279,-160,-91,-113,57,-11,-214,4,11,105,-169,-7,-218,-223,-141,-142,-267,7,-53,-120,-134,104,-127
30043,Jefferson County,23,61,114,90,245,206,79,220,158,170,12,-35,-35,120,63,100,196,140,182,158,61,411,405,236,236
30045,Judith Basin County,-2,-61,-27,-48,1,-36,-17,-58,-25,9,-2,-52,4,-2,-7,-52,8,3,0,61,-2,20,40,14,10
30047,Lake County,113,115,-75,161,402,281,86,-219,89,54,9,101,-135,-79,-3,171,210,474,-20,261,132,931,763,488,217
30049,Lewis and Clark County,64,121,-207,597,695,218,734,748,729,525,135,432,260,184,289,356,460,813,711,740,172,1381,1210,1143,287
30051,Liberty County,-6,-62,-82,13,-4,-57,-95,-33,-57,4,8,25,22,-36,-11,45,19,-13,8,-73,-3,-26,37,-4,-13
30053,Lincoln County,-24,-258,-54,96,96,131,-11,166,64,-18,-3,-17,-83,-17,-178,-40,301,302,349,297,98,1030,977,501,414
30055,McCone County,-10,-93,-53,-31,-20,-7,-16,-1,-50,-49,6,-25,4,10,11,-21,31,-26,-34,-7,2,-20,3,-37,24
30057,Madison County,16,7,79,-32,121,197,115,224,115,11,1,-36,35,17,123,133,58,213,260,95,56,332,285,290,257
30059,Meagher County,-6,-4,-16,19,30,-30,19,-21,-18,7,-3,4,9,24,-35,-21,18,8,14,9,-3,51,64,42,22
30061,Mineral County,1,-79,-35,73,1,91,34,-93,-28,-22,0,-5,-97,105,-13,9,-51,140,75,112,43,351,195,111,74
30063,Missoula County,153,770,1057,577,478,876,1474,1113,1071,435,24,292,330,123,407,850,1648,1084,477,603,342,1360,873,541,598
30065,Musselshell County,5,-86,12,19,47,-41,97,17,57,91,12,200,-36,-22,-25,-22,24,7,25,26,21,210,309,187,75
30067,Park County,16,-55,61,-111,-10,125,73,138,72,-218,-42,-103,102,89,212,90,118,263,264,-24,54,384,277,201,200
30069,Petroleum County,0,-13,10,-11,8,-35,-3,-28,2,4,3,0,15,1,-16,-14,20,24,1,-19,3,22,1,27,-13
30071,Phillips County,-46,-92,-118,-83,-42,-93,-78,-1,-39,43,6,-45,-67,54,12,-40,-48,-12,-57,-102,-8,14,35,29,-35
30073,Pondera County,-37,-49,-88,-92,-100,-12,-23,-41,-111,-65,1,12,-52,48,-74,-72,-77,-88,-42,-82,-18,140,60,13,-27
30075,Powder River County,-2,-31,16,4,-48,-45,53,-33,-5,-29,-3,20,27,12,28,-6,-18,-4,-31,-44,-2,20,25,15,7
30077,Powell County,-1,-146,-34,-57,7,133,154,12,-59,82,-1,81,5,-89,-49,-62,68,-24,169,-37,2,119,86,98,44
30079,Prairie County,-13,33,-23,1,-11,-47,5,-14,40,13,10,-37,-2,30,-35,15,30,-57,-27,3,-1,20,20,6,2
30081,Ravalli County,195,394,631,837,554,283,490,485,242,-160,100,59,206,143,164,438,825,760,731,770,279,1982,1229,692,498
30083,Richland County,-53,-226,-154,-118,-99,60,32,52,44,131,0,342,590,319,299,281,-563,-429,-185,-78,10,-233,-173,-116,-91
30085,Roosevelt County,-30,-143,-256,-116,38,-149,-260,-223,-151,102,-1,-29,240,122,108,46,-318,-187,-172,-107,-21,24,-226,-185,-166
30087,Rosebud County,-23,-224,-142,-87,-164,-86,-157,-71,-97,0,-4,27,-85,-148,-76,-39,-183,-85,-251,-143,-26,-192,30,-21,34
30089,Sanders County,16,155,-36,61,341,95,139,145,44,51,-26,45,10,-36,45,6,208,258,186,282,78,651,520,381,217
30091,Sheridan County,-21,-106,-100,-106,-6,-90,-41,-1,-63,23,1,83,134,90,51,1,-54,-132,-96,-69,-10,41,4,-35,-5
30093,Silver Bow County,-85,-721,-284,-255,-114,-31,-46,-38,189,173,25,140,37,-41,121,-160,-56,87,-47,181,83,433,448,470,93
30095,Stillwater County,17,103,1,-33,-65,-2,128,145,29,76,-2,46,10,75,-35,184,-53,50,66,157,54,63,185,45,200
30097,Sweet Grass County,29,-31,11,-33,69,-20,17,72,-32,-46,-35,-9,5,78,2,-11,3,60,22,31,-4,69,46,50,27
30099,Teton County,-1,-55,-77,33,-119,-99,-17,17,-14,-103,8,-26,-18,-29,-45,19,-71,56,11,9,24,39,90,103,13
30101,Toole County,-5,-65,-89,-237,70,22,-80,-139,47,93,8,-196,52,-100,-7,-45,-128,-95,-47,-115,-5,32,61,58,23
30103,Treasure County,-4,-32,-54,-14,-1,-44,-20,-23,-6,-48,1,-5,10,-31,1,-4,-2,-11,-1,18,-3,11,-13,18,-33
30105,Valley County,-41,-139,-109,-132,-39,-97,-146,-7,19,-103,3,88,48,112,7,-16,-101,-132,-26,-40,-13,25,-22,-74,-17
30107,Wheatland County,-10,-72,8,-63,-13,-37,-58,29,45,-10,-7,-29,-40,29,-43,0,18,20,20,-61,12,-19,6,23,-11
30109,Wibaux County,1,-39,-13,-12,-9,-18,-13,24,-23,31,-8,-16,60,63,-19,-9,-21,-23,17,-63,-2,12,3,-8,25
30111,Yellowstone County,-16,582,708,817,896,1332,1067,1027,1784,1387,234,748,1182,1493,864,605,832,818,421,858,375,2217,2244,743,613
31001,Adams County,-76,-265,-478,-164,-138,70,-269,-217,109,-33,-38,-225,39,52,-291,63,-38,-73,-432,-286,-25,-229,-90,-187,233
31003,Antelope County,-21,-177,-18,-46,-97,-87,-176,-81,-72,16,-29,-52,-79,-85,-81,-10,-71,-9,-53,-35,-15,10,1,-22,42
31005,Arthur County,-4,-37,-16,6,-19,-18,10,-9,-16,-25,3,1,9,-23,0,2,15,-11,7,3,-1,6,-5,-14,7
31007,Banner County,5,-14,-38,-8,-15,-21,1,-21,-41,-39,-1,-35,21,-13,-9,43,-2,8,-10,15,5,7,-33,14,-7
31009,Blaine County,-1,-26,-21,-15,-35,-23,1,-34,-12,18,0,-8,24,-27,19,-15,-14,10,-5,-15,2,36,-9,-14,21
31011,Boone County,-47,-87,-83,-174,-64,-43,-99,-26,-54,-66,-6,-93,35,-48,-26,-41,26,-10,-88,-46,-20,50,-3,-51,28
31013,Box Butte County,-66,-290,-117,-348,-248,-145,-154,-26,-21,-266,-43,1,-38,-32,-40,-53,-189,-368,-117,23,-18,-165,12,-11,-54
31015,Boyd County,-2,-36,-16,-32,-32,-5,-45,-16,-14,-37,9,-27,-8,-26,22,1,-12,2,-3,-26,-2,5,-23,22,-29
31017,Brown County,-7,-9,-4,-19,-28,-113,-2,-86,-64,-29,12,-39,-39,-73,26,30,-3,34,-33,-8,7,24,-24,-29,-23
31019,Buffalo County,2,-173,243,-11,201,5,165,13,-43,237,-36,248,312,-87,-323,-28,91,-165,-314,8,15,-91,56,-67,156
31021,Burt County,13,-98,-147,-74,64,-145,-76,-104,0,-16,-9,-14,-101,-73,7,8,31,9,-24,7,5,18,80,-21,42
31023,Butler County,-5,36,-38,-93,-100,-133,-57,7,-23,23,-1,-114,-5,-8,-67,-102,-37,54,17,-28,-6,78,4,24,10
31025,Cass County,16,57,100,227,162,9,2,-29,9,-290,21,-99,-162,107,63,-25,172,256,209,17,10,515,86,262,14
31027,Cedar County,-33,-175,-125,-114,-96,-74,-250,-185,-135,-53,-22,-69,-55,-72,-99,-38,74,-82,-71,-62,-2,-57,42,-91,70
31029,Chase County,-19,-69,20,10,-72,-57,-56,-85,-77,23,8,24,33,-54,18,-15,-64,-7,-2,-14,-15,-48,-61,-28,-22
31031,Cherry County,-13,-109,-33,-48,-1,-53,-144,-128,-103,-101,-2,23,-1,13,-26,64,-11,-30,-49,-92,1,-8,29,-14,-8
31033,Cheyenne County,-12,89,14,-61,-34,87,-228,122,-59,-207,-27,-26,56,-37,24,0,-120,-416,-375,-371,28,41,39,26,27
31035,Clay County,-25,-121,-79,-61,-86,-162,-100,-66,-54,-58,3,-77,-71,-32,-53,-36,-169,38,-6,-8,-1,-32,-9,70,-55
31037,Colfax County,-34,-166,-149,-245,-160,-404,-402,-197,-95,29,-10,-86,-128,-248,7,-179,-300,-319,-222,-267,-58,-219,-259,-206,-156
31039,Cuming County,-26,-149,-123,-181,-151,-105,-168,-158,-85,-114,-2,-32,-68,-83,-13,26,-146,-5,-41,-108,0,-33,-41,-64,-34
31041,Custer County,-5,-180,-62,-114,-58,-49,-178,-95,22,12,-24,53,-47,6,-66,48,-13,42,-39,-48,-35,10,34,78,-150
31043,Dakota County,-70,-360,-375,-293,-473,-613,-237,-102,-376,-23,-41,-433,-365,-192,-422,-241,-492,-460,-229,-208,-57,-436,-433,-217,-333
31045,Dawes County,-28,45,15,26,-241,-92,-123,73,-124,19,-15,8,-108,-90,-78,-84,-66,-34,-196,-118,-35,-4,135,-95,-109
31047,Dawson County,-68,-417,-547,-287,-412,-385,-37,-393,-288,-197,-47,-275,-476,-164,-336,-420,-508,-471,-262,-474,-69,-317,-335,-199,-481
31049,Deuel County,5,-8,-59,10,-11,-30,-41,-3,-13,-28,0,44,8,-35,6,-10,-42,9,-37,-26,-6,33,48,-27,10
31051,Dixon County,-26,-79,-71,-82,-64,72,8,8,3,-11,-30,11,-109,-81,-84,-12,-48,-14,-86,-93,-13,-20,-68,-52,-60
31053,Dodge County,40,-272,-251,-69,-132,-67,-72,-112,-290,-171,-34,196,-335,-142,-7,-157,-67,-12,-155,-275,-47,31,-98,59,91
31055,Douglas County,-507,-2001,-1587,-619,-434,17,-471,-1239,-423,997,86,368,903,355,-187,-71,-648,-1129,44,-677,-173,-3668,-3732,-1905,-1054
31057,Dundy County,-6,-90,-19,18,-11,-50,-31,-29,-31,9,2,-26,38,-7,-68,-85,32,-7,-9,-60,0,-12,-27,-37,15
31059,Fillmore County,-27,-75,-77,11,-53,-92,-34,-55,-4,-22,-2,-22,-79,-31,-13,-10,85,-46,-18,-73,17,-12,12,27,-14
31061,Franklin County,-21,-48,17,-18,-23,17,-67,-144,-30,16,16,-21,-2,-104,-9,-53,27,-20,35,-43,-2,17,0,0,1
31063,Frontier County,-8,-41,-63,-82,-22,-90,-91,-43,-105,-64,-1,-61,9,-8,-1,-98,5,-31,-29,17,-11,55,84,-11,-42
31065,Furnas County,-28,-81,27,-54,-107,-71,-32,-92,-61,4,3,6,-16,-27,47,-7,-62,9,-51,-27,-9,-6,-17,-31,-90
31067,Gage County,-7,149,45,77,39,-127,63,2,-226,-199,-8,-301,-219,140,-194,203,-49,35,-111,46,-21,48,64,188,135
31069,Garden County,-5,6,-29,4,-66,-128,-7,-81,-53,-47,15,3,-67,-43,-1,13,-3,-4,-4,-54,12,-24,16,-23,7
31071,Garfield County,-5,-5,20,-25,13,-12,-5,-27,0,-7,1,-9,6,59,-13,17,-2,26,-4,5,-4,32,-27,-6,-33
31073,Gosper County,0,-65,-15,15,-25,-23,-51,9,-59,-45,6,-46,79,-53,-12,19,0,6,-33,-8,2,-48,14,21,-14
31075,Grant County,-1,-4,-27,-39,-22,-17,-3,-29,-18,-56,0,11,-8,5,-10,16,10,-21,7,-41,0,-28,2,-26,0
31077,Greeley County,-3,-44,-28,-52,-47,-83,-21,-67,-20,-81,5,-8,-72,15,-1,-53,-33,-28,-14,-5,-8,10,48,-21,-29
31079,Hall County,-162,-729,-437,-367,-232,-537,-10,-117,341,394,22,114,13,-230,-238,-693,-555,-809,-531,-572,-185,-980,-527,-553,-849
31081,Hamilton County,-24,-54,12,34,-32,-32,-51,21,-13,-37,6,-57,-63,51,-17,38,-16,-4,31,45,-15,-8,67,96,52
31083,Harlan County,-2,-37,-70,23,-70,-80,-48,-13,-78,-60,2,14,-2,89,-31,-34,15,-18,-34,3,-12,47,-36,33,-18
31085,Hayes County,-2,19,4,-15,-26,-17,-55,-29,8,-25,-7,-10,-37,14,-43,-3,-36,-9,7,-12,1,-14,8,-29,-1
31087,Hitchcock County,-3,-3,-36,-1,2,-91,-3,-16,-16,-27,-2,-43,19,-17,40,-9,-44,-7,3,-22,8,-1,31,-50,-73
31089,Holt County,-58,-184,-171,-187,-196,-46,-239,-121,-138,-80,-2,-20,-86,-13,-54,-93,-74,-67,-37,-107,-30,-40,-53,39,-84
31091,Hooker County,1,-30,-12,6,13,2,10,-12,3,-7,0,5,-16,16,-7,2,-15,-13,16,7,-4,31,-43,2,20
31093,Howard County,-17,-55,0,73,-33,-51,-43,-5,-42,25,-12,12,-4,34,10,-3,16,-7,46,-25,17,37,-2,21,-3
31095,Jefferson County,-2,-61,-47,-128,-61,-118,-70,-212,-80,-70,-17,48,29,11,-181,-52,-28,-3,-66,-54,24,-62,29,-51,46
31097,Johnson County,-11,-116,505,147,290,-159,2,-120,35,-14,11,-4,-37,13,73,28,-7,-19,-32,-30,3,54,-40,-33,18
31099,Kearney County,3,-42,-50,10,-33,-97,-74,2,-111,-81,-1,77,-66,-15,74,-32,4,-57,22,-60,7,-34,-4,32,13
31101,Keith County,-7,-117,-85,-316,-114,-86,-87,-11,-196,-31,8,-94,-14,-28,35,-13,-13,-31,-63,34,-5,-24,-18,-18,19
31103,Keya Paha County,-1,-24,-13,0,-33,-42,-21,-33,-17,-29,2,-5,-16,-10,8,-2,-6,-3,12,2,-5,33,8,1,10
31105,Kimball County,-30,-35,-18,-92,-27,-12,-66,-91,-53,32,3,-39,16,-107,30,-22,-43,-78,12,62,-16,25,-57,-36,-24
31107,Knox County,-31,-168,-60,-32,-38,-123,-44,20,-142,-93,-3,-73,0,-8,-54,14,22,-32,-44,-75,-7,48,-85,24,21
31109,Lancaster County,218,185,961,1314,-636,625,292,563,646,399,-12,1110,642,859,2040,540,862,581,300,36,65,-1350,-595,45,-75
31111,Lincoln County,-30,-217,-300,68,168,201,149,-173,13,-199,-51,-308,-186,-117,-384,-184,-115,-274,-221,-320,-97,-335,-312,-131,-155
31113,Logan County,0,3,-16,-30,0,6,1,-15,-22,4,6,4,2,-16,-18,20,-3,-34,-17,-6,-2,-22,-2,-33,29
31115,Loup County,-3,8,21,-12,-39,-14,-12,13,-19,-1,2,-11,-13,-19,5,10,9,-9,15,44,-1,-6,-1,-8,-4
31117,McPherson County,-3,-6,4,-14,-14,-14,-11,14,0,-35,1,15,-44,19,-20,-22,17,-7,-1,2,-2,-10,-5,-2,-6
31119,Madison County,-125,67,8,-334,-431,-413,-496,-1414,-240,26,9,-220,-150,-88,-322,-352,-309,-36,-173,-291,-86,-249,-77,90,-415
31121,Merrick County,-42,-133,-3,-42,-32,-124,-110,-115,16,54,2,-95,90,-27,-49,7,14,4,-127,19,-1,17,60,46,96
31123,Morrill County,-6,-97,-132,-48,-55,-61,-40,10,-56,-71,3,-45,-51,-2,-5,15,-50,-66,-125,-39,-2,33,-40,-6,-68
31125,Nance County,-1,-49,-105,-118,-60,32,-28,-65,-27,-32,-1,5,-49,-118,-11,51,-10,11,-49,3,11,9,-32,-25,26
31127,Nemaha County,-5,-142,-131,-133,-61,20,40,-122,33,-131,3,24,-71,-1,-18,-123,-20,-33,-25,-22,15,-72,48,80,14
31129,Nuckolls County,-19,-71,-107,20,0,-80,-99,-66,-61,-74,8,-42,8,-14,-23,-31,-40,11,-46,-46,1,10,20,39,7
31131,Otoe County,31,40,-52,-55,19,4,92,24,-157,-156,23,-28,-80,-36,36,29,22,-64,-8,-39,-6,77,116,68,-15
31133,Pawnee County,-2,-56,8,-85,-5,-17,-77,-2,-76,23,13,24,15,-34,-5,-38,10,-78,-2,-11,-5,20,1,-8,30
31135,Perkins County,-23,-77,-15,-39,31,-11,-114,-43,-73,-34,8,-35,-16,-42,-27,57,-53,-19,15,-20,-4,-34,13,-33,-16
31137,Phelps County,-7,-50,-26,-126,-46,-132,4,-216,-45,-100,7,-24,45,-23,-31,47,-25,-136,-53,-1,3,-29,64,58,-83
31139,Pierce County,-32,-77,-95,-46,-126,27,-120,-119,-50,-66,-19,-85,-17,-16,13,-14,-85,-51,22,-18,7,-49,-25,-57,-11
31141,Platte County,-97,-370,-535,-369,-272,-18,-2,92,-108,230,-27,30,-114,-319,-96,-181,-189,-60,-207,-69,-47,-178,-183,-70,-274
31143,Polk County,-26,-119,-13,-49,-94,-23,-95,-8,-84,-25,-5,-47,-44,-11,21,-84,9,119,-80,-29,18,-8,53,-2,81
31145,Red Willow County,-2,-59,-112,-80,-101,-76,-190,-166,-46,22,-9,-23,-11,1,-168,-16,-113,-53,-48,1,-21,-29,-43,-19,-68
31147,Richardson County,-13,-189,-92,-148,-37,-41,-113,-138,-25,-53,-5,-7,-24,-106,-28,-42,11,5,-16,-46,-3,4,1,7,-12
31149,Rock County,-1,-33,-37,-71,-11,-40,-9,-3,-6,9,-2,-39,-40,17,14,-11,-4,21,-65,8,2,5,-23,32,1
31151,Saline County,-4,35,10,61,-135,-192,-273,-77,-149,2,-7,3,-1,-220,-155,-210,-96,6,-137,-233,-61,-252,-63,-99,-31
31153,Sarpy County,45,1326,1608,1947,1489,1876,1307,1927,2098,1075,303,939,792,1415,811,1340,1230,1417,1117,1607,186,1485,1415,1994,2339
31155,Saunders County,-5,-11,-122,62,52,92,-173,-10,-149,-94,49,-115,-117,30,-25,44,7,-6,222,258,96,460,340,269,-110
31157,Scotts Bluff County,-27,-601,-69,-192,-306,-140,-203,-14,64,46,44,-173,-97,-147,-541,-305,88,-389,-328,-397,-32,-112,-151,-149,-58
31159,Seward County,9,57,-54,-53,121,-76,42,-202,155,-247,39,-126,134,73,-36,-44,101,61,59,-30,-9,-61,102,61,138
31161,Sheridan County,-23,-191,-10,-153,-32,-141,-87,-63,-102,-15,-12,-71,-28,-88,45,-7,23,49,-76,59,-17,14,-56,-56,6
31163,Sherman County,-19,-19,-79,-22,7,-34,-96,-22,-13,-54,7,-46,-17,-4,-32,24,-6,64,-49,-42,3,25,49,-14,-15
31165,Sioux County,-7,-72,28,31,-55,-12,-33,-19,-55,-44,-1,7,0,2,-8,-43,-19,-60,-23,-28,11,9,-26,28,-51
31167,Stanton County,-42,-47,39,-23,-38,-68,-35,-139,-130,14,-11,-7,-121,-10,-31,-185,8,-37,-41,-84,-19,-19,-79,78,-77
31169,Thayer County,-9,-145,-132,-76,-96,-39,-128,-14,-56,-51,2,-41,-3,65,46,-61,-23,-25,31,-12,-7,-80,10,8,38
31171,Thomas County,1,-25,-29,-15,-35,-13,-8,-3,-18,-26,-4,45,5,-4,-8,-9,23,-2,-13,3,3,2,-7,13,-29
31173,Thurston County,-37,-99,-125,-37,-99,19,-104,-85,-170,-13,11,-128,-62,-113,-1,16,-20,-1,-13,-120,-13,-165,-136,-26,27
31175,Valley County,-1,-24,-65,33,-80,-85,-33,-42,-98,-14,6,-36,-1,-28,30,-64,25,30,-43,-47,0,15,3,-39,5
31177,Washington County,4,220,8,154,-16,166,61,35,-192,-60,-380,-33,-29,-114,-2,-60,244,75,272,73,56,62,182,-23,40
31179,Wayne County,-44,-123,-187,-32,-152,-28,7,-303,-111,-3,4,-216,10,-124,-76,-74,-28,-214,75,40,-6,134,-12,-74,-88
31181,Webster County,-17,-52,-57,-37,-16,-44,-54,-10,-80,-6,4,-34,-4,-56,22,-20,0,-32,37,-40,-7,24,-20,34,-1
31183,Wheeler County,-8,-33,-25,-28,-7,18,-12,6,-12,-34,3,-9,-22,-19,6,-13,20,8,-17,-20,1,12,-3,-12,5
31185,York County,-26,-89,-204,-103,-269,55,58,-72,-257,-237,-30,101,26,3,24,-140,-57,16,-35,-104,-24,145,91,62,-19
32001,Churchill County,-27,-39,-549,2,-118,198,26,-20,-90,-85,-122,-258,-517,-432,-229,11,-103,88,445,341,72,211,224,105,156
32003,Clark County,12436,41367,37578,35754,53888,39331,44578,33465,14322,-1256,-2728,-4929,11572,11959,20061,25808,27704,29124,35356,31643,8282,14129,16202,5078,11931
32005,Douglas County,126,686,819,712,1606,160,-82,48,-109,-349,23,-13,53,125,533,187,531,469,728,691,104,807,15,154,442
32007,Elko County,-185,-763,-1454,-1059,-365,395,821,664,-452,74,-4,-26,1127,983,-286,-1368,-77,-116,-251,-120,-89,-110,55,239,-208
32009,Esmeralda County,2,-35,-65,-53,-23,-12,-11,-66,-25,-47,-4,-3,31,68,-11,6,-5,21,-18,46,4,16,18,-3,8
32011,Eureka County,-19,-21,-47,-152,-62,-20,72,52,37,78,10,-24,9,60,-66,27,-93,13,45,29,-3,59,-44,55,6
32013,Humboldt County,-256,-870,-644,-325,128,-40,196,60,92,126,19,-69,291,127,-276,-345,-346,-195,-32,-55,-29,294,-374,-160,-115
32015,Lander County,-116,-353,-383,-239,8,-26,101,63,-33,-9,2,-3,25,88,-155,-146,-236,-153,-79,-53,-5,34,14,23,-39
32017,Lincoln County,3,-32,63,24,-8,154,93,73,172,119,16,-75,122,-76,-55,-47,32,44,46,-47,-53,-24,73,28,-20
32019,Lyon County,315,1137,1541,1938,2908,3622,3446,1642,210,-480,35,-717,-434,122,300,650,821,1252,1948,1691,278,1827,874,1148,1103
32021,Mineral County,-53,-135,-114,52,159,6,3,28,-82,36,6,-142,36,-86,-82,-33,-13,101,105,5,17,129,-30,46,26
32023,Nye County,438,830,834,1091,1969,2832,2549,1763,194,199,-55,362,-80,-392,301,460,701,1119,1670,1747,593,2132,2078,1514,814
32027,Pershing County,-53,-159,-36,-194,-29,-19,-10,-9,-118,-33,-11,-123,129,75,-167,-90,-51,-104,199,29,-19,-163,41,-54,116
32029,Storey County,-3,41,-9,109,165,342,102,123,146,-24,-16,-79,-56,-21,17,78,120,16,25,155,11,71,48,48,-8
32031,Washoe County,758,6091,5958,5300,6334,5465,2878,3300,1418,-1762,16,174,1433,1726,3428,3984,5704,5781,6807,6281,1045,6227,1273,-213,2133
32033,White Pine County,-154,-340,-104,-108,13,383,251,17,9,10,16,78,-139,25,-25,-173,-132,-157,-131,29,-9,-199,-60,-174,78
32510,Carson City,38,523,732,469,447,-307,-944,-434,-69,-398,-258,-207,-200,-451,437,26,374,519,787,795,129,610,-291,331,50
33001,Belknap County,273,1197,1180,941,748,260,-102,106,231,73,-7,135,137,-147,143,198,491,348,498,432,155,1201,467,738,553
33003,Carroll County,232,358,940,635,891,239,835,475,314,-107,37,-36,69,-51,81,116,265,842,885,402,211,1866,675,618,484
33005,Cheshire County,86,324,598,919,464,152,394,-20,-408,-243,-97,-197,-68,-231,-309,-207,-345,10,31,217,112,368,725,430,651
33007,Coos County,39,-97,67,138,98,174,-104,-165,-311,-315,-71,-298,-384,114,980,-264,-205,-315,317,274,-8,491,401,87,415
33009,Grafton County,-61,-18,438,564,669,570,413,89,490,-162,-29,-238,-22,120,-126,-773,369,-166,-132,209,103,-577,2382,51,402
33011,Hillsborough County,457,2478,-461,-772,412,-933,-1135,-1737,-1818,-1274,-403,-1365,-1408,-1622,-420,-994,-528,-253,-554,650,-155,87,935,-876,-40
33013,Merrimack County,284,1549,2210,1458,1123,1241,1177,176,-56,-360,-119,1,-144,-100,234,88,-63,558,636,551,249,499,1787,881,858
33015,Rockingham County,824,3206,2238,563,211,546,1030,-145,400,-108,-22,272,1232,620,1290,752,1062,1864,1296,1173,427,3588,1230,1122,1336
33017,Strafford County,274,1239,900,566,607,272,1019,857,326,89,-83,317,26,-309,977,-58,685,1199,-323,484,158,392,892,1172,668
33019,Sullivan County,91,281,268,472,206,199,321,24,-14,-195,-8,-268,-334,-108,114,9,-12,39,130,77,33,711,405,235,98
34001,Atlantic County,-157,-164,1434,2082,2584,384,-808,-1602,-1570,-841,-350,-2000,-1808,-1712,-3253,-3716,-3942,-2594,-2110,-507,-156,925,345,-851,73
34003,Bergen County,-1485,-6178,-7292,-7485,-7128,-9889,-9925,-6016,-2647,-1562,-77,-406,-698,-862,-1798,-3408,-4568,-2393,-3627,-4439,-794,-1788,-7055,-3043,-2251
34005,Burlington County,416,3463,5086,5160,1227,-1119,-1176,-2751,-2843,-1038,-16,-500,-1327,-2779,-1927,-2463,-1816,-1007,-1319,199,94,2237,1279,1582,2151
34007,Camden County,-1194,-3263,-1445,-2148,-1396,-1036,-1960,-2810,-3446,-3292,-1018,-3741,-3990,-4324,-4402,-3581,-3492,-3407,-2077,-1610,-206,-135,-858,89,-642
34009,Cape May County,-56,-103,-52,302,-1032,-906,-407,-811,-16,-67,52,-473,-121,-331,-327,-507,-216,-107,-248,181,-33,1387,253,-124,-8
34011,Cumberland County,-310,-693,1,292,637,1101,183,-92,-121,-491,-176,-785,-1059,-1715,-908,-2221,-2440,-2387,-1715,-1509,-294,-1553,-870,918,289
34013,Essex County,-2727,-9596,-10269,-12416,-14225,-15846,-16509,-13295,-11976,-7069,-1913,-7052,-8662,-6708,-5963,-7632,-7134,-6202,-5462,-6340,-1845,-10208,-15315,-7412,-5942
34015,Gloucester County,436,1535,3445,3580,3460,2657,4101,3077,862,569,19,-398,-795,-494,197,-399,-710,-160,239,-86,408,2267,1870,1290,1854
34017,Hudson County,-2599,-9400,-16652,-16408,-14035,-14363,-15283,-13934,-8310,-5207,-1571,-3499,-5690,-7823,-10078,-11342,-11110,-12034,-12579,-10458,-3085,-24622,-12992,-10895,-12716
34019,Hunterdon County,299,1360,735,439,170,-62,40,-284,-360,-323,-74,-277,-946,-280,-636,-527,-859,-181,-5,-460,-63,773,-89,41,329
34021,Mercer County,-313,-1292,-1136,-549,-495,-2250,-2306,-2740,-2197,-1562,-492,-3507,-1549,-2137,-3647,-4194,-3848,-3207,-2619,-2997,-638,-5423,-151,-2938,-2811
34023,Middlesex County,-765,-4516,-5853,-6745,-6347,-6329,-12572,-6922,-4867,-4710,-1397,-5194,-4405,-5660,-5988,-8804,-9833,-8218,-7740,-7130,-1481,-3300,-8678,-6745,-6603
34025,Monmouth County,407,-265,610,-264,-2867,-3975,-4307,-3143,-2079,-807,-327,-2877,-2994,-1761,-2690,-2403,-2387,-1868,-1678,-1619,-426,3208,-2802,-2862,-1156
34027,Morris County,-504,-3476,-1637,-1469,-1823,-3072,-2399,-3278,-2358,-2040,-324,-442,-1210,-1452,-3103,-3092,-2839,-2236,-2385,-2572,-454,452,-1724,9,-766
34029,Ocean County,2580,9541,12390,7904,5331,3628,3850,2551,2660,2677,644,303,83,1045,1013,1047,2106,3065,4559,4224,1149,9696,3640,633,1185
34031,Passaic County,-1686,-5988,-6907,-7672,-7951,-7998,-8755,-7566,-5688,-3158,-1046,-4769,-5395,-5184,-4911,-6396,-6988,-6337,-6624,-6045,-1393,-7609,-9768,-6577,-5994
34033,Salem County,-93,-131,284,-73,336,550,432,101,25,-42,-93,-154,-490,-645,-477,-635,-509,-286,-204,-300,35,370,265,261,336
34035,Somerset County,159,-715,-25,-847,-508,-826,-638,-433,-791,541,33,-430,-894,-391,-1605,-2033,-1812,-1443,-1523,-2279,-490,269,-1229,-596,36
34037,Sussex County,196,619,1132,947,129,-127,-227,-310,-936,-1027,-200,-1004,-1468,-1527,-1095,-1655,-1115,-703,-340,-245,-142,1867,-19,319,735
34039,Union County,-1309,-4515,-5812,-7709,-7326,-7651,-7963,-7187,-4302,-1486,-333,-3273,-1911,-1907,-3458,-4121,-3319,-4542,-3441,-4631,-1201,-4233,-8684,-5133,-3923
34041,Warren County,309,1652,1045,763,-45,-87,-224,-306,-274,-755,-82,-600,-771,-744,-197,-284,-716,-354,-253,-323,-48,1106,408,320,323
35001,Bernalillo County,-544,-187,5832,4106,6003,7003,5551,2614,-20,636,353,1342,-1483,-2406,-3830,-3445,-1681,-1873,-2221,-824,231,-1987,-3245,-3209,-4694
35003,Catron County,26,-89,8,-54,5,-52,123,41,-17,-3,21,-5,-72,-19,-29,-53,61,61,25,-9,42,154,111,68,46
35005,Chaves County,-224,-947,-765,-77,-373,2,-329,316,18,103,26,-353,-215,-138,-505,-390,-503,-828,-748,-148,-11,-482,-812,-409,-199
35006,Cibola County,-4,733,-88,105,-26,-207,-396,-42,-271,-411,24,-13,-260,-207,-429,-213,-56,-223,-188,-143,-77,176,-198,26,-9
35007,Colfax County,12,-146,-27,-291,-111,-185,-136,-164,-296,-205,-24,-142,-362,-173,-350,-273,-131,-62,-79,-112,-25,115,4,48,-2
35009,Curry County,-313,-752,-288,175,39,-495,-968,-1215,-1933,89,358,87,5,-868,-373,-1510,-554,-958,-826,-821,-168,-713,-801,-504,-616
35011,De Baca County,-25,-57,-20,-34,-74,14,-96,-16,-13,-53,1,-37,-33,-4,-49,19,-21,-16,-19,-28,-12,23,36,-12,-2
35013,Doña Ana County,-351,-1074,-397,1256,381,1703,1735,1640,463,2194,568,857,-503,-2369,-1884,-1798,-944,68,-15,-224,344,1151,1010,1000,825
35015,Eddy County,-288,-918,-92,-259,-99,-768,351,163,206,689,-2,-38,115,815,668,531,-427,-864,326,428,-62,-1499,-715,26,330
35017,Grant County,-133,-256,-603,-775,-429,190,153,287,36,-148,-122,-99,-63,-128,-239,-474,-243,-307,-293,-221,57,-128,-14,-57,154
35019,Guadalupe County,5,15,-95,26,-170,-70,-66,-10,-106,-104,11,-78,-35,-61,-84,-83,5,46,-64,-32,0,22,-87,-10,19
35021,Harding County,-3,-18,-32,16,22,-30,-6,-19,-44,-12,-3,31,-10,-13,2,29,-28,1,-31,-18,3,-6,4,18,-14
35023,Hidalgo County,-174,-358,-198,-179,-122,-107,-48,56,-27,-41,-46,-38,-76,-176,-74,-121,-119,-35,-69,-24,-19,-44,-60,-34,-25
35025,Lea County,-468,-788,83,-628,-159,-121,120,314,344,377,-205,-165,523,1311,870,462,-1943,-1864,-97,923,13,-1965,-1450,-620,-281
35027,Lincoln County,117,-189,105,412,242,148,105,-206,-36,-32,-11,-61,-208,-202,-376,-262,30,111,75,71,65,205,88,-183,88
35028,Los Alamos County,-97,-742,334,237,-103,-125,-39,-296,-449,-302,41,52,-131,-436,-270,-90,279,426,147,256,-7,-135,-305,-7,29
35029,Luna County,-117,-440,-94,27,-26,166,163,-28,-65,-373,-4,-58,-270,-432,-260,-213,-124,-351,-298,-247,7,31,217,-342,-10
35031,McKinley County,-427,-1019,-2503,-2396,-949,-1735,-1050,-1610,-451,-932,39,-195,-715,-486,-605,64,-879,-821,-710,-738,-192,-747,-1345,-1066,-212
35033,Mora County,17,-15,3,2,-82,-56,-3,-21,-64,-99,5,-107,-91,19,-77,2,-66,-12,-41,42,1,21,-13,2,-7
35035,Otero County,-314,-1593,-430,622,166,-669,-1227,-290,-701,-768,359,527,-429,-954,-1628,-1424,240,-89,-6,250,-23,483,-63,148,-203
35037,Quay County,-86,-212,-140,-98,-223,-173,-105,-59,-40,-53,37,-10,-247,-104,-193,-13,-42,-77,-55,2,-13,0,20,83,-76
35039,Rio Arriba County,-60,-709,-517,-665,-430,-470,-206,-420,-639,-421,-20,-310,-267,-430,-494,-538,-235,-103,-207,-88,-68,18,-122,-57,19
35041,Roosevelt County,-73,152,59,-76,-115,-24,-123,-3,-542,-162,134,265,-267,-474,-605,-732,-166,-406,-306,-403,-62,-156,-122,-78,-183
35043,Sandoval County,433,1209,1813,1955,2357,3786,5629,4864,3648,2462,550,1151,468,478,297,1055,1552,1912,2244,1414,480,2360,2107,2209,1518
35045,San Juan County,-144,-119,1845,402,-174,-245,-1686,-822,-1287,463,-90,-1565,-952,-1439,-1368,-1693,-1060,-1521,-1746,-1837,-196,-329,-114,194,-308
35047,San Miguel County,-62,-461,-356,-387,-172,-135,-428,-325,-227,-160,-46,-143,-407,-469,-440,-382,-217,-284,-218,-222,-42,101,-113,-132,-94
35049,Santa Fe County,105,299,1494,613,249,180,139,480,584,735,98,166,225,132,79,-18,482,551,231,542,303,617,333,130,385
35051,Sierra County,2,-61,-116,223,-122,-126,56,-11,291,262,55,123,-7,-188,-119,76,49,119,14,-20,36,184,170,214,31
35053,Socorro County,-55,-259,-252,126,-156,-65,-147,-251,-171,-236,-58,-132,-367,-87,-328,-188,-262,-175,-230,-142,-25,-190,-114,-92,-40
35055,Taos County,41,-128,289,151,65,-115,78,16,-284,-177,-38,-120,-212,80,-52,-202,164,-72,-14,86,-17,439,58,-53,2
35057,Torrance County,4,-357,-210,298,242,-588,-8,-210,-376,61,-16,-42,-364,-423,-166,-119,-130,14,-66,-76,9,315,161,327,303
35059,Union County,-12,-127,-52,-149,-47,14,-46,2,-13,51,-12,-124,12,-57,-95,-69,0,31,-75,-47,-3,51,-86,1,-8
35061,Valencia County,44,224,-38,-349,-671,313,732,1165,343,-64,86,-273,-549,-675,-773,-366,-196,102,316,274,149,937,845,847,1360
36001,Albany County,7,-314,461,1248,-307,-692,-408,-1731,-1748,-257,-593,-929,-114,-509,-1053,-1294,-1409,-1168,-1988,-1872,-486,1702,-1408,-324,-803
36003,Allegany County,-7,169,-98,141,123,-605,-426,-335,89,-331,-5,-294,-658,-360,-348,-360,-363,-438,-351,-254,-76,451,2,121,182
36005,Bronx County,-5015,-18185,-17225,-25155,-28791,-33610,-30592,-21336,-17852,-13596,-3391,-16591,-12421,-14088,-16434,-16382,-21764,-27062,-29590,-31203,-8215,-47231,-61124,-40133,-26446
36007,Broome County,-340,-466,-533,-1386,-1046,-1390,-555,-939,-741,-431,-355,-1413,-1208,-1031,-1165,-1697,-1943,-1598,-1358,-1498,-385,880,-1093,-1131,-303
36009,Cattaraugus County,5,-850,-214,-234,-603,-1020,-955,-560,-600,-341,-120,-545,-636,-501,-519,-831,-320,-502,-411,-565,-66,-265,-103,-170,-39
36011,Cayuga County,-91,-793,-178,-132,-272,-303,-353,-383,-299,-348,-135,-325,-295,-492,-396,-509,-622,-290,-402,-602,-112,-435,-493,-25,102
36013,Chautauqua County,-129,-1078,-532,-893,-615,-1163,-819,-429,-553,-268,-112,-570,-1108,-614,-1418,-1351,-1484,-821,-945,-471,-223,-425,-358,-166,-188
36015,Chemung County,-48,-598,-398,-647,-510,-1005,-174,-337,-314,270,-12,-93,70,-1100,-1129,-537,-1133,-784,-726,-411,-402,-337,-1267,-150,-17
36017,Chenango County,-33,-293,90,175,-65,-70,93,32,-209,-350,-48,-221,-267,-405,-171,-489,-405,-442,-244,-169,-109,-284,3,-227,85
36019,Clinton County,-79,254,196,496,125,216,99,-244,-394,-264,-118,-569,-192,-288,-256,-917,-368,-75,28,-253,-95,-539,-846,4,-12
36021,Columbia County,-28,-141,126,34,254,13,-433,-108,-283,-324,-49,-424,2,-234,-140,-371,-506,-393,-401,-178,-24,745,-602,-426,-171
36023,Cortland County,-73,-43,-316,315,-119,-529,-136,-66,-329,-282,-54,39,-375,-91,-280,-523,-426,-193,-136,-210,-81,-191,-227,-119,40
36025,Delaware County,-73,-332,-226,89,171,-57,-316,-36,-285,-377,-95,-239,-268,-257,-120,-581,-354,-226,-351,-182,-52,795,348,72,189
36027,Dutchess County,349,1774,1180,1150,206,-234,-1402,-967,-628,-237,-84,-725,-2005,-1540,-1864,-1931,-1673,158,177,247,-524,1430,-624,-765,56
36029,Erie County,-1652,-5553,-5449,-3989,-5523,-8121,-8373,-5628,-3338,-1806,-701,-1637,-2847,-1560,-2177,-4385,-5217,-2081,-1836,-2264,-1242,-20,-3752,-4258,-2133
36031,Essex County,-19,-84,173,10,-159,-149,-14,-234,-102,-54,-48,-104,-384,-197,-217,-259,-179,-80,-114,-300,-47,168,-289,171,98
36033,Franklin County,-103,-220,-229,126,-223,-138,-20,28,-155,-260,-7,-246,187,-729,-202,-594,520,-646,-140,-171,-261,-380,-620,222,859
36035,Fulton County,-71,-126,-11,76,111,91,-10,65,-3,-119,-25,-319,-207,-401,-387,-117,-104,264,-104,-203,-162,26,-119,289,-49
36037,Genesee County,-64,-579,-282,-153,-394,-471,-412,-339,-332,-183,0,-127,-261,-532,-383,-311,-430,-153,-247,-120,-89,-180,-280,338,256
36039,Greene County,-36,51,248,265,389,409,346,65,-40,-137,-30,-220,-251,-294,-369,-210,-51,18,72,-54,-142,804,-427,-86,7
36041,Hamilton County,10,-22,-40,-12,7,-28,-70,17,-36,-18,5,-13,8,-13,-15,26,-117,-44,7,20,-11,88,47,8,60
36043,Herkimer County,-68,-311,-471,-60,116,-252,-436,58,-179,-105,3,-141,-184,-326,-497,-673,-154,-206,-353,-297,-83,103,-164,98,28
36045,Jefferson County,-614,-1823,-739,460,-2985,2317,-2171,73,-1931,571,-4,-201,30,-3734,-2166,-3474,-4804,-972,-2147,-2981,-813,78,-2526,-3214,-1374
36047,Kings County,-12300,-48108,-52702,-61812,-60273,-62274,-60035,-45597,-31455,-24413,-5385,-12936,-15537,-21651,-27627,-34141,-41745,-49616,-46578,-45945,-11248,-100839,-76006,-51240,-28849
36049,Lewis County,-33,-213,-485,-129,-147,-89,23,-80,-380,22,-26,-112,23,-219,-132,-358,-281,-154,-181,-250,-35,117,-116,-45,-46
36051,Livingston County,-10,18,-371,-415,-11,-535,-352,-242,-186,-315,-9,-498,-151,-212,-116,-314,-414,-594,-257,-276,-211,157,-188,-138,239
36053,Madison County,-88,-156,-127,296,-50,-454,42,124,-158,-322,4,-630,-618,-72,-303,-646,-299,-502,43,-242,-77,-397,-167,227,-46
36055,Monroe County,2178,-4300,-3410,-4590,-4627,-6393,-4768,-3477,-2565,-1224,-885,-1991,-3305,-3061,-4995,-5749,-5779,-4259,-3181,-2918,-1053,-4430,-5411,-4107,-1356
36057,Montgomery County,-74,-250,-241,47,-60,-118,62,-89,-13,-68,-1,-445,-163,-165,-252,-250,-552,-205,-10,-267,-60,114,-10,119,40
36059,Nassau County,-1108,-11469,-8296,-10718,-11746,-15710,-17671,-12698,-6171,-707,281,-1818,-3185,-2637,-4146,-6234,-5689,-4371,-4581,-4941,-2534,-2900,-11801,-10106,-4473
36061,New York County,-3331,-8722,-23072,-14617,-11751,-16259,-15726,-16716,-13957,-22645,-2625,-1450,-6468,-16538,-17292,-14401,-20637,-21858,-14992,-11730,-6207,-112912,7235,9181,-5004
36063,Niagara County,-319,-1505,-658,-273,-565,-1058,-799,-530,-118,95,40,-681,-1017,-580,-685,-958,-786,-442,-669,-519,-305,305,-451,-418,235
36065,Oneida County,-662,-1732,-937,-726,-488,-1244,-990,-679,-984,-177,-258,-1216,-1292,-1015,-1623,-1865,-1497,-812,-1126,-1058,-659,-1748,-629,-958,-363
36067,Onondaga County,-1293,-3080,-2336,-1739,-2695,-3562,-2930,-2793,-1832,-842,-284,-2360,-3332,-1390,-3398,-3526,-4703,-4412,-2076,-2707,-1003,-3816,-2680,-2984,-2284
36069,Ontario County,-15,219,571,448,370,551,-50,140,621,506,107,322,-94,344,146,-141,-131,305,157,106,15,275,-29,63,467
36071,Orange County,805,2824,3697,5030,1752,-428,-100,-447,-194,482,-234,-2090,-3455,-1830,-2066,-1703,-659,-597,-127,530,-502,1472,-1857,-2722,-1824
36073,Orleans County,-73,-511,-350,-244,-143,-426,-282,-244,-230,-288,-43,-242,-264,-166,-380,-414,-301,-419,-149,-276,-270,-200,-167,70,258
36075,Oswego County,-68,-593,-192,308,-184,-1066,-647,-479,-261,-566,-98,-467,-930,-541,-885,-1092,-1159,-709,-1076,-524,-146,617,406,-155,283
36077,Otsego County,-22,60,173,469,437,110,-13,-155,-376,-232,-38,-227,-157,-121,-655,-411,-387,-107,46,-174,-84,2737,-42,220,125
36079,Putnam County,124,188,416,-53,-190,-567,-853,-548,-492,-368,-75,-180,-526,-273,-419,-526,-653,-54,-239,-579,18,449,-220,-628,7
36081,Queens County,-11740,-52734,-57883,-59231,-56825,-56432,-54869,-39223,-25998,-17815,-4555,-15800,-19360,-18184,-22372,-26300,-33956,-39746,-44443,-41789,-14256,-66268,-78766,-36877,-32208
36083,Rensselaer County,-30,-748,-303,412,549,-255,375,95,-93,-763,-154,-235,-668,-239,-406,-574,-601,-436,-96,-632,-240,-384,-1386,-67,6
36085,Richmond County,371,295,720,131,-2170,-2678,-2518,-777,1105,1088,181,-1773,-3597,-1151,-2432,-1967,-974,-715,-1196,-1599,-590,-2282,-4130,-1870,-1360
36087,Rockland County,-418,-2797,-2277,-2990,-3690,-4360,-4881,-3468,-1584,-1978,-188,-758,-2056,-1209,-1864,-2253,-3608,-2468,-2806,-3177,-890,-1473,-4549,-4655,-3206
36089,St. Lawrence County,-126,-876,-613,-369,-344,-273,-545,-408,-317,-155,-176,86,-264,-823,-905,-1486,-1259,-978,-429,-591,-322,-497,-378,-152,-470
36091,Saratoga County,586,1508,1818,2169,1108,859,782,390,786,1104,196,338,431,746,-436,701,282,1658,752,-490,230,2084,752,69,945
36093,Schenectady County,-231,-766,354,132,380,611,823,-197,407,210,-35,-576,-488,-636,-540,-844,-1006,-203,-277,-305,-187,1777,-255,-208,1005
36095,Schoharie County,6,192,-91,107,205,85,24,14,-117,-299,-32,-113,-639,-121,-118,-310,-66,-14,-65,-76,40,499,51,157,193
36097,Schuyler County,60,-35,-4,37,-60,-131,-32,-35,-46,-142,-3,120,75,-97,-190,-146,-51,-7,15,-40,-18,-17,-94,-25,-193
36099,Seneca County,-22,1227,56,-20,-78,-340,-153,50,-324,-58,-29,54,-51,-176,-476,-103,-113,-426,-62,-175,-317,-165,-530,-214,183
36101,Steuben County,-31,82,17,-811,-566,-500,-768,-361,-200,-101,-83,-52,-400,-282,-780,-800,-772,-668,-515,-489,-165,-204,-279,-196,-65
36103,Suffolk County,483,2583,-709,-216,-6589,-14458,-15757,-13734,-7866,-3682,-1135,-3736,-9975,-6062,-8715,-10495,-12616,-8307,-7062,-7842,-2276,8582,-11907,-11636,-6256
36105,Sullivan County,230,-377,-47,485,412,32,-82,196,-783,-530,-109,-685,-382,-324,-1549,-1065,-128,-181,151,40,-94,1255,-179,-86,-420
36107,Tioga County,-125,-445,-17,-406,-506,-367,-332,-241,-318,-359,-44,-172,-633,-272,-362,-550,-535,-183,-126,-161,-80,-174,-196,15,63
36109,Tompkins County,-107,65,-39,85,-296,-755,-436,-400,-196,-132,-150,-898,-216,-133,-1198,-1381,-1072,-1028,-794,-797,-252,-2823,1046,-401,-878
36111,Ulster County,-17,254,1234,373,294,231,-183,-548,-249,-757,-160,-413,-1224,-1105,-532,-869,-741,-340,-146,-677,-344,2799,-902,234,-313
36113,Warren County,33,239,320,513,237,570,340,185,107,24,8,81,-281,-321,-108,-261,94,62,-58,-146,-52,416,62,220,-21
36115,Washington County,-67,137,-43,387,657,52,234,164,88,-46,88,-286,-143,-244,-306,-196,-453,-162,-168,63,-144,-39,161,-630,-148
36117,Wayne County,-136,-573,-596,-278,-711,-652,-708,-566,-358,-616,-37,-695,-479,-859,-718,-657,-653,-470,-332,-370,-117,-4,-26,-71,87
36119,Westchester County,-1228,-6463,-8379,-11506,-10656,-12436,-12499,-7821,-5666,-2487,-615,-1817,-3835,-1045,-4466,-5544,-6130,-6462,-6735,-5390,-1846,-4982,-14959,-7744,-4044
36121,Wyoming County,-80,-466,-224,-160,-221,-197,-230,-298,-374,-227,-50,-326,-183,-334,-268,-216,-529,-146,-225,-147,-225,-83,-237,-64,43
36123,Yates County,111,-120,-149,57,3,-20,-248,19,-39,-148,-27,2,-183,-189,-157,-42,-148,-150,-89,-98,-38,-191,-154,-159,-10
37001,Alamance County,419,896,675,-109,763,851,1265,2317,2060,1448,176,938,331,629,951,1377,3021,2694,2806,2588,144,2071,2413,2249,2514
37003,Alexander County,23,151,197,130,477,309,317,239,59,72,26,-225,-105,69,-37,19,219,28,227,203,-30,116,157,311,430
37005,Alleghany County,5,36,-18,33,-4,-27,142,77,54,-55,10,-74,-36,-9,1,-3,107,120,171,29,34,263,175,191,104
37007,Anson County,23,-52,-18,-247,392,-3,-177,-126,-21,-140,-43,-312,-189,-327,18,-320,-360,-309,-369,-33,226,-435,192,85,-260
37009,Ashe County,60,133,211,153,276,60,172,206,210,145,27,-172,1,-3,52,13,122,315,455,251,41,387,509,208,377
37011,Avery County,157,341,129,8,97,42,146,-162,56,43,12,-10,-108,81,31,-107,20,113,72,106,117,-204,102,174,313
37013,Beaufort County,-51,-83,-130,-22,44,203,352,-144,372,-42,8,-128,-184,7,69,217,114,-137,201,128,52,43,192,301,378
37015,Bertie County,-42,-97,-186,-131,-99,-103,-296,764,3,-140,-47,-321,-346,-92,53,-79,-705,-114,-112,-89,-155,-273,-154,151,217
37017,Bladen County,-65,73,-307,-5,228,-79,-244,-222,29,-159,36,-298,-52,-175,-262,-182,-374,-146,-183,-316,49,64,72,251,327
37019,Brunswick County,592,2175,2123,2166,2827,4450,6035,4927,4064,2682,579,2109,1934,2968,3520,4065,4432,4990,6649,6629,1909,7989,8175,7362,7748
37021,Buncombe County,400,828,1576,2013,2027,2275,3522,2892,1643,1288,357,2181,2117,2739,1983,2586,2849,2160,2268,2102,376,2870,2067,2111,1768
37023,Burke County,-9,-462,-660,-414,-455,-281,-101,-196,142,11,-218,80,-546,-491,35,124,191,679,339,171,-180,468,866,725,561
37025,Cabarrus County,790,2528,1897,1815,1332,2419,5175,5917,4058,1943,232,1586,2151,1999,3228,3681,4075,4063,3503,3756,1260,3865,3083,2865,2540
37027,Caldwell County,133,-17,-59,-113,-444,111,185,116,353,-78,4,-488,-355,134,-335,-23,326,267,228,294,-32,432,403,703,493
37029,Camden County,28,153,298,423,492,499,278,206,149,49,14,-13,-37,92,108,-4,101,124,99,148,52,463,282,75,72
37031,Carteret County,-5,310,510,882,847,560,953,96,253,942,235,782,326,684,309,197,258,331,913,378,106,1564,1129,737,948
37033,Caswell County,46,-61,90,-40,-106,-29,48,-151,-28,-169,13,-237,-358,122,-264,50,4,-57,77,-5,-184,198,-113,395,80
37035,Catawba County,405,1562,-443,-508,846,984,1184,1406,895,538,-137,-554,-175,-39,-181,130,612,1119,692,679,240,1307,1892,1623,1984
37037,Chatham County,275,1360,1987,834,952,516,1471,1071,1535,923,288,197,429,744,1426,1574,1368,1684,1978,1448,458,1736,1781,1637,1508
37039,Cherokee County,70,231,177,302,384,368,706,389,146,-174,28,-139,6,237,126,207,833,288,553,386,149,596,614,703,532
37041,Chowan County,-32,33,63,41,99,91,234,142,-73,133,-34,110,-134,-8,-119,-237,11,-96,63,-66,-1,183,237,82,120
37043,Clay County,68,268,217,140,157,254,304,245,186,69,11,119,29,12,46,124,184,305,206,189,83,322,310,304,195
37045,Cleveland County,168,384,97,82,-142,-392,140,496,557,25,-64,-547,-123,-437,190,-5,228,270,437,504,505,962,716,1029,907
37047,Columbus County,-73,-308,-198,-436,-211,-332,136,-2,159,-206,-122,-267,-242,-352,-85,-155,-299,-168,-132,-124,-42,-240,338,348,70
37049,Craven County,-196,73,-1295,1285,-1791,-131,226,-389,-40,362,286,-220,-855,-2001,-1004,-1998,-700,-438,-334,-514,814,323,716,792,636
37051,Cumberland County,-1546,-2778,1940,6256,-4889,-9237,-2639,-1580,-2139,892,5618,-926,-7032,-1964,-5710,-5950,-2024,-5770,-642,-978,1975,173,-3904,-4599,-4313
37053,Currituck County,81,402,682,997,1219,1006,518,359,213,-11,81,218,121,217,516,258,499,619,696,733,305,1377,1204,580,745
37055,Dare County,194,613,991,727,374,-28,-21,-71,-114,66,57,133,139,339,29,453,324,363,405,390,135,970,128,138,43
37057,Davidson County,157,672,400,424,179,203,789,844,1171,-180,-67,-80,-60,304,33,196,761,892,1276,1322,171,2096,2091,2510,2937
37059,Davie County,189,709,416,332,585,937,838,656,393,184,62,102,-60,181,-158,484,373,485,289,303,193,948,613,598,859
37061,Duplin County,-84,-54,-173,-199,-135,-337,117,-207,68,-460,112,149,-144,-446,-179,-842,103,-654,-200,-442,-33,-149,151,281,173
37063,Durham County,228,754,892,-1364,-476,2,1585,2399,2916,2519,287,1828,2083,2156,2439,1687,2875,217,1299,1176,-2378,1677,-134,-768,-929
37065,Edgecombe County,-335,-384,-655,-510,-607,-612,-687,-850,-194,-823,-6,-637,-496,-270,-633,-1099,-421,-476,-689,-484,-89,-177,172,541,214
37067,Forsyth County,-22,595,358,-308,681,2252,4065,3318,2572,1538,104,1129,1110,1294,2080,1285,2219,2910,1824,1734,-207,2447,2407,1896,1098
37069,Franklin County,261,840,1460,960,915,803,856,1369,1425,650,179,-114,308,536,435,758,769,1285,1334,1867,399,2761,2289,2395,2316
37071,Gaston County,31,-37,-198,-1125,-455,1167,2047,3186,3253,978,-90,150,477,994,1010,1896,3354,2767,2709,1679,712,3098,2681,3098,2775
37073,Gates County,-14,28,57,151,44,356,333,293,-28,-5,4,-105,-171,-180,-106,-71,42,-42,88,40,-8,5,36,51,11
37075,Graham County,9,-15,58,-69,55,-65,38,-76,60,10,21,-52,-87,37,-71,-14,-34,9,-26,7,8,37,38,28,115
37077,Granville County,292,850,1314,437,25,373,600,1852,633,263,41,-293,-17,172,233,151,465,663,569,473,-643,433,422,502,97
37079,Greene County,19,5,18,145,83,-214,383,241,-158,-118,-131,181,-387,-202,4,-78,104,-96,113,-35,1,-141,128,236,103
37081,Guilford County,194,1315,-992,-102,31,3447,6145,5246,4760,2006,223,2257,1980,2249,2169,1702,3827,734,1582,1947,-2329,2104,2140,1076,147
37083,Halifax County,-143,-673,-386,-361,-416,-281,-238,-178,-134,-592,-143,-321,-362,-438,-249,-599,-314,-434,-537,-468,-126,164,-411,-359,103
37085,Harnett County,164,1248,2140,1350,1015,1740,1633,2234,2387,2703,760,2403,1628,1655,382,127,1583,707,1090,836,-35,1262,2211,2248,3343
37087,Haywood County,81,550,476,491,613,210,439,593,258,329,-24,-60,73,516,366,693,924,843,1110,630,226,790,545,734,579
37089,Henderson County,394,1044,1108,1053,1193,1476,2137,1825,1533,1093,155,693,584,1428,1607,1844,2064,2079,1607,1296,457,1185,1667,1354,1202
37091,Hertford County,-30,143,610,-294,-90,2,-115,34,43,-127,78,-47,-134,-37,14,-195,-175,-288,-28,-174,-93,-1283,-247,-248,-86
37093,Hoke County,28,217,708,633,790,1058,792,386,681,799,377,1240,89,-123,-308,309,-507,464,4,50,59,538,31,204,178
37095,Hyde County,5,-139,29,-160,-86,-21,-167,-46,58,-53,-6,-4,-118,-37,-52,-153,39,-170,-200,-72,-60,134,20,26,-36
37097,Iredell County,688,2469,2165,1734,2565,3135,5259,4013,3215,1510,144,741,1154,1398,1465,2362,2383,2582,2293,3116,1065,4649,3255,3162,4949
37099,Jackson County,138,260,398,769,577,160,628,-63,207,-10,37,-287,293,321,-158,247,1230,552,265,267,-765,468,1284,1059,-143
37101,Johnston County,925,2758,3112,2075,3250,2980,3925,4503,4599,3375,472,1739,848,1897,2300,3286,4706,4575,5312,5752,1308,9284,6162,5551,5176
37103,Jones County,-12,-53,-82,-115,157,-68,-84,49,-64,123,6,-50,21,-49,-126,-60,-163,9,48,-166,-11,162,86,246,78
37105,Lee County,21,-524,-1503,-811,-522,505,533,430,661,634,-117,349,369,258,-720,-279,-5,488,505,304,48,638,1242,1183,529
37107,Lenoir County,-179,-684,-621,-563,-485,-332,-529,-567,-126,-424,-78,-80,-310,-325,-463,-277,-667,-518,-546,80,-33,-113,131,552,505
37109,Lincoln County,133,476,389,416,201,1107,1600,1332,1454,798,91,86,339,370,293,1073,618,1285,1487,2031,411,2989,3037,2426,1544
37111,McDowell County,59,242,-54,54,-16,97,86,165,157,-73,34,-9,5,85,10,-22,-94,325,404,329,-12,228,471,366,422
37113,Macon County,173,431,409,391,442,397,617,414,415,147,12,86,9,17,128,318,251,470,717,622,119,671,761,642,486
37115,Madison County,54,160,-5,-22,98,140,156,178,152,96,22,123,48,285,78,-41,242,252,142,112,116,571,251,230,495
37117,Martin County,-24,-398,-221,-152,-271,-319,-52,-391,-133,-169,3,-238,-261,-126,-137,-89,-103,-242,-34,-152,-36,-34,-62,145,229
37119,Mecklenburg County,2097,8476,4912,6521,8627,14669,20827,18563,13508,8299,474,9325,10353,10566,6590,9315,9091,6282,2872,4382,-1489,-1426,4033,2808,2487
37121,Mitchell County,48,179,8,-8,132,-52,-145,88,13,-33,-34,-72,7,24,-75,-42,5,51,87,31,17,211,210,96,178
37123,Montgomery County,5,-264,-203,8,-362,-133,-80,-79,-80,-255,-35,-98,-243,-101,-152,99,-133,10,-206,102,3,258,100,371,163
37125,Moore County,353,962,1152,839,1024,1237,1790,1791,1184,997,274,742,845,1156,1391,1150,1238,1863,1443,2023,624,3034,2459,1396,1224
37127,Nash County,188,89,146,265,399,191,838,1110,537,239,-47,-148,-712,-952,-399,-476,163,-16,54,159,789,234,761,850,1222
37129,New Hanover County,263,2145,2549,2527,5076,5538,3551,1897,1499,1266,347,2012,2215,3176,2321,2918,4871,3419,3172,1915,815,4060,5257,3103,2290
37131,Northampton County,-20,-166,-168,-133,-292,46,-209,-49,-187,-271,-33,-29,-601,-352,-121,-47,-312,-170,-118,-97,5,-159,-126,43,-20
37133,Onslow County,-1757,-2051,3304,5708,536,-4468,-1181,224,2521,1204,6724,-5730,-585,-3415,-4668,-3458,-4455,-181,-328,-1813,-174,-3302,816,1614,989
37135,Orange County,133,915,-2703,-538,-820,572,1256,1357,1053,837,48,-84,1736,300,-133,-56,453,-191,3465,-305,-4024,5056,820,32,-1590
37137,Pamlico County,8,-103,49,-47,-120,114,-65,-29,34,29,2,189,-192,-108,66,-50,107,-48,82,169,60,185,32,301,363
37139,Pasquotank County,-4,-114,502,494,742,1153,1037,983,373,-160,-80,-480,-61,-984,-332,-243,-112,-113,94,112,-129,229,360,323,220
37141,Pender County,133,284,643,442,1193,1202,1896,1590,1246,924,148,631,396,936,1005,1414,1277,1858,1236,957,448,2613,2541,2465,1619
37143,Perquimans County,37,103,69,93,85,242,350,336,342,-37,39,22,104,68,-66,-27,10,76,-11,122,35,247,190,240,233
37145,Person County,96,86,399,138,16,286,30,169,100,65,-30,137,-323,68,-132,121,119,122,144,94,106,86,303,461,347
37147,Pitt County,76,575,725,698,1060,1542,2973,2379,2316,1736,296,842,1020,297,-513,85,134,533,149,444,2012,1412,846,927,822
37149,Polk County,103,228,158,140,250,169,269,226,230,117,-24,-11,93,286,113,178,130,279,259,195,121,553,495,247,512
37151,Randolph County,170,-144,-182,31,-245,562,712,137,564,173,86,-443,116,-168,-15,-93,384,-104,161,414,318,1062,1437,1470,647
37153,Richmond County,-71,-422,68,-388,-301,-85,-306,-99,-87,-218,-20,-24,-330,-214,-376,-315,-375,-214,49,-64,-190,42,-29,-174,88
37155,Robeson County,-228,-1095,-834,-496,-941,97,-518,-83,-447,-407,24,-113,-329,-1058,-870,-976,-1529,-1197,-1101,-1636,-429,-149,225,751,175
37157,Rockingham County,-56,-239,144,-328,-634,-41,180,49,-109,21,-3,-317,-449,-591,30,72,-148,-201,100,696,166,681,1274,945,1301
37159,Rowan County,157,851,583,-576,-700,120,1135,1225,1684,368,-138,-596,-388,241,442,355,805,914,605,906,33,1250,2001,2194,1362
37161,Rutherford County,41,83,-194,148,-225,41,371,22,438,31,-28,-217,-98,-189,-85,35,97,428,434,461,-30,598,788,904,581
37163,Sampson County,-34,-101,-255,76,-179,-85,-54,-61,-174,-238,-59,-272,-134,-144,-387,-552,-643,-265,-211,-78,-12,-11,-9,333,328
37165,Scotland County,-50,-152,-575,-104,874,-184,-177,-111,-112,-314,-99,85,-257,-239,-363,-415,-59,-239,-438,53,-587,71,171,101,57
37167,Stanly County,74,148,-282,-223,-333,17,57,417,297,-56,-20,-123,-15,165,-71,6,245,627,665,623,259,720,1233,1470,1476
37169,Stokes County,91,-57,-136,20,184,235,388,101,89,-12,-27,-129,-332,-101,-106,-18,-137,-13,-68,231,81,372,787,627,616
37171,Surry County,-35,0,-45,-162,-489,35,-40,-75,54,-92,7,-205,-191,-514,-80,-399,117,285,-51,-72,49,238,621,256,340
37173,Swain County,48,-39,21,74,32,154,179,-101,16,12,3,23,-2,-65,215,48,-146,122,49,103,-12,140,-117,53,131
37175,Transylvania County,47,-26,190,-68,150,282,234,294,251,124,20,-132,153,178,218,315,379,573,529,349,360,498,311,432,358
37177,Tyrrell County,-27,-11,35,61,-97,-62,-6,4,-101,-42,-3,-57,-216,-21,-3,23,-113,150,-53,-83,-5,170,79,51,-10
37179,Union County,1278,4058,4682,3789,5596,7438,9672,10014,6767,2910,437,1598,1884,2955,4327,3117,3209,4033,3563,3115,1263,4138,3896,5777,3751
37181,Vance County,40,190,-430,-543,-390,-452,-107,-497,-270,-200,-121,-92,-347,-650,-50,-157,-25,-255,250,-177,3,-339,58,70,4
37183,Wake County,2737,12658,8504,8543,10407,18900,26339,25876,23286,16070,2737,11440,11769,10792,12091,13232,14247,11966,9362,10857,-217,14398,7881,12282,9305
37185,Warren County,30,-6,-86,26,17,-28,-275,-16,30,-100,-27,6,-202,-89,-170,-113,-242,76,63,27,3,387,4,123,405
37187,Washington County,-46,-149,-161,5,-186,-35,-215,-220,38,-147,-34,-215,-247,46,-210,-190,-130,-89,-138,-154,-18,24,-8,19,-11
37189,Watauga County,73,347,118,-129,-173,208,643,257,683,-73,-67,659,367,189,51,592,984,966,796,121,462,988,208,-2,-577
37191,Wayne County,-319,-1171,-817,-84,-207,-1130,-1501,-173,-833,-498,-14,532,-564,-953,-964,-1197,-806,-1773,-285,-542,525,-482,322,690,51
37193,Wilkes County,43,170,-126,-186,-410,-81,-133,-34,-188,-338,-44,-288,7,-198,-24,-36,334,3,169,-50,-36,228,336,410,336
37195,Wilson County,-38,-570,192,-273,-229,23,-102,415,514,141,51,-399,-56,-318,-362,61,-168,-17,-151,336,675,-317,353,765,341
37197,Yadkin County,100,76,233,-146,-234,91,86,-87,24,-132,-8,-76,-205,-83,-185,-172,90,28,-85,218,35,190,364,353,274
37199,Yancey County,22,35,-81,-1,109,88,99,249,110,-10,-18,-45,-12,-9,51,44,117,149,234,227,32,407,121,256,165
38001,Adams County,-15,-19,-19,-17,-21,-23,-36,6,-20,-21,6,-34,30,53,4,5,-50,-26,-51,-59,-8,-20,-28,37,-6
38003,Barnes County,-49,-227,-173,-84,13,-30,-75,-53,-50,5,4,32,-97,134,-45,-20,-90,-199,-106,-69,9,-65,43,-7,-21
38005,Benson County,-32,-84,-195,-23,2,-80,-112,-95,-127,-78,3,-45,-7,43,-86,-134,-68,-12,-66,-197,-26,-159,-10,-51,-56
38007,Billings County,-8,1,-31,-33,-23,-25,-34,15,6,22,-6,49,60,-24,-5,10,-14,-35,-8,4,-11,24,54,1,14
38009,Bottineau County,-24,-82,-114,-13,-64,-32,-112,-76,-35,49,3,64,120,127,-71,42,-143,-30,-108,-91,5,35,-60,-54,25
38011,Bowman County,-10,-114,-17,8,41,-83,-29,28,91,-20,0,9,68,13,30,36,-67,-76,-87,-45,-9,-64,1,-29,7
38013,Burke County,-5,-57,-54,-39,-32,-49,-73,-54,-40,42,2,91,108,106,-53,62,-138,-111,-50,12,-5,-35,-26,-1,-8
38015,Burleigh County,13,247,657,526,411,1058,1066,1014,769,905,239,1124,1849,2082,1354,1823,626,-95,-560,-201,13,508,314,97,573
38017,Cass County,41,215,-81,685,2160,172,1160,962,998,1573,53,1010,2060,3284,1824,1795,1328,835,804,-174,77,3224,1691,1602,-565
38019,Cavalier County,-15,-126,-96,-104,-92,-82,-181,-144,-59,-71,-1,-33,3,-57,-21,-26,-25,-55,8,-57,-6,-15,-63,-5,-20
38021,Dickey County,-1,-80,-91,-88,90,-88,-63,-18,-128,-57,-1,10,6,-42,-93,-33,-71,-147,57,-75,-27,-34,24,-20,-27
38023,Divide County,-12,-50,30,20,2,-50,-21,-35,2,-36,11,53,111,67,90,7,-76,-116,-35,-10,10,-16,-1,-24,-25
38025,Dunn County,0,-32,-49,-30,-91,-32,-6,-19,20,34,2,170,207,170,182,136,-251,-142,0,37,2,-116,-67,-18,-82
38027,Eddy County,-9,-44,-14,9,-7,-20,-60,-29,-19,-77,-1,-3,28,44,-28,-4,-11,36,-9,-18,-11,14,-2,-20,38
38029,Emmons County,-23,-74,-96,-94,-73,-119,-63,-80,-54,-30,4,6,-18,22,-42,-10,-45,-18,-14,-24,-5,-3,13,-27,-17
38031,Foster County,-20,-83,-35,-40,10,27,-15,-69,-65,-107,6,6,46,-16,-14,-7,-9,-47,-46,-1,-9,-10,24,-67,-39
38033,Golden Valley County,-8,-46,-38,-25,-61,-29,-39,-4,-20,-32,6,67,47,25,26,19,-34,-88,-33,-12,-11,43,-13,-7,22
38035,Grand Forks County,-342,-1027,-425,-28,1057,-996,-66,-1636,-25,-949,-77,-1004,190,887,-2,-266,-569,-807,-599,-1419,-141,-1093,-954,256,-406
38037,Grant County,-3,-12,-60,-24,-38,-17,-59,-39,-41,-33,0,-49,4,36,-1,31,-20,-26,-15,-83,-9,44,-54,-10,-14
38039,Griggs County,-18,-70,-27,14,-28,-5,-38,-12,-30,16,-2,-27,-5,-35,28,13,-8,11,-17,12,1,-4,-20,3,-4
38041,Hettinger County,-18,-43,-22,-52,46,-26,-3,-58,-47,15,0,44,49,105,-11,24,-63,-130,9,-17,-13,-29,18,2,3
38043,Kidder County,-14,-85,-65,2,-19,-94,8,-54,-60,-72,11,-19,3,-7,-18,-12,10,0,-35,12,-8,-19,42,-32,11
38045,LaMoure County,-18,-57,-62,-50,-33,-114,-106,-59,-126,-56,-2,-16,0,10,1,28,-23,-27,-45,-45,-5,-26,6,7,-29
38047,Logan County,-13,-67,-22,-54,-24,-44,-56,19,-15,-54,9,-18,-27,2,18,-15,5,-11,-40,-37,6,-2,-22,27,-11
38049,McHenry County,-29,-133,-72,-30,-82,-107,-50,-137,-33,-25,1,98,275,91,73,3,-18,-96,-93,-67,-13,-45,-26,-59,-18
38051,McIntosh County,-6,-35,-59,-12,-62,-57,-43,-95,-49,-29,-8,-14,21,15,35,-8,-93,24,-10,-49,-3,18,-9,4,-11
38053,McKenzie County,-26,-123,-3,-107,-25,56,-60,40,39,144,40,565,895,1176,1519,1594,-378,-56,706,1232,2,-999,-120,210,331
38055,McLean County,-43,-105,-89,-43,-126,-154,-49,45,56,-40,32,81,279,101,63,81,-41,-10,-125,-93,-2,71,53,-15,8
38057,Mercer County,-51,-124,-23,-95,-97,-113,-120,-14,-115,-9,-8,-26,18,92,107,66,-178,-188,-208,-82,-11,-20,-7,-28,6
38059,Morton County,-12,-250,-77,-104,16,60,174,181,213,135,80,30,230,654,647,223,167,-65,-131,159,18,195,100,177,-28
38061,Mountrail County,-23,-55,-44,-9,45,-26,-98,54,30,168,42,331,544,500,313,471,-183,-86,-171,188,-29,-263,-397,75,-62
38063,Nelson County,-3,-62,-104,8,39,22,-84,-7,-22,-6,6,-25,30,7,-19,-62,-17,54,-17,-3,-12,79,-25,-2,-11
38065,Oliver County,-12,-85,-52,-50,-44,-56,-57,-29,-54,-43,-7,2,-8,32,-29,-11,21,24,-3,-1,-9,2,-21,6,-1
38067,Pembina County,-35,-198,-137,-12,-86,-176,-117,-151,-136,-62,11,-62,-137,-105,-36,-74,-22,-124,-70,-94,-13,-33,1,-71,-92
38069,Pierce County,-18,-48,-55,-63,-86,-63,-4,-45,-11,-67,4,33,101,-15,-38,-76,-42,-105,-21,-82,-15,12,6,1,-17
38071,Ramsey County,-43,-200,-22,-175,-101,-108,-103,-15,68,-78,10,12,48,-60,21,18,-170,-27,-83,-123,-23,33,-71,-52,-5
38073,Ransom County,2,15,6,22,-22,7,-51,60,-64,-149,-20,12,49,32,-46,27,-52,-56,-50,17,4,-5,-5,-19,1
38075,Renville County,-15,-49,5,-37,-27,-19,-41,-86,-53,20,3,8,56,51,-38,-24,-36,-66,-90,-22,-7,3,-31,10,-13
38077,Richland County,-66,-388,-264,124,-238,-243,-504,-307,-220,-367,2,-62,-76,19,19,-92,-48,-70,-104,-109,-21,-16,-2,5,53
38079,Rolette County,-33,-118,-208,-258,-141,-165,-214,-149,-165,-128,6,22,41,104,-113,-180,-136,-209,-354,-213,-25,-126,-176,-126,-63
38081,Sargent County,-9,-40,-94,-113,-70,24,25,-54,-99,-80,-24,-22,104,-24,37,-67,-3,-51,-22,31,-10,-5,-13,-21,-77
38083,Sheridan County,-8,-70,-45,-40,-62,-31,-46,-41,-61,-23,-6,1,-29,38,10,-22,25,7,-14,-33,-6,13,36,-11,-24
38085,Sioux County,-4,-126,7,-66,-27,-62,-24,-88,-84,-15,-14,31,24,64,-28,-146,43,-92,-83,-156,-16,-118,-54,-41,64
38087,Slope County,-10,-27,-17,-22,-13,-12,6,-42,9,-29,0,-11,36,1,1,-2,-2,-18,-15,-20,-2,-13,-15,-10,-23
38089,Stark County,-110,-216,-227,-115,-63,-25,-36,231,21,234,98,717,1429,1143,1636,1139,-1356,-1001,293,293,94,-963,-553,43,302
38091,Steele County,-13,-50,-66,-43,-24,-48,-75,-60,-51,-76,10,-20,-20,-35,-3,-1,-12,-10,-21,-17,-4,12,-11,-10,-1
38093,Stutsman County,-47,-226,-159,-209,-192,-87,-29,-273,-116,111,8,-86,-21,111,9,-90,13,59,-268,-189,-41,84,-83,-61,-71
38095,Towner County,-16,-61,-49,-54,-51,-60,-49,-73,-68,4,0,28,26,-11,9,-22,-6,-1,-69,-7,-14,-6,-66,-35,-2
38097,Traill County,-9,-116,-46,-41,66,-43,-113,39,-158,-34,-14,-47,1,103,-148,-40,21,-24,1,8,-11,5,2,-19,14
38099,Walsh County,-42,-251,-245,-110,-141,-42,-173,-184,-114,-94,-23,-85,-8,50,-163,-81,-52,-52,-171,-11,-28,-26,-21,-189,-61
38101,Ward County,-296,-1229,-760,-6,-509,-988,-903,-491,-565,432,195,1462,-378,1634,508,622,-2300,-2095,-1526,-798,-133,-961,-1180,-1153,-733
38103,Wells County,-18,-166,-76,-63,-58,-60,-131,-52,-37,-32,2,60,54,-49,-10,-16,-33,-35,-76,-70,-10,-39,46,-15,-34
38105,Williams County,-116,-239,13,-160,-106,-39,79,202,128,545,122,1696,2037,2489,2089,2620,-1608,-1296,1483,1601,74,-2949,-1012,676,782
39001,Adams County,-21,79,190,152,92,47,-51,-205,9,-210,12,-121,-175,-236,-20,-118,-99,-53,-89,-21,-12,186,29,122,146
39003,Allen County,2,-765,-651,-1694,-1110,-634,-784,-610,-499,-875,-76,-662,-951,-356,-452,-920,-636,-620,-523,-501,-104,-284,-529,-336,-125
39005,Ashland County,-9,35,16,281,96,160,210,299,-25,-140,91,-140,-163,-239,-218,-43,87,85,-53,-285,19,-205,-26,272,297
39007,Ashtabula County,-74,-173,-152,-133,-362,-275,-594,-541,-724,-441,-101,-364,-813,-500,-717,-602,-271,-420,-233,-307,-41,264,12,210,182
39009,Athens County,6,217,-18,18,-1020,411,-232,-517,82,-451,340,-370,-875,-504,-211,764,164,-98,-1130,-305,-51,-2951,1580,1608,228
39011,Auglaize County,-50,-162,-255,-194,-62,85,-235,-136,94,-248,-54,-295,-60,-22,-132,-138,-50,-134,-111,-165,21,-162,-247,120,-45
39013,Belmont County,-82,-241,324,-62,-15,-46,194,-55,-155,157,-37,2,-164,92,-23,-226,-155,-326,-155,-264,-110,24,91,-63,176
39015,Brown County,223,26,317,184,-23,-20,-29,-63,-11,-34,9,-255,-416,-170,-189,-222,-25,-60,112,-102,1,165,211,182,505
39017,Butler County,176,663,377,1009,1023,1379,3060,1579,170,-88,311,-1122,-1631,-1757,382,167,286,670,-112,-156,144,-3670,868,1129,-824
39019,Carroll County,18,35,74,60,-102,-197,-31,-186,-158,-182,-22,-42,-220,-279,-56,-343,-87,-237,-201,-132,-1,114,166,233,-130
39021,Champaign County,17,-25,75,-84,21,-138,194,-12,10,-142,-52,-292,-293,-166,-410,-81,-214,100,-80,87,20,122,41,90,26
39023,Clark County,-144,-985,-641,-1459,-450,9,-805,-1059,-611,-332,-140,-559,-555,-399,-273,-456,-861,46,32,-355,-61,116,-387,157,212
39025,Clermont County,200,393,867,779,1280,885,1202,531,81,-413,27,303,-296,203,313,-196,501,516,747,422,49,1115,927,1001,1418
39027,Clinton County,94,68,60,36,163,70,531,-78,-59,-326,-157,-92,-156,-53,-141,-55,-54,46,66,-129,-10,96,-159,31,-60
39029,Columbiana County,-72,-671,-247,-146,-421,-720,-172,-564,-710,-366,-6,-402,-765,-518,-207,-642,-740,-533,-332,-382,-70,96,-82,107,86
39031,Coshocton County,20,17,-65,-15,-80,-273,-215,-375,-423,-231,-7,-49,-153,-153,-184,-52,-51,-195,37,-50,-21,70,65,309,118
39033,Crawford County,-117,-388,-359,-465,-311,-339,-732,-322,-399,-362,-47,-460,-454,-6,-247,-46,-176,-275,-138,41,6,-31,-28,130,132
39035,Cuyahoga County,-3733,-15299,-16189,-17313,-17114,-20236,-22861,-16384,-15177,-10875,-3128,-11656,-8107,-5552,-7565,-9843,-9610,-10094,-8935,-8342,-1850,-13425,-11140,-6957,-6603
39037,Darke County,-73,-326,-224,-2,-116,-268,-448,-222,-349,-286,-10,-356,-247,-217,-215,-188,-365,-106,-314,-209,17,-188,61,-50,45
39039,Defiance County,-122,-224,-382,-371,-329,-285,-153,-309,-108,-270,51,-222,-287,-373,-109,-258,-250,-26,-129,-46,-35,-15,-39,107,38
39041,Delaware County,1462,5184,5599,5155,5528,5654,4457,3337,2388,1801,527,2025,1111,2691,2463,2330,2188,2352,3028,3013,885,5560,3971,3574,2913
39043,Erie County,-13,-472,-613,-231,-191,-529,-240,-204,-103,-469,-26,-181,-135,-283,-213,-314,-215,-15,-116,-100,-48,-236,-28,-252,-14
39045,Fairfield County,386,1994,2244,2550,2674,1900,1276,1053,404,684,80,186,-553,755,974,290,870,1390,788,1160,518,1653,1725,1976,1496
39047,Fayette County,-18,-258,-81,8,-65,70,-45,-21,-151,-128,-1,-158,-141,-82,-28,-44,51,45,22,-151,29,-2,12,43,46
39049,Franklin County,-229,-2599,-7604,-6554,-8204,-7197,-3373,-2698,298,1907,-630,914,3474,2923,3321,2345,44,5947,-218,-2967,-1340,-15507,-7931,-12035,-10022
39051,Fulton County,-17,-184,-93,-29,167,-75,-339,-188,-217,-234,-76,-371,-112,-231,59,-207,-77,-127,-41,-209,-67,-120,-313,-120,68
39053,Gallia County,0,-123,40,-58,-116,-48,-162,10,-66,-241,115,-70,-223,-218,-267,-229,-82,-44,-188,-24,-5,13,-94,52,60
39055,Geauga County,156,-35,340,830,5,215,57,-185,-215,-189,-43,-289,273,-98,-68,-177,-154,-55,-45,-436,-31,295,-78,-83,33
39057,Greene County,33,35,869,841,733,-405,34,-101,-291,-294,-212,1242,-163,-1518,-220,-1383,91,620,483,1062,91,103,852,377,1558
39059,Guernsey County,-13,-50,85,65,-244,-271,-192,-126,-275,-181,36,-249,-51,-186,-6,-300,-211,-116,-31,-97,-6,-6,17,193,267
39061,Hamilton County,-2586,-9013,-12721,-13017,-12384,-11919,-10410,-8312,-7367,-2833,-1306,-6351,-3372,-2954,-2752,-3492,-3453,-1521,-2610,-1811,-863,-5539,-6211,-2904,-3766
39063,Hancock County,-52,236,253,133,54,-292,180,187,-404,-205,-164,34,244,-210,-723,0,-192,-158,-241,-394,-61,-232,-42,-250,-270
39065,Hardin County,-55,-322,-31,-220,322,-239,-107,90,-76,-65,10,-400,-255,29,-67,-219,-277,-92,0,-100,25,-246,53,26,-189
39067,Harrison County,-5,-68,80,85,-123,37,-56,2,-82,-48,-13,9,-61,-53,-43,-69,-107,-3,11,-69,10,69,16,-75,-66
39069,Henry County,-46,-193,-10,-134,-78,-95,-124,-490,-227,-293,-58,-213,-240,-112,-259,-136,-197,-131,-118,-137,-8,-68,54,31,-52
39071,Highland County,88,25,273,72,352,-244,261,-14,-457,-396,-19,-306,-484,191,-219,-159,-33,-126,88,65,43,129,86,238,185
39073,Hocking County,-19,84,87,53,-6,-36,-77,187,-70,-135,67,-19,-179,-680,82,-273,-147,75,-60,-52,-17,214,-137,-157,-22
39075,Holmes County,-31,81,49,-281,-91,-273,-340,-600,-345,-158,-55,-181,-173,-24,-300,-314,-432,-329,-381,-415,-102,-250,-439,-441,-167
39077,Huron County,-31,-392,-80,-361,-229,-256,-283,-365,-366,-587,-94,-403,-350,-584,-372,-465,-150,-132,-137,-202,-67,13,-144,-8,-102
39079,Jackson County,-21,-8,148,-16,81,141,-171,-42,-29,-38,34,-134,-265,-151,-80,-245,-71,-139,-10,30,40,-65,202,69,86
39081,Jefferson County,-225,-563,-442,-219,-205,-471,-537,-466,-69,-317,0,-244,-149,-74,-23,-44,-296,-261,-275,-140,-22,370,-334,242,206
39083,Knox County,104,580,570,571,592,425,275,340,236,105,89,135,-637,-24,34,-144,-212,309,490,319,51,-256,626,42,312
39085,Lake County,-173,-674,-503,-1091,98,-600,-34,280,502,32,-94,-130,-450,368,-543,-169,-422,749,84,281,46,352,413,298,464
39087,Lawrence County,-90,-268,-16,337,11,307,258,-65,-125,53,-36,-19,-274,-176,-256,-489,-79,-392,-65,-95,-51,-394,-302,7,142
39089,Licking County,236,623,537,1034,1254,1335,725,579,134,95,89,-89,-126,327,394,741,861,1166,1680,886,214,1165,1838,1260,874
39091,Logan County,-45,-199,70,76,-106,-252,-274,104,-205,-135,-81,-264,-309,-128,-11,-246,-176,83,55,294,-63,69,19,-20,1
39093,Lorain County,36,-719,510,1930,312,1689,1132,239,353,-249,-56,-546,-1168,444,421,-25,333,329,975,612,525,836,2858,2359,2363
39095,Lucas County,-929,-2370,-3196,-3034,-4943,-4610,-5280,-4077,-4337,-3873,-910,-3796,-4443,-2350,-3481,-2727,-2452,-3256,-2542,-2187,-354,-1596,-2538,-1971,-1743
39097,Madison County,-57,-163,35,103,55,-9,334,261,7,538,22,-418,-232,242,622,90,-787,634,314,283,1,655,-891,962,1154
39099,Mahoning County,-566,-1880,-2287,-1175,-1818,-1930,-1748,-2658,-1928,-1611,-268,-544,-1167,-913,-725,-1021,-1290,-205,-346,38,-205,-633,572,292,-246
39101,Marion County,-129,-316,-235,19,-276,-70,-326,-108,-13,-95,-52,-47,-395,-393,-240,-382,-29,-389,307,-364,44,40,-499,335,174
39103,Medina County,450,1805,2290,1941,2070,1224,1471,813,1035,1090,94,393,-292,693,684,-77,339,1057,642,635,165,736,432,515,274
39105,Meigs County,-50,-52,92,26,-45,-21,-91,-59,-170,70,-24,-84,-66,-106,-149,-10,39,-34,49,-89,-19,67,42,-46,-102
39107,Mercer County,-41,-315,-194,-174,-146,-127,-83,-175,-256,-323,-55,-208,-115,-255,-53,-192,-177,-49,-206,-44,-49,-311,-174,-237,-103
39109,Miami County,3,-146,-201,103,239,298,15,-341,-167,-247,-110,64,-7,147,399,-31,284,550,736,807,119,534,1058,676,925
39111,Monroe County,-17,-130,-140,-14,30,-207,-144,-109,0,-122,-36,15,-91,33,-132,-79,-127,-95,-90,-50,-11,33,1,30,-32
39113,Montgomery County,-1411,-5548,-4439,-3053,-4271,-4667,-5714,-5285,-5251,-3974,-179,-2693,-2326,-2188,-3592,-2456,-1635,-1608,-777,-973,-222,-645,-2155,-485,-327
39115,Morgan County,-13,-90,-94,3,38,-28,-131,-92,-155,-77,-4,16,-65,9,-139,12,26,-42,-54,-47,-29,14,63,68,37
39117,Morrow County,105,442,325,367,331,114,102,192,-227,-106,-33,-43,-91,-69,18,-25,-56,-33,144,157,12,239,167,271,345
39119,Muskingum County,10,-135,223,-92,-73,-154,77,-429,-420,-291,44,-150,-568,-236,120,173,-306,102,-61,15,10,193,-214,227,292
39121,Noble County,24,-164,17,123,66,-155,332,-58,-105,13,-14,51,-105,-4,-149,-72,-13,-35,-51,81,-10,275,17,1,-56
39123,Ottawa County,13,-35,-22,245,170,51,11,33,-187,-24,-5,47,4,-12,20,-41,-126,337,336,-39,-8,136,153,128,150
39125,Paulding County,-62,-201,-313,-185,-210,-142,-205,-152,-206,-177,-46,-238,-150,-113,-264,-45,-130,-27,-108,-89,-2,91,-113,-54,12
39127,Perry County,-3,52,13,132,-19,-32,-40,-89,343,-211,-4,58,-298,-107,-146,-27,-76,-96,-3,40,22,62,128,107,131
39129,Pickaway County,14,-700,-831,79,-65,516,901,748,164,-11,-21,113,199,50,220,144,529,247,348,367,126,179,1299,1127,1077
39131,Pike County,37,-82,122,43,-21,-295,127,-136,-63,-244,2,-148,-102,-122,-132,-83,-5,14,-110,-114,-4,75,52,117,184
39133,Portage County,81,19,227,428,-115,-74,-523,457,179,331,-156,-17,-856,-321,102,-521,-620,-425,-155,-229,78,-2333,2841,969,418
39135,Preble County,-30,-201,-4,-189,-203,-249,-178,-306,-106,-342,-58,-191,-166,-169,-163,-225,-125,24,-97,-122,13,51,-89,125,291
39137,Putnam County,-21,-219,-235,-44,-266,-80,-275,-290,-318,-297,-89,-272,-353,-214,-115,-342,-160,-274,-176,-58,-57,-81,-55,-189,-227
39139,Richland County,-172,-1228,-187,-473,-659,-673,-970,-745,-1344,-900,-305,-1097,-628,-356,-449,-280,-503,-620,631,240,21,625,342,29,161
39141,Ross County,7,31,145,357,-57,309,331,368,27,-280,13,-483,-353,-61,-352,-8,-159,372,-419,-220,6,-262,357,263,-41
39143,Sandusky County,-58,-390,-176,-437,-81,-336,-354,-424,-690,-379,-93,-369,-259,-446,-207,-380,-217,-154,-330,-201,-28,17,69,240,3
39145,Scioto County,-134,-761,-375,-745,-722,-239,-37,87,-43,-222,20,-241,-618,-495,-798,-378,-505,-279,-332,-39,-57,-330,-234,248,68
39147,Seneca County,-119,-387,-534,-340,-366,-454,-430,-292,-334,-637,-122,-171,-419,-288,-69,-265,-280,-181,-108,-76,-17,16,-215,17,-17
39149,Shelby County,-36,-71,-314,-289,-356,-134,-318,-170,-207,-236,-145,-327,-393,-262,-412,-265,-479,-204,-285,-239,-86,-132,-421,-33,9
39151,Stark County,-420,-1576,-1036,-752,-587,-1126,-526,-68,-400,-1319,-325,-935,182,214,38,-980,-1466,-1221,-467,-545,-107,68,336,404,923
39153,Summit County,-178,-1131,-1922,-1637,-1814,-1688,-2238,-2474,-2920,-2322,-571,-1844,-1880,-457,-1194,-1978,-2255,-456,-889,-961,-373,-1911,-450,-291,47
39155,Trumbull County,-323,-1291,-1478,-1685,-1316,-1630,-1636,-1902,-2117,-905,-345,-658,-1145,-452,-993,-1143,-1189,-845,-1202,-98,-145,787,552,519,674
39157,Tuscarawas County,21,-149,105,-175,-60,-473,-419,-125,-320,-376,-65,-270,-268,45,-84,-156,-391,-382,-376,-163,-58,-408,-500,-91,-82
39159,Union County,200,906,145,503,620,340,968,649,170,110,20,325,-659,301,23,243,815,870,664,859,225,1875,1456,2378,1560
39161,Van Wert County,-56,-231,-162,-108,-52,-193,-37,-271,-262,-312,-68,-107,-22,-293,-29,3,-146,33,-84,-20,-20,-96,14,-103,138
39163,Vinton County,5,51,70,105,-26,9,88,-38,-169,-8,-20,-36,-165,80,-92,-143,-64,75,50,-47,2,-19,-69,-51,114
39165,Warren County,1828,4610,5380,5231,5618,4915,3573,3064,1760,1558,275,515,623,576,844,1413,1416,1309,2465,2019,752,3112,2234,1250,232
39167,Washington County,-67,-410,-306,78,68,-413,-293,-193,-263,-100,-71,10,-47,-22,-145,22,-291,11,-227,-76,-52,31,-192,23,172
39169,Wayne County,-81,-145,-237,-367,-492,-327,-88,-771,-310,-647,-162,-244,-259,-257,-119,-282,-164,-899,-740,-424,-21,-808,424,-219,-357
39171,Williams County,-19,-180,-230,-350,-122,-254,-127,-116,-347,-406,-124,-28,-146,-127,-245,-199,-109,-163,49,-53,-46,-253,-7,-29,-55
39173,Wood County,-42,215,-300,59,708,-55,-215,-270,-611,-193,294,762,732,4,-214,-506,76,303,-272,96,6,-1842,1251,720,231
39175,Wyandot County,-20,-153,-47,-39,8,-176,-150,-122,-143,-88,-23,25,-136,-142,-184,-101,-118,-10,-136,-108,-9,-90,-29,-41,27
40001,Adair County,-24,-127,-12,20,-58,95,106,-63,-237,-107,19,-214,-291,-132,-153,-183,-24,-241,63,-58,-54,37,117,107,183
40003,Alfalfa County,-12,-123,-20,-39,-16,-57,-44,1,-8,-88,5,43,30,201,-20,74,-10,-25,-149,-62,15,7,-4,-28,47
40005,Atoka County,-28,85,107,161,110,14,-15,115,85,-131,20,-82,-170,-114,0,-27,35,-81,-28,-61,43,171,70,217,46
40007,Beaver County,-53,-153,-96,-63,-84,-66,-113,-6,-105,-6,9,-27,-54,-55,-65,-94,-43,-91,-62,-25,-19,-27,8,-41,-97
40009,Beckham County,-62,30,55,-694,-1059,396,665,1345,548,-526,-128,123,645,256,-21,-152,-1239,-693,-131,80,-82,-231,21,127,78
4001,Apache County,-82,-2385,-1242,5,-773,-443,126,-482,-470,196,117,-156,-463,-454,-998,-1215,1,-235,-56,-112,-36,-165,414,-288,-306
40011,Blaine County,-25,81,-392,-481,1550,5,-264,95,-8,-115,-2331,-256,96,-68,21,-120,-213,-112,-70,-52,-9,-128,-104,59,9
40013,Bryan County,29,-257,154,65,512,226,1169,383,704,103,102,404,117,594,275,434,474,779,675,739,249,987,998,981,1080
40015,Caddo County,-65,-226,-116,23,-75,-297,-117,-1263,693,940,34,-201,85,-210,-207,-95,71,-407,-345,-297,-46,-303,-72,8,92
40017,Canadian County,263,902,681,982,1775,2025,2554,2588,1862,2011,525,2234,2236,2518,2455,2889,2313,2748,3607,3078,1129,6382,6205,5460,4343
40019,Carter County,-33,-27,257,208,444,27,320,167,265,432,29,236,-81,406,46,-138,-250,-222,-126,-120,12,388,273,307,179
40021,Cherokee County,68,58,212,118,39,110,372,-222,310,63,89,395,83,-183,215,83,233,-21,-342,-11,26,629,494,140,556
40023,Choctaw County,-6,-225,94,-73,73,-72,34,-121,-166,-38,17,24,-80,-114,127,-97,-70,-52,-131,-14,12,211,141,-23,-30
40025,Cimarron County,-2,-110,-99,-86,-113,-97,-33,-52,-110,10,-13,1,-79,-64,-31,-73,-26,-21,-5,-42,-3,-37,-6,-36,-45
40027,Cleveland County,-107,2653,1694,2447,1313,1955,4984,1714,2806,2089,579,3102,2198,1835,-1884,2253,2502,423,554,1852,527,1436,1010,581,284
40029,Coal County,-10,-11,-67,-20,-25,-125,-54,42,17,177,-12,40,-18,-147,-13,-102,60,-4,-111,-23,23,57,18,1,171
4003,Cochise County,-65,-246,669,1384,872,1542,183,23,-295,310,235,449,-2093,-3228,-3072,-1700,-1192,-1058,1483,-595,102,1081,-407,-713,557
40031,Comanche County,-774,-3427,-471,-438,1425,-2717,-923,1257,-3618,36,766,-899,-1417,-3080,-1313,-2152,-3184,-678,-1846,-369,-145,886,-309,-1126,-1046
40033,Cotton County,21,-194,-54,69,-33,70,-49,-29,-106,-2,3,4,-17,-1,-24,-103,-49,-53,-47,-141,21,-22,58,26,72
40035,Craig County,-8,-189,-44,49,69,195,19,131,-18,36,27,-26,-180,-24,-67,119,-188,-63,31,-81,46,123,34,322,41
40037,Creek County,131,250,288,-50,-283,-204,112,486,554,547,185,281,51,-238,-101,181,324,676,-162,-170,89,592,753,777,683
40039,Custer County,-105,-421,-579,3,-59,61,107,-5,205,251,-11,28,536,521,-68,-147,-593,-459,-123,-168,-77,-226,-162,178,-165
40041,Delaware County,123,422,324,589,378,194,875,600,-99,109,80,163,167,86,170,91,354,814,301,370,94,969,816,455,180
40043,Dewey County,-23,-56,-76,-28,90,-91,-13,7,65,-11,8,-15,32,40,97,28,-98,-9,17,-41,-13,-31,6,-101,48
40045,Ellis County,-23,-130,85,-23,11,-44,-77,64,35,41,0,-95,48,48,0,115,-139,-111,-19,-80,-8,18,-47,-35,-12
40047,Garfield County,-198,-669,-63,30,-197,-446,-72,-90,307,549,41,-504,109,586,16,-14,-1230,-1218,-879,-430,-163,-703,11,-115,-270
40049,Garvin County,46,-222,43,-42,-122,134,96,77,50,-38,-20,-34,-121,53,144,184,-57,-116,-104,-39,5,242,126,165,244
4005,Coconino County,-16,-358,1123,-181,406,-122,-293,-320,-561,-185,-105,-1559,672,-629,-364,370,501,-162,890,313,-21,-2460,771,-143,-725
40051,Grady County,28,228,639,384,759,905,995,175,450,326,17,178,178,436,186,540,35,78,573,328,44,937,1166,760,822
40053,Grant County,-18,-66,-60,-31,-143,-16,-114,-4,-35,-113,18,34,-23,6,-36,24,-38,-56,-55,12,10,7,5,-16,52
40055,Greer County,-16,-181,57,-50,51,5,-10,80,11,15,-20,-46,-66,84,-18,-71,-76,-140,39,-99,5,28,101,-41,-48
40057,Harmon County,-2,-105,-99,-42,-34,21,-41,-99,-15,-20,10,2,-46,-36,-90,-37,-72,-4,-28,-45,-16,-39,31,-5,-66
40059,Harper County,-10,-123,3,-78,42,-40,20,-50,51,-35,-4,-8,-25,115,-45,-117,-88,-20,-88,-45,-13,-47,-14,11,-25
40061,Haskell County,34,-74,-28,150,92,21,107,8,113,110,-17,-13,20,109,-113,-112,-60,96,-70,3,2,110,110,186,62
40063,Hughes County,-23,-206,93,-59,3,-37,-108,23,1,198,23,-252,-61,75,76,-46,-141,-101,55,-15,-19,138,110,68,18
40065,Jackson County,-251,-568,-675,-81,-321,-862,-458,-722,-698,-205,-44,-279,-521,-363,-546,-624,-253,-506,-501,-434,-62,-35,-182,-122,-292
40067,Jefferson County,-42,-86,-88,8,-34,-29,-78,-45,-15,93,-23,45,-100,35,-36,-17,4,-57,-37,-83,-2,138,54,-29,54
40069,Johnston County,5,-50,-31,14,-93,-36,191,-5,-83,-4,32,102,-105,7,90,-126,165,21,-101,83,-34,142,67,-75,120
4007,Gila County,-4,-264,43,-403,-115,109,740,444,48,-107,13,-110,-361,52,134,89,588,417,456,504,200,764,892,572,464
40071,Kay County,-189,-602,7,-530,-550,-571,-515,72,-299,29,-191,-607,-247,-179,-142,-217,-387,-518,-405,-363,-73,323,173,-28,-179
40073,Kingfisher County,-32,-90,-80,89,-5,55,-19,90,-95,46,9,52,-168,215,138,0,-61,44,87,-93,-30,43,-12,189,83
40075,Kiowa County,-4,-141,-21,-24,-75,55,-149,-159,-31,-123,-14,17,-72,25,-55,-132,-68,-146,-117,-32,4,-25,103,-51,3
40077,Latimer County,-30,-74,14,-95,52,15,7,-46,128,19,-18,-7,-181,-211,5,-145,-52,-189,-132,-109,23,25,161,29,13
40079,Le Flore County,-50,-399,60,-84,-84,36,113,130,-16,-81,80,-129,-290,-157,-238,-269,91,-111,118,-189,66,616,512,507,192
40081,Lincoln County,43,-67,-46,3,-6,-116,173,-48,-195,29,34,-91,-99,56,299,324,-48,121,-113,64,34,478,440,543,444
40083,Logan County,20,500,107,607,-538,293,247,1400,865,659,163,398,332,674,690,485,475,618,308,639,175,1204,921,928,580
40085,Love County,-5,-89,63,40,91,54,17,-17,2,-1,14,-63,139,95,40,73,168,48,65,90,17,102,-16,145,150
40087,McClain County,23,-173,103,427,342,752,851,821,353,448,163,335,306,739,672,651,518,632,564,551,250,1746,1770,1542,1304
40089,McCurtain County,-45,-436,-185,-253,-321,-43,-75,-180,-157,-281,11,2,-44,-205,-120,-104,-224,-126,-203,-238,9,133,141,40,-90
4009,Graham County,6,-455,-365,-542,-507,41,451,1157,1093,500,-146,-301,-394,97,243,-625,-372,-643,302,607,46,194,-178,602,504
40091,McIntosh County,50,12,110,28,56,22,146,237,22,177,52,159,51,-1,-52,-47,-5,53,176,-13,56,524,367,385,171
40093,Major County,-11,33,-24,-140,-23,-65,52,-12,-45,68,-23,111,22,-15,45,-43,-28,-81,-60,-21,-21,-70,-66,63,-54
40095,Marshall County,-34,144,200,71,223,434,139,178,34,-42,27,86,54,12,104,138,-36,125,331,168,37,290,368,35,174
40097,Mayes County,38,-74,-51,135,158,92,203,172,136,-161,-4,10,-133,-239,-132,5,123,29,221,-45,44,344,461,430,239
40099,Murray County,-20,61,-67,39,-38,79,108,-22,123,159,31,117,54,86,85,109,63,21,98,141,-13,-76,55,131,100
40101,Muskogee County,-106,-99,-187,274,-186,150,25,-10,-169,451,42,-400,-389,-385,-466,-379,-209,30,-559,-250,-86,267,335,511,187
40103,Noble County,-41,12,-146,-33,-80,-76,-89,-90,3,-98,-11,5,-39,-119,126,6,-134,-72,-17,-145,-8,55,-10,52,81
40105,Nowata County,31,5,2,196,-158,46,17,47,16,-231,-15,105,4,-18,-22,48,-95,-72,-42,-195,-3,79,114,57,121
40107,Okfuskee County,9,-71,-131,16,-69,-156,-52,-24,-77,-228,15,59,-6,-30,-85,-28,-16,31,29,-67,-35,37,52,96,92
40109,Oklahoma County,-711,-2822,495,-1392,-3698,-867,-371,-1613,-1132,3236,498,2678,4741,5217,3284,1901,-568,-4377,-692,1522,678,-1239,118,-59,-1729
4011,Greenlee County,-3,-322,-624,-392,-103,-56,120,242,184,-118,-105,158,116,79,313,103,-26,-304,-97,-52,-43,-170,-125,-9,-87
40111,Okmulgee County,-82,-110,-89,56,-79,-274,-238,61,-265,93,40,-306,-266,-119,-365,15,44,-149,-414,270,-5,381,402,218,319
40113,Osage County,61,286,-149,-49,-92,159,-84,233,-160,-320,-24,211,-265,-61,102,-137,38,10,-194,-58,-26,303,192,418,675
40115,Ottawa County,10,-192,-412,-170,12,124,228,-580,-675,-65,-18,-23,300,-84,-271,-101,-235,-152,-34,-146,-35,296,97,29,156
40117,Pawnee County,72,70,-17,-135,-119,-6,5,-44,-188,97,7,162,-259,29,-111,78,57,-49,-61,23,5,284,82,270,269
40119,Payne County,-76,1427,-66,429,-399,-1107,1394,-2041,-194,340,-86,-143,-166,165,17,-289,-290,-508,-367,-1014,-63,350,218,126,-432
4012,La Paz County,-51,-175,-228,94,114,259,21,-64,-234,-87,-9,64,-86,10,-48,-110,171,82,387,123,59,30,265,254,141
40121,Pittsburg County,4,-486,446,34,-41,321,417,214,310,379,-17,-11,-112,-220,-336,24,-263,-140,-164,-111,31,129,171,198,222
40123,Pontotoc County,11,-285,35,94,27,141,185,487,371,278,30,26,133,-49,-78,-87,43,-267,-166,-6,19,117,-9,430,-198
40125,Pottawatomie County,112,416,177,822,-242,172,290,732,-32,541,118,160,307,208,477,-131,454,179,358,58,73,756,586,586,742
40127,Pushmataha County,5,23,-16,5,51,-42,56,114,53,136,7,-121,-142,-12,-61,54,-88,97,90,-66,5,98,90,228,64
40129,Roger Mills County,-6,-113,-122,-36,63,41,-33,13,54,-4,1,94,-1,-51,19,4,-127,-11,-32,-76,-6,-40,-13,-43,-32
4013,Maricopa County,11626,46190,43800,37578,57680,86497,69386,33748,25310,4651,-454,10846,33553,30534,33456,39263,44658,38534,49531,57477,18483,43570,32346,2183,-2049
40131,Rogers County,638,1227,1683,1539,1359,884,1519,1361,920,822,46,310,303,459,389,610,702,286,339,524,107,1619,2169,1044,952
40133,Seminole County,-46,-371,-298,-164,29,-55,-2,-120,1,75,-20,-74,-20,39,-52,121,-280,-291,-290,-214,-6,167,68,197,-141
40135,Sequoyah County,30,84,51,148,322,80,427,79,24,302,32,-166,-453,-231,59,-128,95,-65,-125,-3,-2,425,456,459,293
40137,Stephens County,-85,-276,-77,-109,268,156,242,422,140,95,29,19,-232,138,-465,49,-608,-646,-122,25,-20,561,682,504,102
40139,Texas County,-42,-620,-562,-657,-127,-661,-378,-455,-70,30,86,79,35,157,-613,-587,-568,-538,-689,-775,-116,-584,-647,-529,-403
40141,Tillman County,-47,-59,-362,-52,-144,-230,-111,-150,-219,-177,-8,1,-189,-114,-66,-111,-72,-125,-94,-86,-5,145,-4,-39,-63
40143,Tulsa County,-1095,-2488,-1988,-5791,-6885,-2649,1921,2193,1522,4040,346,-845,968,3905,2121,3490,-343,-4249,-2620,150,720,1031,840,1146,23
40145,Wagoner County,125,681,1021,565,634,840,1653,1624,1287,780,201,346,638,370,-223,768,616,1054,883,976,393,2948,2305,2317,1535
40147,Washington County,-41,-176,47,-86,-149,-197,232,672,420,-106,41,126,158,-56,243,-51,-215,-81,-210,-255,166,374,511,493,223
40149,Washita County,-16,-100,-64,-46,10,8,171,128,27,92,-6,-4,41,102,-178,81,-283,-346,-27,-98,-14,15,-121,28,136
4015,Mohave County,1099,3556,5092,5495,7388,7648,6738,2662,-453,-761,259,2900,1363,800,1153,2298,2291,3221,4072,4724,1738,5925,5837,4802,4522
40151,Woods County,-32,-145,50,-180,-42,17,-106,62,-87,46,16,-132,53,142,234,9,-173,-111,-177,-103,-18,31,0,-38,27
40153,Woodward County,-85,-153,-30,-32,209,45,104,461,13,99,-139,-4,405,382,132,-108,-798,-536,-304,-148,-66,-147,-195,-59,-177
4017,Navajo County,169,-223,1811,995,881,917,1022,814,148,-579,-38,-1030,-982,-876,-144,-747,202,82,813,311,164,1462,1480,699,327
4019,Pima County,2543,4571,9143,6598,8492,12152,13523,7850,5142,2311,115,900,-683,-1797,803,-747,2763,6076,8026,8801,2312,5280,7890,3804,3965
4021,Pinal County,1204,3691,6145,7089,8475,12292,30320,27959,21978,7790,2434,-4767,1119,-174,6458,7396,8968,12235,13468,14180,4660,19670,13773,16927,23316
4023,Santa Cruz County,-90,-429,-465,-422,-198,181,173,-99,-241,-92,-143,-261,-715,-855,-787,-718,-557,-264,-551,-257,-18,53,173,-9,-139
4025,Yavapai County,1347,4203,5037,4722,6344,7998,9094,4879,2734,602,137,638,1721,3182,4099,3905,4777,4747,5154,4636,1681,7910,5607,4342,3428
4027,Yuma County,-122,-416,166,966,1632,3149,2066,950,1085,680,812,3291,-2923,-2691,-1298,-2001,-453,-42,235,357,537,1089,-423,1781,385
41001,Baker County,-11,-63,-225,-33,15,-123,13,50,46,46,-22,-16,-55,45,29,-84,136,147,-25,139,68,256,171,92,-34
41003,Benton County,-121,-663,789,-674,-913,-41,182,911,-263,303,-206,-124,-158,-1028,383,508,496,1158,211,168,-1283,-708,3636,104,-941
41005,Clackamas County,404,3123,4808,2363,3248,3090,3971,2866,3703,2735,424,1533,2469,3496,4810,5437,5632,4862,2258,2340,924,909,-409,426,278
41007,Clatsop County,-98,-33,59,221,204,376,222,188,-72,85,8,35,82,-300,293,338,818,444,667,542,86,921,-93,-338,56
41009,Columbia County,58,438,822,429,483,681,1062,549,266,88,-58,-91,-213,-69,164,72,1176,776,497,122,83,575,525,392,228
41011,Coos County,-97,-304,396,575,798,871,193,-247,-80,26,34,-44,148,-137,183,586,935,709,919,568,142,652,616,-40,209
41013,Crook County,128,511,143,297,723,468,775,209,64,-367,-117,-167,21,136,296,552,877,779,789,596,220,943,643,630,451
41015,Curry County,-10,149,464,318,606,280,-116,-149,-99,103,37,287,-44,181,142,385,547,289,343,332,174,577,239,-5,-158
41017,Deschutes County,1081,3487,4253,3173,4247,6220,6900,3589,3349,-115,-16,1458,1390,3540,3698,4291,6010,5815,4815,5498,1222,6012,960,1768,1987
41019,Douglas County,19,-198,679,985,888,993,997,39,-79,-177,60,-80,41,-95,464,781,1291,1520,1393,1309,285,1660,1155,1046,642
41021,Gilliam County,-5,-35,-37,-76,22,-15,-42,-32,40,-55,3,69,5,-12,-18,-58,-2,4,35,31,20,1,14,37,-37
41023,Grant County,-24,-422,-84,-5,-85,-68,-28,-127,9,-57,18,-42,-59,-31,-63,31,-4,40,38,40,14,92,-17,30,-95
41025,Harney County,17,-266,-147,-142,-122,-173,-4,-17,-34,0,-16,-20,-131,-83,-51,23,99,17,18,110,5,122,-27,-59,-29
41027,Hood River County,-16,-325,-20,-194,28,-38,-50,-148,98,207,45,-146,47,-64,23,150,24,209,-209,35,-87,82,-48,-295,-162
41029,Jackson County,383,1731,2458,2734,2034,2049,1839,1724,1283,405,121,1072,1166,1425,1985,2232,2854,2468,2863,1652,563,1368,-1545,-219,434
41031,Jefferson County,50,194,-37,-59,-212,-46,96,342,-311,-639,-83,-35,-27,-46,270,269,434,543,431,484,54,607,232,152,58
41033,Josephine County,165,691,1440,1201,1123,1019,1100,292,656,27,171,272,468,759,583,1461,1292,1484,938,693,230,972,-20,745,752
41035,Klamath County,36,42,-110,408,70,576,561,296,-256,-504,-84,-148,-430,-309,-422,335,457,608,935,620,246,1070,315,125,259
41037,Lake County,-16,28,-98,-25,-72,-87,161,10,8,-109,-9,47,-114,17,29,-25,78,60,-6,81,15,159,125,-30,-94
41039,Lane County,-22,89,1617,2096,492,2633,3113,4294,2350,1313,-120,674,536,77,1718,3301,5851,6018,3323,3487,1538,2758,1459,-3469,465
41041,Lincoln County,-137,-370,518,223,503,544,225,296,144,170,24,-11,419,255,101,757,938,1122,714,959,229,863,118,368,261
41043,Linn County,-239,241,692,1086,471,1099,2284,1656,1829,685,74,892,-158,-43,420,1012,2254,1964,2198,2066,365,1117,806,1022,905
41045,Malheur County,-162,-390,-470,-455,-350,-274,-284,-156,-429,-353,-55,-504,-290,-265,-388,-183,-2,-77,73,-103,50,32,153,271,-100
41047,Marion County,-257,-338,1376,-7,-874,-660,863,522,-122,820,-16,-459,42,60,1120,3051,4288,3191,3265,875,76,495,-108,-912,-323
41049,Morrow County,-4,-52,141,-108,-155,-223,-66,-274,-117,72,6,-142,-80,-76,-181,-59,-5,-153,49,152,4,61,-131,-27,-29
41051,Multnomah County,-1003,699,331,-4152,-12584,-4128,1867,6776,7949,7053,339,4417,4306,815,4683,5215,4402,-1241,-2936,-153,127,-12326,-11385,-6697,-4789
41053,Polk County,162,768,670,844,1474,1971,2307,1719,1526,687,96,68,-7,105,796,1114,2076,1882,1085,892,565,1456,448,174,6
41055,Sherman County,-12,-77,-84,-17,-75,-5,4,24,-34,41,10,-37,-3,-21,-9,-21,19,32,-38,76,1,40,40,7,52
41057,Tillamook County,-33,79,52,151,177,156,150,24,-123,-49,20,143,-92,68,16,295,607,500,256,412,118,489,-59,97,26
41059,Umatilla County,-48,-877,750,-49,-101,-409,-632,-703,-531,101,48,292,-210,-565,-663,-540,-176,7,-36,211,-222,-285,3,-192,242
41061,Union County,-9,-245,59,-53,-193,64,-87,435,-85,-168,1,91,-169,-340,45,38,304,264,284,126,-23,150,-6,-169,91
41063,Wallowa County,-6,-99,-65,-25,-95,-27,-32,51,35,56,17,-11,-142,0,27,59,118,136,52,160,8,186,130,71,-40
41065,Wasco County,20,-145,-202,71,-167,-2,86,174,57,276,29,-58,173,-46,-41,212,313,495,138,248,-47,196,-53,-85,173
41067,Washington County,967,6071,1869,-101,456,5134,6071,1187,1737,3150,167,2249,2044,1642,1296,4886,4606,532,1246,478,-260,-2115,-6624,-3284,-3148
41069,Wheeler County,-1,-43,31,-7,-35,-42,19,10,-18,-10,8,-19,12,-26,-25,-6,-4,36,12,-11,15,5,3,14,27
41071,Yamhill County,13,282,537,561,318,914,1879,2009,987,327,37,-19,-77,-297,565,452,2378,1013,1068,586,-41,278,-212,880,641
42001,Adams County,204,835,1152,1361,1631,1082,1032,373,328,10,-12,-144,-282,-198,72,385,-1,637,519,-50,45,2260,524,995,272
42003,Allegheny County,-2227,-7195,-6106,-7054,-10327,-12153,-9054,-3987,-2057,401,45,2255,696,381,-4006,-6353,-6106,-8096,-4330,-2543,-894,-3085,-12168,-8412,-5033
42005,Armstrong County,-47,-307,-86,1,-220,-713,-577,-203,-211,-447,-38,-246,-264,-78,-200,-481,-265,-166,-376,-378,-30,90,57,-199,-71
42007,Beaver County,-308,-1085,-489,-198,-564,-1069,-1121,-539,-379,-426,95,-33,198,162,-328,-205,-1057,-601,-437,-86,-156,-122,-275,562,655
42009,Bedford County,12,-190,-111,32,-26,-158,133,17,101,-233,-30,-2,-8,-222,-85,-291,-31,-95,-191,-103,13,170,189,121,172
42011,Berks County,323,1279,1993,2573,2915,2928,3237,867,-183,-86,-92,-1504,-1675,-1812,-2114,-1919,-2110,-675,-70,-871,-89,485,1258,-250,-153
42013,Blair County,-148,-437,-645,-237,-101,-340,317,72,-5,297,-9,175,-245,-335,-312,-401,-585,-171,-295,-225,-74,154,-689,52,95
42015,Bradford County,-43,-253,-219,-363,-120,-125,-292,-236,-287,-141,-1,335,-228,-583,-723,-304,-573,-142,-121,-393,-16,268,-80,-40,-82
42017,Bucks County,760,1171,1898,857,1317,441,764,-572,-201,232,-322,-566,-1579,-1027,-712,-604,-522,618,702,383,130,1896,-1319,-84,-557
42019,Butler County,264,1068,1342,1018,545,592,1160,611,889,628,106,610,229,244,703,235,238,892,1005,431,320,3575,1316,1548,862
42021,Cambria County,-313,-643,-639,-486,-584,-475,-422,-352,-351,-165,-106,-394,-686,-2344,-933,-959,-1138,-903,-984,-774,-164,-11,150,-48,23
42023,Cameron County,-21,-37,-58,-54,-120,-64,-60,-42,-69,-86,-7,-40,-18,-28,-109,-57,-59,-72,-101,-28,-12,-21,0,27,0
42025,Carbon County,50,579,566,603,808,1086,836,1179,498,316,9,106,-62,-65,-93,-232,-53,522,558,219,77,1150,365,256,560
42027,Centre County,-128,-27,1564,482,-399,-309,1448,-1013,513,-267,-60,-344,-477,976,-95,-629,16,-1018,-615,-1101,-166,-360,-1082,-764,-1446
42029,Chester County,1286,2726,3692,3930,4651,4334,4894,3597,1994,1784,57,573,-128,408,455,-887,-1675,-11,992,948,148,4753,3463,402,-379
42031,Clarion County,-25,-255,-288,56,-790,-31,102,-262,-81,-241,-48,-38,-437,-418,-172,-46,-299,426,-283,-175,-16,623,-102,-203,-106
42033,Clearfield County,-9,-223,160,-236,-180,-6,913,412,-197,-104,5,18,129,131,-284,-212,-457,-182,-67,-161,-55,-1490,43,817,96
42035,Clinton County,-7,-189,-177,-111,-134,-22,9,-162,-165,-243,-1,195,184,29,-376,-151,-417,-156,-160,-41,-72,754,-119,-19,40
42037,Columbia County,-59,242,147,246,259,22,140,143,283,79,15,-258,13,177,-35,-315,-433,-380,-179,-27,19,579,600,504,353
42039,Crawford County,-63,-311,-179,-318,-267,-358,-162,-63,-543,-78,-112,-325,-468,-172,-267,-555,-197,-452,-668,-447,-128,-278,-479,-163,111
42041,Cumberland County,113,755,1814,1788,1251,1618,2720,1246,1824,1534,262,344,1354,1102,1202,1615,602,947,1418,1634,705,5603,2679,1682,2604
42043,Dauphin County,-350,-1237,-30,-451,-1252,-652,160,398,-329,-752,-291,-840,-1058,-524,-1351,-1167,-1074,-387,-774,-52,97,827,-265,-544,-639
42045,Delaware County,-647,-1240,-1761,-1681,-2476,-1570,-814,-1102,-985,-479,-483,-2740,-1315,-1698,-1942,-2515,-2784,-2362,-1281,-731,-175,-672,-3057,-1849,-2257
42047,Elk County,-96,-258,-373,-207,-231,-439,-321,-173,-290,-186,-54,25,-98,-101,-223,-177,-287,-147,-50,-109,-34,6,-108,-84,9
42049,Erie County,-488,-1446,-1405,-1455,-3398,-1703,-22,-1171,-1348,-303,-114,-417,-1015,-1625,-2202,-1954,-3110,-3407,-2755,-2397,-241,-823,9,-1256,-1113
42051,Fayette County,-99,-985,-431,-304,1020,-190,-317,-69,-474,-434,-20,3,-291,-312,-308,-434,-586,-514,-470,-476,-137,-539,-448,-139,185
42053,Forest County,12,124,-6,11,910,782,527,-28,-88,-1,1,23,-34,0,-28,-38,-8,45,25,22,0,10,-219,-73,181
42055,Franklin County,65,284,756,865,1554,2224,2277,1218,1084,626,76,377,-135,3,45,23,155,280,-81,306,6,868,502,839,800
42057,Fulton County,-22,-58,65,150,50,64,125,131,-51,-103,4,-104,-45,-56,-76,23,33,-18,59,15,5,20,98,7,-15
42059,Greene County,-22,-200,-23,-170,-263,406,-461,-201,23,-116,-31,-216,-280,-138,-97,-316,-144,-331,-119,-360,-63,-381,-465,191,-265
42061,Huntingdon County,-7,-102,39,79,32,-35,-107,71,16,-116,9,14,-48,-70,-89,-230,-87,121,72,-107,-30,59,-522,348,-45
42063,Indiana County,-78,-323,-189,124,-462,-387,-169,-382,102,-113,-30,-244,-398,-147,-796,-608,-1625,-251,-175,-281,-48,182,189,318,406
42065,Jefferson County,-59,-171,-88,104,-88,-39,-8,-2,-80,-238,41,-197,-74,106,-285,-161,-237,-122,-118,-128,-18,-167,-153,50,-138
42067,Juniata County,10,-150,23,42,73,-15,-86,-80,-52,-47,-4,2,-157,-192,-27,-109,79,11,-2,9,-34,-112,-15,10,-48
42069,Lackawanna County,-263,-188,-357,-85,349,360,234,645,170,-228,56,-103,-181,-486,-1224,-1170,-1292,-839,-418,-489,-101,1072,249,558,-11
42071,Lancaster County,231,8,1185,1509,1467,1259,2113,1410,1106,682,19,-41,-594,-62,-379,-974,-1247,-112,-928,-852,-234,1675,-1364,-591,-1271
42073,Lawrence County,-45,-322,-35,-163,-291,-374,-466,-257,-196,-242,-106,-284,-489,-300,-409,-252,-543,-424,-222,-396,-19,135,-51,198,53
42075,Lebanon County,-13,224,351,945,1021,1020,1464,1180,669,810,36,161,300,-550,-96,192,258,425,853,260,50,686,308,257,343
42077,Lehigh County,92,979,678,2394,2759,3047,3070,1532,1246,252,75,844,-1020,-1879,-570,-472,-625,275,-846,-777,-50,236,-1202,-643,-1101
42079,Luzerne County,-422,-1465,-228,621,357,1079,784,1468,800,1325,79,347,306,-1147,-594,-1141,-1361,515,-194,-447,0,1695,1136,869,709
42081,Lycoming County,-138,-834,-600,-174,-215,-329,-599,-462,-255,49,24,532,378,-733,-373,-771,-789,-788,-77,-444,-40,-217,7,161,-42
42083,McKean County,-124,-421,148,-443,-362,-352,83,-236,-198,-217,-75,-138,64,-279,-87,-144,-653,-196,-255,-185,-26,135,-193,-49,-53
42085,Mercer County,-89,-212,-247,60,-230,-276,-347,-216,-267,-427,-49,-208,-282,-213,-251,-778,-841,-833,-660,-691,-56,118,36,-9,156
42087,Mifflin County,-39,-8,-79,-293,-178,9,-82,0,-121,-81,-13,42,-91,-204,-182,-92,-180,-15,-147,-128,-14,192,-45,14,61
42089,Monroe County,953,3375,4199,4103,3479,2974,2243,1280,297,269,-9,-304,-1549,-1540,-450,-1061,-552,1360,1130,911,70,632,-847,-781,-69
42091,Montgomery County,754,3681,2134,2166,-863,-1422,-2421,-919,-534,637,149,368,-182,280,-1289,-1982,-1447,1483,284,1698,709,6482,-882,815,1137
42093,Montour County,28,34,-120,-46,-115,20,-47,-27,-63,49,18,-35,27,-76,9,-152,-70,8,-74,-11,-22,4,5,-177,-78
42095,Northampton County,101,954,2850,3086,3949,3220,3485,2483,875,698,114,-274,101,-575,93,148,688,1079,1221,689,108,6104,64,1933,1022
42097,Northumberland County,-45,-626,-180,-170,-233,-153,-265,89,213,248,-109,268,232,-325,-106,-489,-399,-296,-475,-18,-33,-71,-401,324,139
42099,Perry County,-25,-25,-26,183,94,102,224,158,-53,100,-21,-188,-217,-293,-113,102,2,32,59,83,-24,180,279,33,265
42101,Philadelphia County,-6156,-23802,-21970,-20688,-16204,-18440,-20586,-14117,-13035,-5496,-1228,-5090,-4823,-10779,-11848,-11781,-13132,-10691,-11500,-10446,-3137,-16186,-33573,-29087,-14945
42103,Pike County,286,1370,1639,1853,1720,1966,1829,1214,1331,496,12,-279,-716,-148,-375,-284,-309,543,439,144,121,1777,767,846,826
42105,Potter County,24,-52,55,-172,-172,-195,-65,-345,-253,-134,18,-6,109,-120,-252,-100,-82,-95,-159,-46,-3,-5,38,-85,30
42107,Schuylkill County,-104,-126,143,-346,-43,479,1423,795,341,217,55,-316,54,104,-863,-732,-92,-260,-228,27,50,1173,891,1221,927
42109,Snyder County,-23,74,-32,6,-48,-284,209,81,-62,-84,4,-19,15,159,82,150,-213,54,-126,-191,-10,8,-206,146,-54
42111,Somerset County,-33,-427,223,231,-212,-269,33,-199,-218,-114,-8,-127,-99,-91,-203,-430,-270,-298,-95,-137,-49,-448,239,78,292
42113,Sullivan County,19,57,5,-7,8,-16,-26,47,-58,41,3,68,27,-43,25,28,-89,51,-16,45,6,124,73,67,30
42115,Susquehanna County,-38,-57,-269,-15,-17,45,-47,-309,-138,-237,5,10,-253,-418,-265,-252,-434,-185,-260,-111,-19,250,-56,139,102
42117,Tioga County,-44,66,61,-76,-71,-226,-268,-44,71,91,40,298,176,-228,-288,-408,-269,-500,64,-24,-30,467,-125,-46,75
42119,Union County,13,289,57,14,413,238,795,-56,-14,-131,18,66,13,-528,151,439,-121,-855,317,-76,-21,-149,314,-608,437
42121,Venango County,-101,-337,-308,-160,-327,-136,-357,-327,-276,-246,-41,-162,-373,-300,-372,-260,-378,-543,-382,-306,-58,16,134,36,288
42123,Warren County,-80,-240,-463,-338,-251,-496,-271,-72,-123,-35,-15,-206,-130,-181,-197,-237,-234,-212,-43,-250,-16,-122,-2,24,-105
42125,Washington County,55,735,565,983,642,1823,921,605,1209,875,142,634,597,280,289,295,84,347,462,402,162,1598,882,932,706
42127,Wayne County,161,164,489,695,581,1046,1594,334,-446,205,32,70,-316,186,44,-56,-311,99,410,206,57,380,326,551,219
42129,Westmoreland County,-228,-315,-186,865,162,558,205,425,439,547,170,580,-499,-916,-534,-565,-962,-890,-156,-8,32,1681,815,1028,909
42131,Wyoming County,-41,0,-175,-4,46,-96,-23,16,-71,-100,-28,24,53,-241,10,-338,-214,-97,-257,-234,-23,219,90,-27,10
42133,York County,481,1450,2097,3444,4418,5698,6565,4397,1963,1025,99,-457,-911,-56,-206,-72,452,612,900,291,163,2486,1831,2701,2664
44001,Bristol County,47,345,110,-62,-24,-222,-360,-85,1,-310,1,-516,47,59,-74,152,-88,128,34,6,21,223,-232,158,-42
44003,Kent County,235,996,967,1206,-126,-583,-1217,-873,-173,-84,-139,-773,-670,-118,313,-676,-64,60,510,223,198,1172,520,331,587
44005,Newport County,96,-471,20,26,-1152,-1770,311,-2345,-830,-539,-97,-211,-402,-10,-263,-330,-182,-237,-466,-492,-115,277,-729,-987,-469
44007,Providence County,-200,489,796,-327,-4387,-7691,-8419,-7430,-6221,-4939,-894,-3923,-3750,-4729,-3554,-4420,-4221,-4285,-2907,-2744,-582,-2820,-4383,-2672,-558
44009,Washington County,332,818,1168,705,7,-674,-817,-418,-275,-300,-39,-595,-268,259,39,145,97,422,60,-208,84,1553,-168,-84,118
45001,Abbeville County,20,2,-148,-108,-206,-359,-234,-163,-144,-184,-67,-192,-106,-113,-76,80,-46,13,54,-3,-21,180,285,256,155
45003,Aiken County,-12,152,849,913,1176,524,1417,1174,972,908,318,640,880,587,235,1018,1070,868,915,1272,450,2348,2717,2627,1560
45005,Allendale County,-30,-308,-23,-145,-112,-92,-226,-146,-56,-241,-79,-129,-244,-139,-106,-251,-338,-22,-67,-226,-70,-138,-133,103,-14
45007,Anderson County,366,1856,855,967,1112,1283,2373,2091,2190,1428,58,666,335,812,1423,1569,1800,2414,2030,2133,597,3635,3354,3722,2848
45009,Bamberg County,-40,-272,-161,-328,-173,-60,-167,-261,-225,-189,-37,-91,-101,-260,-246,-431,-138,-27,-67,-133,-33,-21,-99,86,-66
45011,Barnwell County,-54,-133,-279,9,-281,-81,-108,-117,-189,-250,-13,-234,-170,-169,-240,-240,-152,-220,-194,-204,-9,65,-91,3,50
45013,Beaufort County,661,1441,2814,2498,1760,3116,2746,2074,2480,1449,299,338,1708,2422,3075,3591,2658,2766,2022,2862,780,4450,3595,2312,1914
45015,Berkeley County,151,340,565,1685,1242,250,4414,3854,4407,2266,595,2853,3630,2581,2536,2836,3748,4530,5281,5291,1508,4617,6514,8562,5821
45017,Calhoun County,30,15,-147,-15,-142,-83,-61,-68,-178,-8,-50,14,-243,151,-135,-36,3,-7,-106,43,30,148,165,94,108
45019,Charleston County,242,755,3017,3208,4652,1450,936,182,2496,2830,365,4395,4777,4867,5471,6851,5200,3089,2467,3601,1160,3298,2461,2225,1233
45021,Cherokee County,61,71,197,-152,67,80,254,89,336,-10,37,75,6,194,259,132,161,210,145,214,14,10,283,721,800
45023,Chester County,7,-296,-236,-347,-391,-409,-285,-187,-11,-373,-39,-268,-278,0,-239,3,-55,71,58,5,48,47,57,383,372
45025,Chesterfield County,10,-175,-76,-242,-238,-70,-207,45,50,-131,-86,-164,-475,-5,-35,-31,0,-125,-74,-168,22,237,444,347,207
45027,Clarendon County,19,62,-103,-52,1,-91,-35,-161,298,-188,-14,-209,-364,-39,-4,-148,303,-124,-188,113,-192,416,225,299,78
45029,Colleton County,62,-101,19,69,56,-15,-243,19,57,-237,-10,-434,-330,-385,-32,0,188,129,225,148,-19,136,330,454,242
45031,Darlington County,-28,3,-61,-195,-525,-335,-157,-296,-9,-521,-60,-395,-139,-199,-111,-144,-253,-158,-129,-55,1,192,66,184,267
45033,Dillon County,-87,-27,-246,-150,-46,-269,-107,-189,-151,8,37,-467,-370,-257,-265,-181,-455,-247,3,-215,6,-166,-127,20,-66
45035,Dorchester County,225,1108,1650,2306,2168,4679,5455,4600,2615,1547,542,2146,1231,1886,2115,2985,2578,2050,1112,1448,581,829,1734,2688,3686
45037,Edgefield County,-41,-107,76,223,247,161,-241,160,113,121,-24,-36,-318,0,70,149,-139,229,367,236,56,799,1024,1138,635
45039,Fairfield County,64,21,126,-84,292,-233,-52,-321,135,-135,-80,-244,-169,-175,-103,-83,-158,45,-131,50,-29,13,-36,145,143
45041,Florence County,-124,-95,305,460,356,346,699,379,465,237,30,135,-55,-10,217,-418,-426,-243,-510,-142,-159,33,726,575,522
45043,Georgetown County,173,555,679,560,601,242,127,307,196,-269,5,-81,161,375,440,759,340,514,691,817,219,1121,1205,1439,676
45045,Greenville County,589,2192,1369,1227,2030,2967,7008,8075,6968,4729,600,3172,3990,4011,5034,5759,4876,4339,4297,5618,1280,6009,9916,6838,5812
45047,Greenwood County,-96,-117,81,84,-273,46,44,-272,234,241,-27,-190,-182,-376,-453,54,110,166,51,132,-16,-132,424,350,478
45049,Hampton County,-43,-195,-160,-8,-282,-8,-202,80,-187,-67,-57,-318,-80,-319,13,-465,-149,-255,-112,-84,-19,-177,-28,50,-15
45051,Horry County,1146,2799,3285,3743,6276,9431,10748,8389,6423,3847,916,4617,5157,6964,8172,10803,12035,11679,11760,10315,3358,15130,16981,14554,14186
45053,Jasper County,-26,-110,-229,-167,-139,0,109,125,170,209,119,192,267,474,212,572,456,263,483,778,368,1352,1337,1383,1687
45055,Kershaw County,162,266,4,528,550,755,1118,869,565,487,107,230,41,273,441,393,545,732,497,793,220,854,1772,2140,1470
45057,Lancaster County,-25,-228,201,77,45,-122,122,1357,1983,1521,230,713,1300,1181,2469,2562,3345,2387,2559,2933,615,4303,3781,3194,1986
45059,Laurens County,34,184,-351,-189,-487,75,-89,-93,127,-17,-60,-150,-236,59,306,23,165,273,95,621,160,536,450,1107,1375
45061,Lee County,-18,-185,-44,-26,119,-124,-125,-226,-217,-357,-35,-247,-224,-221,-19,-479,-236,-39,-20,-364,96,-153,-138,-216,-15
45063,Lexington County,345,1463,959,2262,2030,2335,3822,2936,3927,4012,532,1658,2054,2034,2722,2914,3437,2964,2914,3398,1052,5652,3859,3462,2394
45065,McCormick County,21,151,62,83,-148,108,137,13,91,65,14,-139,-23,25,1,-98,-1,73,-52,157,27,395,74,164,276
45067,Marion County,-17,-483,-456,-243,-224,-353,-398,-281,-262,-655,-80,-211,-388,-285,-133,-160,-7,-417,-169,-302,-52,-44,-169,198,75
45069,Marlboro County,-47,-277,-98,-189,-159,-556,1300,-50,-257,121,-43,-320,-328,-136,7,-407,-540,-222,-259,-234,-127,-222,64,-62,-111
45071,Newberry County,-33,-20,184,-73,36,-37,213,169,20,165,25,-126,54,-141,156,98,171,434,83,58,36,408,368,519,217
45073,Oconee County,125,381,568,327,326,528,596,510,235,270,90,-99,279,392,276,573,656,885,998,1343,235,1071,1251,1389,977
45075,Orangeburg County,-115,-579,-376,-385,-612,-138,-1262,352,-412,-836,-233,-767,-435,-835,-714,-881,-703,-731,-542,-655,-134,-572,818,241,171
45077,Pickens County,131,-142,-485,355,201,174,595,546,843,91,-116,55,-175,-742,972,646,1272,310,1503,1459,274,869,2339,2050,1165
45079,Richland County,36,2697,1603,4840,4763,-214,3218,5424,3350,2901,406,664,360,1017,856,2569,251,161,19,-833,-615,286,2492,581,2242
45081,Saluda County,-37,-229,-259,-297,-362,-38,-105,-215,-195,-48,15,-142,14,107,-110,-8,-20,100,25,22,-11,38,145,110,39
45083,Spartanburg County,306,1243,1128,843,816,1767,3304,4066,4075,2735,117,359,1220,1508,1841,2838,3463,4982,6460,4672,1405,6522,9692,9920,7944
45085,Sumter County,-213,-1246,199,40,-625,-1049,-1524,-813,-673,-484,-104,-835,-315,-667,-724,-1022,-515,-935,-318,-40,-172,-635,-786,302,154
45087,Union County,-14,-328,-295,-305,-343,-128,-162,-279,-60,-223,-63,-202,-380,-117,-9,-112,29,-174,-14,80,-21,59,33,141,122
45089,Williamsburg County,-120,-602,-652,-859,-88,-588,493,-34,-434,-506,-63,-200,-522,-415,-296,-184,-556,-660,-527,-172,-47,-223,-51,-8,-40
45091,York County,761,2615,3026,3125,3920,5341,8585,9171,7559,5221,466,2114,2780,3374,4556,5067,6226,7192,6695,6252,1938,4831,4018,2746,2607
46003,Aurora County,1,-66,-31,8,16,-64,-14,-24,11,-33,-1,5,36,-47,22,-32,-17,-36,6,-52,-9,2,21,17,-31
46005,Beadle County,-37,-119,-305,-369,-236,-122,-231,207,140,298,-4,73,47,9,-410,-296,-382,-217,-341,-124,-22,-192,-265,-255,-243
46007,Bennett County,-7,-91,-37,-60,-43,-19,-110,-52,-80,-86,5,-31,-49,-28,-72,-51,-2,-22,5,-131,4,4,-72,-43,-41
46009,Bon Homme County,9,-43,-44,12,-48,-27,188,-92,12,-11,2,-46,16,-24,0,-26,18,13,-28,-13,-14,76,78,21,25
46011,Brookings County,5,-65,-20,-54,-122,-299,431,118,96,-36,-11,-130,274,42,-99,148,-129,-165,-6,-310,-63,85,313,121,46
46013,Brown County,-103,-329,-259,-189,-84,-46,-69,33,-219,62,67,58,389,406,-38,-3,151,21,-373,-473,-76,-168,-275,-282,-157
46015,Brule County,-14,-131,-86,5,-9,-37,-28,74,-3,42,9,6,-17,52,-100,-60,-49,84,-125,41,4,-26,39,-14,-60
46017,Buffalo County,-17,11,-29,-23,-31,-36,-12,-64,0,-131,15,10,-4,-19,20,-21,-78,-42,3,-64,-5,-18,-48,32,-65
46019,Butte County,5,-62,-131,86,-1,55,13,190,85,-82,16,139,-86,43,-77,-49,-91,-29,99,142,27,251,233,52,1
46021,Campbell County,-3,-28,-45,-59,-52,-57,-56,-70,-34,-12,4,-45,-8,-33,32,7,-26,-11,-2,6,-1,9,-17,-13,-16
46023,Charles Mix County,-34,-172,-114,-138,-78,4,-99,-137,-107,0,0,-2,-72,-84,0,54,-27,-6,-142,-90,-11,-185,8,-42,20
46025,Clark County,-26,0,-154,-74,-89,-85,-126,-31,-24,-40,0,-99,-3,24,10,-33,-34,5,9,-26,8,-5,27,-24,11
46027,Clay County,-50,-10,-205,-82,-192,-30,-26,46,45,-207,-28,81,-8,-217,-119,-150,64,-19,-89,38,21,119,59,80,-189
46029,Codington County,-60,-97,-125,-139,-137,-154,147,17,-261,-210,-37,72,43,82,-70,-197,-4,-82,-194,-108,4,131,195,127,260
46031,Corson County,3,-66,11,-16,-4,-99,-208,39,-137,-111,18,-60,-9,93,-82,-57,-101,33,-84,-126,-15,-58,-40,-46,-37
46033,Custer County,19,57,174,92,166,-19,175,9,22,16,40,78,-8,104,21,36,191,83,71,183,30,357,364,98,227
46035,Davison County,-40,-29,-86,-38,83,-108,116,-170,-175,-89,-3,7,113,-71,-44,-44,61,-186,-96,-49,-20,-38,21,-70,-49
46037,Day County,-14,-126,-24,-106,-28,-9,-52,-63,-123,-5,11,23,-133,2,-63,-5,11,24,16,-66,-11,36,73,-2,10
46039,Deuel County,-3,-31,-23,-88,-66,24,-21,-58,9,-71,-11,-13,8,-84,-5,3,-84,24,25,-15,0,-18,59,-18,-32
46041,Dewey County,-7,-46,-95,-8,-121,-79,-153,-176,-210,-90,11,9,32,-4,-15,-46,-15,-18,-30,-99,-27,-23,-101,58,-72
46043,Douglas County,-20,-13,-52,-66,-14,-26,-97,-43,-71,-28,-7,-3,-7,27,-41,21,-54,0,-21,-18,-3,-13,-27,34,-11
46045,Edmunds County,-6,-34,-65,-37,-77,10,-91,-6,15,-53,2,-10,-19,17,-74,7,-72,-27,-58,-33,-11,48,24,-25,-27
46047,Fall River County,-27,5,-27,56,38,104,3,-20,5,103,25,-94,76,-119,113,2,21,-21,102,26,21,340,270,74,91
46049,Faulk County,-11,-83,-38,-40,-60,-56,-30,3,-7,-75,3,-15,4,-11,-23,-8,16,-7,-16,-31,-3,-2,6,31,19
46051,Grant County,-21,-121,-45,13,-134,-118,-81,-36,-44,-20,-8,-106,-32,-13,-66,-104,13,-46,-67,-58,-21,19,-69,25,33
46053,Gregory County,-19,-132,-86,-40,-49,-66,-63,-40,-34,-6,0,-31,49,8,13,-17,-28,46,-13,-1,12,-9,46,19,75
46055,Haakon County,-18,-40,-51,-44,-31,-64,-47,-32,-27,-12,-11,-7,6,-27,-23,8,30,47,-19,-11,-2,-23,-1,18,-28
46057,Hamlin County,6,-27,-9,-46,-30,31,-65,75,5,49,7,-25,-82,-61,-42,-31,-110,25,4,31,-15,45,15,-56,34
46059,Hand County,-20,-71,-65,-46,-109,-40,-5,-8,-17,-13,7,-2,-56,15,-33,-22,-5,-4,-33,-59,-10,-35,47,6,-11
46061,Hanson County,7,81,32,34,184,-6,-117,-4,-38,-82,3,12,-22,-9,-16,-38,-21,6,-59,60,0,31,-48,-26,-6
46063,Harding County,-13,-40,-39,-8,-62,-38,0,-24,-38,-32,-10,24,21,-59,-26,8,-19,-30,-2,35,0,8,5,-27,-7
46065,Hughes County,-17,-138,103,-19,30,10,-60,9,-247,95,23,128,54,-108,83,-164,-48,18,-77,-223,-44,7,-102,-87,-124
46067,Hutchinson County,-10,-124,-55,-21,-77,-43,-115,-23,-57,-32,8,-47,9,-34,35,42,55,-5,-57,-30,-4,1,-9,39,-4
46069,Hyde County,-5,-55,-51,31,30,-13,-63,-65,-31,-3,1,-18,31,-39,9,-3,-48,-25,-25,21,-3,-17,-18,-1,34
46071,Jackson County,3,-159,-21,-25,-52,-32,-70,-28,-137,-52,3,64,-23,21,-11,-19,-37,-55,-47,2,-12,25,-56,-81,-51
46073,Jerauld County,-14,-25,-29,-46,-54,0,-54,-63,2,-16,16,-9,-21,26,-48,-15,-18,20,3,-15,-7,1,12,-1,1
46075,Jones County,-8,-50,-21,-46,6,-34,7,-33,-38,1,5,-13,-12,-14,-20,-41,13,-7,0,-28,6,-39,0,-16,1
46077,Kingsbury County,13,-107,-36,-31,-45,49,-46,5,-5,28,1,44,61,-165,7,-100,15,-34,-27,-2,22,-3,81,-3,21
46079,Lake County,-33,32,-164,-97,-81,56,76,330,269,74,45,252,117,143,158,229,244,190,245,-273,-57,-148,88,88,-46
46081,Lawrence County,-54,-92,-28,288,406,206,212,264,-9,56,70,99,70,546,-241,89,371,236,48,110,77,396,1036,813,669
46083,Lincoln County,312,1276,1185,1105,2047,1520,1469,1435,1308,896,160,1070,937,893,1057,816,1043,1532,1548,1727,364,2011,2274,1575,1782
46085,Lyman County,2,-42,-23,-30,-65,-86,-23,0,-121,30,2,13,-58,46,-45,-6,-13,-72,-114,-62,-10,25,-88,-30,-8
46087,McCook County,16,20,-90,15,27,-17,-100,33,-97,-33,2,-91,34,9,-41,-59,6,12,14,-44,-15,45,44,34,-43
46089,McPherson County,-13,-34,-37,-46,-54,-17,-43,-43,3,-32,-2,5,-11,18,4,-3,30,7,2,-19,-5,30,-1,-46,-5
46091,Marshall County,-3,-95,-78,-60,87,31,-48,-80,-15,-95,1,-59,48,89,-94,51,-22,-9,-70,-20,-9,-8,34,8,21
46093,Meade County,-97,-199,70,56,-20,-215,-377,-398,-369,-74,-24,-120,64,362,149,-115,410,536,239,87,23,348,352,199,-81
46095,Mellette County,11,-26,-50,7,-62,-11,-14,-28,-73,-1,-5,23,-19,-15,7,-65,36,-21,-41,16,4,-14,-19,-19,-4
46097,Miner County,1,-62,-33,-121,-35,-48,-30,-42,-45,25,-7,-32,-10,15,-21,-70,31,-16,-5,8,-3,26,-14,5,0
46099,Minnehaha County,359,866,566,1178,920,1196,2044,1806,1875,1251,12,-351,968,1573,597,259,-238,255,-327,414,115,794,1610,1069,272
46101,Moody County,-20,-13,-108,-84,13,-13,-47,-12,-121,-118,-2,-63,-88,-67,-97,-34,10,-60,-22,51,-13,-31,20,22,25
46102,Oglala Lakota County,,,,,,,,,,,6,27,-77,-125,-146,-33,-89,-167,-158,-261,-38,-121,-94,-125,-105
46103,Pennington County,19,487,295,223,485,-209,422,653,1438,1093,97,450,880,916,746,-212,204,644,901,1253,245,2169,1972,1208,-160
46105,Perkins County,-23,-50,-19,-122,-75,-67,1,-2,-22,-35,4,53,27,4,-3,-24,-16,-10,-43,-57,-3,-1,-4,29,18
46107,Potter County,-16,-105,-39,-13,-38,-78,-31,-61,-79,-44,12,28,-5,29,-47,8,-26,-35,1,-48,5,10,-9,-23,-1
46109,Roberts County,-31,17,-185,71,23,-119,-33,-66,-54,-88,22,42,-54,-131,-47,-128,-84,-8,42,-37,-26,-92,-48,34,37
46111,Sanborn County,-4,-90,-5,38,-13,-77,-27,-11,-22,-17,-1,-2,-32,4,2,3,16,51,-56,-69,-10,52,21,-13,-23
46113,Shannon County,30,-99,75,-65,-201,-27,-17,-318,-221,-183,,,,,,,,,,,,,,,
46115,Spink County,-42,-198,-118,-120,-52,-73,-42,-156,-78,-30,-3,75,130,-71,-25,-93,-50,5,-42,-119,-19,-53,-32,-60,-19
46117,Stanley County,-3,-49,-58,9,37,-57,-3,2,-71,1,9,-11,-24,-9,-14,-22,10,-38,7,51,-5,57,-15,27,-19
46119,Sully County,-10,-25,-60,-69,-37,-13,-3,-8,-71,-44,0,-9,39,7,-42,-11,6,-23,-30,9,2,19,-2,5,-20
46121,Todd County,2,-23,-100,-99,83,-105,-105,-17,-247,-239,4,-8,-118,-89,-257,-109,-38,-178,-148,-186,-27,-101,-193,-143,-51
46123,Tripp County,-41,-111,-12,-59,-96,-30,-101,-163,-134,-53,0,-3,-114,2,5,-93,70,-42,18,-80,-13,-28,-7,36,30
46125,Turner County,1,-63,-134,31,-29,-70,-50,16,-18,-58,4,17,-49,12,-105,-23,141,51,117,-50,16,47,171,118,-65
46127,Union County,-25,-13,88,105,90,59,199,235,95,285,77,96,101,-73,200,-124,61,-12,230,277,27,-11,149,21,104
46129,Walworth County,-38,-112,-103,-143,-28,-11,-20,-105,6,-15,12,123,-110,47,5,-94,37,4,-45,-60,-22,-28,29,-26,-21
46135,Yankton County,-58,-187,-15,33,101,-102,-28,-54,99,35,11,40,44,-3,-42,-32,-88,-52,53,2,-27,56,44,77,-23
46137,Ziebach County,-49,-18,-9,-15,-12,-22,54,-48,-117,-24,10,-17,4,-45,-26,-37,20,-124,-11,14,-28,6,2,-89,18
47001,Anderson County,-117,74,33,59,3,318,1018,409,701,559,-5,144,132,124,-4,385,192,713,375,783,224,709,1632,1515,1256
47003,Bedford County,98,277,183,407,512,617,760,471,334,36,-14,-105,-229,117,495,472,310,546,653,283,87,717,659,831,574
47005,Benton County,15,151,-68,-7,-7,-1,-42,87,3,4,31,64,23,-37,-45,104,-51,43,351,6,15,154,325,259,76
47007,Bledsoe County,35,54,-15,66,108,68,141,157,30,-153,-3,110,-70,962,584,81,118,162,-2,196,40,-55,-35,261,612
47009,Blount County,299,1444,1455,1513,1869,1944,2665,1460,1515,889,72,413,300,908,1002,1087,1359,1849,1454,1842,478,2587,2698,1940,1128
47011,Bradley County,111,255,223,182,656,735,1120,1145,688,628,55,479,896,396,683,763,318,808,1269,769,237,1252,1057,1041,1185
47013,Campbell County,52,-97,94,112,387,41,53,90,184,197,8,100,-91,-150,-176,48,159,145,152,169,59,424,422,910,298
47015,Cannon County,80,85,-35,56,108,57,118,120,352,8,-2,-76,76,-70,-92,187,143,296,271,206,74,10,260,273,124
47017,Carroll County,15,151,-225,85,-10,-298,149,132,-77,-83,14,173,194,18,-129,-244,45,13,283,-112,49,62,325,606,231
47019,Carter County,94,141,31,1435,211,297,357,61,228,-126,-27,24,98,-162,-520,215,306,294,171,256,106,155,872,874,614
47021,Cheatham County,131,256,202,78,242,288,388,323,165,135,-28,-193,154,93,156,-91,139,533,122,119,76,458,326,494,345
47023,Chester County,19,287,-24,-340,214,70,75,81,152,-10,27,-43,-91,12,3,-16,6,14,84,25,36,169,160,121,95
47025,Claiborne County,65,139,-32,298,223,288,131,157,201,-12,39,-50,-230,-3,64,79,231,138,261,183,75,171,520,442,425
47027,Clay County,10,-41,31,15,62,-2,-5,-81,-37,-18,12,-71,5,-12,-28,63,50,45,61,-29,23,69,124,90,210
47029,Cocke County,60,88,312,332,215,293,394,271,350,235,4,-142,166,-21,26,-8,243,472,511,292,116,671,809,812,636
47031,Coffee County,99,238,350,393,351,595,530,135,186,188,-17,139,250,171,242,510,474,527,862,623,261,965,834,852,761
47033,Crockett County,23,-53,-121,-159,30,-49,-61,-13,-18,-20,-10,-34,65,-26,38,-54,-122,22,-112,-40,2,140,-55,145,37
47035,Cumberland County,241,730,977,574,881,1058,1493,1031,570,491,168,441,613,628,712,524,625,753,994,1087,357,1821,1688,1783,1280
47037,Davidson County,-1297,-3511,-7247,-3929,-2094,-1066,-621,-910,-851,128,-316,701,5991,2546,1687,1514,-1346,-6178,-4601,-4201,-834,-17943,304,-3429,-2707
47039,Decatur County,-19,-21,-43,-40,41,-41,-46,123,24,13,3,7,5,73,30,-28,169,65,23,7,22,89,245,208,130
47041,DeKalb County,17,30,133,137,154,57,84,76,195,-22,4,28,102,213,69,-22,116,361,237,310,127,371,528,282,352
47043,Dickson County,140,265,274,333,222,270,504,711,267,57,32,195,167,-212,216,754,575,891,616,407,150,819,649,1010,738
47045,Dyer County,24,-295,-142,71,55,204,3,-165,-111,-45,-21,-251,-50,-142,-320,-74,-227,-156,-48,-112,-74,15,5,153,47
47047,Fayette County,279,955,741,850,1112,748,1704,1151,802,409,18,18,1,20,236,124,406,444,400,570,210,925,837,871,470
47049,Fentress County,10,66,128,72,13,223,344,68,231,86,-4,90,-31,39,13,179,128,250,171,275,88,494,630,488,515
47051,Franklin County,26,305,308,138,200,207,320,264,-25,82,-53,12,-115,550,185,104,273,139,355,276,96,594,1044,629,502
47053,Gibson County,-24,-50,-13,-34,206,134,287,428,745,346,27,289,-222,-238,91,-65,23,104,-2,34,52,433,618,424,375
47055,Giles County,29,91,-151,-159,-31,79,29,-91,140,-86,-102,-72,-275,-129,56,103,171,230,120,51,41,288,359,339,187
47057,Grainger County,71,40,211,272,262,373,288,128,69,70,67,67,-56,116,191,48,298,86,85,257,65,425,521,552,450
47059,Greene County,70,187,221,320,468,691,541,456,252,235,19,583,-206,-211,344,357,196,593,616,144,236,812,1316,1703,1271
47061,Grundy County,-3,-105,26,-34,33,30,-19,-14,-34,-83,3,-116,54,-67,-61,43,-8,121,57,97,41,113,264,237,233
47063,Hamblen County,-45,-38,-865,-85,129,318,180,476,71,19,18,168,-294,111,-97,228,270,434,396,194,78,181,1055,1128,1086
47065,Hamilton County,-208,-368,-370,-834,-434,473,1159,969,1333,1606,457,2415,3361,1977,641,1869,2898,2332,2244,2595,995,1500,5005,3807,3033
47067,Hancock County,1,24,-6,-96,24,41,-62,48,-36,-12,12,-50,-29,-5,24,14,25,31,-2,82,-18,210,124,177,119
47069,Hardeman County,15,1,-77,-213,-104,-2,-50,-28,-64,-213,-95,-309,-238,-255,-336,-171,-202,-4,-144,-155,-17,-65,341,155,53
47071,Hardin County,11,267,108,8,-52,297,198,146,136,67,20,-130,148,99,-20,38,47,109,57,67,40,266,462,364,335
47073,Hawkins County,90,354,319,466,336,547,535,473,369,301,43,-142,109,219,-12,57,354,251,263,280,58,1037,1220,1067,1123
47075,Haywood County,-5,-36,-372,-135,38,-247,-144,-244,-190,-188,-38,-298,-287,-98,-57,-227,-195,-177,-242,2,-37,-59,-86,-100,-168
47077,Henderson County,61,56,86,61,61,234,321,155,134,-7,-23,197,46,-14,40,17,-167,0,156,143,27,178,146,258,230
47079,Henry County,37,129,151,-89,153,289,167,172,292,191,30,135,59,-20,135,-6,262,321,107,197,-6,385,392,377,609
47081,Hickman County,124,210,306,23,286,-17,117,227,35,-91,-31,-279,-145,9,215,-90,294,221,205,207,89,220,462,412,165
47083,Houston County,-59,-11,-30,27,-104,57,3,102,59,30,9,-96,116,-122,-5,-101,4,104,100,-18,31,72,11,189,181
47085,Humphreys County,-26,116,-93,-19,-39,76,190,142,-12,75,36,-145,-102,7,-50,41,269,172,101,59,14,305,11,309,318
47087,Jackson County,49,137,23,31,7,-21,-113,23,137,-19,-13,-23,73,16,24,86,134,129,135,77,37,258,306,416,148
47089,Jefferson County,248,472,459,884,487,564,1174,1013,786,293,20,233,396,-117,303,604,260,731,454,661,291,944,1373,1327,1478
47091,Johnson County,20,207,131,208,85,158,-47,175,32,-27,31,-25,4,-72,16,-37,18,-33,257,104,72,201,130,440,254
47093,Knox County,432,1527,2172,3082,2547,4232,5476,5308,4238,2552,335,2092,2319,1902,2189,1824,3163,4077,3228,2627,1466,5843,8875,3996,2753
47095,Lake County,-7,61,-23,-32,-183,-59,-50,-30,-59,-18,5,2,-64,12,4,-43,-35,-40,-16,-360,-5,-313,-14,-70,11
47097,Lauderdale County,-64,-2,-195,-264,-395,-107,-142,-73,-144,-238,-70,-123,-50,-172,-224,-476,-1581,751,-97,-381,-32,-165,-86,-124,114
47099,Lawrence County,4,-178,358,-144,-72,133,-79,119,42,157,111,99,-84,-206,239,265,438,325,386,331,78,692,812,625,502
47101,Lewis County,3,17,9,-6,-42,-61,113,83,-37,-24,1,6,-216,67,-73,-17,54,127,66,196,35,334,153,229,273
47103,Lincoln County,65,172,87,110,17,316,269,221,364,134,77,2,44,176,-8,206,25,324,348,212,46,272,705,215,565
47105,Loudon County,112,678,725,636,721,1021,1145,850,807,479,172,411,654,691,245,401,533,950,971,1082,322,1982,1629,2395,1661
47107,McMinn County,119,467,210,194,196,539,574,329,358,93,-45,189,52,19,331,-117,257,283,397,453,144,865,1107,1178,1078
47109,McNairy County,34,-109,-38,154,135,182,299,101,236,141,23,54,95,-44,68,-44,48,284,-74,-33,47,140,293,276,231
47111,Macon County,39,274,-89,68,189,72,153,28,250,-8,16,48,-56,83,243,80,214,505,312,247,52,480,544,558,316
47113,Madison County,40,370,-20,-199,-82,181,728,-281,-578,11,-72,-554,-49,-164,-979,-840,-363,-173,-103,103,16,-240,672,-113,182
47115,Marion County,-13,0,13,146,-259,-18,233,71,31,-24,33,-97,152,183,149,30,43,152,197,340,42,203,304,457,494
47117,Marshall County,69,132,14,13,238,215,461,490,446,91,32,111,40,104,128,189,400,894,644,485,129,595,767,1077,729
47119,Maury County,65,106,695,1089,1115,1026,1744,1939,1664,978,68,-138,171,1196,1449,1775,1878,2366,1711,1778,800,3277,2779,2445,2361
47121,Meigs County,11,72,-3,6,121,72,159,121,209,168,17,-42,32,11,78,123,189,151,272,148,70,327,312,506,362
47123,Monroe County,193,292,535,510,800,909,850,818,711,26,75,275,191,62,126,284,287,283,280,397,191,550,1261,1077,849
47125,Montgomery County,-162,-1123,257,2353,462,4524,-1758,4801,-1813,3626,185,1103,4193,-3663,2002,421,-409,3094,3582,1576,761,5074,5047,2377,2874
47127,Moore County,26,30,110,-43,61,72,-9,69,56,-16,-1,55,-58,4,14,-9,30,106,53,6,1,218,110,68,5
47129,Morgan County,19,147,30,63,-53,-732,-10,258,-30,-871,12,11,-63,-209,78,-196,280,-130,24,-102,34,181,233,478,625
47131,Obion County,4,-231,-124,-83,-75,-252,-195,-74,-60,-146,6,-112,-314,-244,-127,-234,-5,-128,-83,-121,-5,-98,85,152,-68
47133,Overton County,43,7,91,-48,308,112,271,200,-16,178,25,87,17,-91,27,171,-24,104,176,254,111,416,306,465,315
47135,Perry County,4,-138,59,70,-13,16,35,86,70,50,18,-66,-8,34,-54,59,57,91,93,21,1,143,230,225,67
47137,Pickett County,-6,63,73,-79,-73,-22,-5,-6,51,-28,0,68,-42,28,73,89,-33,2,43,29,4,140,80,68,55
47139,Polk County,33,100,-204,-6,-193,25,83,-32,28,-129,9,34,-65,106,79,129,76,40,226,-19,49,331,233,389,425
47141,Putnam County,59,393,661,524,664,717,1290,657,966,625,109,76,183,133,421,-97,714,1041,1079,1305,268,1402,1208,1148,679
47143,Rhea County,12,32,190,248,116,263,432,201,430,363,22,173,240,107,75,-227,115,190,228,263,75,392,628,363,509
47145,Roane County,27,115,125,394,362,146,556,330,196,124,-38,-2,-200,-217,-28,209,444,377,530,390,233,930,1466,1285,877
47147,Robertson County,244,676,457,474,509,625,1289,1063,1098,534,0,118,-300,301,285,374,456,677,612,383,130,1127,1332,1251,1386
47149,Rutherford County,1063,4059,4276,4369,6102,6766,8996,7491,5291,3663,454,2859,2759,4107,4832,6503,6572,6511,5525,5039,1459,6479,7103,3462,2806
47151,Scott County,27,182,-54,-144,7,52,21,27,-92,-145,-3,-79,58,-116,-89,-62,-10,87,83,72,6,100,226,251,336
47153,Sequatchie County,45,112,166,203,258,333,356,243,160,204,-12,143,65,191,125,11,127,11,120,138,35,645,450,206,379
47155,Sevier County,481,1199,950,923,1531,1992,2062,1427,930,540,166,948,842,830,998,644,845,742,445,230,206,1047,-341,550,-516
47157,Shelby County,-1445,-7890,-5680,-4412,-6585,-5532,-3144,-9332,-10883,-7867,-929,-2952,-1596,-8194,-8050,-7623,-7579,-7208,-5164,-5190,-1115,-8274,-9716,-12029,-12554
47159,Smith County,69,131,107,120,37,215,177,139,243,23,-11,94,-18,-69,-54,202,180,145,254,190,56,271,327,117,268
47161,Stewart County,90,99,144,67,-48,215,40,190,211,86,29,-112,82,-3,-32,32,20,239,217,142,56,188,262,296,148
47163,Sullivan County,-212,-484,342,173,-493,606,696,1040,513,632,57,533,-44,363,684,359,582,1288,1296,1220,297,2203,2757,2021,1435
47165,Sumner County,446,1616,1609,1266,2160,2172,3877,2994,2024,1998,392,1811,1535,2155,2692,2258,3344,3856,3081,3175,1112,3166,3022,3755,2582
47167,Tipton County,193,726,330,389,95,1028,1029,891,763,349,-5,-20,-83,-211,-221,-199,-436,52,204,-30,50,61,719,399,372
47169,Trousdale County,49,-29,-8,-11,28,127,95,158,85,92,-1,-52,-20,22,169,49,1880,883,175,234,41,7,462,219,-144
47171,Unicoi County,3,-24,136,173,46,-9,226,104,98,83,-17,91,24,-53,-15,-1,27,190,123,157,-8,-28,195,368,223
47173,Union County,33,374,57,109,-73,1,72,65,96,-20,-20,65,-107,-55,25,161,74,198,295,291,82,296,554,356,433
47175,Van Buren County,-6,-26,13,-94,-16,9,-15,77,41,-8,3,-13,104,-79,138,12,41,35,24,95,18,185,207,136,131
47177,Warren County,39,16,-306,147,-42,-10,60,26,49,92,8,36,-167,55,59,264,174,242,124,413,98,558,510,566,892
47179,Washington County,195,2,1476,730,783,1369,2016,1547,1819,1368,256,417,866,435,254,332,1051,423,1085,678,318,847,3041,2446,1102
47181,Wayne County,-18,206,-38,-84,-68,-31,-27,-70,-34,-13,-5,69,-24,15,-2,-10,46,-17,54,110,-4,222,77,-116,58
47183,Weakley County,-6,-620,-168,-240,-422,13,-196,-112,120,47,-19,-162,-311,-344,-217,-142,-263,-240,106,-68,10,107,325,164,90
47185,White County,15,266,172,109,305,377,293,332,249,203,15,271,47,201,146,118,201,359,406,330,118,273,622,823,608
47187,Williamson County,1109,2945,2873,3139,3916,4912,5817,5517,3991,2917,486,3008,3294,4410,4752,4616,5834,5619,4332,4835,1701,6080,3730,2081,1739
47189,Wilson County,318,1207,1458,1314,1714,2197,3111,2356,2966,1370,402,1558,1798,2328,2675,2839,3403,3537,3595,3070,940,3323,5820,4288,4464
48001,Anderson County,-52,-1050,137,1099,-57,348,272,239,-151,195,-3,-39,-279,-86,-51,-215,-105,668,-12,-104,24,608,-906,1713,517
48003,Andrews County,-128,-271,18,-185,-114,-168,32,106,373,219,10,398,536,429,412,376,-514,-371,332,583,-36,-321,-298,124,-39
48005,Angelina County,-73,-794,-367,-146,-362,-371,295,-179,-397,201,39,-6,-186,-507,-139,-94,-492,-372,-889,-173,-3,365,482,210,77
48007,Aransas County,58,-12,463,361,367,653,-57,-50,251,264,41,108,315,526,690,361,464,320,-1799,247,183,897,628,569,447
48009,Archer County,65,-117,66,35,5,-46,-17,-66,52,-109,47,-286,-26,-2,56,-101,35,21,0,-72,8,161,169,190,69
48011,Armstrong County,11,-9,-78,-9,49,31,-25,-31,6,-39,-2,39,19,-8,-15,-4,-34,28,5,10,10,5,24,-18,-15
48013,Atascosa County,206,619,618,163,416,30,198,156,-21,342,9,270,704,298,434,291,42,71,946,551,93,715,906,950,586
48015,Austin County,123,369,275,347,413,176,258,363,212,45,-21,90,-173,43,187,389,74,36,170,13,-31,297,607,535,795
48017,Bailey County,-24,-133,-158,18,-24,-97,-168,-198,-102,-113,-8,-87,-159,-81,-243,146,-147,-233,-145,-123,-53,-103,-109,-246,-116
48019,Bandera County,154,346,503,330,122,190,346,475,184,39,62,9,45,7,327,374,608,657,541,370,195,766,662,597,303
48021,Bastrop County,463,2385,1858,1769,1016,684,1078,1211,652,911,148,354,-565,819,1497,1968,2073,1598,1677,1809,805,4039,3453,3855,3017
48023,Baylor County,-3,-111,-4,46,18,-64,-13,29,-144,-51,2,6,-75,18,-9,64,47,-52,44,-49,0,34,34,32,23
48025,Bee County,-130,-621,49,701,-314,-326,-223,-145,-276,9,11,345,9,142,-73,-380,62,-321,-165,18,-23,-196,294,272,1184
48027,Bell County,-193,-1059,2308,5098,-4242,2420,-705,7371,2408,-4048,1015,-2244,2664,-4010,-2613,-59,-244,1705,3617,3745,703,5442,3357,1575,-1055
48029,Bexar County,-221,-84,9901,9818,6655,7429,20598,19089,12653,10797,3590,13832,12738,13537,15455,15492,12247,10806,8393,7493,3140,6170,15847,11123,3573
48031,Blanco County,45,171,36,7,163,31,2,-12,70,84,26,72,41,47,156,224,287,196,215,333,97,527,551,665,319
48033,Borden County,-13,-39,7,-21,6,-37,-7,-36,13,-5,4,-14,-15,28,13,-9,0,8,-22,6,16,-17,-35,-6,-11
48035,Bosque County,59,147,97,190,215,81,32,16,-170,26,56,74,-75,-231,-65,197,195,348,398,120,32,423,280,376,149
48037,Bowie County,-156,-144,-137,88,245,181,841,74,773,972,46,-99,-119,123,-432,-459,75,-212,187,-531,-15,-425,-350,89,720
48039,Brazoria County,641,2136,3983,2775,3867,3318,6696,5707,4581,4498,517,1683,2101,2793,4433,4399,4870,5911,4496,3025,1014,3831,6668,8251,7342
48041,Brazos County,-196,-1201,192,395,-668,-47,1724,25,1472,2422,81,-1130,-189,871,1362,3771,176,1018,-734,931,260,1337,2137,1060,-1948
48043,Brewster County,0,10,91,52,-119,-203,-19,7,13,125,40,40,-125,-36,-179,-51,48,123,-88,-87,26,-65,-156,163,-120
48045,Briscoe County,-13,-67,-33,-9,-12,-54,-44,-74,-22,-42,-2,26,-87,-9,1,-32,-20,37,-6,29,-12,-7,43,11,38
48047,Brooks County,-52,-330,-45,-93,-99,-95,-139,-132,-123,-135,-34,-77,-111,-14,-101,-111,-83,-139,-112,-72,-38,-51,-109,-91,-182
48049,Brown County,0,-107,176,-121,263,258,275,-351,-115,-47,25,-53,-169,-70,-111,252,357,-147,83,91,-9,385,486,206,383
48051,Burleson County,30,19,-108,99,-52,49,-282,-153,-58,-89,17,67,78,-170,102,186,222,171,285,87,30,521,556,744,510
48053,Burnet County,357,1300,1190,1049,1337,952,1407,1058,612,391,47,396,87,191,362,838,1034,804,808,854,423,1952,1473,1539,1265
48055,Caldwell County,218,953,744,266,581,-174,-212,102,554,-55,-6,135,61,333,341,482,477,969,568,297,60,867,675,1735,1941
48057,Calhoun County,-58,-242,-525,-299,-169,-201,-129,-220,-41,-99,-77,-59,113,48,-77,-73,-91,-329,-314,-267,-58,-206,-107,-9,16
48059,Callahan County,21,-182,102,122,235,115,-9,92,40,57,-3,34,-7,51,36,92,231,183,43,-21,69,481,236,196,183
48061,Cameron County,-719,-2441,-584,-214,-551,-1447,-1658,-1948,-1281,-732,137,-644,-2970,-3872,-3782,-4861,-3257,-3364,-3590,-2407,-338,-554,-613,-1918,-1923
48063,Camp County,29,-223,78,-63,66,179,-6,101,19,-21,-11,-50,2,-110,72,-60,14,-4,80,45,-19,217,125,265,92
48065,Carson County,-13,-149,106,-144,-41,41,-52,-63,-109,-70,-20,78,-133,-92,34,-23,86,-85,16,-68,4,-27,119,77,-38
48067,Cass County,-5,-318,-74,-156,-66,24,-72,4,-53,25,34,-127,-225,231,-84,20,-14,-1,248,18,14,382,197,320,151
48069,Castro County,-80,-259,-223,-202,-253,-209,-282,-188,-154,-72,25,-166,26,-237,-314,-226,-119,-134,-198,-129,-33,-7,-123,-108,-70
48071,Chambers County,89,249,248,73,291,172,56,161,293,1797,285,-9,590,563,636,462,814,756,651,1290,459,1593,2200,2213,1397
48073,Cherokee County,-70,-301,-406,131,-55,-178,-189,-101,-288,-138,-14,-91,-43,-364,-214,98,62,55,120,94,54,753,408,803,341
48075,Childress County,-2,-82,-60,21,2,-112,56,-35,9,-32,16,-79,76,-39,132,-20,31,64,23,-30,-10,167,70,-63,-68
48077,Clay County,70,106,188,19,11,54,-140,-82,-202,-43,-15,-62,-110,-70,-37,13,-92,266,-7,63,42,126,218,256,76
48079,Cochran County,-23,-63,-187,-81,-149,-76,-118,-113,-152,-109,8,-104,-76,-49,-90,7,-84,-102,-63,-23,11,-72,22,-39,-64
48081,Coke County,-14,-7,-24,-10,-67,-3,1,-145,-5,-29,6,-27,-39,7,52,25,47,49,76,45,13,52,51,58,41
48083,Coleman County,-50,-61,-150,-80,-16,-79,132,-60,126,-62,8,-116,-36,-139,-46,-36,129,51,11,-160,7,167,219,115,174
48085,Collin County,5980,26331,19778,16252,20546,20834,28126,21759,19008,16470,3481,14798,11957,10122,15381,16813,15548,15446,21875,19952,8064,32100,29540,20436,19165
48087,Collingsworth County,-9,-78,12,-56,9,-49,-36,11,10,18,-3,21,-81,66,-87,2,3,-48,-24,-14,-8,-17,-11,-16,56
48089,Colorado County,-40,-204,103,48,-133,-68,-1,-111,36,-168,10,-129,-69,-4,-76,176,37,131,-64,116,31,91,204,276,126
48091,Comal County,579,2174,2357,2197,3606,3288,5061,4306,4105,3506,590,2468,2349,3290,3960,4835,4921,5964,7091,7600,2360,12096,9009,8530,6922
48093,Comanche County,-34,-288,-167,-81,57,3,-9,-104,-13,22,-2,-130,-166,-155,-23,-74,138,28,22,131,47,279,132,135,277
48095,Concho County,-10,-78,-14,-33,-35,-43,-128,-2,24,-49,10,-5,-91,34,-59,-57,35,-1482,-50,22,14,31,21,-91,39
48097,Cooke County,36,207,352,22,36,59,-181,-249,-259,-50,-35,-178,144,-440,142,194,-38,416,402,616,68,687,578,643,373
48099,Coryell County,-297,-1796,-212,1890,-2321,166,-2515,457,-199,-1061,-116,175,468,-2789,-1644,-1084,-2103,-642,-415,769,-95,1075,-667,799,-891
48101,Cottle County,-14,-97,-41,-35,-12,-39,-55,-40,33,-16,-1,1,-18,-18,-3,21,-22,-12,7,16,-6,11,-27,-12,-19
48103,Crane County,-47,-85,-60,-88,-22,-79,-30,88,100,77,-6,-46,121,158,121,59,-274,-139,29,0,-5,-43,-105,8,-23
48105,Crockett County,-65,-173,-19,-4,-25,-35,-133,-8,-35,-114,-16,-64,22,33,-10,-84,-114,-113,-91,14,7,-53,-56,-97,-33
48107,Crosby County,-22,-144,-120,-180,-142,-106,-86,-248,-102,-158,-10,-3,-18,-121,-112,75,-21,-46,-98,-27,-29,15,-71,-52,7
48109,Culberson County,-37,-111,-75,-97,-91,-58,-88,-80,-87,-177,-1,-29,-98,-22,-34,-52,-43,-3,-52,-36,2,1,-19,31,50
48111,Dallam County,-12,-103,-131,-121,-16,-59,-157,61,55,-52,16,19,67,-73,-24,-88,-170,-223,-158,-194,-23,-74,-168,-218,-208
48113,Dallas County,-7206,-18685,-46523,-50835,-42058,-35078,-18116,-25534,-18659,-7494,-2703,983,12017,-5153,-2527,-1581,-5667,-8329,-22391,-24389,-5936,-41017,-19165,-35789,-48472
48115,Dawson County,-72,-172,-512,-138,-362,-34,-193,-242,-150,-180,10,-146,-219,-475,168,-541,-67,-329,-220,60,-18,-60,-201,-273,-91
48117,Deaf Smith County,-120,-460,-302,-336,-83,-256,-319,-193,-201,-354,1,-226,-382,-434,-235,-512,-193,-241,-259,-325,-92,-276,-129,-230,-233
48119,Delta County,20,16,113,-22,146,-80,77,-132,91,-49,19,-72,109,-97,37,15,-5,142,56,-5,1,142,89,128,47
48121,Denton County,4121,17585,16140,13732,12785,15939,22769,16320,13319,11678,2158,10471,13453,12032,15019,16626,19102,18128,15448,21053,7001,24595,23405,18718,15145
48123,DeWitt County,-21,90,-47,8,116,129,-262,-162,-115,73,-6,184,124,17,102,71,3,-408,-52,59,21,181,-97,463,54
48125,Dickens County,-33,-25,34,6,-20,-72,-81,-10,-65,4,6,-47,-69,-28,-72,0,-7,1,34,-4,-9,0,6,-20,11
48127,Dimmit County,-48,-227,-53,-57,-222,-66,-193,-231,-117,-80,21,-5,240,294,-13,-141,-300,-455,-117,-108,-42,-98,-105,-98,-92
48129,Donley County,-1,54,10,72,40,-67,-40,22,-106,-59,8,-31,-25,-61,-68,-73,9,-33,-19,-34,17,120,-45,-52,57
48131,Duval County,-75,-210,-181,-218,-102,-207,-213,-273,-213,-122,-55,13,-290,-27,-119,-231,64,-185,-149,-8,-14,264,-312,-61,47
48133,Eastland County,18,-189,181,31,123,77,-51,40,-169,-74,11,24,-97,-124,8,-63,139,94,60,99,57,180,194,359,141
48135,Ector County,-768,-1400,-80,-1026,-75,-275,627,1185,747,1904,-411,1388,3139,3233,2644,2886,-4258,-2786,3106,2324,-95,-5590,-2056,883,1098
48137,Edwards County,-19,-91,-40,-34,-31,-49,-41,42,-2,-122,-9,-30,2,-94,-6,17,5,23,-17,21,0,24,9,-24,-10
48139,Ellis County,724,2112,2521,2726,2368,3300,4324,3697,3367,2050,452,950,495,1319,2143,2941,3905,4096,4619,4841,1830,8612,7667,8923,7238
48141,El Paso County,-2502,-10391,-9234,-5584,-5796,-6716,-990,-5865,-2531,-479,484,5244,-301,-12765,-8481,-13213,-7498,-5946,-6918,-3818,-473,-2083,-5691,-3872,-5372
48143,Erath County,-3,-382,262,142,438,123,590,-97,23,97,-26,843,273,240,404,484,61,223,377,336,150,642,388,329,-456
48145,Falls County,-64,-330,-301,-66,-117,-175,-140,-463,-89,-82,1,-50,-291,-383,-65,-6,28,42,-117,50,-17,196,-104,691,76
48147,Fannin County,140,16,361,524,232,421,209,54,160,-56,4,-2,-177,-42,112,-21,461,672,686,405,141,1108,605,702,967
48149,Fayette County,4,341,125,91,70,99,135,96,244,66,-9,233,-31,147,124,211,114,196,246,118,82,370,340,592,123
48151,Fisher County,-2,-77,-13,-37,-49,1,-27,-22,-37,-41,-13,-7,-85,40,17,20,-5,2,-68,14,2,46,-13,15,88
48153,Floyd County,-52,-296,-184,18,-248,-199,-166,-230,-210,-58,-32,-71,-43,-157,-308,-103,-6,-47,-72,-91,-19,-30,-12,-141,-103
48155,Foard County,-10,21,-76,-22,-5,-52,-1,-46,-35,-29,7,18,-55,-15,11,-39,-15,12,-2,-31,-4,-8,9,41,-22
48157,Fort Bend County,2881,10285,15322,12819,15714,14073,19646,16701,17187,16988,3335,7324,9558,17010,19844,17947,15891,10867,10051,13487,5171,25954,17623,15564,10282
48159,Franklin County,12,101,24,71,159,999,11,45,-216,-61,2,-63,83,-11,-40,57,70,118,-2,-32,24,146,166,70,136
48161,Freestone County,29,173,207,49,153,93,167,-51,175,228,-5,-226,-102,83,104,52,-113,-62,129,-79,27,456,254,367,302
48163,Frio County,-87,-139,-86,-209,-162,-154,-131,-184,-141,-162,-7,53,244,188,230,2,-187,-97,-15,-235,-10,-545,15,33,107
48165,Gaines County,-79,-467,-400,-129,-196,-89,-92,-14,-55,0,5,66,111,163,144,441,-218,-317,-167,295,20,-136,-86,6,-45
48167,Galveston County,-53,1589,3432,2899,2305,2912,2224,2207,2402,-4285,647,941,3168,3471,4543,5489,5624,3859,1813,2949,746,3424,1088,2962,2719
48169,Garza County,-9,158,-62,-54,60,-233,58,-179,-114,-26,0,59,-189,-73,-13,-90,-278,212,-303,-70,-9,493,-2014,-8,-29
48171,Gillespie County,104,218,494,516,301,410,602,236,370,310,64,235,183,243,169,462,347,349,358,397,50,713,259,245,315
48173,Glasscock County,-9,-79,-26,-23,-47,-24,-78,-46,34,-11,2,0,18,-16,33,34,-41,-23,11,2,-1,18,0,-3,-14
48175,Goliad County,56,5,9,62,-74,-3,37,1,-4,-22,19,-9,143,108,92,19,9,48,44,61,7,155,28,52,61
48177,Gonzales County,-2,-161,-12,-6,-49,20,-329,-386,-122,-175,0,-116,69,125,135,19,185,-106,-34,7,1,-49,159,62,-83
48179,Gray County,-180,-471,-357,-266,-332,91,163,156,138,-176,-113,124,161,-8,376,-279,-606,-649,-78,-170,-41,-55,-62,20,-55
48181,Grayson County,237,1055,395,694,59,201,1019,737,121,631,104,56,215,274,858,1669,2327,2533,2467,2193,563,3971,3449,3304,2992
48183,Gregg County,-323,-339,-48,-40,-256,-110,643,-29,-238,1093,-61,-141,-523,-604,-893,-116,-1117,-958,98,356,-35,-103,1323,329,-533
48185,Grimes County,33,463,379,128,41,-28,115,221,43,-72,35,31,-25,62,138,275,114,381,283,518,184,723,956,1290,656
48187,Guadalupe County,639,1442,1460,1819,1890,2514,4459,3937,3701,3027,729,2304,2769,2352,2882,2925,3036,4339,2942,2866,867,3380,4875,5084,5147
48189,Hale County,-115,-1198,-731,-535,214,-598,-308,-546,-879,-179,-5,-154,-439,-847,-1490,-583,-81,-283,-446,-354,-94,-232,-297,-186,-62
48191,Hall County,-15,-7,-54,-18,-25,-47,-39,-149,-43,-70,3,-50,-20,-70,-85,56,33,-34,-15,-57,-10,77,-24,-5,-12
48193,Hamilton County,21,-65,-103,123,-31,95,105,48,41,-15,-15,-28,-111,9,-18,-30,196,194,116,4,34,49,121,310,111
48195,Hansford County,-35,-139,-139,-124,-107,-64,-83,-10,51,-59,-17,-70,-92,-32,-45,16,-124,-144,-73,-135,-28,-129,-11,-45,-128
48197,Hardeman County,-12,-115,-61,-22,-74,-98,-48,-139,-156,-168,14,-20,-49,-39,-56,-73,51,-13,-40,6,22,3,-28,-46,-73
48199,Hardin County,67,105,320,215,491,660,136,702,437,821,76,142,-78,47,67,106,377,756,-89,434,114,779,753,381,411
48201,Harris County,-5967,-21359,-11895,-27592,-29339,-24700,47813,-20686,-980,19002,-139,6220,15728,20567,22295,17692,-16690,-45399,-43779,-30449,-5684,-39356,-20058,-22021,-32198
48203,Harrison County,-120,65,-535,-427,233,-113,476,-372,100,601,21,295,-465,-221,10,-138,-304,-351,24,-93,-16,803,526,869,212
48205,Hartley County,-4,-105,-419,222,-128,-127,-32,4,-322,14,-4,-70,26,-133,14,-405,14,-53,-153,-85,-28,33,-212,-120,-183
48207,Haskell County,-44,-78,-195,-89,-81,-20,-155,-93,-39,-82,-8,102,-66,21,-107,-4,-85,-52,-14,-52,24,9,59,57,50
48209,Hays County,1207,4659,5753,3105,2900,4928,5713,7016,5699,4371,760,3692,3730,5941,6976,7691,7984,8419,6200,5751,2774,11259,10491,9166,8832
48211,Hemphill County,-27,-39,-4,-49,-2,13,-9,-46,56,4,-20,111,91,26,-19,49,-204,-171,-108,-49,-13,-48,-115,-47,-1
48213,Henderson County,251,482,878,1487,1530,126,321,-316,-215,46,129,178,186,-160,682,311,693,1075,1398,836,368,1990,1353,1964,1433
48215,Hidalgo County,-222,-1668,2733,3430,3148,2530,1217,1369,2468,2656,1212,1326,-1542,-3447,-2422,-3970,-4135,-3646,-3452,-3038,-198,360,-658,35,-1298
48217,Hill County,206,71,322,542,311,83,209,116,256,-29,4,-12,-72,-318,-104,96,313,637,498,510,136,633,1003,921,553
48219,Hockley County,-100,-255,-141,-11,-278,-94,-402,-356,-182,-209,-115,-48,-30,175,-17,-259,-356,-164,-109,-54,-37,-201,18,77,83
48221,Hood County,368,1173,944,1031,964,1096,1400,900,1242,618,70,223,570,671,934,1516,1376,1435,2352,1565,556,2770,2242,1477,1476
48223,Hopkins County,19,-4,-34,124,316,98,156,310,-71,243,47,-77,-30,-30,283,235,137,219,280,296,21,497,563,328,400
48225,Houston County,-9,-88,22,-18,136,-189,-80,-84,-154,-166,1,-209,-188,-326,58,-13,178,237,61,-14,29,60,106,195,369
48227,Howard County,-201,-484,-105,-504,-271,-403,-247,144,274,177,-26,-112,370,548,194,348,-1154,-556,-57,568,-62,-379,-3941,-189,-351
48229,Hudspeth County,-6,-40,-108,-166,-89,-8,-35,-71,-176,-32,-14,-101,-105,-60,-119,130,613,279,113,18,-7,38,31,-70,-9
48231,Hunt County,224,750,1091,-30,415,-42,208,-215,-651,93,146,-37,-10,189,902,676,1933,1849,2225,1686,302,3386,4433,4515,4220
48233,Hutchinson County,-111,-664,-264,-535,-449,-412,-139,-231,-414,-15,-57,-254,-109,-151,-106,-138,-307,-287,-237,-226,-48,-40,-112,-100,-201
48235,Irion County,-3,-63,34,-10,-26,6,53,-26,-25,24,9,-4,-31,40,-40,-28,18,-60,4,17,0,28,3,16,-40
48237,Jack County,-12,-119,166,-18,-2,18,35,-158,-111,-120,-27,-7,-56,-53,-59,-10,-100,40,3,102,27,61,215,455,206
48239,Jackson County,-3,-247,-61,-180,-71,-55,-126,-159,15,77,-17,-85,170,299,60,13,-26,-129,-29,-151,5,80,-15,-46,25
48241,Jasper County,-22,-95,-227,-271,-279,-149,-873,2,-135,7,82,331,-509,-249,-191,-123,134,119,264,-219,-30,-130,136,254,320
48243,Jeff Davis County,20,-3,-48,26,-8,-4,6,-2,29,-4,-2,-52,6,-58,-7,-22,32,27,-19,32,-9,-8,-37,-41,-56
48245,Jefferson County,-743,-3614,-2039,-2101,-1440,-1883,-6659,-430,-568,-163,-245,-512,-3604,-140,-1940,285,-1228,-1356,-4231,-2823,-447,-2638,-2777,-453,-1451
48247,Jim Hogg County,-21,-128,-35,-143,-39,-43,-123,-122,-5,-24,-6,-43,-65,-66,2,-88,-96,-101,-49,-11,6,-48,-33,-81,-36
48249,Jim Wells County,-1,56,-53,-15,98,-127,-350,-38,-505,-302,0,52,197,-235,-531,-310,-653,-511,-321,-424,-54,39,-63,-67,-56
48251,Johnson County,869,2656,2113,2247,2210,1389,1283,2201,3110,1834,43,140,542,474,1569,1804,2664,3536,3429,4018,856,6661,7269,6387,6205
48253,Jones County,-39,-569,-70,-20,-174,-188,-119,-262,-100,-138,36,74,-441,173,-188,156,34,-101,38,218,25,374,481,492,25
48255,Karnes County,-26,-34,-164,-57,-45,-137,-18,-56,-7,-89,30,75,-115,-131,51,361,-78,-103,4,-154,36,-55,119,-79,61
48257,Kaufman County,659,2358,1914,2937,2420,2611,3296,3593,2785,1593,382,664,672,1037,1870,2471,3066,4005,4902,7124,1777,11006,12360,11544,9013
48259,Kendall County,204,453,563,907,805,1202,1380,1281,1506,870,193,776,997,1540,1161,1490,1889,1982,1549,1789,305,2492,1983,1373,1205
48261,Kenedy County,6,-9,2,-9,4,9,-26,-22,-9,-20,4,9,3,-24,-14,-8,-15,-22,8,-48,-2,-6,13,-11,-28
48263,Kent County,-11,-29,9,-24,-13,-2,-8,15,-6,-9,5,6,18,-38,-27,4,1,15,-29,39,10,-1,8,-1,-20
48265,Kerr County,175,432,537,314,789,680,868,442,454,438,38,175,269,319,702,676,671,561,719,374,203,881,877,342,285
48267,Kimble County,18,1,9,-18,33,36,-36,-57,-6,99,-10,25,-55,-58,13,-62,40,-3,-34,16,11,88,95,45,-48
48269,King County,-1,-43,-9,4,3,-21,-4,-2,-16,0,2,-34,11,2,-8,18,9,-3,-15,-8,4,-12,-26,-20,-2
48271,Kinney County,5,-4,15,-115,-38,22,-3,25,-75,12,7,2,5,-31,-111,30,1,58,-46,-42,-1,13,18,28,-55
48273,Kleberg County,-135,-672,-201,-316,-535,-465,-533,-197,-337,-486,-65,-311,-311,-472,-520,-766,-353,-708,-232,-241,-77,-343,-332,-301,-247
48275,Knox County,-16,-206,-43,-57,-99,-132,-53,-87,-115,-35,16,0,4,-2,68,-13,-51,-37,-18,-6,1,-9,-2,43,-52
48277,Lamar County,52,-236,138,198,-88,-62,-139,-182,-130,-110,23,-50,-287,-540,227,-52,33,-22,162,172,59,358,252,559,106
48279,Lamb County,-65,-183,-32,-100,-222,-154,-408,-220,-374,-471,29,-4,-254,-237,-218,-274,-122,-70,-107,-236,-44,-85,-158,-103,-205
48281,Lampasas County,104,202,500,313,1164,-733,586,317,145,-71,40,92,51,35,-90,186,173,302,262,298,103,642,625,560,251
48283,La Salle County,-2,-128,-4,-10,-8,55,-124,-13,-170,-69,8,46,86,217,-34,76,-98,-108,-110,-45,-21,13,-177,-27,-4
48285,Lavaca County,-29,-242,75,11,-56,-27,-37,-1,-112,-23,-3,38,243,108,208,160,-4,153,102,47,27,236,167,-75,-12
48287,Lee County,27,213,26,20,-148,-17,-103,-88,-16,-66,-13,-63,-87,-13,67,189,99,135,-42,108,13,220,296,248,177
48289,Leon County,101,61,240,106,34,253,232,20,393,31,-33,102,-113,-90,118,300,160,43,21,155,30,345,273,362,171
48291,Liberty County,253,674,1263,73,171,-317,-396,-91,87,20,126,-218,-49,137,782,1137,1452,1989,1915,2050,722,4843,4414,5560,5495
48293,Limestone County,-12,-30,132,72,80,-168,47,-184,-207,-55,34,52,-17,-291,5,-138,-32,-116,-69,114,2,74,228,177,194
48295,Lipscomb County,-27,-103,44,10,-103,-17,14,17,-36,73,-24,5,102,22,39,-20,-93,-160,-41,-119,-21,-116,-61,44,-58
48297,Live Oak County,-30,-201,-180,-236,-135,-141,-113,-73,-112,-204,22,-45,123,160,201,100,-161,118,-45,26,12,106,190,190,-12
48299,Llano County,102,415,409,283,129,200,116,423,128,60,47,-113,303,392,266,539,640,738,601,383,103,1060,677,338,408
48301,Loving County,-3,-3,1,-7,-13,7,1,-3,-17,3,2,11,-9,20,-17,29,-4,19,10,20,1,-4,-7,1,1
48303,Lubbock County,-130,1175,309,1229,-368,-467,1408,588,93,2837,698,1085,578,1518,2486,1663,1524,1267,578,1366,646,2119,1677,1161,959
48305,Lynn County,-61,-111,-52,-257,-107,-42,-45,-276,-141,-80,-21,-45,-114,-79,35,-58,5,32,1,75,17,58,91,25,99
48307,McCulloch County,-25,-141,-125,58,132,-88,35,-142,58,90,-44,50,-10,8,-52,111,-126,-162,46,22,-30,17,45,64,-6
48309,McLennan County,76,-269,87,548,1330,-117,-41,858,774,625,519,337,-167,601,-194,462,323,2493,1138,1033,376,2148,1532,968,47
48311,McMullen County,2,-11,-10,21,-51,65,-18,23,-33,-35,3,-17,31,37,29,18,-24,-44,-38,11,0,6,-14,9,-13
48313,Madison County,20,664,-998,137,134,-94,63,33,-71,29,54,-63,-56,54,6,46,116,74,79,-121,-6,3,83,79,350
48315,Marion County,7,142,-77,75,-131,-32,58,-47,-205,-117,-11,58,-57,-39,-32,65,61,32,-84,9,60,-19,54,129,156
48317,Martin County,-26,-63,-87,-149,-175,-3,-40,9,6,40,10,42,32,223,102,109,-91,-147,124,57,6,-62,-11,-45,-47
48319,Mason County,6,37,23,49,79,5,57,32,-22,86,7,7,14,61,-37,-44,93,35,78,15,20,-5,78,-17,104
48321,Matagorda County,-81,-340,-448,-254,-546,-593,-698,-586,-66,-423,-15,-226,-341,-135,-192,110,152,-457,-410,-79,-15,-10,-449,-34,-345
48323,Maverick County,-201,-782,-357,-173,-473,-504,-193,-513,-119,434,64,8,-324,-179,-396,-457,-694,-793,-619,-283,-134,-393,-531,-403,-286
48325,Medina County,89,303,319,475,470,282,592,337,251,238,61,189,160,345,409,374,640,746,529,578,184,1425,1246,1034,688
48327,Menard County,0,-25,16,-29,-27,-63,-14,-20,31,5,1,13,4,-67,-7,30,-24,35,18,27,8,30,32,3,-20
48329,Midland County,-806,-729,223,44,238,221,1754,1252,1686,1754,-225,1922,5275,3058,2098,3162,-879,-755,5009,2124,-138,-3575,1486,2474,1690
48331,Milam County,-24,58,420,-171,84,-208,26,-176,36,-376,-66,-114,-559,-57,19,188,300,259,102,-208,11,537,502,397,166
48333,Mills County,-17,-59,72,-48,34,90,-73,39,19,7,19,-66,-19,65,17,17,27,63,-7,33,3,100,50,89,68
48335,Mitchell County,-47,-54,-111,-20,-83,52,-57,44,-66,87,7,5,-81,-339,72,-212,-368,-272,289,-14,10,64,-69,151,-127
48337,Montague County,18,91,8,219,37,127,247,6,30,-52,-16,66,-251,-27,-7,-55,163,64,248,294,62,638,747,615,277
48339,Montgomery County,2702,10327,11106,10518,12705,10932,15665,14245,13624,11415,2235,7280,8228,9416,13396,13131,14050,11220,13856,13423,4376,23146,22465,24797,23477
48341,Moore County,-141,-337,-596,-475,-320,-570,-213,-547,-5,86,-14,-380,-103,-754,-605,-604,-452,-353,-797,-415,-123,-364,-476,-369,-280
48343,Morris County,-14,159,3,-39,-132,12,125,46,-194,-193,0,-137,-66,-16,-77,-206,83,-36,-31,101,17,113,132,103,71
48345,Motley County,17,-77,-18,10,-39,-2,-5,1,-11,3,2,7,5,-3,-28,4,32,64,8,-28,-1,24,-21,4,-5
48347,Nacogdoches County,-65,-112,-565,-106,183,13,388,85,201,141,6,544,-267,-1136,-374,-64,-247,-519,-348,-125,-54,77,105,460,51
48349,Navarro County,62,286,284,8,393,106,277,-399,-156,12,-6,0,-91,-318,-392,90,41,196,633,428,195,821,919,738,520
48351,Newton County,-30,-91,-164,-81,-413,-24,-314,-43,-12,-61,-4,118,-130,-65,-17,-135,24,-201,-127,-94,-33,175,-47,93,-84
48353,Nolan County,-59,-483,-343,-70,-156,-306,-87,-64,240,-91,4,-74,-250,99,8,-60,-125,-224,-106,-115,-11,-104,-138,-156,-81
48355,Nueces County,-1145,-4406,-1580,-1920,-391,-760,-1016,-2890,-1357,-101,-535,507,1930,2315,714,799,-1636,-2676,-1064,-1571,-161,-834,-2606,-948,-1751
48357,Ochiltree County,-55,-64,-233,-341,-42,-2,-19,32,-98,-2,-68,125,66,17,-117,-127,-559,-356,-216,-100,-62,-228,-270,-173,-329
48359,Oldham County,5,-29,-50,3,-35,-46,-6,-27,-1,13,-2,23,-34,41,-39,-7,1,24,1,-19,3,-41,13,2,10
48361,Orange County,-110,-1001,-437,-465,-140,-198,-2003,295,71,-1329,91,230,360,-233,290,442,356,325,-1513,-147,-48,17,457,559,88
48363,Palo Pinto County,38,-13,-49,47,-90,75,154,-390,50,-99,-21,-68,-318,-50,62,-100,160,405,292,304,72,383,637,465,467
48365,Panola County,-16,-92,80,-14,-237,153,230,-161,70,-1,15,166,-55,-246,-47,-149,-271,-226,-82,53,27,194,274,164,249
48367,Parker County,671,1980,1895,2194,1826,2005,2923,3296,2734,2216,259,667,773,-77,1861,3035,2786,4154,4108,4369,1378,7708,7966,6780,5395
48369,Parmer County,-67,-400,-46,-152,-232,-336,-287,-175,-278,-173,2,-99,-226,-319,-186,-269,-159,-173,-81,-219,-31,-126,-244,-143,-215
48371,Pecos County,-133,-442,-223,-460,-205,-258,-45,-134,-122,198,-1,-22,-174,-11,44,83,-254,-296,-24,25,-32,-68,-477,-107,-150
48373,Polk County,460,1512,1124,973,746,298,177,409,200,-62,37,161,-39,17,283,804,1029,1310,1023,1423,496,1726,1456,1010,100
48375,Potter County,-183,-611,107,588,-693,-121,-272,-1423,-902,-689,1,-430,-1049,-2140,-1659,-2277,-1967,-1554,-2467,-2221,-321,-1766,-2131,-807,-1900
48377,Presidio County,-15,-205,-122,-191,-238,-107,-309,-157,-259,-264,32,-235,-232,-351,-347,-289,-38,-154,-308,-221,-30,-17,-242,-236,-143
48379,Rains County,74,488,360,287,194,170,246,196,47,17,12,96,-61,98,34,157,228,469,424,354,47,389,432,225,275
48381,Randall County,203,2,28,342,963,682,316,1205,648,1246,298,1387,750,994,1023,822,1270,996,1100,1474,465,2568,1659,1280,1522
48383,Reagan County,-37,-119,-98,-134,-40,-76,-32,21,-15,-73,-27,10,64,98,75,-40,-166,-115,-50,37,-17,-160,-132,0,-73
48385,Real County,13,-70,-27,55,0,-9,81,14,-107,-13,10,126,-61,5,48,-54,103,45,66,-5,-3,109,49,66,-47
48387,Red River County,-13,-38,-171,-174,-42,-63,-150,-125,-128,-129,4,-132,93,-187,-12,-19,-119,57,14,-55,-3,126,125,141,145
48389,Reeves County,-106,-491,-399,-538,-519,-359,-267,-103,-213,-57,11,148,50,109,429,254,-533,-209,206,330,-7,-1602,-1512,-11,-38
48391,Refugio County,-14,-92,-113,-111,58,-33,-71,-151,-37,-110,-21,-39,-64,30,87,-36,-53,-96,-199,-67,10,15,-6,78,61
48393,Roberts County,-5,-10,-22,-39,25,4,-15,19,3,8,-6,-3,14,-18,-3,0,-2,19,-36,-45,-3,-19,4,20,19
48395,Robertson County,-7,-75,-201,-119,30,89,-97,-180,-185,-90,-34,78,-229,-87,17,188,83,278,26,-198,8,231,254,181,335
48397,Rockwall County,722,2671,3131,2873,2948,3617,5546,4522,2923,2491,420,1486,1121,1458,1780,2541,2616,2773,3218,3871,1296,7444,5801,7037,4421
48399,Runnels County,-5,-396,-170,-246,-65,24,-274,-140,-94,-91,20,-6,-141,-100,117,117,-94,29,-102,98,37,36,54,47,-123
48401,Rusk County,-70,-137,-42,-230,128,-62,105,168,210,-15,20,189,-71,-553,-215,-292,-158,1235,89,117,5,613,58,679,1268
48403,Sabine County,-4,54,71,4,7,-49,115,-22,38,136,32,-56,-139,14,87,105,14,126,204,16,22,245,154,187,47
48405,San Augustine County,8,-151,81,-2,53,-65,43,-129,-32,-43,-11,34,8,-96,-138,-97,-7,41,-3,23,29,85,61,70,-33
48407,San Jacinto County,222,239,330,491,536,80,-48,395,30,11,64,343,187,-173,319,343,430,529,493,169,140,484,666,726,155
48409,San Patricio County,-94,-1049,-436,170,-198,229,-824,-797,-624,-764,-425,-306,458,477,117,-76,-271,-502,-878,-318,12,786,165,253,106
48411,San Saba County,15,-15,-95,-18,70,-87,-16,-40,-61,10,17,-84,-72,-21,-123,47,-12,96,45,2,10,148,88,-327,267
48413,Schleicher County,-19,11,-59,-136,-28,-10,-49,21,-42,-34,34,-215,-56,-79,-41,30,-139,-72,-101,-81,-9,-2,-84,21,-54
48415,Scurry County,-136,-538,54,-177,78,-146,6,35,-126,90,6,-168,188,45,16,116,-268,-491,-242,-136,-3,-97,-649,-91,-100
48417,Shackelford County,-3,18,19,-54,-75,-20,-34,27,-83,5,-2,-46,19,-2,-34,7,-3,-44,-47,11,8,101,29,23,-17
48419,Shelby County,3,-120,-75,184,-188,51,-4,61,-97,89,-25,187,223,-243,-450,-278,75,-415,35,-62,-77,68,110,94,-46
48421,Sherman County,-15,-67,-1,-84,-90,-111,-48,1,16,-64,-7,-25,2,15,-7,-25,-8,-41,23,-111,-3,-17,-21,-119,15
48423,Smith County,396,743,1621,1362,1308,2191,2766,1741,1415,1777,366,1031,808,357,1649,1404,1474,822,1660,2120,613,3079,4261,2521,2007
48425,Somervell County,13,55,180,117,50,77,165,75,156,92,7,-83,107,12,6,65,60,178,184,120,14,320,314,91,193
48427,Starr County,-236,-873,-320,-50,-112,-905,-620,-686,-787,-385,-36,-672,-824,-652,-540,-556,-639,-575,-617,-387,-164,-279,-702,-269,-376
48429,Stephens County,-41,-227,-126,25,-108,66,-1,30,17,56,-36,-45,73,-217,-33,60,18,-82,127,-44,-6,439,3,20,47
48431,Sterling County,-22,-20,-2,-28,-14,-56,-56,30,21,3,-4,32,22,35,99,-12,4,-62,12,-7,11,-10,28,-43,-3
48433,Stonewall County,-8,-101,-103,-32,-36,-33,25,11,2,-50,11,-24,4,-29,-24,16,5,-22,-22,3,3,-17,21,6,34
48435,Sutton County,-52,-35,0,-76,55,41,57,-21,-43,-106,-62,-99,-88,37,-53,-83,-74,-138,-76,1,-11,-54,-68,-23,27
48437,Swisher County,-33,-196,-242,-101,-159,-180,-85,-123,-147,-221,38,-143,-1,-155,-208,-76,-68,40,-36,-27,-18,74,-63,-59,-47
48439,Tarrant County,1833,9697,10541,5554,4036,8164,25380,20720,14322,13788,1813,9378,12100,9537,9397,13973,14236,9973,5329,2546,1619,602,8014,5061,-2845
48441,Taylor County,-445,-1916,-721,-120,-669,-659,-1017,-520,-948,71,91,-44,-13,-1274,-158,-89,-975,-675,-130,-107,99,167,644,794,-30
48443,Terrell County,-16,-43,-3,-4,-49,3,-20,-32,-6,42,18,-58,-36,-25,11,-43,-47,-8,-2,-32,-10,-16,-18,13,19
48445,Terry County,-95,-380,-70,-192,-143,-258,-127,-197,-198,-66,-4,-96,-114,-5,-24,-115,-38,-407,-153,-67,-46,-85,-349,50,-62
48447,Throckmorton County,-15,-46,-48,-24,-34,44,18,-56,-30,-11,-6,3,-21,-7,13,-40,-10,-23,-2,-5,6,61,41,-7,13
48449,Titus County,-145,-667,-300,-34,-110,-1301,68,-17,-20,79,21,-229,-130,-279,-392,-144,-431,-88,-115,-181,2,-116,-190,-65,-67
48451,Tom Green County,-215,-778,-168,426,-609,-424,214,-149,133,197,192,478,758,722,1082,423,-547,-494,129,802,41,-897,-490,-109,291
48453,Travis County,4065,9423,-12411,-6473,266,6132,19383,15360,10678,10484,2192,15806,18564,9483,12172,9176,8595,5098,5169,13964,4525,1431,2373,-10239,-13213
48455,Trinity County,44,38,147,87,114,109,-45,31,-62,-43,39,10,-207,196,-103,295,102,229,101,48,77,365,320,371,302
48457,Tyler County,-1,-314,55,-105,112,-222,-69,117,138,53,-2,-52,-120,38,25,-41,111,147,190,145,44,259,666,71,229
48459,Upshur County,64,280,777,379,132,262,-193,39,257,19,24,260,127,-266,475,44,436,340,121,566,136,951,730,900,584
48461,Upton County,-30,-174,10,-125,-76,-98,28,-87,60,3,-6,-61,-37,88,63,144,-6,-90,-36,-10,-7,-53,-89,-33,-23
48463,Uvalde County,-74,-197,160,-247,-234,-88,-270,-296,-224,-83,9,-105,-28,12,-1,-289,-39,-192,-432,-135,-32,171,-28,-91,-138
48465,Val Verde County,-75,-637,-281,225,-267,-692,-588,-461,-666,-274,-13,-583,-736,-561,-884,-635,-633,-373,-349,-329,-81,-253,-332,-377,-469
48467,Van Zandt County,204,442,906,205,969,129,440,-202,174,-269,69,0,-229,166,414,656,866,752,776,602,244,1890,1862,1289,1305
48469,Victoria County,-248,-61,-552,-524,-471,-822,-485,128,-198,292,-104,62,990,386,348,473,-305,-862,-523,-156,-81,-495,33,284,-130
48471,Walker County,-96,227,-782,829,482,618,-620,-576,-406,300,264,-72,30,523,316,378,690,663,114,-319,132,1876,1226,2332,653
48473,Waller County,103,23,408,421,-293,-542,71,464,-278,171,112,283,-71,761,974,1406,1024,1280,1435,1359,478,2043,1976,1428,672
48475,Ward County,-105,-410,-152,-201,-92,-52,-4,-106,219,-51,-60,44,98,285,263,-9,-134,-233,221,180,-4,-551,-186,-42,7
48477,Washington County,30,-87,180,81,185,191,270,38,194,311,13,146,-115,194,136,382,-157,92,614,409,50,220,543,822,283
48479,Webb County,-147,-1030,-1225,-1003,-609,-995,-1064,-1364,-1079,-676,-74,-700,-430,-1096,-2031,-2664,-2670,-2916,-2332,-2208,-471,-2106,-3141,-2108,-2636
48481,Wharton County,-80,-551,-334,-274,-317,-384,-224,-594,-315,-238,10,-180,-297,-106,-199,172,49,103,-441,-70,-34,112,107,-53,42
48483,Wheeler County,-39,-94,-118,-203,-22,-32,64,30,-21,93,-9,35,135,113,-46,-41,-163,-222,-138,-93,-12,-38,-81,30,-5
48485,Wichita County,-417,-2014,-305,1075,-1131,-1802,-1220,-1743,-1450,-881,-179,-1717,-304,-348,-433,-2600,-357,-5,-116,45,165,555,98,-458,-671
48487,Wilbarger County,-42,-272,-130,-194,-221,-19,-56,-199,-277,-56,-38,-93,-225,-84,-221,48,-202,-173,72,-20,-33,-92,-158,-15,-51
48489,Willacy County,-99,-589,-307,-286,-147,-26,-208,-362,-278,-327,18,-253,-133,-347,-222,-229,-261,-328,-154,-168,-34,167,-61,-229,-9
48491,Williamson County,4059,17280,8844,8232,9770,10965,15107,16522,16255,9943,2348,10821,8659,9242,12259,13516,15154,13505,15747,19513,6339,26658,20188,17467,14763
48493,Wilson County,245,397,561,859,1031,658,952,976,958,165,147,506,472,722,729,864,811,855,855,740,275,1300,1383,1339,812
48495,Winkler County,-86,-120,-139,-319,-82,-211,-20,41,97,-60,-38,19,159,195,107,110,-209,-380,85,131,-38,-377,-138,54,-178
48497,Wise County,538,1197,1133,983,561,812,627,339,508,571,-67,500,245,303,390,837,1378,1246,2239,1530,307,3141,2776,2913,2997
48499,Wood County,138,629,508,1403,873,469,1302,464,549,439,85,256,481,203,601,543,830,741,1115,629,287,1798,1179,1179,1174
48501,Yoakum County,-65,-101,-186,-92,9,-88,-110,44,29,-12,-45,38,-11,24,11,65,-183,-239,-127,-24,-27,-164,-213,-148,-73
48503,Young County,-35,-241,-17,162,-40,-157,354,-114,-87,159,3,-144,-56,72,-35,-101,-49,-97,78,52,9,208,147,169,90
48505,Zapata County,-41,-37,-16,-140,-132,51,-235,35,-37,-67,-13,-79,-158,-87,-214,-120,-244,-307,-228,-66,-31,-51,-129,-185,-115
48507,Zavala County,-15,-183,-94,-240,-121,-115,-47,-132,-92,-308,12,-10,2,40,-96,-76,-311,-264,-114,-175,-10,-158,-103,-100,-211
49001,Beaver County,1,-85,-33,-111,-60,6,16,-83,17,7,-10,-170,-130,-100,-78,-131,51,-139,121,10,-1,98,84,-117,34
49003,Box Elder County,-35,-123,91,-78,-450,-259,113,501,486,114,27,-524,-602,57,70,31,597,542,500,680,175,1489,1422,748,632
49005,Cache County,-106,-1189,441,-612,-556,-761,-1606,43,926,855,97,-786,-1082,-908,-1253,-176,468,-46,304,7,18,2412,1177,454,-119
49007,Carbon County,-103,-785,-54,-149,-336,-362,-33,292,-178,262,1,-215,-232,-424,-334,-298,-96,-189,57,180,64,-94,237,148,43
49009,Daggett County,5,-19,-37,-9,24,-2,1,-32,3,15,5,79,-75,38,-14,-19,-27,-54,-40,-30,18,22,31,-28,-26
49011,Davis County,132,-220,1020,2201,1206,2160,3892,3908,2195,595,129,-486,-717,1854,2063,1605,2093,1620,660,532,160,801,-126,149,-93
49013,Duchesne County,-41,0,100,-203,-102,125,93,507,408,712,-60,-198,13,634,-88,243,-753,-582,-161,-236,-42,86,249,224,115
49015,Emery County,-47,-390,-200,-147,-196,-127,-174,-32,45,56,-11,-118,-143,-251,-152,-344,-195,-200,-24,-7,18,120,128,40,11
49017,Garfield County,10,-106,-132,-121,-118,-57,2,82,77,-13,14,-57,-107,-59,-41,-63,-20,41,-23,33,6,40,132,59,-20
49019,Grand County,7,-22,75,-33,-60,72,86,0,96,4,55,-76,22,-27,28,27,27,-52,75,43,6,-33,70,-110,-149
49021,Iron County,39,89,318,-172,325,1581,1657,825,160,281,-70,-270,-535,-666,23,531,1070,589,1450,1675,307,2585,1459,1088,598
49023,Juab County,4,8,-53,27,82,29,120,308,278,87,-16,-61,-125,-129,41,36,309,125,199,245,7,266,258,315,147
49025,Kane County,25,-132,12,-18,23,84,227,49,16,13,88,66,-142,-46,46,-120,253,211,151,202,14,316,200,220,67
49027,Millard County,-42,-228,-218,-167,-250,-242,-127,-140,31,7,15,-80,-206,-6,-122,-33,-63,55,58,91,42,80,111,44,64
49029,Morgan County,15,51,56,-12,37,119,206,253,197,29,22,23,47,268,284,302,217,366,26,65,72,216,106,89,40
49031,Piute County,0,-41,-13,-16,10,-20,-5,-24,67,4,3,-63,6,-9,-20,24,-25,-45,31,41,-1,56,8,66,-5
49033,Rich County,0,-54,-1,55,-18,-26,-52,48,65,-17,-9,22,-76,-14,-7,9,-13,65,34,4,-8,80,33,8,64
49035,Salt Lake County,-2468,-9035,-10638,-11406,-7353,-3229,1223,-820,-1610,-911,-420,523,1838,1290,-4162,-1069,2410,376,-1664,-1604,-867,-9228,-9144,-14444,-10145
49037,San Juan County,-69,-970,58,-213,33,-209,-80,223,317,-34,29,-128,43,-250,-90,36,-50,-139,16,-109,6,-50,-130,-102,121
49039,Sanpete County,-16,61,-184,-113,-82,-65,-40,314,626,98,36,-184,-285,-16,-64,164,372,472,387,241,57,473,458,441,-67
49041,Sevier County,-14,-152,-123,-160,-32,-217,153,139,117,-210,-29,-68,-328,4,-130,-3,156,41,86,0,17,304,120,229,144
49043,Summit County,118,417,300,363,495,435,-309,-23,224,241,89,540,106,240,312,127,441,360,119,-133,49,448,-432,-629,-329
49045,Tooele County,682,1285,1010,890,516,634,1369,1455,1211,506,108,7,-101,185,110,558,1288,2158,1770,1523,498,2950,2483,1428,1601
49047,Uintah County,-39,142,174,-307,-8,177,401,657,421,1207,-271,376,899,513,638,372,-1973,-1408,-129,10,-31,350,657,403,20
49049,Utah County,483,2967,-25,-585,271,2337,5874,7922,5227,3447,447,275,-1079,1336,-859,1918,6883,5447,4624,4255,1744,13601,6536,5131,4924
49051,Wasatch County,134,412,349,340,147,581,875,168,220,257,64,482,614,831,849,934,921,1142,850,689,229,1010,130,214,101
49053,Washington County,567,2183,3429,3310,4652,7212,5747,3505,1330,-273,-25,1572,1803,1942,3003,2530,3698,5533,4814,5028,1792,9671,5468,3845,4120
49055,Wayne County,11,-40,-21,-71,-59,-31,45,18,45,4,-14,-47,-48,-1,-23,-15,-24,17,-49,28,14,60,71,-17,-14
49057,Weber County,-61,-438,-5,-677,-632,-614,-472,1725,2832,1280,194,-821,-155,-690,-285,433,1837,2023,1841,2125,289,2120,1439,651,988
50001,Addison County,8,-81,143,21,41,-98,35,61,-112,-102,-32,-29,-71,-38,-6,-105,-54,-95,-63,-72,-17,89,172,155,-30
50003,Bennington County,-7,-15,56,-92,-95,-130,101,-95,16,-28,-19,-159,-103,17,-269,-17,-132,-158,-31,60,-7,308,158,47,27
50005,Caledonia County,-6,-99,197,15,251,32,192,-195,-238,-74,-33,-74,-54,57,-180,-186,-438,0,133,-232,-18,345,272,166,22
50007,Chittenden County,127,-146,-76,-436,-264,-498,-533,-480,-200,77,2,-16,-51,3,-261,-546,-692,-290,-45,-410,-21,376,-555,-775,-286
50009,Essex County,-6,34,32,-21,39,-22,-83,98,-3,-40,-3,1,-94,-11,-41,45,53,-8,55,-64,4,76,58,45,79
5001,Arkansas County,-72,-140,-234,-311,4,24,-196,-342,-177,-160,-39,-137,44,-213,-283,-151,-188,-271,-141,-229,-22,-302,-38,-74,-178
50011,Franklin County,76,238,262,142,156,58,13,-112,-157,-33,-14,204,-143,-101,122,-13,-173,-181,190,-37,42,321,254,193,188
50013,Grand Isle County,30,144,136,115,95,54,-65,12,103,-150,-6,7,4,9,-14,-99,57,65,118,114,-10,162,94,13,32
50015,Lamoille County,83,215,220,145,22,63,292,192,293,124,23,104,155,45,-24,3,43,-11,-110,18,-29,231,-39,-67,-130
50017,Orange County,59,256,12,173,75,-30,132,-155,-145,-103,3,19,-139,-75,12,-7,15,44,-48,31,24,395,274,97,150
50019,Orleans County,44,154,120,332,146,177,4,55,-75,42,-9,-63,-21,29,-72,53,-210,110,84,207,4,324,214,180,136
50021,Rutland County,17,-145,39,216,29,160,36,-112,-92,-202,-82,-244,-351,-152,-365,-360,-248,44,-190,-242,-26,513,23,256,82
50023,Washington County,-36,271,136,-165,-127,64,-116,-377,-210,-111,22,-95,-305,-196,-236,-391,-287,-101,-168,338,-12,413,238,136,-428
50025,Windham County,-71,-179,9,94,-275,-186,58,-118,-205,-128,-30,-275,-185,-91,-229,-380,-18,-249,-133,-334,-16,481,-35,223,-202
50027,Windsor County,63,19,189,1,-42,-198,-222,-90,-211,-247,-34,26,-398,-33,-156,-159,-128,-24,29,-59,30,804,-17,113,-208
5003,Ashley County,-63,-321,-132,-347,-307,-411,-304,-323,-119,-299,-26,-188,-207,-242,-323,-97,-294,-174,-250,-313,-69,-201,-178,40,-155
5005,Baxter County,133,266,516,576,1001,1024,1171,938,385,487,56,194,100,232,220,484,322,499,644,656,197,1042,779,814,576
5007,Benton County,1060,2886,3832,4673,5530,5473,6501,5532,4616,3435,529,4051,3052,2368,2742,4318,4897,4837,3658,4823,1947,6336,6001,5306,5749
5009,Boone County,75,198,138,91,312,533,535,600,125,-70,16,191,179,-8,-266,24,150,205,-29,114,38,687,574,366,224
5011,Bradley County,-7,-65,-41,-46,-135,-107,-232,-71,-129,-147,-15,-33,-148,-143,-64,-2,-32,-121,53,-56,-33,-96,-139,-21,-127
5013,Calhoun County,-22,-110,37,-23,-85,53,-23,-76,-168,-140,-16,-103,37,-66,-4,46,-35,88,47,-28,0,36,1,-9,66
5015,Carroll County,-34,14,92,108,-109,250,72,-43,49,266,60,-105,136,123,-103,-21,-113,130,204,265,-22,271,211,109,220
5017,Chicot County,-40,-329,-406,-213,-293,-149,-233,-234,-332,-226,-17,-100,-238,-119,-165,-192,-55,-261,-165,-283,-42,-36,-122,-212,-99
5019,Clark County,-48,111,-152,-268,-98,-88,142,190,102,-141,-46,19,-190,-160,-42,-36,50,-395,122,14,-50,-113,-77,-161,109
5021,Clay County,-47,-196,-206,-120,-127,-77,-113,-226,-245,-155,16,-115,-74,-129,-105,-60,-83,-100,-48,-170,-13,-75,7,28,17
5023,Cleburne County,73,109,213,348,345,260,152,161,83,297,55,0,20,-17,123,-132,-32,47,93,90,33,581,456,399,336
5025,Cleveland County,-20,56,-73,36,8,75,-73,20,-164,-196,7,0,-80,-74,-108,-97,4,-48,-162,-25,13,-10,39,-37,38
5027,Columbia County,-61,-259,-117,-327,-11,-246,42,-374,-303,-310,180,-33,-339,-129,-297,7,-109,-304,-64,-120,-33,-180,-140,-42,-150
5029,Conway County,-13,-4,-75,41,-47,64,29,142,-67,39,-28,-118,3,-63,-79,-49,-35,-5,34,14,34,261,210,111,384
5031,Craighead County,216,252,333,569,897,658,1704,1037,1282,1298,117,998,887,957,363,973,629,624,1081,1044,275,-261,686,1002,1344
5033,Crawford County,56,435,347,406,611,553,900,531,312,286,6,-271,-92,-439,-154,-120,166,513,370,-227,3,268,643,735,444
5035,Crittenden County,-14,-182,-519,-586,-213,-249,-76,-186,-16,47,-66,-732,-778,-632,-489,-894,-48,-796,-526,-591,-85,-625,-411,101,-512
5037,Cross County,-51,-29,-197,-159,-121,115,-320,-332,77,-217,-44,-57,-112,-170,-356,98,-242,-185,-182,-202,-36,-46,-30,-113,-232
5039,Dallas County,-25,-133,-184,-58,-13,-162,-91,-110,-102,-122,-34,-15,-66,-29,-161,-127,-103,-33,-164,-133,-22,-72,-45,49,-44
5041,Desha County,-39,-347,-406,-225,-156,-288,-160,-373,-292,-153,-41,-273,-169,-137,-262,-252,-127,-163,-201,-108,-56,-200,-241,-241,-134
5043,Drew County,-53,2,-256,108,12,-30,25,-220,-132,-120,146,-9,-17,-168,-66,-68,-62,-218,-68,-134,-34,-190,-107,86,-24
5045,Faulkner County,255,1496,987,2098,1749,2173,2793,1433,1749,1204,570,1377,1334,6,598,-79,221,632,951,232,151,1474,1628,1754,1353
5047,Franklin County,-38,54,-42,30,23,90,22,25,-43,-67,-3,-102,-15,-11,-67,-47,-49,205,-49,-34,52,93,192,271,222
5049,Fulton County,21,24,23,42,234,30,-22,191,23,-128,17,100,-33,43,-19,90,12,96,259,232,-7,215,330,173,240
5051,Garland County,312,1163,1123,1220,1024,1468,2220,1045,1193,869,137,980,428,965,349,319,693,366,971,726,202,705,379,338,555
5053,Grant County,3,123,22,108,324,209,137,-12,219,-15,29,44,71,-29,44,-53,70,56,101,107,50,183,94,321,197
5055,Greene County,127,188,84,153,281,351,631,277,146,232,74,465,316,-143,526,360,336,210,291,-87,82,531,181,354,179
5057,Hempstead County,-72,-439,-229,-236,-201,-194,-154,-219,-503,-194,-46,-158,-226,3,-168,-325,-138,-224,-213,-199,-70,-282,-212,-99,-139
5059,Hot Spring County,32,-39,24,51,147,360,620,228,-16,-153,178,-124,395,46,-32,134,-15,222,124,119,57,232,281,257,259
5061,Howard County,-60,-122,-122,20,-105,-11,-219,-191,64,-139,1,-15,-183,-161,-87,-163,-11,-19,-47,-99,-22,-48,-81,-56,-67
5063,Independence County,7,-110,-87,-49,55,-101,30,-34,-92,26,132,-66,-17,-153,135,-30,5,275,244,-17,-10,215,252,164,95
5065,Izard County,41,19,-22,154,22,-24,68,-54,124,-21,10,-76,16,-60,205,26,61,254,-8,113,44,500,229,272,204
5067,Jackson County,-71,-458,-55,-269,245,-89,-289,-126,-233,-196,44,-119,-183,81,-127,-153,-67,-221,-240,-12,-4,156,-55,214,-39
5069,Jefferson County,-170,-1127,-761,-724,-959,-1179,-840,-1327,-642,-699,-169,-1515,-1524,-1578,-903,-689,-1517,-1187,-1163,-1214,-339,-929,-1177,-684,155
5071,Johnson County,-39,-35,91,36,47,17,171,240,-111,-112,0,-12,80,-79,-108,36,-89,192,185,-150,-33,260,64,177,65
5073,Lafayette County,-33,-179,-151,20,-98,-92,-163,-43,-103,-183,-6,-69,-62,-110,-101,-121,-114,-64,-109,-20,-1,-98,-8,8,30
5075,Lawrence County,-84,13,-61,-134,-122,-264,-213,40,118,-91,85,-175,-189,48,-18,-248,1,6,-83,32,19,153,-89,130,128
5077,Lee County,-49,-177,-256,-474,-228,-146,-324,-255,-61,-338,-48,-95,-79,-130,-155,-150,-327,-187,-136,-80,-51,123,-146,-108,-83
5079,Lincoln County,-12,-50,-24,-86,-209,-33,-262,-138,-131,-81,-72,238,-184,-67,-29,-134,-132,-234,-239,-113,-24,376,-193,57,30
5081,Little River County,-17,-266,52,-97,-196,-48,24,-94,-97,32,-25,-136,-1,-180,-224,-48,53,-16,-50,6,-33,15,-32,51,-33
5083,Logan County,22,-146,25,201,3,-19,20,38,-88,-228,-12,-60,-353,80,-132,-162,-18,-7,-19,-156,2,218,142,234,231
5085,Lonoke County,216,597,875,1039,1528,1407,1865,1208,1217,1037,187,294,89,235,135,-421,108,761,474,-242,36,617,447,614,309
5087,Madison County,61,-15,-135,63,242,262,424,147,245,-30,-25,-13,-108,39,-6,-27,344,155,13,152,24,411,523,319,139
5089,Marion County,24,128,-32,19,186,196,321,94,253,-164,14,84,17,-60,75,-102,235,154,363,172,87,286,455,398,226
5091,Miller County,-58,10,138,274,335,266,318,-273,-39,-98,16,23,-237,-327,-97,187,-129,-23,-387,-123,-16,-29,169,42,-10
5093,Mississippi County,-218,-1209,-1388,-1705,-966,-678,-708,-425,-116,-412,-151,-504,-665,-987,-645,-703,-984,-862,-919,-652,-140,-843,-634,-151,-579
5095,Monroe County,-60,-229,-249,-127,-310,-110,-221,-271,-225,-182,-39,-41,-225,-138,-41,-155,-220,-133,-118,-133,-26,-45,-33,-2,-85
5097,Montgomery County,29,-60,-107,42,44,-24,7,0,37,-86,-2,-70,6,-68,-74,-83,-42,14,67,133,11,232,3,149,-20
5099,Nevada County,-37,-101,-126,-65,-77,-84,-136,-134,-231,-25,-23,16,-80,-149,-83,-134,-119,-35,1,-51,-14,-40,43,-9,-52
51001,Accomack County,16,13,76,-79,36,-28,-287,-238,-244,-89,41,20,-60,-293,-21,-54,-75,-238,-78,-186,2,121,-78,116,-28
51003,Albemarle County,187,281,19,362,765,1108,953,-43,828,-156,73,392,612,239,694,664,575,741,312,656,147,1122,384,266,693
51005,Alleghany County,-5,-116,-74,-184,22,24,3,17,-55,-34,-15,4,-71,-29,-198,-124,32,-128,-72,-3,-11,-8,-31,98,69
51007,Amelia County,72,31,58,48,172,270,310,218,141,16,19,-27,2,-67,51,67,33,183,75,88,4,112,163,197,135
51009,Amherst County,-28,57,-178,26,-36,142,130,101,272,5,7,-210,481,-275,-181,-345,17,7,-135,0,25,169,241,96,146
5101,Newton County,44,-133,1,67,-122,-45,20,-53,-27,-104,10,-49,-183,22,-159,16,13,-22,-2,-22,-12,54,-1,23,-12
51011,Appomattox County,-3,74,-135,0,107,27,211,160,309,-29,48,36,96,37,40,134,35,182,133,24,35,226,298,158,170
51013,Arlington County,-1112,-3150,-4229,-4661,-5042,-4319,-3940,-1296,1743,2774,526,3014,913,-439,-3546,-2072,-1933,-986,-1897,-2110,-315,-7168,-3714,-3013,-386
51015,Augusta County,81,184,311,497,881,732,1529,697,28,15,-172,15,-135,274,92,428,499,411,505,228,187,529,565,625,646
51017,Bath County,-15,-5,26,-32,-43,-41,-69,-13,-66,-62,-5,-31,21,-42,-16,-52,-38,-108,14,-73,-8,-55,4,22,29
51019,Bedford County,187,238,318,567,936,978,1254,820,-51,516,100,391,167,452,795,569,426,476,682,289,154,1098,866,1051,734
51021,Bland County,-25,57,-53,53,18,-41,-12,123,4,-15,-6,21,-35,18,-54,-6,-23,-86,-16,19,-3,-24,29,108,9
51023,Botetourt County,46,103,378,204,207,19,671,171,240,-57,47,-141,188,-43,148,354,-71,162,161,198,76,526,311,212,85
51025,Brunswick County,2,-72,-44,-146,-92,52,-14,-208,40,-248,-3,-233,-67,-36,-100,42,-176,42,-158,-26,-8,253,27,58,77
51027,Buchanan County,-147,-459,-269,-458,-365,-397,-409,-413,-382,-206,-41,-207,57,-139,-408,-306,-463,-469,-137,-253,-59,-160,-293,-109,-121
51029,Buckingham County,-5,175,-33,67,24,175,68,72,-21,115,-39,114,-159,33,-230,97,53,24,27,135,22,209,124,76,210
5103,Ouachita County,-89,-587,-440,-195,-370,-245,-344,-267,-292,-282,-2,-278,-317,-373,-154,-395,-240,-98,-113,-147,-24,-121,-159,-62,29
51031,Campbell County,11,-110,64,-92,-27,398,416,58,215,-21,81,-217,-101,180,117,-36,-85,-121,-103,-185,-5,40,80,508,384
51033,Caroline County,-18,-17,331,463,671,1362,1051,674,235,14,51,-130,102,183,275,-14,81,263,253,-84,27,506,503,669,680
51035,Carroll County,54,148,-121,-19,175,-54,171,-20,53,-86,19,107,-82,106,-68,198,-27,126,49,220,48,160,274,331,231
51036,Charles City County,-2,18,69,58,-31,10,91,-2,60,-4,14,-17,-64,-25,-89,48,15,31,-3,3,-17,-47,39,115,-26
51037,Charlotte County,-13,-21,74,-172,7,61,58,-82,-70,-145,-2,-53,-77,-107,-72,-18,-40,-6,-102,-25,4,21,-1,26,-66
51041,Chesterfield County,376,1772,2383,2635,3804,4070,5217,2903,1949,113,328,901,1271,1713,2281,674,1362,2689,3443,3032,964,4494,5364,3542,2075
51043,Clarke County,51,249,137,202,391,356,238,66,184,-4,18,197,88,27,62,-53,75,191,95,130,20,178,400,150,240
51045,Craig County,-5,-47,2,25,27,-13,20,39,-57,-68,16,-4,-21,13,38,-24,3,-50,36,52,-2,32,-6,13,44
51047,Culpeper County,169,654,1088,1186,1309,1963,1886,1054,189,-140,72,260,209,465,344,-19,455,600,316,570,166,791,281,423,597
51049,Cumberland County,-13,-22,19,80,-39,188,77,102,42,86,-4,-66,-180,10,-11,-119,-4,91,33,110,-1,73,85,166,208
5105,Perry County,19,50,35,-22,-7,-22,-15,123,-71,30,18,-77,-33,30,37,-44,-8,78,37,96,-10,24,132,150,109
51051,Dickenson County,-36,-61,-26,2,32,150,-149,8,132,-60,9,-55,-43,-162,-124,-70,-112,-220,-116,-126,-28,-100,-5,2,-63
51053,Dinwiddie County,79,-225,222,195,173,146,201,251,557,-31,15,-19,-10,-204,-39,-47,232,159,104,-7,-3,239,259,397,319
51057,Essex County,5,35,108,166,42,221,129,169,197,170,14,10,-18,23,-95,11,7,-80,-77,61,9,15,119,34,131
51059,Fairfax County,-493,-10898,-14667,-14405,-14820,-13769,-23649,-12572,-5272,-254,310,-776,-4146,-6332,-16881,-18160,-17578,-15402,-14299,-14214,-3225,-16385,-21984,-13914,-8454
51061,Fauquier County,312,1379,1547,1264,1538,1372,1016,333,391,324,95,366,220,349,713,52,101,486,944,453,-7,926,536,334,292
51063,Floyd County,69,123,70,76,46,197,127,10,240,47,34,23,30,52,67,67,137,125,33,15,5,136,194,146,24
51065,Fluvanna County,148,885,782,717,475,684,183,313,157,10,35,91,-137,-105,91,105,16,231,346,292,36,540,330,349,259
51067,Franklin County,116,379,316,368,521,557,557,840,338,107,70,214,10,19,109,98,-13,264,44,95,65,813,287,641,338
51069,Frederick County,239,1139,1351,1333,1401,1800,1761,1363,609,628,158,550,360,894,829,448,752,1393,1410,943,408,2115,816,1069,1554
5107,Phillips County,-183,-733,-996,-793,-542,-460,-871,-689,-529,-650,-115,-310,-682,-337,-539,-460,-530,-507,-551,-281,-84,-500,-435,-366,-364
51071,Giles County,42,45,24,66,31,244,264,35,79,145,2,-139,-102,15,-70,-29,127,-43,118,-26,24,-57,22,162,181
51073,Gloucester County,45,254,402,634,296,471,352,509,333,370,47,-71,-74,-95,191,-73,131,261,129,130,26,592,497,589,224
51075,Goochland County,79,270,295,369,454,688,735,573,302,276,33,-366,-92,306,293,330,332,240,571,569,158,798,660,1041,1023
51077,Grayson County,-9,-160,23,-75,-35,-48,5,-3,-61,-148,-27,-43,-137,53,808,91,-16,-111,34,2,-2,201,146,106,208
51079,Greene County,87,282,408,235,101,164,312,206,41,76,28,136,19,-68,124,25,35,179,-1,38,50,374,11,261,228
51081,Greensville County,-5,-29,1,170,-485,572,-72,38,16,27,-22,-215,-263,-41,-107,321,-211,99,-112,-79,5,93,-148,-2,28
51083,Halifax County,-70,-400,-149,-325,-300,-151,51,-160,50,-35,-21,-55,-179,-224,-57,-26,-35,-301,-257,-115,-45,67,144,65,250
51085,Hanover County,569,1479,2137,1655,1462,676,1274,492,328,-9,36,-164,396,610,541,1227,1097,1327,1187,806,202,1823,1235,1306,1082
51087,Henrico County,435,644,258,1163,2908,2983,1802,1708,471,1305,-107,419,1794,392,171,-655,-1632,-1197,-554,-113,-168,-1415,-1881,-1795,-330
51089,Henry County,-75,-661,-471,-600,-369,-553,-303,-242,-275,-629,-45,-452,-320,-147,-279,-75,-119,-93,14,-143,-14,-38,154,415,235
5109,Pike County,18,-81,-58,-113,-59,-42,-21,0,-136,-87,0,-41,26,-87,-80,-120,-11,-90,-30,80,-4,-11,106,104,-93
51091,Highland County,7,3,-58,50,-29,30,28,-46,-19,-33,-8,-35,-14,-18,49,-22,16,9,3,-4,12,14,72,62,10
51093,Isle of Wight County,104,301,395,724,755,694,1160,890,377,236,18,-34,7,246,294,244,79,219,373,156,96,755,717,543,311
51095,James City County,359,948,1605,1689,2129,1897,2298,1418,990,1170,264,500,883,1134,1296,676,1072,1317,780,516,218,1663,1271,960,451
51097,King and Queen County,2,-12,-13,0,186,49,116,36,-54,-17,21,28,32,38,63,14,-22,-37,70,14,-6,142,99,56,28
51099,King George County,71,144,531,595,579,1192,844,742,360,133,37,385,128,154,211,-32,359,258,129,104,77,647,231,493,340
51101,King William County,44,185,198,196,156,296,579,404,270,126,39,-51,-79,72,7,84,78,223,163,166,117,284,236,451,138
51103,Lancaster County,43,-33,91,173,79,105,137,63,-3,-43,17,30,-44,-31,-6,41,33,96,80,48,37,208,43,196,237
51105,Lee County,-33,-212,916,694,311,5,95,145,127,109,10,-53,-73,-309,-256,-71,-408,-185,-123,-95,-42,115,104,99,181
51107,Loudoun County,3373,11794,9133,11586,13471,11316,6926,7087,7475,5723,1543,5086,4965,6389,5859,5251,5026,5376,3794,3566,889,1735,-1797,-1860,-768
51109,Louisa County,125,473,658,801,691,1144,1019,670,674,337,83,65,-41,378,245,236,603,564,865,799,204,1297,961,979,1049
5111,Poinsett County,-8,-165,-304,-51,-144,-13,-174,-128,-231,-86,-21,-72,-164,-63,-49,-89,-13,127,-148,-348,-26,-137,-114,31,-34
51111,Lunenburg County,-35,-27,92,-33,-82,69,17,-58,-45,-45,16,7,-288,-77,-8,-154,-35,15,-90,17,17,90,49,73,51
51113,Madison County,47,161,195,67,63,207,196,173,-83,22,-22,-140,16,-18,-38,22,40,131,15,2,33,118,68,134,116
51115,Mathews County,-5,138,-18,36,-18,23,104,80,48,-32,4,28,3,45,-53,85,10,17,130,103,19,122,24,166,94
51117,Mecklenburg County,0,-32,55,-31,-56,34,29,171,99,20,-12,-4,-809,-282,-31,3,10,83,111,136,39,259,365,283,324
51119,Middlesex County,50,121,70,223,192,177,232,72,80,90,29,-63,77,-23,-34,79,137,-51,170,-92,27,283,244,54,80
51121,Montgomery County,-84,512,-375,109,-308,436,428,487,149,169,-7,-515,-130,148,-392,-722,8,-805,-64,-412,-170,-957,-489,-644,-1137
51125,Nelson County,22,83,189,145,13,162,30,198,93,162,-8,81,-190,48,76,-23,122,55,69,82,-16,151,-70,-24,147
51127,New Kent County,48,313,287,496,523,589,671,501,428,305,110,174,280,316,432,337,573,555,600,702,182,884,911,1123,949
5113,Polk County,8,-142,23,-99,-178,82,182,-76,-6,134,6,-64,-147,-33,-83,-14,-23,27,-71,21,-25,268,161,203,66
51131,Northampton County,-27,-38,2,118,175,129,113,-3,7,10,4,-14,-155,-128,59,88,-15,-81,-71,16,-11,-36,-9,113,16
51133,Northumberland County,16,132,329,202,74,114,56,157,174,55,26,132,38,-48,29,50,45,168,-28,21,41,376,358,251,109
51135,Nottoway County,15,83,-70,-20,-65,155,-61,84,58,68,2,86,-95,-107,-108,94,-78,-30,4,-114,5,22,68,79,107
51137,Orange County,115,476,700,772,685,1255,1445,754,688,262,38,313,177,287,269,230,187,480,621,331,208,895,812,503,515
51139,Page County,17,19,66,219,-5,173,290,141,-3,-83,-3,-40,-48,-63,91,-71,15,194,236,-14,20,261,81,61,115
51141,Patrick County,17,-67,-170,-66,-59,6,7,64,-7,-61,3,-18,71,52,46,-78,-41,11,57,37,7,278,160,88,70
51143,Pittsylvania County,-29,-170,-379,-168,-178,-114,-157,-37,725,-326,154,-241,-230,-171,17,-169,-138,-172,-153,-269,-59,85,281,157,182
51145,Powhatan County,191,336,903,580,587,692,933,147,74,168,18,-47,-12,100,152,-514,353,212,495,440,130,831,367,514,249
51147,Prince Edward County,-39,-18,433,-145,407,563,318,462,606,221,-32,-1004,802,-465,213,162,-159,-367,228,-96,28,12,44,171,279
51149,Prince George County,-55,514,1280,1231,-77,-172,-660,-238,334,434,-212,807,-63,-85,-176,402,-582,-142,-120,280,24,-126,-24,-188,342
5115,Pope County,-26,150,153,-106,598,539,851,410,237,141,228,286,-278,-185,215,141,-39,-486,-224,296,9,331,324,506,-168
51153,Prince William County,1554,8168,7170,6906,5907,6004,74,1123,-779,7038,2384,6335,2988,1432,-1479,-764,-2063,-718,-2702,-1529,-388,-2492,-5800,-4119,-3612
51155,Pulaski County,23,5,-179,14,119,-6,277,255,70,74,-17,37,95,-58,-98,98,4,85,0,115,46,266,137,199,161
51157,Rappahannock County,-20,120,-7,-37,54,41,-81,18,-51,-141,7,-35,-37,29,-79,58,-30,20,-38,41,-18,151,75,20,37
51159,Richmond County,6,108,78,102,87,19,109,89,-43,-134,11,-52,-81,-102,-28,-31,4,172,112,83,11,175,54,77,71
51161,Roanoke County,36,48,59,631,354,451,936,376,233,253,-52,387,-132,551,-60,25,56,416,377,354,78,195,546,590,200
51163,Rockbridge County,30,-33,-15,92,75,198,60,152,-27,-170,7,145,-22,-40,126,8,114,296,221,-54,27,219,184,15,178
51165,Rockingham County,25,86,71,150,270,647,356,643,259,305,34,177,63,122,184,364,618,758,735,568,30,688,780,979,779
51167,Russell County,2,-160,-176,62,-110,51,153,364,13,306,-1,-80,-202,-27,-200,-103,-335,-229,-145,-79,7,2,78,203,36
51169,Scott County,-21,-168,-47,-47,34,178,180,11,-13,-74,-57,25,5,-44,-127,-107,-92,-55,-92,23,45,122,225,151,187
5117,Prairie County,-34,21,-117,-108,-174,-49,-61,-47,-142,-55,-13,-101,-98,-100,-11,-26,-4,14,-143,19,-19,-85,48,36,-19
51171,Shenandoah County,126,449,504,660,799,972,960,352,290,-54,45,123,224,-34,183,156,50,278,170,170,110,683,179,313,228
51173,Smyth County,23,-139,-36,-100,-149,43,155,-183,-59,-59,1,-61,-57,16,-93,-73,-184,-253,-71,-147,32,77,117,71,208
51175,Southampton County,-2,7,-130,44,104,290,186,639,182,-94,78,9,-124,-172,-93,-116,-51,-184,-53,2,-20,219,38,221,34
51177,Spotsylvania County,903,3999,4420,3629,3056,3301,1757,30,25,-115,213,558,310,640,485,223,448,807,739,1711,415,3038,2110,2044,1378
51179,Stafford County,783,3592,4622,4618,2883,2402,532,1082,42,865,503,1106,-389,1254,1445,570,1306,2088,1995,2018,554,2883,331,1026,1343
51181,Surry County,6,-10,78,35,-21,7,115,44,13,-18,7,-112,-75,-44,-7,-89,-90,-25,-42,-30,0,4,30,102,19
51183,Sussex County,-36,-181,-220,136,-173,-81,263,11,53,5,-82,107,-136,-123,-20,-3,-218,-11,-110,-41,-21,90,-72,207,18
51185,Tazewell County,-138,-309,101,109,155,34,240,32,1051,154,95,-155,-248,-56,-499,-373,-665,-729,-44,-240,17,0,139,30,88
51187,Warren County,106,386,607,543,460,756,595,318,239,-162,78,17,159,489,1380,-1591,321,129,546,94,41,138,390,403,292
5119,Pulaski County,-434,-1787,-860,-792,-1765,-1162,376,-1042,-76,790,61,373,-817,-238,-1520,-2233,-2002,-2698,-2936,-1415,-119,-1824,864,-720,-1337
51191,Washington County,27,68,100,117,389,489,297,709,165,172,41,-47,367,-181,-56,-139,-18,237,120,-71,10,242,525,531,420
51193,Westmoreland County,-6,-58,70,217,-1,129,89,309,234,137,7,163,-113,61,-72,190,124,131,136,245,64,361,80,325,414
51195,Wise County,-40,-269,-181,13,-12,58,-43,70,8,36,83,-76,-473,-177,-721,-177,-476,-377,-544,-348,-20,-104,-16,108,35
51197,Wythe County,17,-50,108,157,68,330,217,140,256,142,-2,27,162,61,-111,139,-48,25,-25,94,41,108,146,170,64
51199,York County,111,758,1054,890,50,602,-99,-12,-395,-506,-115,209,-488,-282,64,694,-481,-289,-278,171,124,855,-9,-314,197
5121,Randolph County,-12,49,-77,-111,201,-131,106,-131,-1,-129,5,28,-101,-173,-9,-82,51,228,347,13,21,266,46,45,110
5123,St. Francis County,-82,-518,-413,-167,-619,-580,-479,-383,-676,-122,-124,-289,-146,-539,-519,-547,-406,-432,-511,-508,-53,-316,-304,-288,-212
5125,Saline County,340,700,730,755,1546,1613,2213,2220,1396,1735,444,1433,1348,1469,1170,1209,957,1710,1418,1197,352,1673,2094,1991,1453
5127,Scott County,-17,-67,-56,-46,-97,61,198,-9,-94,-158,35,-25,-266,-79,-240,-143,-206,73,-41,-48,-6,22,57,105,81
5129,Searcy County,16,-36,-76,-168,42,51,77,40,-12,-64,6,-81,-32,15,-18,-48,161,0,25,-11,10,118,106,-25,51
5131,Sebastian County,101,-259,-471,-631,-653,67,782,143,-379,87,-133,478,-133,-827,-943,130,-467,-124,-590,-194,-66,458,755,-222,561
5133,Sevier County,-69,-384,-173,-154,-23,32,-288,-172,-50,-104,28,-97,-149,49,-77,-217,-386,64,-125,-130,-68,-84,-21,-70,65
5135,Sharp County,63,234,156,198,90,143,353,-33,12,34,-8,118,-152,86,-138,93,272,230,221,199,63,518,279,255,259
5137,Stone County,29,-46,110,82,44,141,313,-41,115,-41,25,158,93,-59,20,57,171,87,-1,115,31,205,263,177,182
5139,Union County,-70,-484,-34,-449,-455,-520,-168,-577,-31,-283,-103,-122,-593,-217,-410,-72,-252,-444,-226,-386,-71,-434,-428,-354,-300
5141,Van Buren County,29,113,-58,106,116,126,140,134,57,-42,13,-89,-6,-81,-11,-48,-69,-21,173,9,33,98,487,175,144
5143,Washington County,426,1933,1238,1910,3005,4209,3365,1054,-297,137,321,1270,1128,2154,1595,2196,1504,2155,1886,802,590,3652,2805,1890,1375
5145,White County,152,751,366,385,862,744,955,519,913,996,149,505,331,-362,-297,193,-119,-115,-498,360,28,385,742,947,657
5147,Woodruff County,-46,59,-210,-125,-155,-78,-126,-230,-155,-82,-7,-47,-104,-21,-141,-97,-73,-9,-93,-112,-32,-49,-46,-53,-99
5149,Yell County,-29,-209,-210,-111,-288,-85,212,-177,70,46,-43,-346,-154,-59,-82,-283,-40,-21,-80,-133,-44,-49,-9,-77,53
51510,Alexandria city,85,-1443,-3415,-3980,-3645,-3656,-3971,-1814,818,1982,-29,53,-1232,-1466,-2640,-2249,-1374,-1751,-3355,-2615,-740,-5881,-3179,-2654,-1407
51515,Bedford city,22,30,-2,32,44,67,13,80,39,68,,,,,,,,,,,,,,,
51520,Bristol city,-55,104,-182,422,138,40,196,-132,81,217,-8,32,30,-241,-85,-28,-8,-57,-64,194,94,-74,18,-10,-143
51530,Buena Vista city,5,-23,-62,110,36,14,32,-72,31,-15,-18,92,27,-105,-103,0,-90,17,-4,-27,-16,-1,-9,28,31
51540,Charlottesville city,-74,-547,-570,-1440,-934,-260,-237,-170,-97,192,-105,-275,86,-171,-157,200,25,-85,-480,-681,-157,-1052,-1003,-716,-889
51550,Chesapeake city,577,916,1217,3370,2918,2022,477,-988,-367,657,790,463,979,796,1317,-43,750,1271,1040,1458,153,1192,-324,164,-260
51570,Colonial Heights city,19,135,65,105,261,86,247,-133,-45,103,-56,-57,76,54,-75,10,5,23,36,-212,27,46,92,126,170
51580,Covington city,-9,94,-8,-18,-28,-52,-22,101,-13,-22,2,-18,-81,9,-51,-22,-12,8,43,-39,-1,1,-35,-44,90
51590,Danville city,-156,-415,-186,-178,-536,-505,-263,-286,-268,-108,-97,-116,194,23,-320,-217,-149,-425,-165,-410,13,86,136,201,51
51595,Emporia city,2,-41,105,-69,-32,14,98,-3,35,18,10,-62,-2,-84,-76,-77,-123,-18,-104,9,-32,-20,-78,-39,-64
51600,Fairfax city,-26,-149,-159,-252,-427,-314,376,92,269,183,-7,-327,54,34,-334,-371,-307,-390,-264,-315,-65,-266,-300,-188,35
51610,Falls Church city,0,41,-124,-202,-87,168,-128,-29,129,416,115,125,240,144,-134,191,-257,506,71,8,2,-210,-90,135,37
51620,Franklin city,-60,-44,-78,103,75,93,226,139,-70,-50,18,-100,20,60,-144,-20,-84,-30,-91,-166,-9,4,139,82,83
51630,Fredericksburg city,32,381,235,-71,663,-215,522,82,65,220,65,1058,1015,347,56,-559,8,-157,348,-399,5,226,-90,7,160
51640,Galax city,13,-178,-86,-12,28,22,46,11,9,41,12,-147,21,70,-33,-19,-86,-39,-32,53,-2,-15,103,64,-47
51650,Hampton city,-312,-2071,-612,731,-1370,999,-1821,-1293,-2277,-1995,-401,-1549,-671,-867,-515,-2259,-1667,-1301,-824,-264,7,306,-44,-1162,-34
51660,Harrisonburg city,-126,435,299,-577,-266,-99,329,-234,-183,195,-40,370,773,-472,190,-567,96,-705,-775,-994,-189,-663,-1153,-756,-1207
51670,Hopewell city,-6,-127,158,-212,-65,150,128,183,-36,-214,0,-212,-293,-273,-147,53,247,-135,-94,-25,-45,150,-158,52,93
51678,Lexington city,-24,78,32,-110,83,108,138,-67,-14,41,-1,-55,52,142,4,55,22,51,94,91,5,91,-23,-47,121
51680,Lynchburg city,-19,-508,30,910,261,1342,1670,1442,660,587,-33,674,250,194,-397,444,-100,158,197,248,-146,-201,-215,-37,-41
51683,Manassas city,-35,-292,-136,-357,-316,-772,-1619,-1468,-797,1266,206,247,414,115,-703,-490,-938,-774,-709,-601,-153,-489,-1002,-719,-727
51685,Manassas Park city,3,70,-58,-221,151,-38,-476,-327,-387,351,144,307,28,132,-344,-178,-81,378,466,-314,-60,-130,-567,-427,-66
51690,Martinsville city,-77,-7,-207,34,-219,46,19,-134,38,28,-68,-135,-45,-7,-69,26,-162,-36,-88,-27,-9,96,142,56,50
51700,Newport News city,-697,-2232,49,1255,-1468,-3384,-2813,-3003,-3611,-2053,-709,-2707,-2524,-719,-1612,-2523,-2556,-2367,-2205,-575,-469,-2248,-1683,-2104,-1571
51710,Norfolk city,-959,-1903,4544,2214,-3155,-6614,-2118,-4803,-3997,-3559,-571,-1706,-1374,-3450,-1829,-3283,-3475,-3201,-2362,-2334,-574,-3779,-3858,-1998,-4287
51720,Norton city,-27,-41,31,8,-87,-67,38,12,-29,14,12,52,26,-55,-1,-119,-47,-67,67,16,-2,-10,15,-45,22
51730,Petersburg city,-161,-306,-336,26,-394,-273,247,72,-114,-265,30,-610,-358,151,-185,-346,-501,-321,-297,85,-54,-79,-64,-281,557
51735,Poquoson city,2,-115,163,110,-85,75,81,73,-10,6,-7,-96,69,-14,-71,10,-59,117,149,111,17,168,1,7,256
51740,Portsmouth city,-292,-1058,-269,215,-427,613,837,-1704,-2448,-791,-213,-325,-96,-1056,-945,-191,-1808,-840,-449,-796,30,-333,-759,-277,-372
51750,Radford city,-32,285,-319,-335,16,205,122,106,-81,30,-5,291,-192,337,191,-114,14,146,564,91,21,375,186,229,229
51760,Richmond city,-512,-478,-908,-1407,-1617,-697,-376,159,482,3,-404,558,2460,1523,1525,1830,2400,-64,326,-143,83,-853,-336,-794,374
51770,Roanoke city,-228,-497,-1118,-719,-374,97,-188,-78,223,436,-270,-574,310,169,-109,-617,-1076,-842,-267,-195,-132,-1097,-1083,-566,-2
51775,Salem city,53,-9,203,43,-178,303,392,95,316,101,34,93,150,187,110,-15,20,199,-32,30,63,88,288,-90,134
51790,Staunton city,8,-145,330,-626,-52,278,-14,465,165,-24,15,277,-164,368,184,-49,-8,184,241,356,71,-127,219,-56,361
51800,Suffolk city,404,1870,2536,3190,2374,1722,1702,444,759,701,168,-520,-42,122,586,595,605,419,492,827,400,1465,1824,1947,1574
51810,Virginia Beach city,-267,-2872,919,6066,-2939,-5035,-5501,-7251,-6311,-2395,-187,-540,-3539,-1568,-3470,-3323,-3720,-4804,-2676,-2367,-428,-3043,-6069,-3813,-2630
51820,Waynesboro city,80,176,376,221,205,236,278,125,225,121,14,55,-97,55,19,172,111,350,116,-60,71,274,133,311,364
51830,Williamsburg city,10,-39,-262,-168,44,148,158,110,-66,168,-4,274,251,21,-114,104,-81,-36,-64,-90,49,52,297,268,-191
51840,Winchester city,57,335,156,-125,244,105,-44,-353,9,-165,-88,276,184,121,-164,-252,-72,116,-468,-44,-113,22,-311,-326,-117
53001,Adams County,-71,-623,-269,-286,-373,-232,-461,-94,-138,-14,-37,-217,-228,-128,-210,-252,-179,-9,-246,-65,-59,-228,2,-289,-130
53003,Asotin County,-8,-114,25,-32,230,109,161,42,191,-13,69,227,-19,253,72,-43,233,283,163,38,56,221,131,90,68
53005,Benton County,142,963,2478,1379,256,287,-78,199,2805,2539,813,2551,395,519,580,2065,1739,3074,1735,1740,310,2293,1170,1391,1150
53007,Chelan County,-130,-698,-389,-90,247,313,198,83,14,454,137,149,-5,-45,187,614,532,214,276,279,114,505,154,-73,192
53009,Clallam County,124,577,1222,790,1290,1554,1101,774,817,567,122,469,262,501,566,961,1242,1656,1290,1162,326,1672,-55,539,936
53011,Clark County,1066,6620,6109,4809,8352,6556,4506,4108,3736,2969,566,2720,1729,2573,4297,6068,5895,6632,4978,4847,1729,5810,2237,2525,1234
53013,Columbia County,4,-8,-22,25,46,-36,-56,6,28,71,29,-69,-8,26,-26,0,12,39,26,-64,9,103,43,54,-20
53015,Cowlitz County,-78,205,303,-84,699,613,2236,1092,476,-83,-40,-375,-846,-300,258,1088,1563,1937,1885,1664,285,819,552,905,779
53017,Douglas County,-9,-252,-103,99,293,124,532,488,250,136,42,-75,314,-42,81,428,511,383,420,423,31,626,74,346,193
53019,Ferry County,10,-21,-22,100,56,28,64,-131,32,109,3,118,29,-62,14,-60,25,64,65,8,28,129,222,83,104
53021,Franklin County,-83,-263,601,1689,1551,1817,1841,1590,1796,2225,568,2562,1157,-640,-196,-462,-5,365,883,44,120,-191,-862,-555,-215
53023,Garfield County,-2,-83,-20,11,-45,-2,-34,-48,29,-18,6,-20,-10,29,-41,14,16,-50,36,-19,7,65,16,9,51
53025,Grant County,-175,-373,-528,-343,-597,-572,-31,184,885,885,206,100,-104,-596,87,-482,-439,265,448,215,99,330,205,445,110
53027,Grays Harbor County,-114,898,298,596,551,430,521,300,-56,134,28,-546,-657,-712,-216,267,587,1075,1457,1423,326,1369,635,731,502
53029,Island County,60,1935,1425,1573,1965,-42,717,-618,-394,-53,-34,-48,-527,-1296,90,784,1204,1265,943,700,167,691,-744,-475,-215
53031,Jefferson County,127,457,381,429,444,643,795,182,391,168,65,113,91,318,261,366,727,496,728,683,177,804,265,363,401
53033,King County,-3760,-6872,-17230,-16521,-8812,-1722,5266,2660,4771,11053,232,10159,11008,10604,5158,7072,8127,2839,-4845,-4784,1344,-36917,-16448,-21634,-12652
53035,Kitsap County,-173,-98,1583,3747,-1496,-4595,2104,-2741,582,-256,182,1530,-1610,-3095,-112,4529,2740,2184,2230,1469,21,356,747,-1357,2091
53037,Kittitas County,104,199,722,458,1001,325,874,141,536,138,57,347,-127,17,582,289,1630,1044,998,376,291,-1072,1518,375,224
53039,Klickitat County,28,-102,-140,92,-66,4,383,144,205,71,45,252,-66,192,-27,113,254,477,364,293,82,410,80,309,242
53041,Lewis County,-39,61,314,626,512,791,928,547,374,96,-47,58,-306,-533,-215,528,1082,1476,1246,1087,442,2249,920,963,749
53043,Lincoln County,-8,-19,-39,97,223,-105,59,42,67,-81,4,-27,-70,-129,-68,61,64,259,172,225,50,400,344,163,120
53045,Mason County,120,367,656,794,1150,1116,1282,1444,745,139,36,84,-284,-342,76,334,1025,1481,1537,1258,385,1364,921,383,655
53047,Okanogan County,-90,-718,-500,-471,42,-16,-132,19,215,129,77,-154,-325,-246,0,-51,28,168,115,57,52,624,310,163,188
53049,Pacific County,-41,-177,25,461,165,345,141,139,-44,-41,5,117,-240,-24,238,404,455,527,478,523,177,726,280,291,205
53051,Pend Oreille County,4,125,113,108,239,130,309,142,162,5,-23,38,80,-79,61,180,83,245,273,175,130,506,343,324,93
53053,Pierce County,1027,6321,7449,4988,-1733,2798,7720,3044,6125,3354,-1787,5879,-54,-1029,4268,3684,12332,10394,8883,5944,1137,-964,-4553,-2347,1028
53055,San Juan County,74,198,292,152,280,74,83,112,184,25,2,83,54,105,122,224,153,452,418,474,53,894,69,-93,19
53057,Skagit County,248,556,592,1581,1275,1152,1524,926,1255,270,-34,167,-232,173,1047,1100,1487,1766,1655,1030,374,1018,177,10,360
53059,Skamania County,15,-84,29,101,162,64,261,140,77,-2,26,16,29,85,44,-9,189,226,72,154,6,187,241,200,22
53061,Snohomish County,1050,5557,2690,-1469,259,4182,7902,5402,2614,2628,262,238,3675,5631,5721,4843,10188,7627,4576,2641,789,939,-2228,-2659,-172
53063,Spokane County,-51,1752,2229,2281,1930,3167,4526,6038,3386,3285,111,-959,-481,700,1919,3464,6168,6461,6550,7594,1495,3547,3606,1388,993
53065,Stevens County,95,-176,-114,134,197,380,525,452,133,23,-47,-69,-9,-239,168,116,638,516,621,557,185,1165,805,707,354
53067,Thurston County,537,2962,3241,2693,2279,3092,4519,3958,5343,3826,295,1864,218,1739,1278,1442,4231,5174,4659,3351,1055,1466,149,-2,2070
53069,Wahkiakum County,16,-32,41,-92,97,98,131,62,76,12,-1,23,27,39,16,3,164,105,158,83,31,182,134,114,78
53071,Walla Walla County,-66,-321,356,276,284,-250,-109,-16,300,515,80,352,-293,-90,-29,311,-3,475,96,128,49,-412,-18,-246,264
53073,Whatcom County,469,2218,2495,1768,2802,2494,2141,2648,2675,1888,73,754,347,330,879,2337,3442,3956,2833,3087,517,-983,3232,1328,1217
53075,Whitman County,-101,-550,95,-717,114,61,-632,-794,508,229,-105,-284,952,-389,-503,577,83,-58,-200,-121,-183,-4242,3512,-354,-165
53077,Yakima County,-812,-3532,-2681,-1440,-1178,-1924,-1316,-1390,-908,819,332,-710,-1885,-1800,-1971,-1308,-700,-1173,-823,-1203,-328,-1460,-1500,-1626,-1395
54001,Barbour County,-1,-132,101,29,-52,42,129,64,134,152,15,11,242,46,75,103,-200,-211,15,-3,10,72,91,94,-49
54003,Berkeley County,384,1808,2089,3119,3489,3488,3734,2171,1885,913,321,523,781,1011,1219,1091,1434,1281,1879,1709,637,3566,3022,2784,2722
54005,Boone County,-50,-133,116,14,-89,-155,-189,29,-318,-88,-24,-139,-16,-253,-309,-354,-354,-362,-344,-423,-33,-213,-226,-163,26
54007,Braxton County,24,18,8,8,119,-11,-71,14,13,-90,9,-22,-61,-44,53,-38,2,-52,-98,-67,-24,-29,-6,80,3
54009,Brooke County,-85,-142,-33,-47,-187,-149,-271,-119,-37,60,-21,14,29,49,-91,-40,-351,-149,-132,-73,-20,-120,-111,-113,12
54011,Cabell County,-113,-790,-387,-127,-306,-359,11,-26,114,747,21,107,99,18,-367,51,-788,-922,-1226,-990,-48,-332,-224,20,-170
54013,Calhoun County,-14,-142,-54,-74,-11,71,-21,-2,9,-98,21,-10,-14,-32,34,-64,-77,-37,-52,-69,-16,16,-29,-46,-3
54015,Clay County,-26,-91,69,-93,42,-153,-86,32,-45,-27,-19,-56,-130,-72,-250,-2,-32,-80,-52,-110,-28,-51,-3,-1,16
54017,Doddridge County,17,114,-42,15,-148,52,-53,42,-49,10,8,63,66,263,-68,250,-121,-34,65,-78,-7,-13,13,0,-37
54019,Fayette County,-74,-290,-7,176,-249,-419,18,102,-47,-184,25,-50,15,-215,-310,-298,-416,-362,-357,-311,-27,-56,-214,16,-167
54021,Gilmer County,15,-49,-85,57,-19,-23,12,2,-9,-50,19,-3,25,-113,-119,-183,-152,-80,-110,-41,-12,29,-16,-42,-65
54023,Grant County,-23,52,-27,68,131,77,183,97,61,-72,-17,-9,-73,-31,-105,40,-26,27,-13,-58,14,84,35,59,20
54025,Greenbrier County,-9,28,188,194,124,90,198,124,65,-112,49,328,226,-29,-217,42,-4,-184,-324,31,-21,47,41,26,-69
54027,Hampshire County,75,255,242,236,228,443,473,273,3,11,11,-110,-71,-142,-31,-86,54,178,21,-118,14,402,220,251,256
54029,Hancock County,-52,-194,-219,-257,-294,-66,-253,-367,-80,-87,4,18,-56,15,-7,-142,-190,-27,-114,-59,-10,-113,-32,128,23
54031,Hardy County,27,71,71,225,154,163,65,103,-74,83,31,-132,-148,76,-68,-160,-55,-27,-104,21,-51,-36,98,136,64
54033,Harrison County,-97,-604,52,92,329,127,225,-160,524,265,105,156,-130,-93,-248,-88,-116,-260,-234,-47,-49,-196,-212,136,202
54035,Jackson County,14,-61,73,-18,210,-186,120,97,-86,-115,33,74,-23,-85,-37,32,20,-191,-122,-31,-29,128,75,53,-1
54037,Jefferson County,184,689,1136,1045,913,1259,990,938,649,560,82,393,-34,118,409,335,-217,390,413,217,37,723,421,681,1335
54039,Kanawha County,-364,-1745,-1453,-399,-609,-1374,-1086,-553,-99,880,-39,-463,40,-487,-1067,-1708,-1767,-2308,-2262,-1633,-308,-892,-969,-437,-171
54041,Lewis County,-32,92,24,215,59,108,-33,53,173,102,15,42,35,64,-38,14,-116,-43,-99,-29,3,-17,16,-11,-35
54043,Lincoln County,10,15,43,93,-13,32,-85,-86,-37,-37,1,-107,41,-171,37,-218,-127,-189,-199,-62,-65,-45,-137,9,-147
54045,Logan County,-158,-675,30,-280,-405,-135,-38,-66,32,114,20,-185,-28,-282,-585,-664,-562,-426,-264,-452,-17,-263,-220,-66,-122
54047,McDowell County,-184,-631,-434,-687,-621,-427,-425,-341,-189,-138,-29,-262,-299,-317,-540,-532,-453,-565,-166,-442,-108,-289,-365,-149,-62
54049,Marion County,-63,-117,168,253,94,288,204,255,-166,228,59,76,71,-84,63,43,-167,-108,-152,79,10,50,103,247,72
54051,Marshall County,-122,-200,-289,-129,-178,-354,-270,-243,-356,-240,3,-75,5,-100,-201,-70,-378,-383,-311,-177,-66,-111,-237,-70,-68
54053,Mason County,-2,109,-102,27,-189,-100,2,-79,147,-30,13,9,-72,6,89,-10,-44,-31,18,-126,-24,28,-105,22,100
54055,Mercer County,-66,-949,231,19,-62,-273,90,414,328,419,46,282,19,-323,18,-497,-355,-562,-392,-202,-53,116,47,-194,-142
54057,Mineral County,-34,-39,160,73,-145,-112,31,122,185,86,16,-105,-149,-171,-138,-125,14,-80,-193,15,-7,145,209,69,69
54059,Mingo County,-229,-591,-4,-206,-333,-163,-85,28,-389,24,-46,-221,-431,-163,-215,-412,-544,-490,-239,-359,-64,-241,-351,-238,-156
54061,Monongalia County,-78,453,257,837,169,510,202,214,490,922,406,1198,1117,693,236,85,49,-412,-505,-362,-26,107,-215,97,54
54063,Monroe County,14,96,38,139,82,79,43,95,221,-20,15,86,-25,54,131,25,-70,-55,-40,43,-3,99,26,137,162
54065,Morgan County,78,142,126,206,236,259,454,248,17,-50,-17,24,29,62,118,55,239,195,185,129,32,331,263,320,277
54067,Nicholas County,2,-344,1,-79,36,130,9,-69,19,210,16,8,48,-229,-190,-117,-165,-159,-202,-233,-19,-1,71,4,35
54069,Ohio County,-86,-591,-276,-452,-167,-222,-255,-140,-152,38,51,-183,-115,-143,-401,-136,-231,-436,-116,-92,-51,-148,-58,-44,39
54071,Pendleton County,-27,-86,-102,21,-82,-80,-57,-150,-32,-86,-4,-88,-74,-70,-141,-96,-108,18,40,-13,-3,27,26,2,-13
54073,Pleasants County,-17,114,-15,-83,190,-49,-37,-11,-14,-41,-18,40,3,8,72,-59,4,-7,77,-37,10,-7,28,-100,-27
54075,Pocahontas County,-14,-142,47,26,62,-87,-45,-89,-56,-58,0,111,-118,3,8,-52,-28,-30,-41,-108,-2,72,-7,37,-11
54077,Preston County,-36,-8,269,96,132,251,359,151,-5,-42,6,128,214,-182,246,-105,-63,39,-292,-52,-11,251,119,-24,86
54079,Putnam County,99,-301,383,546,416,374,461,363,316,68,97,313,312,21,59,-80,67,95,95,-98,20,107,-104,-7,196
54081,Raleigh County,-173,-573,579,-15,29,-33,-144,235,87,482,52,315,-135,-363,-616,-670,-862,-1032,-580,-473,-91,-37,-235,67,86
54083,Randolph County,-51,89,121,-99,208,96,46,-34,54,6,-16,109,10,148,-122,-125,-89,-93,-14,-49,-30,127,-119,-21,-47
54085,Ritchie County,5,-15,-3,38,-24,56,86,-32,-63,-66,-6,-81,-33,-77,-50,39,-112,-117,-38,-120,-11,22,-117,-13,19
54087,Roane County,20,0,-92,75,-56,51,43,-202,-161,-114,3,-79,-133,-9,20,-157,-201,-31,-13,-163,-21,-6,12,3,-30
54089,Summers County,-39,-117,-169,-38,-144,-79,-101,-78,-152,99,18,2,47,-171,-151,-89,-75,12,-125,-39,-4,81,4,23,88
54091,Taylor County,0,15,21,46,44,64,162,74,115,60,19,74,57,18,114,-134,29,-7,-9,-60,21,-94,10,77,117
54093,Tucker County,-21,-55,33,-39,-74,-37,-93,-17,32,1,-13,35,-15,8,3,43,-7,-49,-17,-28,2,3,-8,42,3
54095,Tyler County,-7,-73,-105,-5,21,-35,-76,-123,-78,-161,-21,-10,-31,-31,104,-102,31,-140,-38,-113,-9,-43,-36,-113,31
54097,Upshur County,5,-67,4,252,-24,-206,94,43,44,191,2,44,159,107,68,30,-32,-103,-102,-131,-5,90,39,-99,114
54099,Wayne County,-40,-221,-272,-27,-129,-214,-290,-152,-94,-218,-44,-168,-253,-39,-297,-183,-394,-388,-53,-342,-54,-74,-248,-57,-30
54101,Webster County,-26,-9,56,37,87,-92,-32,-76,36,-13,15,-41,-127,-104,-65,-78,-30,-162,-30,-113,-17,-25,-54,-28,-19
54103,Wetzel County,-30,-305,-96,-88,-23,-94,-220,-159,-124,-100,1,-131,44,-177,-96,-136,-122,-144,-72,-91,-28,-83,-40,32,-134
54105,Wirt County,-3,-24,-55,-43,32,12,-45,-2,-62,-50,11,23,27,55,-40,31,-41,22,39,16,-14,-103,58,-65,-26
54107,Wood County,-129,-164,-56,-403,-310,-150,-339,-145,269,253,46,-19,-148,-33,-19,22,-487,-468,-682,-429,-93,55,141,-72,4
54109,Wyoming County,-107,-474,-349,-186,-255,-16,-236,-211,-126,-87,-28,-187,-163,-165,-265,-302,-267,-395,-306,-227,-27,-112,-237,-131,-118
55001,Adams County,75,300,214,38,122,429,-45,-62,-84,-169,18,33,-253,100,-135,-14,94,40,581,1,89,324,595,506,-25
55003,Ashland County,-25,-24,4,-105,-71,-119,-19,-224,-33,-53,11,-97,-219,116,28,-170,-181,-123,80,-40,-14,86,32,60,73
55005,Barron County,39,191,267,5,93,-56,77,-219,25,-158,-49,47,-202,-243,-259,-30,-132,-73,-14,69,-6,115,168,172,-100
55007,Bayfield County,18,85,21,15,-3,-15,27,46,-89,-107,21,75,-5,93,-100,22,18,130,55,91,44,189,382,178,63
55009,Brown County,100,260,618,151,844,7,-420,463,-636,479,-52,192,336,-330,-62,-31,-128,627,-309,-132,-52,-866,440,203,258
55011,Buffalo County,6,-5,-109,42,-76,137,-96,-77,-164,-176,-18,-91,-133,-17,-124,-37,-146,-26,16,-95,10,-2,85,58,-2
55013,Burnett County,54,211,176,222,215,11,-37,-14,-213,-69,-7,31,-94,-25,35,-35,124,131,131,83,77,300,351,220,179
55015,Calumet County,14,401,731,444,-23,-90,-158,-487,13,-375,-43,261,-296,-264,-321,72,-366,246,23,-175,2,17,93,407,128
55017,Chippewa County,96,254,268,577,1398,654,-63,265,73,42,54,59,-163,-94,134,-18,31,115,272,474,-7,264,213,181,380
55019,Clark County,15,-194,-196,-110,-117,-280,-337,-355,-175,-326,-46,-263,-510,-171,-389,-206,-132,-184,-118,-200,-65,-104,-232,-186,-252
55021,Columbia County,136,335,69,409,572,81,128,67,-119,-157,20,-262,-314,-37,-5,7,120,245,18,107,27,-81,-94,-457,51
55023,Crawford County,-5,-235,-48,-101,71,-75,38,-30,-120,-103,-17,79,-142,-118,-59,-6,-68,-55,79,-107,-11,31,-25,-18,33
55025,Dane County,716,2799,3153,2247,2062,1591,1735,2713,2103,3165,15,2624,2349,1875,1608,1397,3274,1388,1119,1388,348,-3650,2546,2381,989
55027,Dodge County,33,182,328,284,407,-176,562,-252,10,-666,-45,-324,-264,-175,113,-114,-357,477,187,90,-11,-274,91,90,221
55029,Door County,84,215,148,138,-43,-13,26,-179,116,21,-34,121,-124,225,-26,-12,137,264,262,231,93,496,293,133,135
55031,Douglas County,40,84,70,187,12,26,-122,-85,33,232,-12,-211,-314,-26,-127,-193,-135,-86,-153,53,77,-232,287,29,-44
55033,Dunn County,28,382,84,11,172,46,508,74,-50,63,0,-266,-170,76,-158,-1,-77,206,277,155,-25,-921,974,61,171
55035,Eau Claire County,57,268,338,-129,-256,67,562,467,223,626,-4,478,406,379,-546,-51,377,204,324,-199,63,-85,639,860,392
55037,Florence County,4,-20,66,-85,-49,-38,-8,-89,-108,-61,-8,18,2,42,-31,24,12,58,-12,24,9,74,143,19,24
55039,Fond du Lac County,-38,109,-148,-62,-21,-26,170,92,125,-194,-107,-12,-345,-349,-121,-341,-74,-104,441,179,-7,92,-181,14,-128
55041,Forest County,10,-90,-21,17,106,-109,-24,-91,23,-158,-4,-31,-83,-62,0,-95,30,-46,23,33,-12,283,-11,69,138
55043,Grant County,-69,-32,-296,15,-44,-168,-494,284,-1,-249,-4,-96,-407,36,591,327,-204,-346,-394,-103,-1,-647,41,455,331
55045,Green County,47,71,127,76,337,223,505,155,162,-54,-4,-92,-176,35,-112,-19,-169,6,30,26,-48,36,-135,81,206
55047,Green Lake County,-10,62,45,-91,-61,-73,-18,-118,-109,-66,-9,23,-16,-97,-108,10,-77,169,146,80,12,316,49,214,-14
55049,Iowa County,-8,45,-11,60,-71,101,46,-72,-62,-253,-8,-182,-78,-90,-29,-38,-189,167,-31,-103,-9,53,98,-78,37
55051,Iron County,-7,-1,0,-30,-27,-25,-118,-6,-27,-85,8,74,-14,-3,87,-102,-10,70,60,58,21,120,93,92,0
55053,Jackson County,22,172,1,183,-77,165,1,65,9,-73,-1,15,-80,43,-6,-105,-105,-16,-27,109,-25,-149,-14,33,109
55055,Jefferson County,46,26,-66,137,413,257,116,193,98,-241,-76,-203,185,-32,-542,-101,-201,87,188,-450,-24,-346,72,87,188
55057,Juneau County,33,183,397,144,196,1232,77,23,51,-147,-1,25,70,-193,-182,-59,61,144,126,78,79,35,169,-14,158
55059,Kenosha County,164,865,951,1024,1041,1065,490,503,301,-162,-76,-516,-199,-548,-106,-504,-657,9,47,227,-51,-851,-833,-547,151
55061,Kewaunee County,4,22,84,-136,73,18,0,-112,-116,-66,-1,-45,-104,-136,-53,-26,-3,17,-33,8,-15,50,79,37,7
55063,La Crosse County,26,167,379,222,-106,126,325,664,507,755,94,2,934,71,205,-51,-269,135,-115,-172,74,-1479,939,328,195
55065,Lafayette County,-21,-52,-28,-27,-48,-110,-114,-284,-55,-161,-46,-20,-137,-207,23,-93,-104,-141,-78,-67,-16,105,-21,-76,13
55067,Langlade County,-5,116,-68,-17,39,-194,-32,-45,-109,-141,-9,-155,-166,-149,-139,-132,52,90,94,-6,-6,130,171,28,192
55069,Lincoln County,59,-42,156,61,84,12,-143,-142,-128,-95,9,-213,56,-114,-129,-157,27,-9,-47,-54,15,214,85,193,103
55071,Manitowoc County,-41,-367,-634,-589,-489,-273,-211,-208,-312,-280,-135,-352,-457,-242,-556,-400,-109,-218,-63,-36,30,297,-94,207,220
55073,Marathon County,-110,-427,-332,-383,-263,344,649,344,340,-123,-141,-248,-509,20,-245,-422,-695,-10,-433,-154,-68,-408,198,332,-150
55075,Marinette County,35,-116,169,-45,-193,252,-330,-80,-126,-147,-38,-139,79,71,-150,-258,-266,122,259,60,68,207,368,327,417
55077,Marquette County,62,-6,116,77,173,167,-17,-97,29,-159,-7,15,-118,-52,-86,85,69,199,183,187,25,305,118,172,1
55078,Menominee County,-2,-51,-5,-79,-100,-59,-76,-65,-138,-131,13,24,-90,-63,61,-60,-28,31,-25,-53,-4,33,-90,25,65
55079,Milwaukee County,-2809,-10194,-8929,-10132,-11880,-14218,-13005,-9600,-7933,-3585,-1352,-4291,-4877,-5427,-7322,-8768,-11784,-12441,-10217,-7014,-1638,-16448,-10295,-7605,-5686
55081,Monroe County,33,9,82,-94,216,125,202,207,40,49,34,38,-322,-29,-189,-102,-140,71,289,-21,-22,-151,-235,74,61
55083,Oconto County,117,300,226,330,361,91,71,-59,-75,-245,19,-132,-191,-80,102,-26,-10,75,324,117,108,437,373,148,338
55085,Oneida County,67,203,47,312,-153,-97,-80,-82,25,-132,-25,-30,-24,36,-74,164,204,42,345,293,93,783,213,188,248
55087,Outagamie County,286,857,501,212,310,573,776,471,134,692,-81,-195,-62,108,630,135,200,206,147,48,34,-69,485,391,470
55089,Ozaukee County,83,160,274,396,481,-138,-35,38,183,238,-79,300,205,-68,144,150,270,-59,603,121,107,984,487,293,168
55091,Pepin County,-17,48,48,38,65,-2,-60,-6,-50,-91,-17,-60,-59,-26,-44,-69,6,-23,38,-8,16,27,8,57,45
55093,Pierce County,59,151,135,293,382,248,329,22,246,-337,38,-351,-339,-107,77,-129,246,438,456,76,-25,-560,850,407,137
55095,Polk County,94,635,358,377,491,307,243,-188,-88,-17,-49,-241,-507,-199,46,-96,53,152,247,255,56,568,272,359,115
55097,Portage County,-48,-291,-112,-287,-310,-26,84,284,113,-126,-48,-176,49,-96,-299,-314,-350,-97,43,-283,11,-898,1142,523,400
55099,Price County,11,-191,-86,-14,-63,-71,-101,-242,-76,-69,-37,-64,-108,-36,-48,19,-101,54,13,16,-5,135,221,22,97
55101,Racine County,-239,-829,-320,35,-42,367,-393,-646,-738,-829,-189,-1404,-1130,-570,-657,-783,-495,409,-110,-633,-163,-1221,-405,264,614
55103,Richland County,54,-56,-97,85,121,-128,-58,130,-263,-142,-34,-17,-197,-17,-91,-176,-38,-40,-108,-138,-11,-55,-11,108,-113
55105,Rock County,-99,-218,-419,-316,582,314,943,393,-245,-995,-248,-905,-314,-79,12,-508,-182,397,257,42,-31,261,-125,374,747
55107,Rusk County,7,-143,11,-293,11,-87,-154,-74,-36,-26,-32,-93,-331,112,10,-183,-9,72,-38,82,-4,10,157,120,-40
55109,St. Croix County,410,1659,1972,2075,2318,2162,1891,1140,663,153,-93,-150,-215,95,359,71,25,588,684,622,232,965,777,554,296
55111,Sauk County,94,9,205,283,395,313,199,269,274,-150,-3,-29,-101,192,-2,42,168,199,132,-14,-11,-91,55,-4,59
55113,Sawyer County,52,83,207,203,89,145,10,80,-1,-36,9,11,1,3,-50,-27,90,98,132,146,77,254,399,144,272
55115,Shawano County,91,6,44,-22,118,42,40,4,-50,-4,8,-255,-194,-36,-58,-285,-65,-51,-120,49,4,54,224,215,205
55117,Sheboygan County,42,33,-317,-335,-101,7,-224,-131,-189,-464,-153,-672,-725,-312,43,-30,-415,-80,-31,-76,-24,-285,43,-133,-90
55119,Taylor County,7,-138,-71,-198,11,-96,-175,-153,-141,-96,-31,-49,-378,25,-74,-167,-79,-25,26,-55,-6,-19,12,112,-17
55121,Trempealeau County,51,-57,68,91,110,204,148,-15,-138,-26,15,7,153,49,-212,-146,-34,-346,-80,-71,-3,-180,70,-146,-326
55123,Vernon County,-13,56,64,5,68,163,22,8,-22,102,-18,1,18,-117,-32,11,109,77,-56,-35,-21,150,86,-19,158
55125,Vilas County,132,416,340,288,113,94,11,13,-178,-152,38,65,11,172,85,133,153,332,323,383,103,624,416,317,161
55127,Walworth County,268,625,1230,978,520,1096,514,-260,-264,-479,-144,313,68,-188,288,-869,2,234,730,366,81,139,623,229,-182
55129,Washburn County,68,166,220,54,77,45,79,10,34,46,8,-35,73,-110,33,-96,160,196,158,-26,25,301,276,201,114
55131,Washington County,247,703,549,641,1249,974,978,878,820,232,-24,-46,58,-167,249,65,118,394,417,453,37,680,763,446,142
55133,Waukesha County,694,1107,2243,1429,267,466,-49,1366,579,779,-153,-202,998,231,141,-186,1284,1519,1062,1300,366,1560,1688,1958,1568
55135,Waupaca County,105,159,318,192,106,-36,251,81,-56,-122,16,155,-204,292,-4,-43,-117,36,216,59,23,426,37,-100,70
55137,Waushara County,51,276,976,216,95,28,93,8,34,-149,0,82,-89,-125,-135,-120,196,159,124,202,22,398,312,192,144
55139,Winnebago County,53,-53,18,-604,-201,349,261,279,-145,503,-73,-35,455,179,-485,-596,-221,203,100,683,-22,-1225,221,802,775
55141,Wood County,-95,-369,-463,-308,-330,-401,-634,-389,-256,-172,0,-295,-419,-508,-447,-217,-183,-189,-146,-42,-28,70,122,377,-35
56001,Albany County,-153,46,-154,-19,-14,-434,-160,-581,256,522,46,155,89,-96,-163,-159,-443,106,-148,-253,-14,659,122,-362,-133
56003,Big Horn County,-47,-191,-50,-117,115,-103,-16,90,53,81,23,42,32,171,-96,64,-12,-56,11,-100,-28,216,270,151,-11
56005,Campbell County,165,222,1007,-139,-210,348,974,1397,485,1945,-25,-146,759,-305,-363,601,-1097,-2905,-497,-268,14,-831,312,226,171
56007,Carbon County,-67,-425,20,-66,-61,-210,-28,274,86,46,-69,-85,-192,48,5,-345,-21,-518,-436,-144,-34,205,-197,-222,-219
56009,Converse County,22,-167,146,-65,61,133,93,173,295,223,-29,-147,214,273,-243,-5,-264,-406,-127,118,-22,-61,118,59,-110
56011,Crook County,5,-139,102,12,29,64,43,224,106,65,20,-20,-32,3,41,126,-5,-151,-31,87,-3,117,99,166,183
56013,Fremont County,-40,-294,127,-99,15,114,239,420,386,394,59,95,288,-222,-572,-481,-118,-508,-330,-316,-23,321,269,366,29
56015,Goshen County,6,-161,-145,-93,43,-65,14,-2,70,141,147,184,58,-113,-43,-6,-233,28,-59,-78,11,115,139,74,1
56017,Hot Springs County,-11,-75,-38,-97,12,-28,17,1,39,91,-1,14,31,21,-21,-37,-33,52,-100,-122,15,20,76,84,12
56019,Johnson County,35,74,201,133,68,118,104,309,283,98,-3,40,-23,-9,-67,46,-115,-18,31,21,15,204,123,71,29
56021,Laramie County,-45,201,487,1088,170,-409,-14,88,446,468,169,-121,1360,420,-158,319,391,-35,103,242,143,-18,132,72,537
56023,Lincoln County,29,-79,-13,61,222,154,224,278,315,133,-55,-191,-203,246,140,70,221,75,75,302,68,482,428,143,1
56025,Natrona County,-47,31,185,319,265,394,466,1020,724,952,-63,586,1675,2018,-189,225,-1705,-1786,-802,361,267,-578,68,361,372
56027,Niobrara County,-12,-58,-73,-3,35,-9,14,110,31,-11,4,-4,5,65,-56,13,-32,-79,-7,-57,-17,-26,-69,-19,-2
56029,Park County,-4,-146,46,216,121,254,343,360,312,270,45,172,238,157,-131,-91,249,0,32,-16,53,569,489,315,303
56031,Platte County,-48,-1,-21,-116,8,-99,-10,-69,-87,-64,18,57,48,-16,83,30,-114,-109,18,-77,35,100,52,-45,-45
56033,Sheridan County,59,67,271,73,6,87,367,394,558,468,0,52,195,158,65,30,68,175,98,289,83,726,457,531,288
56035,Sublette County,16,-37,212,134,240,279,276,583,401,367,-26,-154,184,-404,-83,-198,-113,-270,24,32,-4,-40,30,220,-23
56037,Sweetwater County,-210,-1188,-28,-615,45,98,300,914,113,824,-344,65,702,-279,-547,-648,-830,-1058,-831,-750,-90,-631,-313,-169,-124
56039,Teton County,53,24,-87,-47,126,-176,11,95,136,-143,-71,-39,28,400,311,36,-33,-102,-378,-37,4,107,-488,-232,-401
56041,Uinta County,-137,-442,-21,-332,-206,-146,18,234,230,173,-52,-359,-78,-212,-300,-217,-235,-389,-276,-186,-9,150,30,-21,-98
56043,Washakie County,-52,-259,-125,-100,-54,11,-120,91,-10,85,11,-107,-25,-10,-156,4,-120,-124,-132,-60,-10,96,52,24,-54
56045,Weston County,-18,-174,91,10,1,-60,97,275,74,64,-31,-62,-79,35,0,24,-9,-275,-65,0,-25,-22,155,-17,65
6001,Alameda County,-462,-6522,-33644,-33505,-29936,-26564,-20099,-11456,-347,379,-1592,-1206,4019,5725,6320,2849,-6171,-11712,-10045,-11626,-3826,-43102,-33560,-26253,-22233
6003,Alpine County,-4,-37,17,-22,8,-63,29,-33,-96,-29,-13,-65,17,17,-46,1,-26,66,-23,35,3,48,-35,-37,-14
6005,Amador County,110,688,898,435,546,681,425,507,-391,-11,-217,-179,-298,-345,221,403,514,1212,952,451,157,888,442,498,358
6007,Butte County,576,2088,2622,1955,1172,1331,1644,250,1030,215,-181,-301,629,555,1235,733,1316,2335,1684,-11249,-1249,-3265,1214,38,866
6009,Calaveras County,156,816,1226,1398,1033,901,896,383,107,-234,-39,-200,-252,13,96,364,464,454,92,323,123,1182,481,190,88
6011,Colusa County,-77,-162,-125,-21,330,-23,-33,-188,-320,-218,-30,-250,-167,-210,-239,-69,115,-40,-237,10,-7,-32,-138,-10,-169
6013,Contra Costa County,1232,7318,-1157,-1877,-4175,-2829,-7554,-931,5176,6118,1570,4797,4562,7393,6448,5430,3516,-203,-1982,-3497,-1011,-6777,-14620,-10761,-4729
6015,Del Norte County,-67,-151,53,187,339,316,-116,149,21,117,-44,-161,-315,-436,-702,3,165,-17,369,53,-108,-2,-782,-61,568
6017,El Dorado County,614,2912,3025,1952,2398,2231,543,-178,367,405,-12,-606,-641,650,1318,1228,1206,2547,1964,2110,29,2739,-599,-752,264
6019,Fresno County,-851,-1731,3476,3753,665,-2457,-2571,-2065,-853,-1801,-862,-3520,-4649,-3718,-1719,-1937,-3211,-438,-1009,-348,-794,-2044,-3874,-6502,-6965
6021,Glenn County,-52,-233,-31,98,-111,0,-9,-114,-58,-201,-72,-158,-412,-203,-89,-199,-26,-21,-28,337,-53,-274,-408,-298,-10
6023,Humboldt County,-190,393,541,320,238,-79,-358,-985,-215,205,256,-185,-869,-434,-20,437,1026,137,-231,-625,-148,-1032,191,-659,-1366
6025,Imperial County,-618,-2017,-1226,117,-92,295,946,582,-312,680,-266,-991,-1249,-2472,-951,-1879,-1531,-767,-1808,-2000,-231,-1159,-1427,-1297,-761
6027,Inyo County,-21,45,123,87,-136,-276,-285,-127,-285,-43,-33,-113,-68,-20,-104,-209,-211,-21,48,57,-2,-56,-157,-158,-42
6029,Kern County,-924,1406,6120,9046,9784,11338,10039,4714,485,-1655,-909,-2631,-4189,-1435,-2226,-2531,-4426,-1634,-288,-291,-3839,1877,-2064,-8569,-2626
6031,Kings County,-253,764,538,2608,1386,-1089,-183,227,-1246,-2241,-1108,-2315,-2798,-2509,-2530,-1194,-2327,-1183,423,197,-46,-1007,-1122,-1076,-992
6033,Lake County,280,1862,1461,1003,872,786,495,-31,390,74,80,-391,-132,-37,328,352,-234,389,331,215,44,692,-192,-27,15
6035,Lassen County,-97,-264,-220,300,370,-94,-16,862,-552,-225,-56,-720,-694,-1629,-582,-500,-587,109,-404,-133,-314,-397,-1805,-1634,-190
6037,Los Angeles County,-23647,-86361,-85656,-97147,-113880,-156681,-195624,-182647,-107532,-76674,-21753,-54822,-38825,-45765,-59748,-65098,-79139,-91152,-98218,-100808,-25143,-195168,-146583,-121102,-99629
6039,Madera County,-113,-126,542,2230,2689,1224,1152,202,197,-1204,-57,-674,-1461,-1491,884,-1158,-894,492,502,-464,-77,2048,623,1845,670
6041,Marin County,-339,-1847,-3721,-3248,-3152,-1477,-1471,-116,358,729,225,1246,-368,1304,844,-497,-1382,-1696,-709,-1416,-860,-2356,-4172,-3319,-1679
6043,Mariposa County,25,-8,136,392,138,74,215,95,25,-153,20,-100,-291,-19,-78,-63,-143,17,32,-179,12,87,-21,-112,12
6045,Mendocino County,-11,-287,-112,71,-671,-756,-1321,-995,-363,-303,-193,-652,-309,-443,-19,-272,39,157,-213,-660,-212,6,-1225,-867,-527
6047,Merced County,16,2137,2144,1781,1076,727,-1201,-1584,-2589,-2797,269,-338,-1127,-1508,-286,-705,-1317,1012,1046,1381,-18,3329,1459,-656,-890
6049,Modoc County,-19,-112,-7,106,79,-70,11,-128,14,21,3,-191,-115,-187,-51,6,-80,-72,-63,65,-15,-3,19,-40,-10
6051,Mono County,-1,109,-77,-247,-272,-194,35,-444,-106,-102,30,45,-216,-389,-77,-279,19,-75,-109,-120,-13,-45,-439,-63,-471
6053,Monterey County,-950,-4113,-5856,-5699,-9117,-11569,-11618,-7097,-4254,-2931,96,-509,-360,-2605,-2924,-2843,-1264,-3179,-3544,-2850,-1254,-3830,-7768,-6334,-5891
6055,Napa County,-9,1208,876,366,-656,-980,-119,52,610,28,128,392,271,709,370,53,-380,-1064,-1120,-985,-486,-1193,-2019,-1341,-1058
6057,Nevada County,468,1177,916,899,1023,711,260,166,352,425,25,92,-373,23,710,288,373,718,370,465,137,1730,-768,-27,304
6059,Orange County,-3951,-17516,-23425,-22425,-26763,-43119,-48098,-39371,-11377,-3226,152,5419,2111,-1099,-8639,-9571,-14065,-18043,-20019,-21358,-4134,-33109,-27754,-35669,-22482
6061,Placer County,2469,11443,11972,11945,11188,8514,7851,5677,7250,5277,1109,4906,2792,3969,2653,2656,5243,5498,6905,5687,1072,7118,4616,4834,7377
6063,Plumas County,-35,109,96,118,108,59,-230,-90,-220,-208,-49,-148,-308,-364,-199,-108,293,13,138,126,-10,370,-512,-261,-242
6065,Riverside County,9014,37020,49403,59386,65307,51618,55417,35879,7851,13174,7502,14856,10894,9159,12019,11834,16994,19490,18996,13170,2156,25856,13032,8517,5722
6067,Sacramento County,2533,19959,18503,11657,4714,-4652,-7993,-5147,-3487,-1185,-408,-1276,-934,-468,4043,4479,3976,4155,1642,3456,-536,-5559,-15197,-12749,-5935
6069,San Benito County,345,14,-523,-722,-1066,-1025,-1346,-864,-524,-532,97,-2,223,270,209,-35,575,563,917,926,249,1928,530,127,285
6071,San Bernardino County,2649,20237,17134,26373,29590,20723,4612,-7411,-15093,-13790,1174,21,-6837,-10220,-2877,-4494,-2762,1676,1584,-914,-1368,-156,-7629,-12188,-5767
6073,San Diego County,-495,-811,-2226,759,-36661,-35698,-38455,-11929,1244,-2588,-253,99,-334,-817,987,-8380,-11285,-15748,-10815,-19731,-2264,-40718,-16848,-29397,-22231
6075,San Francisco County,-1914,-10033,-20755,-19650,-15336,-10226,-6073,-1763,320,-586,-1651,782,3632,671,765,1356,-1356,-2674,-4513,-6094,-3788,-56494,-11463,-6125,-5690
6077,San Joaquin County,2305,14832,9243,9159,8016,5247,-3258,-4003,-5282,-2475,328,677,-392,-3705,3616,4286,3974,4643,4446,4842,165,4145,660,724,-101
6079,San Luis Obispo County,838,2846,799,689,1043,550,994,1222,2336,630,63,839,2644,1038,1937,1364,1260,536,873,-245,-234,-2276,2598,-806,-575
6081,San Mateo County,-2058,-13801,-19654,-15828,-12032,-9935,-9556,-5600,887,1337,-594,550,2907,780,-684,-2252,-6752,-7632,-7298,-8953,-2526,-25429,-18103,-10604,-5955
6083,Santa Barbara County,-1032,-3432,-4020,-3828,-5855,-5777,-6645,-3336,-1977,-1485,-634,-2369,671,1171,535,-1168,-1833,-2275,-2157,-1924,-552,-11979,3561,-7049,-4601
6085,Santa Clara County,-7224,-36849,-57825,-43421,-32389,-21026,-17025,-11041,-2140,-4829,-2007,-2964,-1564,-2156,-7612,-11266,-21024,-26261,-24573,-28421,-7022,-58753,-37310,-30375,-22401
6087,Santa Cruz County,-608,-3199,-4903,-4815,-3661,-4117,-2951,-1679,-24,526,404,81,13,980,605,1000,-565,-697,-1858,-1339,-570,-9988,3444,-3437,-2747
6089,Shasta County,427,3066,3973,3094,1870,981,747,569,772,47,-22,129,152,308,300,-650,132,986,483,514,-168,725,-562,96,825
6091,Sierra County,14,-41,-25,35,-74,-49,41,-46,-58,-83,-5,-104,-24,-20,-32,27,-31,50,-8,20,-4,87,-64,-12,-23
6093,Siskiyou County,-79,-294,100,339,119,191,-124,-59,312,40,50,-257,-525,-432,-152,50,264,416,35,133,-38,322,-81,-582,-189
6095,Solano County,1043,2412,29,-2316,-4329,-5475,-4617,-4359,-3762,-2836,-83,-673,127,916,2260,1405,2691,2300,617,277,-950,-3337,-3944,-1973,328
6097,Sonoma County,527,488,-4426,-3132,-3812,-5246,-5007,-2073,1384,1855,393,1139,1321,2555,2864,686,130,-1061,-4202,-4534,-512,-3893,-2579,-1628,-349
6099,Stanislaus County,1109,8449,7582,3794,-322,1218,-1442,-3127,-5375,-3162,-416,-2280,-1284,-1195,505,881,1717,1651,372,-679,-443,-2468,-4434,-3060,-2284
6101,Sutter County,-79,-134,817,1295,607,900,922,439,-568,-709,-199,-1160,-1199,-399,-563,-293,-311,-194,-372,95,-233,-673,-1187,-1133,-1122
6103,Tehama County,75,270,392,791,724,599,513,140,87,-357,94,-362,-216,-355,-221,179,124,285,94,1014,-136,-162,54,-326,-443
6105,Trinity County,-11,-43,287,205,52,320,258,94,122,163,-7,-20,-160,-21,-249,21,-189,-67,-132,-239,-3,75,-192,-33,79
6107,Tulare County,-1018,-2644,-682,1875,2255,1899,-707,-592,-1048,-57,-301,-1118,-1856,-2137,-2183,-2826,-2596,-1078,-1241,-1960,-49,192,-2392,-1940,-2187
6109,Tuolumne County,203,682,709,671,160,209,-71,-286,24,-351,-206,-236,-489,-127,28,-96,346,443,568,232,-130,96,-783,449,224
6111,Ventura County,230,-974,2094,-878,-5122,-11163,-7714,-8446,-4586,-1180,173,-1395,-2621,-1528,-2034,-2574,-4076,-2724,-3998,-5193,-1162,-5445,-9343,-7193,-3909
6113,Yolo County,463,2997,2388,281,-45,-1342,805,2286,291,236,-302,-1150,687,-560,-325,1054,1106,748,-70,-1312,-292,-4817,6476,-3438,-1229
6115,Yuba County,-115,308,526,630,-11,1832,1959,677,127,-1018,-23,-604,-546,-440,-260,-217,247,1084,523,542,284,699,625,724,1118
8001,Adams County,1220,3164,4922,722,1234,4129,5072,2909,2940,4945,703,2383,3442,4359,4867,4983,2311,1008,2686,1283,52,-502,302,1610,951
8003,Alamosa County,-39,-135,47,-149,-15,-138,-180,-174,-57,-193,11,85,-117,35,-95,9,98,11,50,-93,-18,157,-2,35,-38
8005,Arapahoe County,827,4272,228,-1585,-1399,-1060,177,4115,4152,4316,874,4128,3625,5273,3721,4509,1378,-409,1186,-1165,-538,-2600,-5690,-6490,-6781
8007,Archuleta County,133,396,390,161,148,205,436,300,-35,-147,-35,-90,63,59,-3,134,401,438,395,255,72,407,193,217,-19
8009,Baca County,-14,-1,-113,-206,-23,-49,-42,-45,-50,-43,15,6,-40,-60,-59,-8,3,24,32,3,-13,45,-20,-58,20
8011,Bent County,-31,-202,153,235,60,-33,-82,-304,262,486,12,-76,-618,-75,74,80,-36,28,4,-215,-130,-84,123,295,70
8013,Boulder County,856,2716,-1370,-3823,-1240,-2127,1062,654,1251,182,-162,2416,2401,2715,788,3499,1288,-423,491,-42,-2,-4247,-624,-1976,-1053
8014,Broomfield County,245,475,-192,1108,130,424,1332,1573,511,467,251,779,1002,733,1153,2623,1207,1329,667,791,410,663,465,326,720
8015,Chaffee County,70,66,302,27,55,-24,-53,236,162,166,-7,211,120,269,120,205,540,591,404,351,45,273,494,343,204
8017,Cheyenne County,-17,-51,-86,-109,-43,-53,-39,-70,-7,-45,-4,13,-2,-4,-51,-35,12,-3,3,-38,-6,-27,17,-8,-27
8019,Clear Creek County,-24,30,41,-194,-331,-67,-223,39,-86,-261,22,-111,-39,-26,59,97,74,177,-8,56,6,68,-80,-212,-40
8021,Conejos County,-7,-138,-51,-114,-26,-90,-172,-100,-105,-214,19,-51,-87,-58,-26,-192,-29,72,27,10,-9,137,18,-57,28
8023,Costilla County,10,-104,-27,-34,-2,-138,-30,-37,-74,-124,8,93,-35,-55,30,12,131,56,45,63,9,121,26,34,86
8025,Crowley County,15,147,120,-162,306,34,320,241,21,-97,25,-9,-444,-126,268,7,-344,545,82,109,-167,93,-88,46,28
8027,Custer County,13,110,28,125,15,67,-2,98,-26,47,25,-45,3,58,90,102,181,283,86,141,24,392,278,208,-1
8029,Delta County,64,175,580,179,368,70,346,246,557,399,-73,-478,49,-130,-312,66,512,283,507,385,-75,542,376,370,588
8031,Denver County,-973,-4770,-15639,-14289,-9794,-7562,-3078,-121,4045,6369,1526,8948,7184,7061,7794,10815,5934,2216,4535,4268,1525,-10308,-2835,-1901,-2269
8033,Dolores County,4,-12,6,-35,-10,-5,90,-8,49,-45,0,-25,-43,24,-45,0,76,-2,21,-7,14,62,98,65,-56
8035,Douglas County,3705,13310,8974,7909,9560,7545,10141,8180,5624,3216,737,2492,3135,4607,5209,4556,3476,4937,4565,5604,1982,7893,3912,5311,5062
8037,Eagle County,-43,88,-117,-353,-94,336,237,270,275,469,-343,-904,-381,-55,-127,-81,63,-189,-570,-364,-150,-291,-990,-1293,-895
8039,Elbert County,201,901,472,75,88,143,174,-81,225,244,32,-41,59,235,406,481,403,526,455,345,160,943,624,899,477
8041,El Paso County,463,8664,3151,2908,-537,2545,5889,-171,3456,3331,2733,3811,753,2536,1483,3556,8052,6446,7007,3099,995,916,-115,-1215,462
8043,Fremont County,115,519,537,85,-132,200,320,219,329,191,73,599,-285,-518,-13,310,855,782,577,70,-8,630,688,985,-28
8045,Garfield County,226,510,446,-159,-199,574,1145,975,962,548,-496,-730,169,-343,-259,121,626,-310,171,-94,-17,-60,-253,24,-303
8047,Gilpin County,31,-23,-9,-8,-35,46,54,0,122,318,9,-61,-11,73,203,51,96,91,76,117,6,66,-34,-3,38
8049,Grand County,37,53,206,-48,65,-144,169,66,79,21,-80,-296,-415,32,179,114,376,109,102,170,9,95,-145,143,85
8051,Gunnison County,6,60,14,-175,-42,-10,139,202,96,3,-51,-136,42,122,107,265,236,371,240,226,24,303,-27,-65,-102
8053,Hinsdale County,-1,24,-24,-27,25,-21,23,9,-25,-4,0,-17,-28,-1,-36,-9,25,4,22,13,8,-11,3,-5,-12
8055,Huerfano County,-30,61,67,55,-191,85,48,-37,104,-171,-32,-113,83,-54,-13,59,241,121,294,54,25,214,238,51,27
8057,Jackson County,-2,-54,-9,-26,-33,-40,-42,-15,-34,18,-8,-33,-26,15,41,-35,6,16,19,-12,-1,-9,-48,1,-40
8059,Jefferson County,-231,-972,-4413,-6499,-6734,-4063,-701,607,1759,542,98,2472,3827,3411,4395,3934,4369,2122,2164,1659,-99,-2933,-5127,-785,-1528
8061,Kiowa County,-8,-70,-47,-41,-46,-4,-14,-52,-35,-41,4,30,-8,-14,-11,13,-39,25,16,20,8,0,-19,-52,28
8063,Kit Carson County,-45,-69,210,-162,-6,-142,-78,-110,200,237,-5,-132,-132,155,-257,153,-619,-509,-7,-75,-13,-117,30,-18,2
8065,Lake County,-31,-199,-220,-318,-146,-214,-157,41,-37,-142,-55,18,-114,-22,24,85,117,125,29,220,-29,-34,-100,-35,-45
8067,La Plata County,220,625,654,99,419,641,773,502,587,469,-2,144,372,723,252,597,449,104,610,-169,12,457,377,-187,399
8069,Larimer County,939,5283,2721,1028,910,1589,3400,3201,3599,2954,378,2855,3482,3479,5701,7388,3914,3704,5095,4638,663,2220,4036,2197,1352
8071,Las Animas County,68,-110,329,261,-118,17,104,61,58,88,-83,-339,-51,-579,-327,29,69,160,316,24,-31,-86,84,153,188
8073,Lincoln County,-22,-191,0,-71,-182,-139,-172,-87,-45,-57,6,-72,23,-36,61,31,11,-28,65,73,-6,-164,52,-18,106
8075,Logan County,36,516,-114,-55,-209,-311,-2,-76,-240,-29,16,-186,-256,-260,245,-24,-19,-118,-88,115,-257,-107,-168,-122,122
8077,Mesa County,442,1449,2431,2008,2131,1870,3625,3736,2767,3367,-667,252,-319,-558,-361,621,1472,1385,1629,1150,331,1844,1528,1336,1618
8079,Mineral County,7,-16,38,33,44,-12,-3,44,-12,-41,-5,5,7,12,-31,41,10,6,18,-6,7,59,3,12,5
8081,Moffat County,-32,-156,24,-156,-55,-320,28,114,96,6,-16,-516,-316,-152,-280,-92,122,-139,9,-8,-25,-96,55,98,-181
8083,Montezuma County,3,-210,192,236,132,8,399,79,-14,131,-11,-133,-14,51,-63,145,272,164,46,66,32,439,305,121,179
8085,Montrose County,99,564,584,453,380,667,868,1161,796,683,-156,-371,-251,-159,-33,3,602,614,440,543,177,573,670,409,400
8087,Morgan County,-45,-341,-156,-244,-305,-328,-192,-373,-299,-17,-38,-141,-431,-281,-398,-174,-336,-157,70,-70,-51,-235,-10,-68,-46
8089,Otero County,-83,-346,-438,-206,-225,-266,-227,-303,-113,-20,12,-55,-214,-142,-61,-100,121,75,12,-49,-6,-35,-148,-81,-155
8091,Ouray County,32,18,89,21,143,63,47,167,158,-7,15,-42,64,46,30,37,178,9,18,141,2,186,36,69,9
8093,Park County,160,533,465,215,113,43,10,217,-44,-325,51,-252,-48,105,179,317,606,532,622,307,20,376,144,165,166
8095,Phillips County,-32,-7,26,-102,51,-49,-64,-70,-41,-14,17,-100,-3,-31,-6,-78,-71,-13,-28,-28,-4,-12,-68,10,-27
8097,Pitkin County,-129,-68,-207,-167,-253,-107,-180,7,314,246,-26,-167,0,5,90,47,-156,-192,-169,-380,-24,-75,-615,-309,-188
8099,Prowers County,-82,-415,-262,-381,-337,-289,-475,-504,-151,-154,-39,-55,-150,-167,-321,-177,-36,11,9,34,-2,-59,-115,-159,62
8101,Pueblo County,191,1600,2007,635,200,659,1512,1763,971,574,235,492,215,68,31,1435,1603,1442,1091,968,247,1661,908,526,310
8103,Rio Blanco County,-21,-145,37,-90,28,-103,163,113,44,157,-68,43,-24,-98,-111,-155,-65,-113,-64,-37,-5,-70,105,23,19
8105,Rio Grande County,-8,-322,-67,-8,-45,-197,-283,-239,-48,-98,14,-138,-47,-203,-201,-148,-8,-37,-45,-17,10,-98,-18,-101,-24
8107,Routt County,78,231,48,198,66,31,262,425,419,299,-122,-351,-166,148,280,116,153,337,198,14,-18,151,-58,-109,-79
8109,Saguache County,58,116,209,68,148,-35,-61,-43,96,5,8,-2,99,-139,-60,31,125,193,175,-34,37,135,122,73,-13
8111,San Juan County,3,7,-2,-4,5,-17,1,-5,-6,-23,9,-18,2,2,17,-24,-2,22,47,-37,9,35,59,-5,22
8113,San Miguel County,5,186,173,-109,-82,1,-106,176,-46,-74,-19,37,37,-11,48,19,110,-64,58,-79,-20,0,-102,-174,-105
8115,Sedgwick County,-1,-92,34,-33,-90,-24,-42,-66,16,-25,-3,9,22,-38,0,70,34,-71,-30,-8,-1,-32,-9,41,-21
8117,Summit County,6,466,-303,-158,-599,-356,-39,14,-16,-7,-16,-465,-125,173,274,395,169,-40,-338,-105,-93,-198,-625,-426,-321
8119,Teller County,63,295,90,-107,-246,68,84,177,-191,-12,84,-181,76,-112,77,-53,652,580,451,300,55,292,-16,-198,65
8121,Washington County,11,-133,154,-53,-89,-57,-39,-78,-129,-44,3,-50,-54,49,-8,56,60,83,-32,21,3,75,-9,16,-100
8123,Weld County,1410,7101,7439,3975,4050,5179,5282,4487,3389,2517,730,1920,2744,3621,4256,5926,7070,7423,6083,6778,2050,6256,7386,6109,5753
8125,Yuma County,-34,-96,-136,53,-210,-107,-66,-107,-37,54,-22,-9,-84,-38,-37,-204,-45,-151,-102,-17,-10,-89,-172,-183,-159
9001,Fairfield County,-1444,-7585,-7925,-8093,-9462,-10889,-12622,-9620,-4131,-2278,490,113,-2171,-2215,-5358,-7854,-8417,-8845,-7265,-8080,,,,,
9003,Hartford County,-516,-2098,-1725,171,-4769,-2252,-3154,-3132,-3181,-1949,-38,-3904,-5393,-4743,-7286,-7758,-8254,-6739,-7574,-5188,,,,,
9005,Litchfield County,156,906,1357,938,703,-126,358,-258,-124,-306,-176,-794,-1302,-512,-1412,-1224,-1244,-972,-453,-562,,,,,
9007,Middlesex County,328,862,1517,1069,58,141,772,155,429,233,-113,192,-884,-361,-770,-1221,-499,-255,-87,-359,,,,,
9009,New Haven County,-623,-884,-472,797,-2678,-2776,-2929,-2624,-3190,-2649,-65,-3996,-4461,-5784,-5714,-7690,-6909,-4725,-6194,-5598,,,,,
9011,New London County,-18,507,1234,2230,-53,-2394,1563,-5061,-45,-292,-416,-2318,-567,-2039,-2672,-2836,-1948,-1507,-1684,-1385,,,,,
9013,Tolland County,224,1116,2425,1801,731,104,400,3,1019,-131,382,-636,-1675,-591,-707,-632,-1144,-602,-812,-503,,,,,
9015,Windham County,-59,250,787,1071,1118,746,537,-141,-34,-452,88,-681,-908,-786,-1167,-748,-804,-79,93,-384,,,,,
9110,Capitol Planning Region,,,,,,,,,,,,,,,,,,,,,-10473,6119,-1949,-481,-578
9120,Greater Bridgeport Planning Region,,,,,,,,,,,,,,,,,,,,,-1163,590,-2580,-2127,-1741
9130,Lower Connecticut River Valley Planning Region,,,,,,,,,,,,,,,,,,,,,-662,2555,586,175,244
9140,Naugatuck Valley Planning Region,,,,,,,,,,,,,,,,,,,,,-674,2481,182,925,887
9150,Northeastern Connecticut Planning Region,,,,,,,,,,,,,,,,,,,,,-58,606,633,609,781
9160,Northwest Hills Planning Region,,,,,,,,,,,,,,,,,,,,,-85,994,446,245,457
9170,South Central Connecticut Planning Region,,,,,,,,,,,,,,,,,,,,,-4747,3670,-2029,-1430,-1005
9180,Southeastern Connecticut Planning Region,,,,,,,,,,,,,,,,,,,,,-1639,1303,-366,365,1173
9190,Western Connecticut Planning Region,,,,,,,,,,,,,,,,,,,,,-1707,2346,-6028,-4779,-4045
