county_fips,county,2000,2001,2002,2003,2004,2005,2006,2007,2008,2009,2010,2011,2012,2013,2014,2015,2016,2017,2018,2019,2020,2021,2022,2023,2024
1001,"Autauga County, AL",356,362,388,400,377,454,457,406,457,412,433,456,514,535,482,523,520,528,536,545,651,709,642,595,665
1003,"Baldwin County, AL",1322,1432,1451,1505,1549,1576,1650,1682,1685,1708,1798,1852,1801,1973,1952,2092,1974,2189,2357,2283,2691,3098,2782,2728,2808
1005,"Barbour County, AL",303,333,322,290,278,326,288,248,236,302,283,299,272,278,298,295,256,320,312,334,378,373,332,311,307
1007,"Bibb County, AL",191,212,217,228,220,234,227,203,246,214,225,247,250,242,237,238,239,271,276,264,297,339,268,292,311
1009,"Blount County, AL",450,465,530,557,529,531,530,542,566,552,542,598,579,556,624,613,697,712,689,718,849,841,831,762,745
1011,"Bullock County, AL",146,144,137,121,135,140,145,130,110,114,132,115,101,120,119,120,133,125,112,118,149,141,125,155,142
1013,"Butler County, AL",263,297,295,308,287,293,272,248,277,244,272,275,279,247,294,255,275,239,296,244,312,309,302,289,299
1015,"Calhoun County, AL",1365,1386,1234,1295,1284,1381,1326,1316,1317,1342,1383,1341,1373,1403,1405,1484,1404,1523,1590,1414,1784,1867,1737,1678,1591
1017,"Chambers County, AL",506,476,480,471,441,494,443,471,442,453,446,445,497,454,425,438,460,450,420,425,597,577,507,486,467
1019,"Cherokee County, AL",266,243,284,306,265,286,277,290,324,304,307,330,333,331,340,345,361,346,348,383,460,471,410,402,396
1021,"Chilton County, AL",412,383,413,446,485,444,466,408,446,447,458,486,483,514,444,529,475,520,510,494,630,653,601,584,577
1023,"Choctaw County, AL",175,164,177,181,172,169,181,162,160,169,158,145,187,190,163,183,180,177,191,183,188,210,210,191,164
1025,"Clarke County, AL",293,309,269,273,281,296,270,283,251,298,313,296,269,291,290,275,315,282,317,352,436,388,380,333,348
1027,"Clay County, AL",179,177,174,165,183,189,176,177,172,206,176,230,166,166,188,190,177,164,184,191,251,236,220,203,187
1029,"Cleburne County, AL",144,135,196,176,174,165,138,158,158,185,184,157,167,189,208,205,191,194,173,211,235,262,220,247,225
1031,"Coffee County, AL",454,429,477,464,476,478,466,468,485,496,512,483,514,469,516,502,508,526,592,568,707,716,629,601,593
1033,"Colbert County, AL",598,623,652,607,595,658,638,639,657,637,694,668,693,704,730,747,707,692,783,759,817,886,831,791,846
1035,"Conecuh County, AL",187,147,172,186,181,172,149,149,151,177,167,181,193,161,164,190,153,174,179,204,219,224,198,225,193
1037,"Coosa County, AL",108,121,119,131,145,144,139,133,126,134,148,153,127,134,122,151,160,134,148,138,175,184,166,164,172
1039,"Covington County, AL",495,493,488,509,489,547,507,522,497,495,477,477,508,502,545,546,503,555,574,552,680,724,667,594,635
1041,"Crenshaw County, AL",171,194,196,179,163,172,172,190,207,182,167,164,165,169,200,178,191,184,178,193,249,241,221,207,199
1043,"Cullman County, AL",879,880,927,903,866,910,915,863,966,930,911,945,960,962,930,1007,1012,1057,1087,1092,1259,1308,1242,1189,1168
1045,"Dale County, AL",448,438,478,457,434,456,461,433,449,500,448,458,451,499,473,511,550,537,536,551,635,737,619,600,596
1047,"Dallas County, AL",541,546,554,550,573,552,598,536,558,526,516,513,552,524,510,544,571,521,566,461,632,678,550,509,562
1049,"DeKalb County, AL",660,640,676,682,682,729,726,695,716,744,749,737,747,775,769,827,792,815,844,845,1024,1120,966,857,892
1051,"Elmore County, AL",549,499,539,631,640,606,629,640,646,670,719,642,719,764,781,761,799,816,811,803,1014,1088,965,956,957
1053,"Escambia County, AL",429,439,418,422,471,457,385,387,422,429,425,457,460,461,480,486,522,478,473,478,602,662,567,518,471
1055,"Etowah County, AL",1320,1311,1319,1390,1258,1388,1386,1341,1392,1454,1379,1364,1345,1381,1346,1435,1389,1406,1460,1396,1687,1826,1741,1451,1544
1057,"Fayette County, AL",232,216,223,208,262,201,245,220,229,242,251,267,236,220,230,228,249,237,234,217,269,316,278,247,258
1059,"Franklin County, AL",359,372,397,371,392,371,352,420,408,380,400,412,405,383,393,382,376,364,371,381,461,491,462,422,420
1061,"Geneva County, AL",317,308,270,345,309,350,344,298,288,339,332,347,347,346,343,350,379,364,395,354,467,527,429,430,403
1063,"Greene County, AL",106,102,125,121,116,100,114,110,112,87,90,112,120,103,108,114,104,124,112,92,161,137,120,123,107
1065,"Hale County, AL",202,210,182,210,211,189,137,186,216,172,198,198,160,181,184,171,189,209,170,219,252,262,235,193,197
1067,"Henry County, AL",181,216,203,225,197,220,224,215,220,204,207,228,241,190,202,227,215,236,221,223,267,271,253,249,233
1069,"Houston County, AL",891,893,848,838,931,924,901,898,951,985,983,972,1016,1113,1036,1085,1112,1186,1133,1162,1427,1603,1390,1256,1353
1071,"Jackson County, AL",518,592,628,590,597,600,626,647,649,630,631,688,679,675,718,719,736,714,708,728,897,986,877,782,805
1073,"Jefferson County, AL",7186,7222,7370,7345,7197,7179,7106,6902,7161,6807,6833,6850,6852,7001,6950,7182,7137,7314,7451,7237,8508,9022,8107,7615,7294
1075,"Lamar County, AL",221,213,211,181,187,181,174,193,192,199,201,178,187,220,185,202,205,216,154,196,249,242,236,204,211
1077,"Lauderdale County, AL",913,927,910,949,919,938,958,1010,992,1029,1082,1081,1061,1119,1088,1104,1161,1100,1149,1135,1335,1306,1279,1259,1260
1079,"Lawrence County, AL",375,352,336,342,331,381,359,371,367,383,382,421,393,392,406,420,400,397,432,422,526,583,486,444,477
1081,"Lee County, AL",771,799,735,841,780,835,794,828,843,827,815,830,934,1115,1191,1016,1007,1111,1115,1219,1307,1444,1418,1316,1320
1083,"Limestone County, AL",548,548,598,593,576,636,597,653,639,626,651,707,736,645,763,776,727,848,890,856,1085,1151,1090,1088,1080
1085,"Lowndes County, AL",118,157,130,145,149,160,144,122,127,142,145,141,126,124,136,129,148,134,140,146,178,184,181,186,152
1087,"Macon County, AL",296,294,273,263,238,303,259,301,250,273,238,241,215,235,244,231,259,218,268,263,319,246,263,199,218
1089,"Madison County, AL",2213,2168,2166,2292,2368,2326,2361,2516,2498,2509,2632,2604,2738,2790,2907,3020,3282,3189,3352,3360,3763,4095,3931,3881,3819
1091,"Marengo County, AL",244,266,248,268,246,254,277,233,250,235,251,250,240,262,258,252,270,282,301,272,333,351,286,302,266
1093,"Marion County, AL",377,367,373,381,399,386,410,375,437,392,431,439,393,392,387,441,388,419,423,443,533,512,432,445,475
1095,"Marshall County, AL",890,941,914,1001,936,987,986,991,1032,1049,1033,1044,1085,1109,1066,1114,1187,1133,1192,1129,1414,1424,1344,1284,1272
1097,"Mobile County, AL",3995,3900,3934,3971,3904,4024,4001,4094,4059,4074,4062,4130,4276,4259,4187,4285,4411,4301,4493,4574,5215,5837,4992,4886,4694
1099,"Monroe County, AL",276,234,243,260,256,272,236,249,260,245,287,258,281,242,266,268,237,294,298,247,332,374,294,280,272
1101,"Montgomery County, AL",1980,2052,2126,2029,2065,2032,2122,2026,2048,2018,1982,1963,1999,2095,2135,2168,2150,2157,2102,2124,2771,2781,2488,2363,2275
1103,"Morgan County, AL",1025,1028,1061,1082,1036,1134,1172,1123,1191,1128,1258,1192,1262,1216,1234,1330,1318,1393,1362,1458,1735,1693,1613,1483,1460
1105,"Perry County, AL",159,157,184,143,138,142,148,123,134,139,149,147,141,146,133,121,129,142,116,126,169,160,123,149,115
1107,"Pickens County, AL",282,250,282,268,250,258,268,249,224,250,255,261,251,244,247,268,250,206,233,291,329,340,259,270,266
1109,"Pike County, AL",320,333,330,306,285,343,323,296,309,313,321,307,308,367,296,302,302,337,321,334,426,457,391,353,369
1111,"Randolph County, AL",267,281,272,273,273,290,253,283,294,266,298,283,265,282,309,314,295,345,292,301,358,357,336,335,352
1113,"Russell County, AL",627,553,564,539,550,569,597,572,598,564,560,579,568,470,475,651,657,665,595,635,750,857,724,733,683
1115,"St. Clair County, AL",552,594,666,730,728,700,754,713,764,750,766,815,840,888,929,904,975,942,978,965,1221,1312,1224,1143,1162
1117,"Shelby County, AL",878,909,914,1063,1038,1031,1092,1078,1108,1139,1158,1290,1332,1297,1337,1350,1490,1471,1551,1635,1841,1935,1861,1801,1806
1119,"Sumter County, AL",149,146,162,165,175,135,149,158,152,151,149,160,153,169,140,158,164,146,166,166,191,163,159,152,156
1121,"Talladega County, AL",852,895,920,902,886,835,930,934,951,941,876,961,952,1035,886,1010,1018,1050,1015,1001,1194,1367,1164,1067,1142
1123,"Tallapoosa County, AL",518,586,582,512,527,540,504,486,531,517,508,507,527,525,497,452,589,571,534,595,628,729,634,587,604
1125,"Tuscaloosa County, AL",1476,1498,1502,1532,1485,1488,1507,1578,1554,1605,1588,1688,1625,1636,1678,1761,1763,1736,1849,1738,2205,2348,2114,1940,2010
1127,"Walker County, AL",940,862,933,995,977,951,944,911,911,909,913,998,1003,1002,968,1055,1012,1086,1028,993,1299,1306,1113,1113,1111
1129,"Washington County, AL",172,171,171,159,185,158,148,173,166,208,212,174,208,225,207,230,212,183,189,205,209,243,224,211,225
1131,"Wilcox County, AL",139,139,166,157,137,136,143,165,141,125,143,157,124,167,171,145,125,146,170,150,167,185,159,163,149
1133,"Winston County, AL",287,287,335,288,252,284,301,276,332,294,345,287,317,315,290,304,324,337,307,317,380,424,396,365,354
2013,"Aleutians East Borough, AK",,,,,,17,0,13,,,,,,,,,12,,,,10,10,13,13,17
2016,"Aleutians West Census Area, AK",14,,11,19,12,15,,17,11,16,11,,19,14,10,19,22,13,10,13,18,18,17,18,11
2020,"Anchorage Borough, AK",1064,1170,1234,1227,1142,1250,1277,1367,1360,1371,1424,1485,1501,1583,1617,1658,1724,1742,1698,1840,2075,2378,2212,2197,2206
2050,"Bethel Census Area, AK",77,87,91,95,86,104,94,96,89,95,101,98,114,90,103,113,122,120,123,130,145,149,162,125,134
2060,"Bristol Bay Borough, AK",10,,,,,,,,,,10,,,11,,10,,,,,,15,,12,10
2068,"Denali Borough, AK",,,,,,,,,,,,,11,,19,,10,,15,,,,,,
2070,"Dillingham Census Area, AK",20,30,31,35,25,26,25,30,23,28,37,37,31,41,27,42,31,36,36,48,46,55,44,42,30
2090,"Fairbanks North Star Borough, AK",330,360,281,356,383,338,358,389,364,419,391,425,456,445,469,472,514,479,471,472,545,687,636,621,558
2100,"Haines Borough, AK",18,13,16,15,16,18,25,12,15,18,14,29,20,16,25,13,14,13,17,10,24,21,14,20,18
2105,"Hoonah-Angoon Census Area, AK",,,,,,,,,,,,,,,20,16,17,16,15,15,21,32,16,25,15
2110,"Juneau Borough, AK",131,144,150,129,132,123,170,162,159,144,145,179,170,177,178,204,203,182,181,189,207,219,242,224,192
2122,"Kenai Peninsula Borough, AK",304,257,300,324,318,278,321,304,366,401,382,365,355,377,404,445,475,428,508,437,471,591,576,470,511
2130,"Ketchikan Gateway Borough, AK",97,101,82,92,77,81,76,95,102,95,94,100,98,68,111,81,87,108,98,108,108,133,115,123,142
2150,"Kodiak Island Borough, AK",44,45,49,49,46,62,55,57,57,62,54,57,67,79,61,59,51,64,65,71,76,104,77,89,77
2164,"Lake and Peninsula Borough, AK",25,19,11,13,,13,19,13,11,14,11,16,,10,14,16,17,12,,12,19,12,11,10,15
2170,"Matanuska-Susitna Borough, AK",304,304,289,347,332,388,410,416,397,410,485,496,514,546,539,581,608,597,619,651,761,994,868,839,905
2180,"Nome Census Area, AK",58,58,71,69,56,63,55,54,68,76,81,78,67,65,54,54,88,80,65,84,83,95,78,78,90
2185,"North Slope Borough, AK",35,31,27,37,46,27,41,39,55,49,51,38,41,43,41,65,61,47,46,55,54,60,66,60,65
2188,"Northwest Arctic Borough, AK",35,40,44,42,32,45,53,36,51,49,43,42,47,38,40,48,56,53,64,58,57,69,92,61,78
2195,"Petersburg Borough/Census Area, AK",,,,,,,,,,,,,,,18,27,23,24,24,26,32,30,35,25,33
2198,"Prince of Wales-Hyder Census Area, AK",,,,,,,,,,,,,,,45,42,63,62,51,55,61,97,68,66,53
2201,"Prince of Wales-Outer Ketchikan Census Area, AK",27,21,31,28,29,34,29,34,31,30,37,38,45,21,,,,,,,,,,,
2220,"Sitka Borough, AK",54,47,43,48,49,57,66,59,62,48,65,55,71,63,63,69,57,59,70,53,64,76,74,73,67
2230,"Skagway Municipality, AK",,,,,,,,,,,,,,,,,,,,,,,,10,
2232,"Skagway-Hoonah-Angoon Census Area, AK",23,17,11,11,16,17,16,18,17,24,18,24,19,16,,,,,,,,,,,
2240,"Southeast Fairbanks Census Area, AK",27,25,51,45,39,28,33,39,25,45,43,33,45,48,55,46,47,48,42,55,68,70,53,69,69
2261,"Valdez-Cordova Census Area, AK",66,46,50,44,48,57,49,50,59,53,57,60,44,48,78,66,54,46,68,67,0,81,67,78,60
2270,"Wade Hampton Census Area, AK",39,35,37,36,46,39,50,54,45,58,64,53,54,73,44,60,54,70,56,67,64,86,65,65,69
2275,"Wrangell City and Borough, AK",,,,,,,,,,,,,,,21,24,16,24,25,19,25,28,25,30,25
2280,"Wrangell-Petersburg Census Area, AK",35,44,56,56,48,43,51,43,53,50,54,55,38,53,,,,,,,,,,,
2282,"Yakutat Borough, AK",,,,,,,,,,,,,,,,,,,,,,,,,
2290,"Yukon-Koyukuk Census Area, AK",66,56,50,41,42,32,58,52,55,45,42,57,63,57,53,61,55,58,53,48,55,74,74,70,59
4001,"Apache County, AZ",470,509,466,488,513,519,535,526,534,545,626,600,553,634,634,698,681,741,694,741,1175,1199,959,908,913
4003,"Cochise County, AZ",1072,1095,1090,1140,1109,1129,1153,1104,1189,1130,1232,1193,1210,1272,1208,1307,1348,1349,1361,1406,1634,1833,1663,1545,1610
4005,"Coconino County, AZ",507,566,602,636,606,651,642,636,712,706,682,733,737,705,738,809,852,877,879,859,1181,1196,1072,1061,1075
4007,"Gila County, AZ",579,638,659,640,648,695,631,671,725,643,668,688,659,698,747,812,835,724,762,818,975,1054,932,870,878
4009,"Graham County, AZ",245,258,263,264,274,287,297,283,296,266,304,245,298,277,283,251,279,308,335,287,383,489,398,346,366
4011,"Greenlee County, AZ",73,45,62,55,46,63,67,64,53,52,55,71,66,46,52,68,52,65,66,67,75,96,94,80,81
4012,"La Paz County, AZ",192,176,238,200,252,213,234,241,220,246,231,223,259,263,264,259,272,330,316,309,365,420,395,375,364
4013,"Maricopa County, AZ",22725,22919,23677,23813,23742,25181,25545,24769,24725,24722,24904,25947,26359,27231,27968,29197,30748,31326,32260,32792,40954,44153,40262,37567,38033
4015,"Mohave County, AZ",1973,1968,2183,2293,2344,2476,2582,2460,2557,2502,2699,2744,2850,2980,2814,3090,3250,3298,3431,3375,4042,4627,4189,3852,3996
4017,"Navajo County, AZ",666,687,696,825,776,820,873,899,802,807,830,909,913,965,943,922,1016,1075,1140,1203,1739,1848,1597,1361,1403
4019,"Pima County, AZ",7364,7499,7745,7780,7691,8033,7957,7975,8190,8232,8230,8459,8792,8635,8748,9248,9508,9584,9853,9991,12297,12827,11942,11395,11531
4021,"Pinal County, AZ",1547,1525,1686,1714,1684,1922,1971,2050,2022,2019,2274,2405,2476,2469,2649,2985,3023,3137,3154,3338,4291,4940,4471,4115,4416
4023,"Santa Cruz County, AZ",205,204,239,214,226,260,239,265,254,292,262,247,309,286,273,296,303,297,278,335,464,427,372,351,374
4025,"Yavapai County, AZ",1914,1950,2051,2163,2114,2294,2417,2371,2396,2318,2452,2531,2648,2739,2786,2926,2968,3133,3122,3075,3719,4120,3753,3632,3604
4027,"Yuma County, AZ",968,1019,1159,1167,1173,1284,1222,1240,1148,1336,1313,1386,1420,1334,1431,1431,1510,1514,1631,1640,2453,2213,1983,1877,1825
5001,"Arkansas County, AR",258,301,272,303,239,271,240,244,274,226,268,252,242,228,229,234,250,244,249,263,308,336,295,266,257
5003,"Ashley County, AR",301,291,256,239,255,236,252,280,241,245,255,237,250,257,267,276,262,264,262,256,310,323,317,250,290
5005,"Baxter County, AR",619,611,643,676,644,679,641,689,674,665,651,681,660,687,640,693,700,662,686,719,835,928,818,817,797
5007,"Benton County, AR",1248,1305,1275,1322,1243,1251,1293,1406,1489,1476,1491,1617,1656,1619,1751,1837,1758,1832,1956,1954,2301,2522,2335,2229,2318
5009,"Boone County, AR",378,403,388,369,366,401,425,383,392,429,398,421,398,441,429,471,461,437,452,474,552,582,540,594,613
5011,"Bradley County, AR",178,190,173,172,149,141,154,151,159,153,156,159,136,186,136,141,144,173,144,143,185,165,141,139,140
5013,"Calhoun County, AR",79,68,69,64,57,44,57,59,59,63,59,50,63,70,56,68,70,85,70,88,83,89,78,83,66
5015,"Carroll County, AR",232,257,235,260,264,263,274,265,302,270,265,314,310,290,312,324,315,339,338,335,387,394,389,357,376
5017,"Chicot County, AR",181,189,183,166,170,173,150,160,164,159,160,181,151,162,154,153,148,152,148,175,168,172,195,166,157
5019,"Clark County, AR",257,252,256,260,258,225,247,233,245,251,253,257,266,259,226,249,260,229,242,246,302,291,305,270,251
5021,"Clay County, AR",270,260,274,224,228,212,221,237,216,220,237,257,253,239,215,245,245,258,239,231,260,280,237,239,232
5023,"Cleburne County, AR",296,302,294,330,312,303,313,344,323,354,326,387,345,369,341,385,391,374,387,378,425,457,449,413,461
5025,"Cleveland County, AR",114,72,97,73,89,112,88,90,103,85,99,86,101,98,97,112,120,106,99,111,126,135,124,122,128
5027,"Columbia County, AR",312,281,340,295,296,302,284,279,322,300,304,340,291,311,278,310,312,294,272,284,364,306,322,280,289
5029,"Conway County, AR",217,214,233,233,212,250,246,251,274,208,245,225,264,264,248,276,273,297,265,285,288,301,327,307,283
5031,"Craighead County, AR",724,792,809,863,777,849,779,828,817,835,851,900,820,889,925,891,944,957,958,987,1183,1190,1160,1090,1115
5033,"Crawford County, AR",489,479,516,489,484,590,500,509,579,559,580,573,608,600,612,655,648,640,622,656,786,878,815,758,756
5035,"Crittenden County, AR",501,519,540,507,493,472,452,485,529,477,492,524,493,486,498,465,515,545,519,535,639,688,615,608,585
5037,"Cross County, AR",225,236,249,206,175,224,199,210,204,204,193,207,273,209,229,223,244,229,254,231,261,266,271,222,222
5039,"Dallas County, AR",169,123,126,129,98,122,133,129,96,94,111,112,104,114,110,109,125,109,109,103,126,120,113,104,125
5041,"Desha County, AR",184,184,174,167,160,167,166,158,177,172,145,142,154,130,165,171,163,161,179,143,175,192,149,156,159
5043,"Drew County, AR",181,186,216,174,163,168,159,203,172,184,172,175,152,217,217,207,230,208,214,199,283,225,238,223,237
5045,"Faulkner County, AR",569,616,671,686,685,718,727,740,760,745,821,769,866,892,902,928,976,957,1040,1067,1124,1189,1237,1116,1149
5047,"Franklin County, AR",196,167,206,191,198,195,189,206,246,187,221,243,214,225,252,234,255,202,226,246,273,275,261,260,264
5049,"Fulton County, AR",165,143,139,136,164,175,156,180,187,191,170,153,169,160,163,184,151,215,171,209,220,255,228,234,226
5051,"Garland County, AR",1229,1288,1307,1316,1222,1312,1214,1242,1336,1251,1295,1416,1269,1387,1337,1406,1379,1461,1409,1461,1604,1707,1646,1589,1586
5053,"Grant County, AR",167,158,170,152,191,140,155,176,180,152,187,210,175,162,206,189,221,188,187,230,227,306,250,228,223
5055,"Greene County, AR",405,399,396,395,423,386,413,400,455,447,439,476,488,467,440,505,490,517,499,512,573,612,576,557,539
5057,"Hempstead County, AR",275,271,269,249,253,220,254,267,246,234,259,234,250,239,245,231,226,256,269,239,268,279,301,282,266
5059,"Hot Spring County, AR",360,343,330,304,329,346,364,349,379,345,354,387,366,403,392,422,433,443,438,427,519,526,486,488,476
5061,"Howard County, AR",190,157,178,186,175,170,169,169,170,165,171,167,186,153,154,192,155,186,167,186,195,164,203,176,199
5063,"Independence County, AR",384,365,394,405,352,385,381,378,411,399,395,388,413,402,448,436,434,401,418,399,529,545,501,471,485
5065,"Izard County, AR",192,186,184,198,181,191,182,200,194,173,175,193,195,185,185,198,182,215,210,212,222,263,234,217,243
5067,"Jackson County, AR",248,272,244,236,241,237,223,219,223,232,241,233,241,224,228,221,238,246,233,214,292,255,257,233,283
5069,"Jefferson County, AR",874,888,928,907,890,865,832,834,848,840,769,852,812,869,831,885,859,857,813,823,1032,1000,930,863,892
5071,"Johnson County, AR",251,232,244,265,211,246,252,241,288,240,261,254,269,241,254,275,258,291,271,291,316,354,337,322,296
5073,"Lafayette County, AR",128,101,115,110,108,108,114,104,115,105,113,99,111,103,110,78,109,97,101,105,131,105,107,109,96
5075,"Lawrence County, AR",249,225,237,230,222,216,187,217,206,263,234,229,241,227,246,229,260,264,225,240,279,253,236,300,274
5077,"Lee County, AR",158,137,147,120,137,133,108,129,144,120,121,125,142,130,119,123,107,119,114,128,175,155,125,130,117
5079,"Lincoln County, AR",146,118,137,122,133,122,145,123,112,153,135,116,122,139,123,124,142,167,153,137,186,177,166,174,145
5081,"Little River County, AR",163,179,139,142,153,161,151,158,171,184,176,152,146,160,156,173,184,169,158,182,227,200,197,182,185
5083,"Logan County, AR",280,257,284,244,289,275,259,264,293,290,288,260,258,280,292,318,254,297,280,312,341,375,377,300,330
5085,"Lonoke County, AR",470,440,433,499,487,489,509,494,587,567,555,619,636,629,579,690,701,702,673,713,804,836,840,807,788
5087,"Madison County, AR",156,152,155,136,140,146,163,152,158,128,171,169,155,171,178,182,192,204,217,173,186,260,246,202,221
5089,"Marion County, AR",183,171,195,178,153,180,201,210,208,244,228,224,242,252,253,261,258,283,269,241,331,305,310,260,274
5091,"Miller County, AR",381,346,401,345,424,353,418,414,442,423,427,468,480,440,443,485,522,499,533,503,597,656,571,544,506
5093,"Mississippi County, AR",585,571,605,582,534,553,522,532,557,509,565,503,495,510,467,502,514,558,501,537,670,594,609,504,511
5095,"Monroe County, AR",146,141,125,128,113,149,119,134,127,119,107,100,104,129,122,109,143,125,127,111,138,136,128,118,124
5097,"Montgomery County, AR",135,107,111,92,119,110,119,107,135,136,109,149,117,118,125,144,154,133,125,147,164,173,163,128,168
5099,"Nevada County, AR",161,106,120,123,117,118,102,124,114,117,112,108,124,127,111,122,130,116,108,119,131,117,134,121,120
5101,"Newton County, AR",97,81,92,84,96,77,97,95,87,106,101,83,93,104,89,108,81,111,99,92,144,139,113,99,84
5103,"Ouachita County, AR",395,375,391,393,375,347,384,383,366,347,369,357,350,362,343,346,345,348,333,370,397,394,381,348,387
5105,"Perry County, AR",108,111,123,111,96,132,125,115,122,126,115,109,111,144,121,128,131,125,116,142,140,153,151,138,153
5107,"Phillips County, AR",363,326,329,284,327,324,312,296,322,278,269,305,275,258,268,271,254,249,263,245,311,311,253,264,258
5109,"Pike County, AR",162,121,142,149,162,133,117,126,129,143,122,127,147,162,147,141,113,139,154,146,152,177,175,174,158
5111,"Poinsett County, AR",316,287,326,320,330,330,304,348,316,337,328,320,349,310,352,354,348,340,345,354,419,423,398,338,359
5113,"Polk County, AR",246,223,286,240,241,237,275,268,278,264,270,250,266,277,277,292,243,275,283,304,309,375,306,299,334
5115,"Pope County, AR",498,499,545,508,482,530,487,517,561,518,555,539,591,620,561,583,587,631,634,613,768,751,709,656,665
5117,"Prairie County, AR",126,128,99,112,127,108,107,104,139,118,113,106,103,96,122,106,105,106,125,107,154,145,154,117,123
5119,"Pulaski County, AR",3296,3329,3240,3372,3240,3418,3405,3306,3304,3314,3379,3368,3602,3551,3569,3677,3663,3800,3840,3854,4478,4731,4345,4198,4087
5121,"Randolph County, AR",204,234,217,196,205,221,226,189,225,246,247,226,243,215,235,260,230,283,240,246,292,285,278,274,263
5123,"St. Francis County, AR",338,340,336,321,290,293,322,287,245,291,274,286,285,308,253,278,282,260,279,267,316,338,338,264,322
5125,"Saline County, AR",707,725,769,732,728,777,822,834,878,869,881,912,968,1047,1087,1127,1104,1189,1187,1220,1317,1582,1452,1430,1377
5127,"Scott County, AR",123,113,126,132,129,121,117,130,131,115,130,122,120,126,108,122,148,133,129,144,168,181,192,152,141
5129,"Searcy County, AR",108,95,118,101,97,98,103,100,101,110,84,128,113,116,120,114,133,111,117,126,122,158,149,120,124
5131,"Sebastian County, AR",1136,1142,1121,1102,1171,1124,1065,1141,1223,1156,1152,1197,1290,1231,1290,1263,1288,1363,1308,1323,1570,1711,1558,1475,1477
5133,"Sevier County, AR",173,154,155,146,162,172,176,169,165,158,151,174,155,167,158,162,163,165,146,159,209,229,187,180,177
5135,"Sharp County, AR",267,263,263,243,236,245,252,243,260,228,269,257,281,225,270,274,285,303,276,306,300,347,296,296,299
5137,"Stone County, AR",128,138,146,144,142,140,141,156,145,148,158,170,154,190,171,158,173,179,177,168,226,242,222,219,214
5139,"Union County, AR",639,557,586,548,530,570,595,563,573,567,546,520,474,561,541,512,514,548,561,498,630,618,572,524,546
5141,"Van Buren County, AR",252,216,228,219,214,228,233,212,219,242,216,218,232,242,230,227,244,266,233,260,240,323,294,259,275
5143,"Washington County, AR",1188,1176,1225,1224,1260,1226,1273,1212,1290,1306,1288,1340,1433,1405,1493,1558,1603,1654,1618,1768,1943,2047,2015,1933,1957
5145,"White County, AR",715,676,765,706,725,693,717,703,753,763,753,817,818,831,801,852,841,869,893,846,995,1095,1050,995,988
5147,"Woodruff County, AR",131,136,158,99,132,113,100,107,157,104,102,101,109,87,105,99,114,97,102,114,118,105,105,111,98
5149,"Yell County, AR",242,263,245,234,255,244,245,231,230,231,234,228,279,253,260,264,259,281,279,256,289,298,273,287,267
6001,"Alameda County, CA",9888,9775,9609,9759,9271,9333,9308,9329,9238,8903,8915,9178,9422,9590,9432,9804,9920,10056,9940,10153,11237,11282,11128,10714,10453
6003,"Alpine County, CA",11,,,13,,,,,,,,,,,,10,14,32,24,22,21,30,21,14,23
6005,"Amador County, CA",374,398,372,398,359,422,407,389,419,404,438,429,431,412,441,427,448,428,435,475,512,549,555,504,476
6007,"Butte County, CA",2141,2247,2262,2201,2178,2157,2336,2268,2294,2230,2178,2178,2296,2271,2125,2398,2440,2460,2543,2152,2343,2569,2425,2272,2234
6009,"Calaveras County, CA",383,370,422,405,420,381,455,409,457,491,433,459,449,502,478,465,530,498,537,517,555,619,599,549,550
6011,"Colusa County, CA",144,145,137,144,141,141,134,141,131,124,150,162,127,141,112,166,161,169,163,160,175,182,188,187,184
6013,"Contra Costa County, CA",6677,6882,7058,6896,6791,6792,6892,6872,6962,6988,6917,7095,7235,7164,7349,7855,7713,7985,7843,7921,8801,9112,9042,8564,8409
6015,"Del Norte County, CA",274,268,266,273,261,291,271,273,260,257,284,295,254,287,282,289,299,332,276,326,335,380,371,378,354
6017,"El Dorado County, CA",1116,1169,1202,1213,1235,1311,1264,1275,1265,1340,1299,1361,1411,1340,1452,1585,1520,1585,1602,1591,1809,1903,1837,1788,1839
6019,"Fresno County, CA",5379,5608,5803,5877,5812,5939,6065,5951,6027,6102,6002,6181,6285,6555,6423,6603,6717,7071,7101,7040,8765,9369,8599,7818,7617
6021,"Glenn County, CA",260,226,230,237,246,228,257,221,233,221,217,238,219,245,266,265,257,246,302,250,276,330,325,303,275
6023,"Humboldt County, CA",1204,1297,1217,1249,1253,1186,1255,1294,1326,1229,1189,1209,1288,1309,1292,1295,1373,1336,1349,1398,1396,1602,1611,1452,1408
6025,"Imperial County, CA",862,886,964,940,869,943,933,923,879,874,956,966,978,1008,1055,1063,1121,1098,1175,1094,1895,1595,1469,1237,1288
6027,"Inyo County, CA",201,215,224,236,219,214,212,205,196,202,218,188,209,200,194,194,230,225,207,214,243,246,236,235,236
6029,"Kern County, CA",4643,4900,5131,5493,5251,5311,5392,5271,5317,5267,5235,5440,5397,5700,5780,5787,6038,6120,6238,6340,7676,8649,7725,7349,6938
6031,"Kings County, CA",714,703,732,847,760,799,808,818,760,797,781,776,773,829,774,781,832,913,869,891,1071,1303,1091,956,964
6033,"Lake County, CA",826,820,710,877,780,802,772,813,770,788,766,823,824,834,769,913,853,866,875,884,860,957,1035,936,842
6035,"Lassen County, CA",205,206,234,172,227,248,229,212,248,235,244,229,221,250,202,240,253,247,253,256,289,365,338,246,271
6037,"Los Angeles County, CA",59352,60063,59862,61093,59174,60369,59641,58383,58191,57910,56783,58356,58675,59883,58786,62408,63185,63792,64268,64547,81783,82411,75267,69865,67819
6039,"Madera County, CA",883,941,880,961,914,925,994,945,925,917,1021,1025,984,1080,998,1096,1105,1137,1080,1118,1327,1496,1417,1224,1150
6041,"Marin County, CA",1844,1894,1848,1833,1722,1810,1821,1803,1804,1704,1840,1894,1867,1895,1859,1974,1905,1998,1930,1967,2120,2166,2205,2174,2150
6043,"Mariposa County, CA",153,154,173,176,156,176,182,182,196,160,169,149,189,179,178,190,214,206,218,191,202,243,214,223,211
6045,"Mendocino County, CA",821,856,831,856,853,814,781,792,825,805,832,775,825,879,861,842,873,876,800,893,1042,1058,1013,949,895
6047,"Merced County, CA",1320,1406,1451,1575,1383,1417,1493,1441,1442,1502,1449,1500,1618,1648,1601,1699,1850,1806,1774,1759,2278,2343,2217,2046,1986
6049,"Modoc County, CA",93,102,98,122,102,110,112,89,96,120,103,116,109,104,122,107,128,107,110,120,117,141,126,134,124
6051,"Mono County, CA",55,52,53,51,45,50,47,44,39,42,43,44,49,54,42,65,51,55,51,58,52,64,69,75,67
6053,"Monterey County, CA",2364,2483,2403,2410,2372,2322,2386,2238,2195,2263,2307,2312,2340,2491,2381,2592,2573,2643,2642,2594,3026,3157,2937,2879,2778
6055,"Napa County, CA",1300,1279,1269,1299,1264,1210,1209,1185,1164,1229,1151,1189,1184,1202,1152,1246,1242,1303,1169,1241,1254,1346,1294,1279,1267
6057,"Nevada County, CA",867,938,966,989,916,927,884,950,929,841,893,938,942,974,945,1004,1023,1106,1073,1025,1174,1208,1131,1159,1203
6059,"Orange County, CA",16605,16830,16896,17334,16752,16869,17226,16886,17204,16984,17257,17842,18279,18836,18499,19314,19588,20192,20476,20434,23627,25168,23518,22632,21983
6061,"Placer County, CA",1938,1990,2128,2269,2284,2366,2487,2502,2549,2529,2685,2842,2845,2943,2935,3179,3207,3233,3350,3249,3584,3896,4024,3795,3782
6063,"Plumas County, CA",214,212,206,234,224,230,214,202,211,219,245,215,223,256,228,231,217,225,241,203,268,280,224,247,238
6065,"Riverside County, CA",12137,12820,12925,13499,13644,13924,13927,13881,14050,13842,14028,14710,14763,15009,15130,16168,16227,16860,17364,17471,21749,23112,21162,19632,19400
6067,"Sacramento County, CA",9023,9404,9627,9743,9637,9974,10030,9548,9803,9815,10077,10461,10432,10596,10931,11427,11260,11966,11838,11895,13469,13945,13798,13350,13100
6069,"San Benito County, CA",285,272,253,271,251,258,257,250,276,272,263,278,296,328,295,318,340,393,325,378,423,474,462,400,380
6071,"San Bernardino County, CA",11196,11474,11713,12214,11912,12363,12500,12017,11927,11911,12000,12294,12411,12941,12944,13555,14109,14514,14549,14818,19401,19961,17906,16284,16069
6073,"San Diego County, CA",19741,20004,19481,19869,19712,19634,19294,19181,19443,19177,19390,19951,20023,20606,20012,20908,21420,21732,21781,22151,24788,26467,25198,23399,22957
6075,"San Francisco County, CA",6506,6518,6309,6142,5908,6020,5831,5808,5730,5571,5516,5663,5667,5656,5412,5730,5813,5876,5769,5860,6352,6568,6509,6420,5956
6077,"San Joaquin County, CA",4221,4486,4604,4643,4433,4771,4649,4633,4772,4507,4694,4808,5015,4943,5243,5482,5494,5552,5636,5693,7040,7238,6378,6273,6032
6079,"San Luis Obispo County, CA",1987,2021,2042,2078,1996,2094,2108,2107,2098,2087,2275,2290,2220,2228,2268,2350,2411,2540,2470,2398,2512,2673,2722,2675,2688
6081,"San Mateo County, CA",4727,4790,4696,4770,4573,4694,4597,4536,4402,4508,4624,4621,4658,4658,4543,4792,4737,4782,4770,4705,5026,5118,5202,4970,4997
6083,"Santa Barbara County, CA",2932,2919,2940,2873,2899,2925,2803,2788,2920,2854,2845,2857,2986,2960,2996,3106,3156,3254,3210,3243,3499,3672,3549,3427,3350
6085,"Santa Clara County, CA",8845,8803,8688,8639,8472,8756,8952,8786,8980,8958,9001,9171,9415,9481,9710,10061,10120,10318,10207,10175,11469,11378,11444,10852,10833
6087,"Santa Cruz County, CA",1698,1706,1626,1766,1579,1599,1543,1598,1611,1707,1582,1712,1706,1755,1731,1768,1744,1745,1741,1798,1889,2004,1996,1977,1978
6089,"Shasta County, CA",1651,1788,1931,1790,1887,1949,1994,2000,2079,1915,2050,2070,2046,2205,2145,2246,2270,2267,2286,2225,2451,2791,2584,2331,2360
6091,"Sierra County, CA",31,41,43,44,37,31,38,37,34,45,39,35,42,35,34,32,36,33,39,36,39,37,47,43,29
6093,"Siskiyou County, CA",485,521,497,537,500,544,536,547,527,553,567,520,528,565,553,579,614,589,547,596,636,744,671,594,621
6095,"Solano County, CA",2590,2499,2650,2755,2591,2758,2778,2774,2699,2810,2898,2837,2895,2975,3094,3180,3271,3446,3545,3445,3764,4087,3984,3994,3701
6097,"Sonoma County, CA",3843,3884,3875,3949,3621,3704,3707,3781,3761,3777,3956,3800,3862,4027,3902,4095,4156,4216,4084,4117,4441,4558,4643,4386,4402
6099,"Stanislaus County, CA",3412,3585,3736,3740,3474,3639,3718,3631,3667,3440,3675,3726,3803,3953,3905,4293,4294,4350,4301,4408,5353,5584,5017,4732,4600
6101,"Sutter County, CA",712,677,710,734,687,695,694,690,683,700,755,739,752,705,746,825,869,812,850,858,944,1013,945,896,942
6103,"Tehama County, CA",619,634,601,634,593,615,575,671,600,580,574,568,599,604,603,616,693,711,763,722,793,942,860,763,764
6105,"Trinity County, CA",140,142,143,137,157,154,156,149,151,162,155,157,144,164,149,181,154,143,151,182,166,198,180,159,138
6107,"Tulare County, CA",2646,2699,2711,2707,2637,2786,2785,2830,2701,2662,2804,2836,2832,2888,2823,3108,3023,3108,3183,3090,3928,4338,3692,3446,3467
6109,"Tuolumne County, CA",588,600,609,631,607,570,599,614,601,556,614,604,622,656,651,674,657,682,686,682,763,847,806,712,743
6111,"Ventura County, CA",4802,4749,4846,5016,4852,4756,4923,4886,5052,5031,4932,5109,5112,5523,5294,5696,5563,5876,5814,5851,6616,7128,6853,6696,6429
6113,"Yolo County, CA",1068,1188,1134,1190,1105,1170,1158,1111,1109,1118,1159,1154,1250,1247,1217,1320,1290,1363,1321,1341,1507,1543,1559,1422,1451
6115,"Yuba County, CA",555,500,530,568,518,552,506,551,531,494,530,561,519,584,576,609,639,715,674,610,677,810,743,719,742
8001,"Adams County, CO",2048,2151,2345,2204,2122,2245,2191,2264,2418,2347,2334,2558,2724,2695,2787,2817,2987,2882,3045,3054,3703,3870,3694,3387,3374
8003,"Alamosa County, CO",104,120,124,128,86,114,102,113,106,106,133,115,134,145,119,135,155,136,138,152,167,189,170,174,157
8005,"Arapahoe County, CO",2693,2895,2923,2904,2901,2980,3058,3083,3190,3289,3235,3405,3384,3393,3630,3705,3903,3967,3915,3948,4923,4886,4787,4702,4558
8007,"Archuleta County, CO",56,55,64,55,58,69,69,82,74,87,69,80,75,102,98,84,105,112,101,107,116,136,150,141,134
8009,"Baca County, CO",62,68,59,66,50,66,55,72,67,59,63,78,61,47,56,63,45,55,58,50,77,78,67,56,51
8011,"Bent County, CO",64,78,67,64,54,59,73,61,72,53,65,63,54,54,55,57,65,68,79,65,78,85,60,73,81
8013,"Boulder County, CO",1420,1427,1433,1474,1379,1444,1461,1519,1551,1525,1541,1534,1602,1707,1722,1812,1807,1834,1873,2008,2166,2155,2143,2148,2153
8014,"Broomfield County, CO",,,,221,204,208,249,227,239,269,297,297,344,346,352,377,345,372,420,397,530,454,498,510,523
8015,"Chaffee County, CO",146,146,168,135,134,147,165,162,156,135,177,150,177,166,176,200,183,176,178,184,210,168,210,190,177
8017,"Cheyenne County, CO",12,17,31,33,13,34,16,18,22,29,18,33,14,19,18,20,15,26,20,16,25,24,30,21,28
8019,"Clear Creek County, CO",36,39,48,54,50,47,47,46,48,47,66,44,50,53,60,60,57,61,60,75,67,68,63,65,66
8021,"Conejos County, CO",90,72,74,73,67,67,47,75,75,79,86,81,96,76,87,92,83,84,84,95,92,142,96,102,85
8023,"Costilla County, CO",42,34,39,47,41,39,37,30,31,34,25,38,42,41,39,43,35,43,45,39,41,58,57,65,58
8025,"Crowley County, CO",34,50,47,52,54,45,47,40,45,39,31,47,33,45,40,42,51,48,43,49,74,69,64,52,38
8027,"Custer County, CO",15,24,23,24,25,33,33,26,30,40,33,28,35,39,36,43,46,46,47,39,56,61,62,48,60
8029,"Delta County, CO",317,334,316,340,282,332,327,339,366,346,334,347,314,355,380,344,388,413,429,404,452,507,476,421,428
8031,"Denver County, CO",4567,4483,4610,4437,4365,4388,4181,4238,4346,4324,4341,4283,4366,4321,4430,4557,4604,4478,4563,4680,5760,5255,5349,5174,5023
8033,"Dolores County, CO",19,23,20,17,19,11,22,20,17,18,16,14,26,16,22,15,20,23,22,22,23,47,26,28,23
8035,"Douglas County, CO",448,497,519,560,579,652,712,710,810,851,878,1009,1013,1043,1125,1282,1379,1347,1442,1554,1922,2001,2096,2073,2072
8037,"Eagle County, CO",67,83,79,86,89,86,85,104,90,92,90,92,106,136,105,112,111,148,130,172,159,189,168,188,200
8039,"Elbert County, CO",82,79,96,91,96,89,92,96,125,106,106,116,122,119,126,126,143,149,155,155,170,210,215,209,204
8041,"El Paso County, CO",2925,3061,3183,3418,3179,3440,3387,3406,3504,3593,3554,3776,3787,4087,4068,4294,4705,4871,4956,5015,6176,6495,6251,6018,5966
8043,"Fremont County, CO",462,478,526,504,482,519,481,475,495,499,514,504,519,535,548,536,565,544,580,580,623,756,645,638,626
8045,"Garfield County, CO",265,267,279,318,276,271,293,280,261,295,279,298,252,290,304,350,331,337,371,372,394,425,413,406,385
8047,"Gilpin County, CO",17,20,25,30,20,25,25,24,35,22,27,27,21,30,30,29,29,32,23,43,34,40,40,29,53
8049,"Grand County, CO",69,61,56,55,60,60,59,53,59,46,59,52,60,54,74,82,48,84,76,78,81,100,99,85,73
8051,"Gunnison County, CO",54,66,73,80,64,62,50,55,69,62,57,59,78,58,64,75,73,83,67,79,86,89,77,93,100
8053,"Hinsdale County, CO",,,,,,,,,,,,,,,,,,,,12,,,,,
8055,"Huerfano County, CO",81,107,101,94,106,89,90,113,119,92,113,101,96,103,90,113,102,111,107,113,143,139,125,127,117
8057,"Jackson County, CO",14,13,14,,12,13,12,,16,13,,13,10,12,11,13,12,17,11,13,16,14,11,12,
8059,"Jefferson County, CO",3127,3278,3379,3432,3288,3399,3536,3562,3723,3700,3720,3871,3925,4061,4253,4311,4348,4535,4441,4545,5300,5227,5316,4943,4963
8061,"Kiowa County, CO",17,21,12,25,18,18,25,18,25,18,22,22,19,19,23,22,21,27,16,19,20,21,23,19,18
8063,"Kit Carson County, CO",81,75,77,72,74,69,96,70,75,81,76,78,78,68,83,67,76,67,77,70,93,103,86,85,71
8065,"Lake County, CO",40,41,35,38,36,25,41,42,43,40,42,41,30,40,41,46,43,35,30,40,36,57,40,35,42
8067,"La Plata County, CO",242,228,247,269,249,286,289,281,265,308,248,277,332,308,343,330,348,348,347,349,418,443,448,417,439
8069,"Larimer County, CO",1498,1532,1557,1551,1475,1560,1505,1615,1714,1723,1885,1881,1880,1983,2084,2249,2297,2377,2361,2344,2663,2789,2793,2679,2756
8071,"Las Animas County, CO",181,195,171,172,174,167,160,161,177,168,187,191,151,178,172,169,188,172,172,184,189,239,242,211,198
8073,"Lincoln County, CO",51,69,51,65,37,59,45,62,53,53,44,58,47,44,56,60,56,53,59,61,62,67,62,54,75
8075,"Logan County, CO",189,203,201,209,194,217,185,192,199,200,180,186,196,225,213,195,263,219,192,228,309,273,266,260,211
8077,"Mesa County, CO",1136,1142,1222,1234,1164,1271,1280,1259,1328,1292,1285,1319,1383,1354,1451,1459,1511,1487,1540,1640,1801,2010,1770,1746,1768
8079,"Mineral County, CO",,,,,,,,,,,,,,,,,10,10,,14,,,13,13,12
8081,"Moffat County, CO",106,91,97,111,79,100,94,101,85,87,89,85,113,88,102,88,103,102,95,119,160,158,105,106,110
8083,"Montezuma County, CO",231,273,248,247,253,255,233,259,263,269,276,266,263,270,252,263,260,271,267,298,310,372,337,327,306
8085,"Montrose County, CO",285,324,373,332,327,333,365,386,367,395,390,406,448,354,445,439,445,463,410,445,492,619,513,562,542
8087,"Morgan County, CO",257,258,245,237,226,249,240,244,243,229,257,251,279,223,247,276,273,288,249,282,352,332,281,258,308
8089,"Otero County, CO",235,211,246,235,220,230,245,206,267,217,218,238,238,236,262,253,219,225,261,254,309,314,245,277,269
8091,"Ouray County, CO",17,17,23,25,25,27,25,25,20,21,23,19,24,43,36,22,28,22,41,24,27,32,45,38,45
8093,"Park County, CO",60,67,60,72,66,62,73,67,69,76,76,78,78,80,90,87,109,91,121,91,123,118,153,131,129
8095,"Phillips County, CO",58,46,56,56,56,43,49,52,45,56,46,62,49,47,45,62,51,44,58,49,79,71,67,58,55
8097,"Pitkin County, CO",38,49,38,37,42,47,42,33,51,36,56,48,40,50,54,62,50,56,67,57,70,73,59,74,75
8099,"Prowers County, CO",127,142,138,129,114,105,104,130,143,136,147,132,107,119,115,134,154,125,121,124,170,181,126,137,117
8101,"Pueblo County, CO",1387,1411,1505,1526,1456,1472,1471,1566,1618,1568,1586,1614,1643,1561,1716,1707,1721,1836,1859,1906,2328,2481,2277,2086,1974
8103,"Rio Blanco County, CO",49,52,35,42,56,45,61,46,44,42,38,55,52,50,53,60,52,48,53,54,60,71,61,52,68
8105,"Rio Grande County, CO",111,140,122,148,115,125,142,117,133,120,119,126,124,115,129,126,137,137,123,137,161,175,158,135,129
8107,"Routt County, CO",66,78,67,61,67,90,81,87,99,87,87,93,97,101,99,110,111,121,133,118,133,134,140,141,111
8109,"Saguache County, CO",47,51,37,46,30,46,32,45,45,53,43,33,27,37,61,52,46,48,61,39,66,68,83,71,65
8111,"San Juan County, CO",,,,,,,,,,,,,,,,,,,,,,,,,
8113,"San Miguel County, CO",17,10,25,17,12,18,27,10,14,19,14,25,22,34,20,23,24,11,21,32,26,31,36,35,31
8115,"Sedgwick County, CO",31,37,54,41,38,47,37,30,30,34,44,35,37,28,42,48,31,32,41,32,46,34,54,42,52
8117,"Summit County, CO",38,46,42,30,55,45,52,36,52,54,46,47,58,72,55,74,65,73,73,70,90,89,83,80,77
8119,"Teller County, CO",85,87,98,94,98,125,112,103,128,141,144,125,139,150,185,164,167,156,181,184,210,288,229,227,243
8121,"Washington County, CO",48,51,65,52,45,57,46,48,46,47,42,58,41,46,47,62,60,44,58,46,82,68,61,56,54
8123,"Weld County, CO",1112,1184,1220,1233,1242,1279,1243,1287,1359,1305,1382,1450,1506,1545,1704,1739,1758,1877,1842,1870,2233,2510,2357,2266,2255
8125,"Yuma County, CO",99,123,111,94,99,111,106,106,103,89,90,138,100,83,88,99,104,108,101,90,116,103,100,102,121
9001,"Fairfield County, CT",7072,7025,7130,6856,6680,6802,6596,6384,6557,6208,6441,6490,6614,6628,6706,6775,6899,6976,6859,6850,8787,7449,7575,7238,6988
9003,"Hartford County, CT",7974,7983,7739,7960,7800,8005,7883,7727,7647,7740,7568,8054,7730,7698,7861,8009,7984,8240,8239,8338,10043,8894,9083,8480,8647
9005,"Litchfield County, CT",1585,1701,1692,1642,1648,1739,1731,1613,1642,1693,1680,1704,1757,1850,1777,1773,1808,1844,1904,1909,2215,2085,2008,1939,1889
9007,"Middlesex County, CT",1407,1308,1389,1361,1286,1286,1340,1379,1414,1327,1404,1453,1411,1504,1473,1522,1541,1600,1620,1618,1808,1720,1661,1668,1697
9009,"New Haven County, CT",7973,7685,7843,7550,7842,7680,7643,7513,7493,7417,7467,7593,7545,7614,7621,7982,7745,7881,7933,8106,9731,8664,8780,8264,7955
9011,"New London County, CT",2273,2170,2386,2317,2216,2137,2244,2206,2198,2330,2138,2274,2354,2343,2386,2411,2462,2567,2459,2624,2792,2964,2947,2631,2837
9013,"Tolland County, CT",871,861,917,904,890,897,882,892,892,912,1013,988,938,995,1000,1007,1057,1126,1098,1147,1204,1304,1271,1193,1266
9015,"Windham County, CT",974,1094,1026,1037,952,921,941,937,951,958,981,970,967,1000,1036,1056,1047,1078,1118,1153,1273,1253,1258,1109,1202
10001,"Kent County, DE",1024,1106,1120,1116,1156,1262,1227,1255,1370,1381,1357,1367,1463,1428,1511,1573,1618,1616,1765,1671,2026,2244,2198,1974,2074
10003,"New Castle County, DE",4103,4229,3991,4126,4156,4249,4059,4135,4280,4092,4207,4398,4257,4324,4329,4553,4678,4882,4962,4913,5761,5733,5642,5340,5283
10005,"Sussex County, DE",1748,1777,1750,1828,1831,1961,1918,1937,1972,2061,2142,2080,2155,2215,2420,2456,2578,2680,2706,2718,3285,3319,3511,3335,3324
11001,"District of Columbia, DC",6001,5951,5851,5573,5454,5483,5344,5188,5140,4834,4672,4589,4650,4719,4723,4871,5037,4965,5008,4927,6198,5833,5385,4916,4817
12001,"Alachua County, FL",1545,1584,1533,1607,1557,1557,1640,1624,1638,1687,1723,1732,1704,1806,1833,1900,1946,1940,2033,2008,2308,2437,2309,2314,2325
12003,"Baker County, FL",187,193,194,208,184,200,213,229,235,214,230,224,235,228,215,241,247,270,284,263,301,368,330,323,281
12005,"Bay County, FL",1433,1425,1492,1446,1450,1519,1519,1470,1529,1601,1629,1577,1643,1818,1901,1866,1924,2060,2009,1872,2130,2549,2150,1976,2184
12007,"Bradford County, FL",262,266,279,249,260,266,262,279,281,309,271,270,278,295,289,301,314,344,335,310,355,408,352,332,358
12009,"Brevard County, FL",5282,5298,5507,5451,5590,5716,5748,5539,5718,5767,6077,6165,6299,6516,6735,6958,7315,7611,7611,7612,8381,9279,8647,8287,8563
12011,"Broward County, FL",16023,16239,16259,15750,15515,15801,15071,14622,14652,14336,14708,14226,14431,14175,14439,14641,15282,15443,15156,15236,17986,18789,17191,16101,15583
12013,"Calhoun County, FL",133,152,126,162,141,147,138,165,160,152,152,165,139,149,173,167,184,187,200,165,210,239,211,207,178
12015,"Charlotte County, FL",2206,2113,2287,2174,2333,2170,2135,2157,2120,2192,2276,2279,2285,2390,2426,2593,2564,2741,2727,2745,3185,3346,3316,3123,3201
12017,"Citrus County, FL",1982,2034,2114,2197,2070,2190,2268,2217,2324,2308,2278,2327,2357,2353,2579,2545,2503,2584,2760,2644,3220,3562,3249,3097,3185
12019,"Clay County, FL",1072,1182,1162,1174,1226,1340,1283,1335,1350,1355,1398,1497,1480,1596,1569,1717,1748,1827,1846,1939,2207,2768,2339,2203,2225
12021,"Collier County, FL",2363,2402,2396,2520,2382,2640,2609,2603,2724,2698,2910,2933,2996,2975,3118,3150,3273,3519,3537,3599,4044,4464,4472,4214,4307
12023,"Columbia County, FL",640,614,629,714,657,607,671,718,706,694,716,745,735,785,779,753,772,853,836,830,968,1137,1060,953,1028
12027,"DeSoto County, FL",319,277,304,301,311,293,277,256,273,271,311,301,279,297,277,345,334,377,391,355,450,467,414,422,448
12029,"Dixie County, FL",157,155,180,188,183,170,182,195,181,193,177,201,197,212,234,228,204,241,235,227,247,313,273,306,262
12031,"Duval County, FL",6671,6901,6757,6853,7094,7003,6982,7190,7254,7159,7123,7415,7374,7750,7550,7831,8064,8562,8676,8779,10129,11539,9881,9716,9297
12033,"Escambia County, FL",2829,2824,2929,2939,2885,2897,2912,2881,2969,3027,3011,2977,3097,3124,3203,3312,3303,3409,3505,3731,4225,4584,4107,3901,3935
12035,"Flagler County, FL",596,658,660,735,772,768,854,934,972,941,1044,1066,1175,1171,1231,1224,1280,1340,1414,1522,1613,1845,1746,1748,1862
12037,"Franklin County, FL",116,134,104,135,98,116,101,105,116,99,125,123,117,128,150,128,145,115,126,157,169,205,171,162,143
12039,"Gadsden County, FL",463,438,475,462,442,438,498,444,444,438,446,460,448,496,445,467,464,450,509,483,566,664,591,569,538
12041,"Gilchrist County, FL",161,151,124,174,149,156,190,151,157,169,161,177,198,188,183,204,162,213,230,197,229,301,240,219,283
12043,"Glades County, FL",108,93,104,104,113,109,109,108,91,111,110,99,109,107,93,134,120,115,133,135,152,167,157,153,139
12045,"Gulf County, FL",150,141,153,166,151,125,157,162,172,169,144,156,204,155,194,172,183,194,197,186,232,242,243,201,193
12047,"Hamilton County, FL",128,133,136,140,130,133,135,115,128,115,121,130,140,138,153,145,130,176,148,165,202,226,184,199,186
12049,"Hardee County, FL",213,215,198,213,205,201,206,190,211,193,204,201,195,182,226,200,229,224,219,240,250,353,313,291,258
12051,"Hendry County, FL",269,278,272,303,295,299,262,293,284,296,291,250,245,288,281,276,311,294,353,328,374,480,372,345,363
12053,"Hernando County, FL",1971,2183,2215,2311,2238,2202,2303,2340,2449,2493,2434,2504,2515,2473,2449,2601,2734,2785,2864,2855,3174,3690,3251,3091,3151
12055,"Highlands County, FL",1238,1233,1338,1390,1381,1420,1329,1347,1250,1372,1447,1347,1475,1495,1433,1423,1574,1699,1596,1667,1869,2128,1909,1714,1775
12057,"Hillsborough County, FL",8681,8762,8767,8739,8856,8969,9164,8848,9187,9205,9068,9098,9465,9766,9972,10324,10640,10605,10973,10992,12848,14311,12830,12199,12277
12059,"Holmes County, FL",219,215,226,220,205,215,248,223,257,221,272,240,251,252,245,270,259,245,294,318,326,362,318,312,295
12061,"Indian River County, FL",1497,1600,1571,1659,1638,1626,1672,1660,1735,1720,1741,1772,1781,1829,2053,1971,2076,1986,2115,2201,2387,2719,2609,2500,2468
12063,"Jackson County, FL",523,540,499,526,505,505,526,535,532,543,539,594,505,560,595,630,610,641,668,634,783,761,707,719,675
12065,"Jefferson County, FL",165,152,135,176,141,139,164,145,155,132,163,180,140,146,155,156,191,175,159,167,222,225,194,183,205
12067,"Lafayette County, FL",66,73,74,59,85,64,55,58,76,72,68,78,72,74,58,69,75,96,85,81,110,118,111,91,121
12069,"Lake County, FL",2855,3031,3057,3092,3037,3259,3256,3132,3313,3404,3425,3378,3364,3600,3746,3986,4110,4364,4364,4578,5147,5758,5328,5067,5268
12071,"Lee County, FL",5087,5300,5465,5397,5560,5820,5990,5831,5706,5731,6038,6091,6026,6307,6549,6858,6949,7500,7350,7534,8622,9409,9235,8526,8411
12073,"Leon County, FL",1557,1485,1619,1560,1435,1546,1490,1517,1577,1582,1654,1626,1799,1785,1752,1761,1802,2011,1938,2043,2439,2572,2362,2284,2338
12075,"Levy County, FL",435,463,415,451,470,473,460,459,485,476,516,524,502,497,533,553,560,563,550,552,643,759,652,715,697
12077,"Liberty County, FL",66,52,61,47,64,66,57,51,52,72,71,71,61,51,79,59,59,73,93,70,96,117,66,84,92
12079,"Madison County, FL",204,196,207,204,220,224,221,223,226,206,201,220,221,229,242,237,231,198,245,247,312,305,305,289,279
12081,"Manatee County, FL",3394,3322,3330,3386,3276,3349,3328,3436,3379,3233,3388,3483,3414,3521,3701,3845,4055,4041,4180,4362,4836,5306,4951,4943,4850
12083,"Marion County, FL",3389,3544,3697,3697,3853,3909,3997,3941,4151,4075,4320,4449,4448,4741,4644,4796,5097,5115,5304,5352,6146,7071,6310,6250,6221
12085,"Martin County, FL",1590,1587,1593,1757,1738,1678,1646,1682,1698,1698,1712,1704,1739,1903,1876,1883,1994,2002,1938,1969,2337,2463,2293,2323,2214
12086,"Miami-Dade County, FL",18540,19049,18176,18399,18384,18400,18261,17982,18012,17806,18048,17997,18621,18473,19013,19542,20277,20703,20108,20044,25621,26098,23049,21419,21255
12087,"Monroe County, FL",673,723,735,727,704,727,698,666,649,624,688,647,635,678,698,781,747,760,705,661,772,855,780,715,746
12089,"Nassau County, FL",523,537,531,574,604,619,600,570,602,689,656,702,658,754,761,831,839,937,946,935,1079,1210,1159,1077,1136
12091,"Okaloosa County, FL",1327,1399,1361,1475,1411,1447,1432,1433,1471,1520,1483,1552,1550,1595,1682,1844,1737,1860,1919,1882,2232,2362,2172,2157,2136
12093,"Okeechobee County, FL",378,334,415,377,425,426,450,402,404,378,430,377,409,417,423,420,469,497,471,481,556,657,563,561,507
12095,"Orange County, FL",6293,6389,6472,6571,6472,6591,6635,6536,6703,6504,6794,6753,7054,7165,7238,7693,7960,8217,8600,8418,9856,10782,10000,9507,9368
12097,"Osceola County, FL",1265,1363,1389,1499,1490,1498,1598,1587,1557,1571,1681,1694,1798,1956,1965,2079,2169,2412,2460,2533,3004,3534,3156,2992,2958
12099,"Palm Beach County, FL",13069,13386,13629,13711,13663,13755,13291,13442,13189,13013,13265,13157,13446,13649,14100,14460,14656,14999,14716,14843,17274,17820,16561,16007,15612
12101,"Pasco County, FL",5263,5368,5325,5457,5558,5356,5416,5527,5472,5321,5424,5495,5569,5612,5703,5885,6030,6194,6481,6546,7260,8132,7515,7406,7313
12103,"Pinellas County, FL",12662,13028,12520,12093,11931,11866,11593,10977,11284,11439,11348,11191,11186,11406,11549,11662,11843,12079,12195,12181,13291,13924,13110,12506,12604
12105,"Polk County, FL",5316,5218,5291,5322,5565,5622,5575,5612,5555,5623,5848,5812,5987,6084,6422,6663,6699,6966,7182,7373,8595,9806,8487,8441,8493
12107,"Putnam County, FL",912,889,904,880,938,904,917,942,883,863,985,941,894,935,990,965,962,1025,1086,994,1168,1489,1176,1175,1153
12109,"St. Johns County, FL",1126,1183,1169,1177,1249,1295,1325,1327,1434,1385,1471,1477,1598,1648,1807,1884,1922,2018,2078,2115,2363,2681,2617,2490,2637
12111,"St. Lucie County, FL",2372,2330,2310,2438,2440,2422,2501,2601,2585,2695,2745,2735,2804,2887,3039,3093,3222,3266,3336,3505,3984,4442,4178,4111,4125
12113,"Santa Rosa County, FL",896,924,899,989,1085,1075,1002,1112,1095,1172,1151,1292,1208,1314,1261,1348,1445,1527,1693,1679,1866,2098,2036,1916,1859
12115,"Sarasota County, FL",4892,4727,4749,4762,4751,4839,4934,4801,5007,4928,5005,4978,5088,5148,5301,5511,5689,5644,5865,5991,6799,7122,6740,6377,6492
12117,"Seminole County, FL",2619,2645,2711,2694,2703,2763,2716,2728,2771,2862,2854,2847,3009,2985,3205,3360,3433,3602,3574,3544,4011,4399,4149,3821,3971
12119,"Sumter County, FL",622,703,738,763,761,827,883,898,1014,1063,1175,1248,1306,1409,1543,1703,1848,1927,2010,2086,2407,2743,2698,2661,2731
12121,"Suwannee County, FL",431,464,471,448,486,486,466,485,503,477,471,527,544,512,576,573,559,611,559,580,681,786,703,706,696
12123,"Taylor County, FL",247,210,226,215,215,191,184,228,245,213,216,219,249,233,242,258,281,238,286,262,340,330,338,330,313
12125,"Union County, FL",152,137,147,172,167,200,191,171,231,181,199,182,177,221,223,257,233,240,249,251,306,249,249,280,270
12127,"Volusia County, FL",5694,5807,6108,5939,6182,6175,6114,5739,6050,5885,6130,6057,6355,6381,6726,6886,7006,7448,7343,7401,8244,9319,8279,8058,7722
12129,"Wakulla County, FL",190,167,181,233,181,255,197,190,256,213,207,246,237,259,261,252,304,284,288,298,389,414,410,362,412
12131,"Walton County, FL",434,426,463,446,487,478,493,461,541,494,526,523,521,577,587,575,635,668,743,674,807,892,892,861,852
12133,"Washington County, FL",254,225,251,260,261,249,266,269,273,276,298,272,250,263,283,292,331,326,347,375,350,419,353,352,377
13001,"Appling County, GA",197,182,194,162,187,185,202,179,196,179,208,183,169,195,216,220,192,215,220,211,265,273,224,190,255
13003,"Atkinson County, GA",67,70,69,74,80,67,83,59,77,62,89,68,83,83,59,81,84,86,75,99,95,141,115,91,90
13005,"Bacon County, GA",114,135,110,126,119,118,124,133,136,107,141,114,123,129,121,134,137,146,138,123,164,185,149,151,138
13007,"Baker County, GA",38,36,51,44,33,27,27,45,38,39,22,24,21,24,26,32,44,36,29,29,43,47,44,47,46
13009,"Baldwin County, GA",340,440,402,413,370,383,402,380,407,428,384,373,371,377,419,426,455,494,487,467,570,626,514,497,526
13011,"Banks County, GA",102,106,101,126,87,145,121,153,138,111,158,136,161,128,162,188,148,187,193,186,202,269,231,198,239
13013,"Barrow County, GA",397,373,384,406,400,401,446,448,421,476,512,504,490,543,543,585,556,654,662,664,739,891,829,807,749
13015,"Bartow County, GA",624,603,668,680,654,707,709,794,721,772,794,781,814,823,849,832,919,851,985,993,1203,1345,1151,1126,1140
13017,"Ben Hill County, GA",208,208,216,206,219,206,199,184,194,208,198,211,197,210,212,236,217,216,234,248,298,289,273,216,226
13019,"Berrien County, GA",150,184,166,185,183,174,177,187,194,195,200,183,204,190,201,213,231,214,241,240,274,288,260,227,239
13021,"Bibb County, GA",1654,1675,1686,1623,1607,1725,1674,1642,1586,1632,1742,1682,1709,1718,1729,1746,1686,1681,1741,1804,2160,2334,2079,1882,1866
13023,"Bleckley County, GA",126,103,136,126,120,139,125,125,130,126,153,146,132,150,139,154,147,151,132,128,193,200,161,164,157
13025,"Brantley County, GA",119,145,136,144,153,145,172,149,154,179,170,184,169,190,175,181,198,212,204,214,248,295,234,219,233
13027,"Brooks County, GA",218,203,186,220,201,196,165,204,176,177,156,158,161,185,192,191,195,206,208,216,237,232,219,243,206
13029,"Bryan County, GA",134,165,164,171,198,216,207,163,180,203,238,215,251,242,242,268,271,289,292,278,357,371,376,380,324
13031,"Bulloch County, GA",391,410,388,398,437,442,435,414,484,461,447,467,478,468,463,527,539,560,516,555,649,748,698,642,660
13033,"Burke County, GA",216,222,237,256,226,286,253,216,240,199,218,252,209,229,240,251,246,222,255,233,293,288,295,282,288
13035,"Butts County, GA",187,208,190,198,191,200,210,237,239,237,259,227,265,290,266,241,276,261,316,267,344,367,354,317,300
13037,"Calhoun County, GA",56,67,66,66,72,71,108,99,48,52,57,64,67,81,59,68,60,71,66,58,84,68,62,71,63
13039,"Camden County, GA",188,190,211,227,265,237,250,250,313,255,312,302,312,309,351,330,362,378,375,403,430,531,488,477,477
13043,"Candler County, GA",142,145,114,116,141,127,102,128,127,129,132,116,136,114,123,166,149,143,133,119,197,234,172,144,172
13045,"Carroll County, GA",771,783,820,810,808,873,831,841,835,885,965,967,934,1036,1049,1076,1083,1145,1103,1124,1348,1511,1359,1382,1374
13047,"Catoosa County, GA",444,421,489,460,487,505,482,521,536,518,475,508,568,522,568,675,681,654,664,655,773,903,836,724,734
13049,"Charlton County, GA",71,105,89,99,94,90,88,96,109,87,96,117,114,123,109,110,85,107,143,126,161,179,147,161,157
13051,"Chatham County, GA",2245,2322,2237,2247,2293,2143,2327,2246,2295,2194,2302,2137,2252,2301,2413,2387,2493,2427,2468,2549,2887,3224,3089,2911,2805
13053,"Chattahoochee County, GA",31,37,31,40,36,26,29,19,48,43,32,36,27,42,34,39,38,38,41,36,44,39,41,36,43
13055,"Chattooga County, GA",309,262,272,282,265,292,289,295,308,279,302,280,323,318,340,317,330,329,354,317,390,384,429,405,352
13057,"Cherokee County, GA",787,769,842,907,905,961,963,1011,1039,1045,1280,1236,1218,1227,1302,1466,1500,1574,1644,1690,1927,2252,2151,2028,2114
13059,"Clarke County, GA",651,628,624,661,621,656,612,624,649,665,628,681,699,736,723,750,764,766,815,736,843,972,972,888,802
13061,"Clay County, GA",47,46,50,50,53,47,39,51,48,60,51,35,51,39,39,27,52,45,37,57,45,57,39,41,32
13063,"Clayton County, GA",1358,1296,1380,1391,1331,1355,1377,1398,1382,1360,1384,1374,1361,1480,1533,1589,1655,1788,1809,1750,2216,2661,2179,1992,1947
13065,"Clinch County, GA",80,84,86,79,80,74,71,62,72,65,79,69,68,72,72,77,93,92,71,91,120,116,75,75,98
13067,"Cobb County, GA",3203,3415,3250,3302,3351,3373,3370,3375,3584,3603,3639,3748,3701,4001,4110,4258,4298,4410,4509,4575,5368,5691,5334,5020,4988
13069,"Coffee County, GA",329,310,364,346,351,351,334,329,371,342,340,402,377,343,406,412,437,412,438,425,562,554,499,429,435
13071,"Colquitt County, GA",441,439,444,438,447,449,467,449,397,403,415,485,481,471,458,485,468,509,517,479,641,640,580,526,524
13073,"Columbia County, GA",498,561,550,584,591,675,640,705,700,690,751,769,816,822,827,836,923,960,1017,996,1211,1357,1271,1154,1290
13075,"Cook County, GA",178,202,159,154,187,187,175,185,172,175,194,148,185,186,181,221,157,202,208,181,244,232,250,203,218
13077,"Coweta County, GA",665,630,650,693,688,731,791,801,788,767,873,858,833,976,952,972,1070,1048,1085,1103,1320,1579,1370,1305,1294
13079,"Crawford County, GA",102,119,110,104,125,99,86,119,102,109,82,103,111,106,116,95,139,140,135,140,167,213,167,174,159
13081,"Crisp County, GA",268,255,239,228,240,266,267,229,239,242,231,254,265,247,227,239,246,261,267,281,376,347,262,298,287
13083,"Dade County, GA",132,138,152,153,146,160,154,160,173,160,198,168,178,198,188,197,180,200,191,187,239,247,219,197,210
13085,"Dawson County, GA",107,114,112,137,148,135,162,171,167,142,179,182,169,197,183,235,205,261,264,237,271,320,327,320,313
13087,"Decatur County, GA",316,312,296,300,290,300,293,281,331,323,308,308,319,270,320,299,316,349,336,310,431,397,380,356,419
13089,"DeKalb County, GA",3943,3913,3988,3986,3952,3915,4017,3977,4009,3942,4118,4071,4230,4269,4310,4335,4394,4636,4735,4695,5616,5911,5628,5242,5333
13091,"Dodge County, GA",213,237,234,218,201,186,206,254,234,216,222,243,227,196,205,244,246,213,193,263,326,323,289,256,234
13093,"Dooly County, GA",121,109,123,114,120,126,105,126,110,122,110,129,114,120,112,135,129,112,120,129,188,175,141,121,128
13095,"Dougherty County, GA",841,862,858,889,915,836,911,902,842,862,732,916,901,923,895,973,940,937,965,1006,1253,1207,1132,1038,1043
13097,"Douglas County, GA",580,645,695,676,685,717,774,773,742,805,816,837,822,873,895,975,971,974,975,1040,1239,1314,1191,1140,1151
13099,"Early County, GA",138,140,147,139,145,158,143,158,162,139,130,117,152,153,146,124,131,153,138,148,190,194,162,164,153
13101,"Echols County, GA",25,25,22,21,21,18,22,21,24,24,27,27,29,27,26,29,30,21,18,27,41,42,19,36,33
13103,"Effingham County, GA",263,254,266,327,265,258,295,313,346,323,341,317,388,376,429,402,447,493,474,480,542,658,594,564,592
13105,"Elbert County, GA",249,234,232,239,229,255,246,242,269,245,229,254,242,278,249,252,260,256,274,260,357,332,330,312,317
13107,"Emanuel County, GA",240,268,260,294,242,248,269,268,241,265,282,255,258,292,281,262,293,326,291,311,352,407,330,294,290
13109,"Evans County, GA",124,102,127,119,98,105,120,128,133,126,98,116,105,113,129,135,104,118,123,111,147,179,123,148,144
13111,"Fannin County, GA",255,248,259,267,287,291,307,237,271,260,299,268,324,352,308,323,350,351,342,354,422,472,462,441,423
13113,"Fayette County, GA",494,539,587,612,637,594,609,625,646,655,738,742,683,837,808,894,863,842,912,911,1050,1192,1106,1075,1062
13115,"Floyd County, GA",1019,930,1013,1016,966,990,993,999,973,1001,976,1016,995,1027,1030,1090,1092,1080,1159,1189,1347,1461,1322,1219,1249
13117,"Forsyth County, GA",544,580,620,640,622,594,696,643,761,815,722,807,865,825,1031,1149,1120,1119,1193,1223,1415,1704,1622,1487,1558
13119,"Franklin County, GA",241,227,259,230,236,213,238,242,266,273,269,259,285,296,297,291,294,300,331,304,381,370,358,308,335
13121,"Fulton County, GA",6361,6228,6172,6071,5837,5883,6024,5851,6388,6083,6172,6008,5938,6327,6619,6470,6535,6755,6746,6894,8226,8472,8110,7634,7366
13123,"Gilmer County, GA",228,211,244,218,220,262,248,276,252,257,225,180,272,258,282,322,337,365,349,378,423,507,427,406,435
13125,"Glascock County, GA",32,34,45,40,49,45,30,37,44,45,34,46,44,40,43,30,50,41,42,36,42,51,55,33,39
13127,"Glynn County, GA",692,686,703,785,723,749,768,754,775,735,797,755,789,815,802,837,868,940,904,883,1114,1145,1090,1040,991
13129,"Gordon County, GA",400,414,399,361,420,464,422,429,466,472,487,500,462,475,506,528,526,541,592,610,692,777,718,634,716
13131,"Grady County, GA",270,258,234,270,246,289,247,250,258,215,196,214,239,280,261,231,274,267,269,267,315,350,315,283,286
13133,"Greene County, GA",182,164,168,183,179,161,149,174,159,174,183,173,175,200,198,186,191,226,209,209,252,276,259,282,226
13135,"Gwinnett County, GA",2374,2606,2680,2726,2781,2879,3029,3035,3225,3242,3231,3335,3500,3721,3872,4146,4258,4261,4475,4427,5556,6040,5459,5356,5184
13137,"Habersham County, GA",316,355,351,370,306,339,309,335,349,399,408,423,402,414,399,462,480,484,451,479,596,608,582,532,547
13139,"Hall County, GA",1021,1023,1076,1077,1091,1117,1151,1164,1143,1216,1156,1208,1339,1259,1480,1491,1495,1533,1560,1592,2006,2039,1877,1745,1962
13141,"Hancock County, GA",99,110,124,110,107,116,98,83,99,105,69,96,91,77,88,115,109,114,101,115,186,168,130,111,113
13143,"Haralson County, GA",267,280,304,290,273,312,292,356,321,318,358,346,332,306,327,380,389,370,364,325,466,450,429,413,450
13145,"Harris County, GA",182,210,212,187,210,228,215,231,254,260,237,204,219,244,249,271,253,301,278,324,333,348,335,320,357
13147,"Hart County, GA",284,262,289,258,283,269,297,271,279,280,270,271,267,252,281,314,315,272,313,296,367,408,389,347,347
13149,"Heard County, GA",105,101,99,110,105,102,103,97,128,113,103,122,109,102,130,135,148,118,144,128,154,179,153,149,138
13151,"Henry County, GA",747,743,817,864,815,946,973,1070,1129,1163,1171,1272,1344,1336,1362,1509,1461,1567,1657,1626,2038,2222,2093,1963,1921
13153,"Houston County, GA",761,836,843,845,843,838,854,890,913,989,957,996,956,1042,1046,1117,1181,1207,1230,1278,1534,1711,1516,1502,1445
13155,"Irwin County, GA",116,115,115,117,102,112,94,104,101,115,97,86,95,106,103,107,114,118,123,112,146,155,150,121,121
13157,"Jackson County, GA",411,389,368,448,454,426,429,473,476,474,511,520,567,592,537,608,618,612,614,615,787,871,824,734,807
13159,"Jasper County, GA",103,117,103,119,114,108,108,127,115,118,114,114,127,133,142,130,137,153,158,133,178,225,178,180,169
13161,"Jeff Davis County, GA",151,133,151,152,153,155,143,159,146,162,126,144,148,189,151,176,182,167,157,163,220,218,211,179,185
13163,"Jefferson County, GA",210,207,209,198,185,189,222,201,206,218,192,211,236,210,217,230,208,224,236,223,295,279,273,225,244
13165,"Jenkins County, GA",97,86,108,96,109,95,93,96,94,104,92,104,115,111,85,101,102,106,109,100,122,133,124,108,144
13167,"Johnson County, GA",105,104,104,93,112,108,100,109,97,112,87,102,99,97,85,90,105,108,107,126,144,142,145,118,124
13169,"Jones County, GA",174,182,178,202,190,208,182,241,234,237,189,209,238,205,221,232,252,260,268,262,310,388,317,280,294
13171,"Lamar County, GA",162,165,153,173,183,167,206,182,177,189,190,180,206,196,219,206,215,195,245,196,267,307,237,267,270
13173,"Lanier County, GA",84,53,63,76,75,63,69,66,80,102,89,68,87,79,83,95,88,82,108,101,102,114,111,94,102
13175,"Laurens County, GA",444,459,486,517,488,488,467,535,512,494,525,502,552,552,533,525,566,589,552,603,724,811,682,625,630
13177,"Lee County, GA",123,133,130,143,144,138,171,147,159,196,144,178,178,196,187,204,201,249,227,253,315,310,308,274,307
13179,"Liberty County, GA",284,245,277,301,284,256,319,277,313,304,288,302,316,282,324,361,369,370,417,365,461,608,505,494,491
13181,"Lincoln County, GA",87,103,103,99,86,83,97,76,99,86,92,83,88,88,80,92,95,95,91,98,116,122,98,116,116
13183,"Long County, GA",62,61,56,70,57,67,72,81,67,80,69,91,96,90,85,114,91,87,108,96,121,151,141,122,153
13185,"Lowndes County, GA",695,699,689,770,725,714,764,740,749,816,826,805,794,829,859,817,908,893,999,947,1160,1242,1156,1052,1132
13187,"Lumpkin County, GA",185,153,161,179,183,182,209,229,219,208,216,235,219,226,259,282,265,327,288,299,332,427,383,360,381
13189,"McDuffie County, GA",227,241,239,263,248,235,228,208,241,228,296,201,217,222,218,241,225,272,242,268,288,311,294,274,335
13191,"McIntosh County, GA",97,106,122,98,123,113,106,94,123,100,119,110,120,114,138,140,134,127,150,138,179,226,175,186,187
13193,"Macon County, GA",163,151,148,144,132,190,177,175,139,150,133,142,150,145,143,155,156,177,147,164,172,175,177,154,179
13195,"Madison County, GA",233,233,245,260,233,240,245,255,263,244,300,270,290,301,310,262,292,255,347,317,340,404,387,369,391
13197,"Marion County, GA",60,84,87,91,75,84,73,94,73,85,77,80,70,71,75,76,76,92,91,93,114,128,106,122,99
13199,"Meriwether County, GA",240,239,264,284,265,261,253,241,249,225,259,228,251,246,234,277,296,268,262,294,339,404,296,273,287
13201,"Miller County, GA",77,73,89,93,81,76,79,88,88,87,89,83,64,89,65,102,89,81,96,93,103,128,93,92,104
13205,"Mitchell County, GA",246,265,262,225,246,214,227,245,244,226,217,208,231,231,232,257,230,292,273,273,336,290,298,290,284
13207,"Monroe County, GA",222,193,200,199,205,215,222,238,215,249,226,217,225,251,234,273,282,294,314,259,369,372,381,340,306
13209,"Montgomery County, GA",76,72,63,78,83,93,73,79,87,86,78,91,77,73,87,90,79,90,102,105,115,151,118,98,112
13211,"Morgan County, GA",143,140,150,125,136,147,170,161,163,131,191,177,170,189,190,188,185,190,202,183,250,296,234,228,210
13213,"Murray County, GA",262,248,253,272,306,313,294,322,301,348,297,358,343,374,353,347,406,372,381,393,472,546,489,473,437
13215,"Muscogee County, GA",1799,1744,1903,1823,1791,1747,1866,1759,1788,1738,1797,1776,1763,1834,1812,1883,2094,1954,2014,2048,2357,2591,2269,2143,2123
13217,"Newton County, GA",499,560,534,548,559,627,651,629,631,663,737,764,735,841,834,830,808,922,871,972,1173,1268,1080,1088,1079
13219,"Oconee County, GA",154,150,171,174,167,181,171,183,193,176,214,194,217,203,205,232,240,261,278,299,345,350,355,365,309
13221,"Oglethorpe County, GA",124,109,118,116,104,126,121,119,119,129,98,122,120,106,132,163,144,151,144,158,187,197,174,172,183
13223,"Paulding County, GA",426,442,444,529,544,527,605,655,628,717,642,673,739,749,808,846,877,960,958,1016,1215,1308,1297,1235,1198
13225,"Peach County, GA",221,209,207,236,222,225,227,240,213,221,275,296,276,284,287,293,339,297,328,311,373,410,390,356,363
13227,"Pickens County, GA",206,229,239,242,206,262,269,238,246,280,289,284,300,298,314,305,359,345,331,353,409,471,501,425,454
13229,"Pierce County, GA",168,171,174,177,181,162,192,179,167,193,206,177,198,213,189,199,217,193,228,240,298,346,263,251,241
13231,"Pike County, GA",119,116,107,121,144,138,128,174,158,155,159,156,165,176,156,177,186,177,198,211,215,264,261,215,237
13233,"Polk County, GA",422,400,432,480,498,425,466,447,450,466,429,485,464,455,485,477,506,506,468,530,581,670,567,548,543
13235,"Pulaski County, GA",101,93,113,135,107,117,133,103,112,118,114,115,93,114,98,126,129,111,105,127,133,176,143,159,143
13237,"Putnam County, GA",156,204,191,162,198,164,190,201,209,233,196,205,233,249,207,268,250,209,255,245,296,367,339,295,287
13239,"Quitman County, GA",30,32,35,33,36,40,31,34,30,31,20,36,30,25,31,25,18,38,38,52,41,51,37,33,42
13241,"Rabun County, GA",178,183,137,180,176,176,176,171,184,206,183,183,188,198,205,227,223,211,188,233,296,286,249,245,249
13243,"Randolph County, GA",113,122,123,110,99,86,99,109,86,70,104,82,92,91,92,87,93,94,91,95,123,115,95,94,111
13245,"Richmond County, GA",1912,1917,1931,1983,1906,1807,1898,1891,1873,1818,1942,1831,1960,1933,1965,2073,2031,2023,2063,2116,2526,2661,2419,2331,2362
13247,"Rockdale County, GA",498,501,543,513,505,555,566,610,553,560,566,558,624,658,626,649,706,728,773,797,899,1014,838,837,814
13249,"Schley County, GA",38,46,36,40,43,49,35,30,47,37,30,30,43,40,39,41,30,43,36,44,50,59,51,45,48
13251,"Screven County, GA",166,166,175,167,164,152,182,165,187,163,165,177,170,159,192,179,143,170,176,168,210,252,194,210,187
13253,"Seminole County, GA",110,124,113,110,104,121,109,108,100,111,114,126,119,115,130,121,148,125,143,125,149,163,135,150,138
13255,"Spalding County, GA",585,635,580,622,567,654,603,636,619,652,669,660,665,715,760,721,759,784,799,743,970,1110,939,859,853
13257,"Stephens County, GA",322,322,322,306,324,316,307,345,327,342,326,342,383,330,311,361,362,370,381,396,409,489,431,413,399
13259,"Stewart County, GA",71,67,68,76,65,82,75,72,76,81,71,55,74,72,75,60,62,69,70,65,71,79,79,74,67
13261,"Sumter County, GA",347,328,353,383,355,343,329,321,301,327,343,345,316,287,330,361,373,416,367,341,409,433,386,367,366
13263,"Talbot County, GA",96,84,100,83,73,87,82,94,76,87,73,73,79,76,74,88,80,81,93,92,97,99,87,103,87
13265,"Taliaferro County, GA",33,24,20,25,31,35,23,32,25,32,32,29,18,24,23,31,20,15,31,33,28,37,32,29,38
13267,"Tattnall County, GA",216,206,202,243,214,236,246,221,247,239,252,214,207,233,223,265,247,262,235,256,282,347,275,265,283
13269,"Taylor County, GA",113,97,111,99,104,108,108,111,83,80,108,97,83,105,109,90,102,108,105,101,121,138,115,99,108
13271,"Telfair County, GA",135,170,171,171,151,153,154,148,154,144,149,133,168,151,151,144,158,158,147,149,222,186,164,155,141
13273,"Terrell County, GA",113,124,139,139,136,118,116,125,112,103,89,104,114,103,106,110,102,114,133,114,156,136,149,127,130
13275,"Thomas County, GA",486,522,470,442,450,447,461,475,467,481,529,479,535,472,515,509,517,535,537,587,625,696,619,603,589
13277,"Tift County, GA",386,329,346,361,351,361,356,357,374,372,393,404,358,398,416,399,420,430,467,470,531,547,511,443,448
13279,"Toombs County, GA",288,282,272,297,267,292,274,268,259,297,272,322,301,294,319,339,317,322,292,326,423,458,371,328,359
13281,"Towns County, GA",135,121,130,144,142,148,130,140,138,140,164,165,160,164,150,165,194,197,194,172,215,249,240,225,230
13283,"Treutlen County, GA",74,79,72,80,79,77,61,75,85,85,76,77,71,66,65,68,72,93,81,75,104,133,87,77,101
13285,"Troup County, GA",713,656,666,611,638,660,615,598,625,655,643,637,628,693,623,701,725,699,741,709,922,944,823,824,812
13287,"Turner County, GA",105,106,106,107,103,103,97,117,106,101,105,101,87,111,130,125,111,121,115,147,127,135,139,130,114
13289,"Twiggs County, GA",104,124,102,108,114,98,104,104,106,121,99,93,86,121,86,134,105,91,140,109,148,161,147,143,132
13291,"Union County, GA",217,190,229,254,243,258,286,264,278,222,287,294,295,300,297,317,295,349,337,293,426,437,411,403,479
13293,"Upson County, GA",354,375,367,377,406,354,334,310,349,354,345,311,332,368,361,365,354,350,421,414,491,548,435,423,420
13295,"Walker County, GA",722,686,705,686,665,760,692,690,740,712,755,793,774,816,858,833,884,840,870,847,975,999,960,894,898
13297,"Walton County, GA",461,497,511,544,562,597,556,515,661,699,796,734,776,805,780,844,857,806,968,883,1071,1248,1119,1058,1035
13299,"Ware County, GA",406,456,413,438,438,443,450,545,419,409,426,435,448,426,439,462,449,462,491,493,598,651,562,507,506
13301,"Warren County, GA",98,77,97,67,79,101,67,87,80,84,85,59,77,75,78,95,79,75,80,74,101,86,95,69,87
13303,"Washington County, GA",213,251,213,218,232,227,229,234,289,208,221,207,185,191,223,228,253,219,224,247,326,313,253,273,242
13305,"Wayne County, GA",237,262,247,303,245,279,282,301,293,294,295,279,309,306,331,328,354,370,373,347,391,516,430,443,398
13307,"Webster County, GA",33,22,38,23,26,24,28,24,22,17,17,23,14,14,22,19,29,22,32,30,32,25,35,21,27
13309,"Wheeler County, GA",66,57,59,47,68,52,47,67,71,75,41,75,61,70,66,69,57,62,70,65,77,79,73,72,71
13311,"White County, GA",190,190,224,195,253,207,231,232,248,244,269,241,248,245,277,304,268,277,302,337,389,448,415,377,398
13313,"Whitfield County, GA",712,683,707,747,697,727,733,784,715,720,793,756,854,798,820,841,848,858,859,937,1077,1142,1033,993,961
13315,"Wilcox County, GA",93,83,94,92,129,94,92,93,105,105,133,96,100,106,116,104,106,106,81,104,136,173,130,118,122
13317,"Wilkes County, GA",142,157,137,131,148,138,130,128,127,142,155,125,168,135,129,149,143,133,151,150,159,180,165,159,141
13319,"Wilkinson County, GA",107,118,102,129,104,92,92,112,109,108,106,124,96,105,127,126,140,119,117,117,149,193,147,130,157
13321,"Worth County, GA",206,186,203,182,239,190,213,250,195,198,180,219,209,189,208,219,220,239,253,281,269,315,287,287,280
15001,"Hawaii County, HI",1158,1199,1282,1283,1252,1246,1388,1380,1430,1414,1298,1397,1502,1481,1550,1717,1705,1823,1746,1825,1864,2051,2158,1957,2076
15003,"Honolulu County, HI",5835,5973,6226,6366,6393,6458,6632,6572,6628,6956,6840,6961,7242,7353,7571,7590,7577,7823,7933,7844,8336,8780,8972,8525,8676
15005,"Kalawao County, HI",,,,,0,,0,,,0,0,,0,0,,0,0,0,0,0,0,0,0,0,
15007,"Kauai County, HI",454,425,431,454,483,500,505,509,492,540,535,517,507,560,515,570,555,595,572,620,588,593,684,668,637
15009,"Maui County, HI",842,791,859,873,902,931,907,1031,949,1004,944,1047,1023,1111,1130,1176,1076,1149,1164,1270,1245,1392,1414,1496,1403
16001,"Ada County, ID",1822,1861,1880,2011,1963,2165,2237,2258,2243,2279,2307,2584,2530,2668,2749,2894,2994,3232,3144,3281,3810,4151,3938,3849,3963
16003,"Adams County, ID",36,32,25,31,30,34,33,38,40,25,34,32,32,36,37,34,40,52,44,40,45,55,59,53,52
16005,"Bannock County, ID",554,573,600,616,562,560,595,531,585,605,612,633,696,677,706,675,716,743,796,730,854,937,887,822,873
16007,"Bear Lake County, ID",62,63,57,68,68,60,65,65,56,72,70,57,66,68,74,46,56,74,65,54,79,79,61,77,60
16009,"Benewah County, ID",95,84,110,101,93,92,90,97,90,107,106,110,106,120,130,141,132,131,108,136,121,158,143,135,130
16011,"Bingham County, ID",285,288,293,282,291,283,299,294,281,311,325,327,325,326,345,370,396,391,418,379,472,504,464,416,421
16013,"Blaine County, ID",76,71,77,96,80,82,76,75,95,89,96,101,88,84,119,113,107,116,101,135,140,156,147,156,140
16015,"Boise County, ID",24,41,27,39,39,45,44,38,41,47,53,49,44,66,45,51,54,53,57,64,73,93,73,73,67
16017,"Bonner County, ID",295,316,326,341,341,379,323,327,373,349,369,421,385,383,418,444,445,463,440,482,478,620,557,540,533
16019,"Bonneville County, ID",521,638,594,647,616,617,667,696,731,708,709,749,779,830,792,816,875,916,947,948,1102,1104,1004,1016,1047
16021,"Boundary County, ID",78,91,79,108,100,118,93,102,101,114,87,115,104,102,121,101,112,120,119,113,137,179,144,159,159
16023,"Butte County, ID",27,18,29,28,33,23,31,22,27,20,28,27,32,23,31,25,25,31,38,31,36,46,37,36,35
16025,"Camas County, ID",,,,,,,,12,,,,,,,,,,14,13,13,13,,,,16
16027,"Canyon County, ID",1005,953,975,1097,1051,1126,1175,1260,1214,1193,1219,1275,1329,1392,1324,1476,1498,1573,1649,1618,1922,2131,2091,1970,2031
16029,"Caribou County, ID",65,62,73,58,57,61,61,78,65,72,70,67,88,57,56,59,63,87,60,68,88,78,71,92,81
16031,"Cassia County, ID",171,185,183,190,177,175,203,182,173,185,185,193,190,184,191,213,185,206,213,214,229,234,238,231,210
16033,"Clark County, ID",,11,,,,,,,,,,,12,,10,,,,,,,10,,,
16035,"Clearwater County, ID",90,102,90,90,83,81,86,107,99,100,99,120,110,99,96,114,116,117,100,95,124,132,146,147,123
16037,"Custer County, ID",25,36,35,34,32,41,30,34,36,33,41,45,35,34,46,48,41,48,55,46,52,69,54,45,55
16039,"Elmore County, ID",126,167,155,138,160,157,171,151,163,170,178,175,155,192,172,192,211,189,215,216,233,240,264,235,247
16041,"Franklin County, ID",83,93,92,95,82,86,81,77,94,86,89,93,101,102,103,87,96,120,126,100,104,134,128,114,145
16043,"Fremont County, ID",110,97,92,98,89,87,75,88,90,87,111,109,96,102,95,126,104,109,100,106,128,165,132,124,119
16045,"Gem County, ID",177,160,157,186,169,171,184,172,181,182,213,180,178,205,211,208,213,212,231,210,264,304,239,240,268
16047,"Gooding County, ID",122,147,162,140,124,137,144,132,132,114,153,147,145,140,147,124,154,150,133,130,200,170,180,155,167
16049,"Idaho County, ID",160,144,166,165,163,144,143,157,191,162,161,165,170,200,206,184,193,177,208,192,209,257,223,224,245
16051,"Jefferson County, ID",114,142,118,123,134,116,119,127,122,119,126,150,132,150,138,172,174,169,181,170,199,250,231,200,233
16053,"Jerome County, ID",135,137,159,132,122,144,178,154,123,153,162,136,158,165,186,156,190,164,157,174,187,242,215,219,213
16055,"Kootenai County, ID",873,871,897,909,938,1023,928,979,1096,1143,1140,1220,1263,1252,1314,1328,1387,1464,1572,1616,1662,2019,1823,1675,1717
16057,"Latah County, ID",207,194,238,226,213,206,203,202,199,191,221,238,215,235,227,206,242,216,220,200,250,303,300,246,261
16059,"Lemhi County, ID",90,86,84,107,75,92,69,90,105,73,92,83,99,74,115,113,89,103,118,111,133,148,119,115,131
16061,"Lewis County, ID",39,36,43,43,47,48,43,49,49,45,37,35,39,44,42,35,44,50,51,52,52,67,59,56,59
16063,"Lincoln County, ID",39,28,28,32,47,44,40,31,44,30,42,35,40,51,29,41,32,29,55,41,53,38,42,58,57
16065,"Madison County, ID",97,110,117,109,118,132,130,115,135,127,123,144,132,113,126,136,113,140,173,171,193,234,213,214,208
16067,"Minidoka County, ID",175,189,156,196,162,196,185,151,180,174,178,191,172,186,160,171,153,182,210,222,208,228,209,212,197
16069,"Nez Perce County, ID",397,392,452,433,401,409,409,421,423,439,521,472,497,530,484,513,513,526,506,509,545,609,618,622,568
16071,"Oneida County, ID",39,50,40,45,42,45,33,37,35,40,42,35,36,34,49,42,33,41,55,45,44,64,47,54,63
16073,"Owyhee County, ID",88,80,80,84,83,100,84,80,74,92,81,99,94,88,84,100,96,97,103,109,140,140,130,123,128
16075,"Payette County, ID",189,192,185,178,180,182,186,216,183,196,198,194,193,193,204,229,199,239,239,259,270,338,301,278,281
16077,"Power County, ID",52,34,55,60,55,53,40,65,55,63,50,62,58,64,77,63,70,55,59,67,75,88,59,64,57
16079,"Shoshone County, ID",198,166,159,152,163,149,177,177,167,166,173,184,198,174,188,167,190,202,167,190,192,246,214,201,195
16081,"Teton County, ID",33,26,30,27,26,36,29,28,29,37,36,40,32,37,39,42,46,40,46,61,47,70,56,57,45
16083,"Twin Falls County, ID",591,627,623,666,629,668,673,716,649,741,690,740,665,742,743,749,765,750,790,804,983,986,965,928,912
16085,"Valley County, ID",67,49,57,72,68,65,54,63,45,63,71,62,57,63,64,94,86,80,65,77,92,101,99,77,104
16087,"Washington County, ID",118,104,114,115,109,119,116,123,137,85,119,124,114,137,115,117,105,133,109,145,160,163,171,153,138
17001,"Adams County, IL",847,797,876,859,833,828,809,851,846,790,723,815,771,798,786,832,773,814,871,786,877,936,836,751,816
17003,"Alexander County, IL",125,114,140,132,138,115,135,107,111,110,94,105,98,96,109,97,101,96,86,111,114,104,96,72,97
17005,"Bond County, IL",167,179,193,182,183,142,178,208,156,169,177,176,161,173,159,192,183,174,163,179,200,219,192,182,194
17007,"Boone County, IL",309,295,305,288,343,353,350,342,368,313,326,364,392,380,417,398,408,431,479,396,488,500,500,462,447
17009,"Brown County, IL",60,47,63,66,71,71,63,50,56,59,69,46,50,61,51,47,58,71,57,54,70,67,56,54,64
17011,"Bureau County, IL",424,381,431,432,398,372,385,399,402,358,381,376,333,418,380,377,447,388,391,432,477,447,425,410,433
17013,"Calhoun County, IL",57,75,52,73,67,64,62,55,72,60,48,53,56,58,53,50,50,51,50,62,68,69,87,46,64
17015,"Carroll County, IL",196,202,190,194,180,200,209,178,198,184,200,179,197,190,188,193,177,194,191,185,255,215,239,206,220
17017,"Cass County, IL",161,151,158,160,164,127,159,188,166,149,139,142,155,124,171,145,159,138,136,148,163,149,128,154,123
17019,"Champaign County, IL",1110,1243,1158,1191,1196,1219,1129,1118,1148,1192,1124,1219,1158,1243,1301,1255,1311,1366,1365,1391,1516,1642,1522,1452,1360
17021,"Christian County, IL",448,431,427,431,392,430,407,392,389,386,408,410,427,377,409,448,415,409,429,449,481,501,447,402,458
17023,"Clark County, IL",195,237,212,249,190,197,205,176,216,214,204,209,187,205,222,211,179,185,207,205,228,234,219,216,213
17025,"Clay County, IL",172,178,214,184,184,181,145,174,182,198,173,176,171,175,145,197,181,155,182,156,194,182,190,172,183
17027,"Clinton County, IL",325,313,306,372,302,308,352,316,360,351,295,318,336,360,328,376,342,382,353,341,419,364,371,388,366
17029,"Coles County, IL",552,493,497,506,476,518,469,479,540,457,517,458,513,520,464,558,524,464,520,529,624,597,590,480,569
17031,"Cook County, IL",46185,45453,44961,43893,42210,42290,41451,40136,40845,39378,38806,39175,39408,39431,40005,40313,40899,41286,41133,40848,52085,47106,45941,41934,40525
17033,"Crawford County, IL",234,224,245,256,231,216,229,213,238,255,224,221,211,244,227,242,254,225,219,199,235,240,279,226,245
17035,"Cumberland County, IL",113,132,143,125,124,123,130,98,122,112,117,130,108,104,114,125,109,127,111,111,134,157,125,127,132
17037,"DeKalb County, IL",633,563,617,585,637,653,628,618,629,675,666,668,702,673,713,701,700,759,752,745,894,892,833,793,769
17039,"De Witt County, IL",195,189,218,235,179,197,198,173,187,222,163,158,178,182,190,196,189,203,203,221,243,230,186,222,188
17041,"Douglas County, IL",198,207,209,188,192,204,217,201,214,175,180,189,197,211,205,200,181,232,191,184,226,247,240,224,213
17043,"DuPage County, IL",5596,5677,5693,5722,5459,5724,5711,5509,5880,5622,5653,6005,5766,5969,6068,6092,6329,6301,6441,6395,7617,6997,7307,6749,6895
17045,"Edgar County, IL",238,224,261,277,258,243,228,238,247,231,246,200,251,263,229,255,227,228,235,249,287,278,255,266,241
17047,"Edwards County, IL",102,75,78,83,88,88,92,66,84,73,91,68,74,85,75,70,73,82,70,81,93,90,76,66,92
17049,"Effingham County, IL",319,351,347,322,302,315,317,329,299,311,331,341,367,357,347,405,303,363,397,370,443,430,391,370,377
17051,"Fayette County, IL",260,251,249,275,241,215,229,211,207,205,211,214,219,219,194,256,223,227,230,227,272,244,275,269,229
17053,"Ford County, IL",221,209,213,221,197,203,199,179,210,194,200,200,193,207,200,190,209,203,209,175,237,237,195,224,172
17055,"Franklin County, IL",595,577,576,560,565,569,514,549,557,521,546,547,533,560,531,561,518,514,493,533,614,644,591,551,519
17057,"Fulton County, IL",516,451,498,465,445,493,486,458,443,470,438,461,452,408,470,466,479,467,487,498,546,514,532,489,478
17059,"Gallatin County, IL",89,88,92,93,77,83,89,86,87,86,89,86,73,87,86,74,70,85,86,73,83,91,96,80,87
17061,"Greene County, IL",200,145,184,171,165,173,177,165,190,168,151,145,138,139,165,163,190,164,160,152,199,181,198,185,161
17063,"Grundy County, IL",321,317,317,344,347,324,324,357,372,374,362,415,382,347,414,396,396,428,415,451,545,527,518,477,498
17065,"Hamilton County, IL",106,103,105,89,112,86,114,101,119,110,116,121,103,121,100,94,98,117,101,111,131,103,120,97,93
17067,"Hancock County, IL",259,212,223,224,207,210,197,211,214,203,177,192,198,218,226,167,220,222,205,204,274,239,229,231,207
17069,"Hardin County, IL",71,75,50,59,77,63,71,71,61,59,63,55,46,76,65,54,74,80,64,58,73,85,75,49,60
17071,"Henderson County, IL",90,86,86,98,81,83,92,83,84,75,76,82,92,82,88,80,86,88,96,89,107,109,83,92,100
17073,"Henry County, IL",530,545,569,520,539,536,505,539,508,529,568,512,508,531,494,559,561,523,533,539,689,601,580,578,537
17075,"Iroquois County, IL",371,385,388,417,380,407,365,420,387,346,382,389,380,356,371,393,406,386,404,365,443,418,452,360,358
17077,"Jackson County, IL",504,467,453,450,498,466,460,467,464,437,462,480,486,479,453,470,450,499,520,485,615,611,568,553,593
17079,"Jasper County, IL",117,103,121,92,93,100,109,93,113,93,100,100,112,116,100,98,113,100,96,97,102,124,134,143,116
17081,"Jefferson County, IL",422,409,431,423,434,412,433,434,463,448,445,433,431,473,450,434,407,471,476,463,559,550,506,467,475
17083,"Jersey County, IL",209,224,222,222,246,247,240,223,210,185,237,263,249,263,239,239,272,303,275,296,324,317,295,277,285
17085,"Jo Daviess County, IL",236,212,218,227,226,233,223,207,230,236,224,244,228,241,261,238,258,259,235,226,303,259,309,266,307
17087,"Johnson County, IL",133,114,115,127,126,113,117,137,117,127,117,123,127,120,121,114,121,149,151,130,164,175,162,132,166
17089,"Kane County, IL",2499,2473,2545,2554,2536,2620,2643,2610,2698,2750,2777,2883,2933,2943,3086,3142,3165,3351,3405,3323,4186,3906,3989,3764,3744
17091,"Kankakee County, IL",1120,1154,1053,1080,1100,1078,1008,1052,1106,1070,970,1041,1016,1095,1095,1108,1180,1225,1152,1142,1353,1379,1232,1207,1144
17093,"Kendall County, IL",350,289,310,330,367,389,381,447,389,443,477,483,515,516,569,587,560,561,598,644,769,780,755,680,738
17095,"Knox County, IL",701,682,718,738,687,677,658,663,686,602,701,651,703,719,650,705,681,669,681,701,816,730,742,655,696
17097,"Lake County, IL",3673,3787,3852,3875,3883,3877,3930,3919,3996,3951,4045,4074,4330,4277,4454,4557,4503,4692,4776,4835,5736,5215,5432,5096,5078
17099,"LaSalle County, IL",1203,1203,1247,1306,1306,1352,1316,1252,1297,1204,1290,1332,1309,1228,1350,1354,1296,1353,1342,1329,1524,1435,1382,1330,1280
17101,"Lawrence County, IL",259,204,227,286,217,222,201,189,196,231,203,226,206,173,197,223,213,194,210,192,213,197,186,172,162
17103,"Lee County, IL",407,401,358,394,364,336,341,368,357,382,320,363,334,371,378,365,366,392,380,402,459,420,415,399,378
17105,"Livingston County, IL",412,370,453,415,454,459,384,427,395,373,415,420,431,427,412,432,430,457,472,449,507,482,497,453,453
17107,"Logan County, IL",329,364,347,320,313,349,334,304,320,315,330,284,326,340,349,358,363,331,377,335,415,332,378,355,330
17109,"McDonough County, IL",315,319,280,309,291,292,289,313,296,296,297,294,273,324,312,326,320,316,316,336,370,323,333,333,306
17111,"McHenry County, IL",1521,1507,1625,1706,1662,1709,1794,1820,1867,1713,1870,1901,1977,1933,2031,2057,2066,2194,2224,2148,2575,2537,2619,2560,2484
17113,"McLean County, IL",986,1014,1036,1152,1018,997,1069,998,1157,1086,1098,1067,1110,1108,1161,1194,1134,1217,1281,1226,1428,1412,1433,1295,1358
17115,"Macon County, IL",1153,1147,1181,1210,1223,1179,1217,1105,1242,1126,1168,1189,1192,1215,1316,1249,1215,1256,1270,1285,1449,1433,1390,1349,1356
17117,"Macoupin County, IL",586,579,617,577,539,610,592,580,569,573,514,548,576,578,541,545,604,574,556,554,664,647,676,582,574
17119,"Madison County, IL",2685,2656,2730,2608,2666,2666,2644,2565,2686,2617,2633,2661,2668,2767,2944,2816,2772,2944,3015,2964,3385,3379,3289,3046,2982
17121,"Marion County, IL",503,540,524,504,483,511,475,509,512,425,543,545,469,522,472,561,538,534,549,486,651,593,585,513,530
17123,"Marshall County, IL",167,173,172,183,170,198,157,178,173,147,177,157,149,167,163,167,156,184,169,154,173,184,182,185,168
17125,"Mason County, IL",192,202,199,196,178,203,200,175,198,178,202,201,186,208,180,180,184,204,191,190,235,222,203,210,199
17127,"Massac County, IL",232,215,227,193,187,202,193,194,204,192,216,217,215,204,200,221,215,218,206,192,240,240,234,212,192
17129,"Menard County, IL",130,134,128,123,133,133,118,105,128,132,122,107,140,118,138,118,129,139,121,117,129,162,145,156,126
17131,"Mercer County, IL",209,171,164,180,147,178,190,155,148,173,160,162,200,186,168,184,189,202,218,182,222,207,220,213,218
17133,"Monroe County, IL",245,230,257,254,246,259,279,241,300,262,254,284,252,307,290,308,257,302,310,333,372,358,368,378,348
17135,"Montgomery County, IL",387,347,381,339,343,369,343,317,392,375,351,335,340,355,365,364,368,354,356,380,423,460,384,332,338
17137,"Morgan County, IL",414,400,431,413,383,391,406,385,442,361,337,412,404,392,377,412,388,396,431,426,485,437,472,398,452
17139,"Moultrie County, IL",191,194,198,205,195,207,177,163,200,158,203,194,183,178,191,198,194,172,191,212,216,216,197,179,173
17141,"Ogle County, IL",453,445,487,467,466,489,478,446,444,452,467,453,482,511,514,513,501,541,518,542,611,592,579,574,528
17143,"Peoria County, IL",1738,1746,1806,1810,1777,1785,1722,1771,1757,1702,1723,1744,1782,1806,1754,1886,1842,1848,1853,1837,2106,2148,2057,1872,1963
17145,"Perry County, IL",250,277,295,260,265,243,218,239,269,227,251,232,229,230,260,251,233,237,242,237,266,302,274,230,259
17147,"Piatt County, IL",149,147,159,147,139,155,176,145,166,161,145,172,168,198,188,136,176,181,153,175,189,209,187,212,176
17149,"Pike County, IL",229,221,238,203,214,224,195,187,212,201,199,219,184,201,207,210,209,216,188,213,255,236,238,195,194
17151,"Pope County, IL",64,43,50,34,51,56,47,64,59,31,58,63,50,44,50,50,51,62,50,47,53,71,61,58,51
17153,"Pulaski County, IL",105,106,91,90,90,92,85,102,81,70,86,85,92,68,85,106,72,67,85,90,79,107,102,92,85
17155,"Putnam County, IL",52,53,53,58,53,65,48,69,56,63,48,52,60,54,62,55,61,68,55,54,59,71,49,70,62
17157,"Randolph County, IL",372,418,397,383,407,387,335,345,373,391,333,389,351,367,372,387,387,370,378,361,432,444,382,380,351
17159,"Richland County, IL",192,169,211,201,209,216,208,182,212,182,197,183,181,202,223,224,225,206,198,196,267,265,235,221,217
17161,"Rock Island County, IL",1538,1425,1528,1465,1399,1443,1402,1452,1586,1417,1444,1593,1548,1532,1569,1563,1618,1632,1638,1597,1949,1778,1732,1683,1610
17163,"St. Clair County, IL",2565,2560,2638,2628,2540,2594,2478,2535,2481,2476,2365,2464,2501,2478,2534,2505,2486,2673,2722,2623,3169,3074,2877,2684,2667
17165,"Saline County, IL",417,417,432,406,380,383,369,392,380,337,379,331,333,370,355,374,369,396,363,368,405,423,370,374,394
17167,"Sangamon County, IL",1791,1817,1794,1819,1814,1870,1810,1770,1784,1929,1771,1766,1885,1851,1908,2009,1898,2059,2021,2001,2225,2118,2225,2142,2146
17169,"Schuyler County, IL",94,99,98,104,76,75,80,79,80,85,79,100,79,81,73,96,99,90,117,75,98,108,99,90,77
17171,"Scott County, IL",68,69,61,60,52,61,56,58,52,50,60,62,59,64,54,63,63,65,48,66,68,69,69,59,57
17173,"Shelby County, IL",247,266,254,256,240,233,230,228,264,249,235,231,228,223,253,263,228,227,246,264,277,321,290,281,258
17175,"Stark County, IL",86,100,88,83,74,77,89,73,57,84,82,82,88,65,92,92,67,74,88,66,87,97,75,73,82
17177,"Stephenson County, IL",508,536,556,467,562,573,492,499,524,538,519,503,534,539,513,540,564,575,554,568,684,653,636,618,588
17179,"Tazewell County, IL",1288,1200,1329,1275,1271,1346,1269,1333,1354,1331,1354,1409,1319,1404,1407,1496,1383,1404,1447,1410,1674,1718,1655,1547,1443
17181,"Union County, IL",263,283,278,240,222,226,209,217,224,219,196,223,231,238,225,233,213,226,227,245,284,278,233,261,259
17183,"Vermilion County, IL",939,934,1013,976,989,946,939,952,930,913,923,984,968,894,1037,1022,955,1008,972,997,1104,1186,1155,966,930
17185,"Wabash County, IL",146,128,161,122,107,141,129,119,138,130,165,159,142,142,135,136,152,127,113,134,159,161,167,141,153
17187,"Warren County, IL",220,191,197,204,203,199,225,194,212,190,168,198,185,182,180,192,177,178,200,197,255,215,209,184,181
17189,"Washington County, IL",168,173,170,168,164,169,195,139,168,134,145,155,159,161,150,157,174,139,159,134,183,167,182,142,171
17191,"Wayne County, IL",187,181,212,208,220,230,200,188,222,209,195,210,203,218,238,193,196,204,202,224,245,242,269,222,230
17193,"White County, IL",262,223,246,218,214,264,230,209,207,218,245,197,226,217,234,235,208,253,210,232,255,253,243,220,205
17195,"Whiteside County, IL",598,589,639,644,627,692,645,619,657,618,621,662,686,638,614,649,656,716,707,666,819,758,775,741,666
17197,"Will County, IL",3014,3103,3229,3233,3309,3342,3565,3721,3815,3704,3772,3880,3982,4009,4221,4332,4501,4775,4812,4823,5893,5525,5560,5125,5125
17199,"Williamson County, IL",738,750,686,764,735,769,749,775,758,751,742,771,748,750,742,738,778,806,758,719,872,889,886,773,847
17201,"Winnebago County, IL",2481,2463,2543,2464,2504,2603,2431,2410,2659,2580,2624,2690,2721,2903,2883,3002,2892,3056,3061,3004,3486,3541,3457,3131,3081
17203,"Woodford County, IL",332,339,364,336,353,369,326,352,345,369,348,350,375,370,388,412,377,402,372,395,449,421,448,392,418
18001,"Adams County, IN",328,306,295,300,300,308,285,272,293,265,304,320,323,306,304,306,323,313,308,332,398,381,311,329,324
18003,"Allen County, IN",2586,2587,2709,2631,2479,2673,2613,2595,2728,2804,2691,2871,2984,3083,3128,3165,3348,3366,3503,3438,4063,3915,3822,3586,3469
18005,"Bartholomew County, IN",628,633,618,636,707,665,652,649,698,649,718,687,712,722,744,754,748,765,751,769,875,892,905,797,836
18007,"Benton County, IN",95,95,93,87,95,86,88,88,92,90,106,71,88,93,90,96,77,74,98,86,111,107,114,92,119
18009,"Blackford County, IN",146,147,128,165,154,169,115,149,147,165,144,144,140,161,169,168,154,182,155,137,208,205,187,184,172
18011,"Boone County, IN",450,438,420,437,386,407,453,410,443,417,465,446,483,537,511,528,546,515,555,541,617,641,659,645,595
18013,"Brown County, IN",126,135,140,133,123,122,140,110,116,141,130,148,163,151,136,166,161,163,159,160,201,204,195,181,165
18015,"Carroll County, IN",179,152,164,165,167,188,174,164,209,177,170,184,178,179,172,183,196,199,203,166,198,237,225,198,201
18017,"Cass County, IN",429,451,437,415,389,388,408,393,403,416,348,358,419,379,407,419,411,430,435,427,509,496,470,441,446
18019,"Clark County, IN",944,967,988,1012,938,977,940,921,1017,1015,992,1020,1163,1113,1127,1283,1232,1334,1274,1227,1474,1541,1512,1426,1345
18021,"Clay County, IN",324,298,312,321,293,298,298,300,289,271,282,291,271,313,292,330,312,316,321,277,363,351,344,356,342
18023,"Clinton County, IN",398,351,303,374,361,347,360,340,361,316,334,365,380,353,343,411,363,402,365,336,455,435,418,355,364
18025,"Crawford County, IN",114,111,104,124,126,106,103,95,106,112,114,106,107,131,103,117,118,128,133,127,141,166,168,130,129
18027,"Daviess County, IN",313,304,303,295,278,308,308,308,327,315,310,322,341,333,336,325,342,325,363,340,408,344,369,353,368
18029,"Dearborn County, IN",396,371,381,380,368,384,358,357,395,387,420,479,446,422,445,492,504,515,515,492,559,619,589,490,548
18031,"Decatur County, IN",225,220,215,244,234,261,237,223,249,247,204,249,283,274,239,265,290,283,304,307,367,333,360,303,317
18033,"De Kalb County, IN",343,341,319,358,329,329,341,338,347,363,381,382,374,400,447,410,429,427,452,425,530,490,475,435,502
18035,"Delaware County, IN",1188,1139,1183,1198,1119,1156,1239,1125,1167,1116,1167,1203,1225,1221,1235,1190,1327,1340,1379,1368,1598,1557,1439,1395,1391
18037,"Dubois County, IN",377,338,355,380,349,317,388,344,378,360,375,402,390,421,394,409,410,416,419,432,495,535,502,489,493
18039,"Elkhart County, IN",1468,1385,1472,1395,1399,1401,1475,1437,1496,1471,1486,1620,1594,1675,1659,1677,1789,1748,1735,1751,2099,2099,2048,1841,1842
18041,"Fayette County, IN",291,320,314,307,289,266,281,283,303,287,331,303,338,327,287,327,314,355,349,311,398,390,435,323,376
18043,"Floyd County, IN",677,686,697,690,617,671,701,670,748,677,667,721,736,738,751,754,789,803,846,881,967,956,983,944,933
18045,"Fountain County, IN",217,197,179,208,186,208,186,188,193,182,210,193,218,192,196,217,214,189,219,250,254,258,265,231,216
18047,"Franklin County, IN",168,157,213,196,162,193,168,222,208,192,177,216,222,210,198,216,208,214,205,233,289,263,247,230,236
18049,"Fulton County, IN",193,235,206,258,225,233,258,213,210,213,237,271,238,233,213,249,232,243,259,241,291,294,273,271,221
18051,"Gibson County, IN",353,359,296,373,351,330,307,299,353,367,321,337,326,341,396,344,380,389,403,334,445,401,369,388,376
18053,"Grant County, IN",822,767,830,824,794,779,777,733,736,783,835,784,751,810,814,866,811,838,883,885,1054,1121,1003,935,893
18055,"Greene County, IN",334,386,377,346,377,343,369,378,312,380,364,347,380,398,384,353,405,411,401,404,452,449,472,411,401
18057,"Hamilton County, IN",925,1002,962,950,1044,1022,1151,1099,1175,1229,1284,1314,1351,1485,1491,1534,1689,1818,1874,1892,2359,2315,2467,2313,2282
18059,"Hancock County, IN",453,420,435,437,500,505,487,485,560,509,614,606,570,623,589,668,680,658,655,701,766,920,875,798,741
18061,"Harrison County, IN",279,314,309,311,274,316,297,315,300,316,365,356,371,411,364,390,418,450,369,439,481,543,548,425,484
18063,"Hendricks County, IN",648,726,693,755,704,821,856,870,852,856,900,947,1039,1046,1079,1117,1127,1267,1264,1261,1539,1463,1412,1422,1501
18065,"Henry County, IN",539,588,534,578,552,580,561,515,568,539,541,558,575,599,562,601,579,671,576,604,712,735,678,622,656
18067,"Howard County, IN",861,906,916,952,824,820,845,857,829,864,877,862,916,1001,974,1052,1070,1031,1097,1123,1276,1337,1164,1111,1102
18069,"Huntington County, IN",370,419,358,384,389,429,356,355,389,384,384,406,404,433,403,404,457,412,382,438,512,520,479,425,427
18071,"Jackson County, IN",423,405,439,402,355,403,403,440,450,411,431,465,453,444,487,489,453,504,472,531,557,568,556,532,534
18073,"Jasper County, IN",254,253,261,250,242,287,281,242,298,298,324,262,342,310,332,323,321,323,346,333,430,425,417,366,368
18075,"Jay County, IN",242,231,207,244,194,237,249,240,244,222,199,222,217,263,236,233,231,268,223,226,261,297,281,254,232
18077,"Jefferson County, IN",321,284,318,308,265,328,306,329,317,331,360,345,347,379,401,383,354,409,384,376,450,428,470,429,412
18079,"Jennings County, IN",233,242,259,254,211,227,240,232,270,270,280,262,272,259,296,302,315,293,321,324,355,349,374,321,336
18081,"Johnson County, IN",966,952,1007,1017,1039,1082,1030,1028,1113,1116,1125,1197,1224,1218,1214,1341,1305,1353,1394,1408,1696,1742,1692,1502,1504
18083,"Knox County, IN",492,457,415,472,451,455,486,423,466,399,451,464,414,438,474,478,423,414,452,480,552,503,512,485,468
18085,"Kosciusko County, IN",619,584,599,606,625,637,599,602,597,625,686,639,720,705,692,742,656,719,750,770,842,927,916,811,829
18087,"Lagrange County, IN",232,198,224,231,208,238,216,223,257,230,241,263,257,257,244,277,244,283,304,294,352,313,292,309,296
18089,"Lake County, IN",4915,4753,4803,4880,4670,4802,4675,4517,4697,4621,4615,4563,4613,4827,4821,4864,4837,5201,5036,5253,6165,6043,5843,5263,5255
18091,"La Porte County, IN",1069,1037,1015,1062,1041,1089,1069,1079,1149,1129,1095,1169,1153,1129,1197,1234,1266,1224,1226,1247,1474,1371,1374,1385,1262
18093,"Lawrence County, IN",513,503,430,512,486,512,496,476,519,515,528,516,567,575,562,533,551,565,558,574,654,734,672,634,574
18095,"Madison County, IN",1449,1464,1476,1456,1459,1404,1412,1371,1447,1371,1490,1472,1488,1546,1452,1505,1498,1531,1564,1560,1832,1954,1792,1753,1655
18097,"Marion County, IN",7666,7648,7499,7511,7470,7499,7469,7043,7388,7285,7349,7435,7713,7661,7899,8004,8263,8489,8293,8260,10294,10288,9560,8606,8574
18099,"Marshall County, IN",440,377,396,449,381,419,399,429,407,434,430,409,442,468,480,442,483,479,465,449,597,543,571,531,512
18101,"Martin County, IN",80,127,107,105,92,127,102,83,111,96,110,86,112,110,97,104,112,88,136,109,117,129,127,120,122
18103,"Miami County, IN",310,344,305,329,319,330,340,305,328,352,340,332,404,319,356,411,385,402,377,382,457,522,435,385,391
18105,"Monroe County, IN",735,748,762,737,738,778,721,770,848,802,795,891,876,845,850,952,1009,977,987,993,1210,1170,1179,1141,1075
18107,"Montgomery County, IN",372,380,358,364,365,355,364,396,346,363,351,397,397,382,400,386,404,430,443,414,485,489,484,426,435
18109,"Morgan County, IN",547,529,566,575,544,527,587,591,581,556,612,610,649,690,644,686,649,711,789,735,855,902,915,803,822
18111,"Newton County, IN",127,150,150,135,161,150,145,138,143,136,162,161,153,157,158,147,163,164,170,172,194,224,198,181,177
18113,"Noble County, IN",376,360,378,398,406,375,388,404,400,399,408,449,457,433,438,416,455,458,446,529,521,553,534,464,480
18115,"Ohio County, IN",48,56,56,62,64,49,50,43,58,67,64,52,58,59,65,64,65,73,67,67,77,89,74,70,79
18117,"Orange County, IN",209,228,224,196,204,220,204,184,222,210,194,228,211,223,217,250,246,230,215,251,301,313,267,263,274
18119,"Owen County, IN",175,183,224,239,222,209,217,233,234,224,220,206,205,252,235,230,249,244,225,256,312,308,308,303,261
18121,"Parke County, IN",171,168,158,159,150,163,180,152,171,162,159,155,162,153,169,140,171,153,163,158,177,195,184,170,187
18123,"Perry County, IN",204,185,220,175,200,190,204,194,196,179,186,197,207,216,220,194,218,225,223,231,242,245,203,231,238
18125,"Pike County, IN",122,152,155,139,142,136,149,149,137,142,132,138,141,133,125,181,166,147,136,161,185,189,177,192,148
18127,"Porter County, IN",1118,1138,1143,1201,1206,1159,1225,1247,1283,1403,1238,1348,1311,1466,1401,1482,1395,1573,1621,1573,1863,1903,1873,1711,1725
18129,"Posey County, IN",246,245,215,220,232,219,239,234,184,229,242,221,217,238,237,266,230,244,252,265,272,255,285,241,268
18131,"Pulaski County, IN",119,130,134,190,157,164,169,152,164,142,157,146,160,159,131,162,145,154,154,188,188,211,191,167,178
18133,"Putnam County, IN",315,283,321,335,280,308,299,331,310,302,327,346,341,358,356,362,365,384,348,382,435,442,470,400,409
18135,"Randolph County, IN",280,328,338,201,279,285,297,300,272,268,270,294,303,318,298,281,277,331,348,319,378,415,355,327,345
18137,"Ripley County, IN",219,223,250,283,266,270,269,259,265,269,285,281,303,320,320,292,297,338,325,287,384,420,384,327,352
18139,"Rush County, IN",189,189,176,171,202,190,150,165,216,186,187,207,193,191,183,203,208,200,192,203,221,220,220,197,196
18141,"St. Joseph County, IN",2403,2449,2336,2467,2390,2513,2453,2300,2507,2371,2432,2519,2472,2568,2652,2678,2687,2744,2781,2822,3307,3124,3017,2926,2812
18143,"Scott County, IN",231,225,279,201,243,258,260,237,262,278,275,299,304,296,294,292,330,352,317,337,397,438,389,362,376
18145,"Shelby County, IN",396,376,397,390,370,420,395,420,436,398,471,446,404,436,417,435,482,500,470,471,591,541,484,498,512
18147,"Spencer County, IN",161,191,203,188,186,170,178,173,183,206,171,184,191,191,165,188,227,203,202,222,239,281,226,248,247
18149,"Starke County, IN",275,260,253,249,249,266,298,294,249,260,248,284,253,275,293,277,258,270,279,284,356,374,309,316,288
18151,"Steuben County, IN",260,274,270,271,269,283,270,294,297,282,266,291,307,311,320,327,335,328,315,338,384,395,415,417,344
18153,"Sullivan County, IN",268,262,276,244,241,225,238,219,259,203,257,215,241,226,244,263,232,224,242,215,269,274,242,272,255
18155,"Switzerland County, IN",100,88,104,97,81,84,85,82,86,96,116,94,115,90,123,111,90,119,114,108,104,116,148,109,100
18157,"Tippecanoe County, IN",1040,982,989,985,960,1060,1055,985,1053,1039,1070,1188,1059,1110,1163,1186,1215,1285,1290,1221,1380,1499,1386,1305,1368
18159,"Tipton County, IN",158,165,181,152,170,145,172,146,178,160,161,157,193,168,177,164,199,151,190,181,222,230,192,181,157
18161,"Union County, IN",60,69,71,58,83,62,69,51,68,70,75,70,58,89,71,66,79,82,72,81,106,89,85,87,92
18163,"Vanderburgh County, IN",1903,1893,1915,1839,1824,1882,1789,1788,1911,1798,1785,1853,1895,1956,1943,2033,1936,1987,2033,2090,2406,2334,2277,2115,2193
18165,"Vermillion County, IN",231,216,252,234,187,213,201,183,211,206,210,238,182,206,209,225,196,211,207,210,220,234,215,198,221
18167,"Vigo County, IN",1251,1156,1196,1232,1091,1096,1097,1035,1091,1126,1086,1152,1113,1183,1117,1158,1154,1206,1182,1177,1379,1348,1360,1275,1269
18169,"Wabash County, IN",369,394,393,412,346,398,409,345,399,396,413,428,423,417,409,417,456,458,431,514,522,531,477,425,474
18171,"Warren County, IN",95,92,104,91,95,77,72,76,72,80,72,73,64,81,86,83,101,75,69,91,123,98,92,96,81
18173,"Warrick County, IN",424,430,471,486,426,453,499,434,525,504,475,498,520,529,510,547,568,606,669,619,800,723,703,672,746
18175,"Washington County, IN",234,278,265,276,249,258,260,257,253,261,308,293,296,294,297,339,323,322,306,314,347,397,406,373,348
18177,"Wayne County, IN",841,815,783,758,778,802,790,837,810,847,747,768,835,832,888,887,863,930,959,881,1098,1029,965,923,895
18179,"Wells County, IN",248,253,244,282,229,241,270,263,272,237,271,248,274,289,289,302,278,341,323,290,378,363,345,303,296
18181,"White County, IN",277,256,288,265,250,255,271,229,244,267,240,255,268,272,279,293,297,301,304,298,344,322,308,319,320
18183,"Whitley County, IN",261,289,280,304,286,285,287,248,301,269,303,332,284,282,325,297,305,331,324,342,373,385,360,347,329
19001,"Adair County, IA",109,115,107,119,126,106,120,104,110,88,117,114,106,117,110,117,105,106,85,104,119,130,113,102,124
19003,"Adams County, IA",55,49,60,59,55,57,38,47,60,56,46,52,54,41,61,53,47,47,38,37,46,62,47,45,49
19005,"Allamakee County, IA",173,168,165,154,152,167,174,167,140,190,143,173,175,141,170,186,152,187,174,193,221,168,146,161,148
19007,"Appanoose County, IA",174,158,167,200,197,171,178,206,188,180,164,160,168,174,150,204,156,154,181,172,210,188,202,178,169
19009,"Audubon County, IA",114,101,100,81,114,83,74,80,88,85,81,89,86,70,83,77,95,91,82,90,78,82,93,90,81
19011,"Benton County, IA",229,236,252,235,227,233,236,207,211,233,223,242,196,237,225,236,223,256,280,239,308,235,266,252,260
19013,"Black Hawk County, IA",1157,1137,1115,1132,1145,1085,1098,1072,1135,1154,1132,1135,1175,1238,1185,1134,1240,1269,1276,1285,1506,1450,1396,1388,1333
19015,"Boone County, IA",319,287,263,275,248,267,281,305,299,297,293,289,298,294,277,289,299,297,298,310,331,335,364,316,339
19017,"Bremer County, IA",218,236,205,218,210,221,205,230,234,218,210,196,221,199,191,238,218,241,230,239,316,254,254,258,247
19019,"Buchanan County, IA",183,181,229,201,185,185,191,195,204,173,203,213,206,203,231,188,196,234,219,203,240,223,222,231,246
19021,"Buena Vista County, IA",202,215,212,167,168,180,185,186,189,180,199,197,183,193,195,190,192,173,179,159,208,184,180,153,170
19023,"Butler County, IA",200,207,193,205,190,188,171,185,207,188,162,185,190,164,203,177,190,194,196,208,192,201,188,184,194
19025,"Calhoun County, IA",161,158,146,135,128,162,140,131,137,142,157,125,129,159,136,147,144,135,123,143,136,145,132,152,118
19027,"Carroll County, IA",238,189,259,219,210,230,235,258,233,249,243,233,244,230,261,258,230,265,222,224,286,281,294,233,271
19029,"Cass County, IA",190,206,212,170,174,192,164,167,203,186,222,172,198,177,212,207,191,202,213,194,235,203,203,212,229
19031,"Cedar County, IA",167,187,178,176,176,156,152,171,188,173,169,185,176,154,202,180,199,165,171,190,209,215,246,198,185
19033,"Cerro Gordo County, IA",533,517,525,514,498,563,504,483,517,478,452,492,475,480,530,509,539,519,515,554,628,601,529,517,524
19035,"Cherokee County, IA",161,157,161,159,151,152,143,136,172,161,149,156,164,156,161,169,175,144,166,164,189,172,175,208,178
19037,"Chickasaw County, IA",128,144,148,168,148,135,129,119,123,114,137,139,133,145,130,129,136,135,135,148,170,146,164,165,161
19039,"Clarke County, IA",97,102,102,90,91,125,104,107,100,94,95,125,111,112,111,104,110,104,119,124,114,159,130,119,105
19041,"Clay County, IA",181,158,198,190,171,167,176,194,205,165,201,196,188,195,200,212,170,178,178,210,215,198,184,205,207
19043,"Clayton County, IA",228,215,226,202,226,189,174,198,203,178,203,180,190,183,202,199,193,208,198,205,250,223,220,199,216
19045,"Clinton County, IA",513,527,550,562,496,553,532,511,566,505,577,536,527,535,557,566,577,584,580,542,617,611,675,595,640
19047,"Crawford County, IA",182,171,164,170,169,172,163,162,178,160,165,158,154,162,151,180,165,201,159,168,198,160,176,152,165
19049,"Dallas County, IA",302,299,315,314,320,321,328,356,335,339,353,346,379,388,430,422,487,481,545,509,637,586,630,632,649
19051,"Davis County, IA",91,89,99,103,92,94,77,87,88,81,74,101,98,73,77,95,94,80,97,95,102,83,101,92,94
19053,"Decatur County, IA",114,86,93,108,73,87,92,112,97,95,106,92,92,104,102,78,86,97,93,81,95,99,108,97,93
19055,"Delaware County, IA",154,170,148,163,141,163,164,147,167,179,147,165,179,167,185,170,170,172,177,183,218,187,198,196,186
19057,"Des Moines County, IA",428,412,417,436,429,445,455,400,424,421,480,436,434,507,452,450,478,430,476,506,512,551,498,531,538
19059,"Dickinson County, IA",193,194,177,185,161,151,167,193,211,164,172,197,201,228,192,208,190,223,202,202,245,217,204,240,221
19061,"Dubuque County, IA",855,874,785,790,823,879,872,841,890,841,852,860,869,921,940,905,867,940,931,942,1034,1052,1069,1033,1058
19063,"Emmet County, IA",149,132,137,138,110,134,112,136,120,122,120,121,147,118,113,131,121,137,123,119,157,131,123,127,112
19065,"Fayette County, IA",261,275,249,254,234,247,247,262,240,225,240,230,277,267,248,272,256,253,255,236,295,274,246,244,278
19067,"Floyd County, IA",205,211,201,199,197,204,201,182,209,204,198,198,184,221,197,200,170,200,180,146,241,199,219,199,179
19069,"Franklin County, IA",131,131,140,146,115,116,108,122,140,115,125,111,135,132,106,108,140,135,119,118,155,168,106,140,127
19071,"Fremont County, IA",101,102,103,97,90,102,78,68,95,87,95,89,97,92,98,115,86,96,79,106,89,97,95,79,78
19073,"Greene County, IA",132,150,118,146,123,110,105,103,118,130,115,123,134,109,126,123,138,120,123,106,108,130,122,124,101
19075,"Grundy County, IA",132,125,128,145,156,132,141,137,139,126,154,118,128,116,142,123,144,149,159,156,168,147,162,146,154
19077,"Guthrie County, IA",158,141,139,155,134,152,123,132,138,118,129,116,109,114,143,136,97,145,108,135,155,128,140,129,116
19079,"Hamilton County, IA",172,190,163,164,182,181,164,153,172,168,151,170,168,181,173,163,168,185,194,181,214,193,202,179,171
19081,"Hancock County, IA",149,137,109,111,126,140,136,131,115,127,120,120,134,133,120,121,118,120,135,103,135,154,143,113,123
19083,"Hardin County, IA",280,238,232,245,251,262,250,255,243,224,238,208,223,222,215,233,209,229,202,229,254,281,240,227,213
19085,"Harrison County, IA",187,195,219,178,178,214,181,189,171,186,199,182,178,174,172,207,171,162,193,201,266,194,185,181,205
19087,"Henry County, IA",204,217,210,196,208,202,213,203,212,189,219,233,197,220,214,215,215,223,203,227,289,254,238,230,242
19089,"Howard County, IA",135,119,119,117,125,119,109,112,125,129,110,111,99,121,109,107,103,117,135,131,124,134,130,104,123
19091,"Humboldt County, IA",119,118,126,128,117,131,115,118,108,115,108,120,121,117,129,108,112,124,108,128,132,131,107,106,111
19093,"Ida County, IA",102,93,125,99,100,105,110,90,85,110,97,104,97,84,82,85,103,110,112,108,129,97,96,102,107
19095,"Iowa County, IA",159,183,134,187,161,162,156,183,152,188,145,163,176,194,170,194,174,183,181,229,238,215,205,186,224
19097,"Jackson County, IA",219,203,209,196,201,223,222,191,235,222,201,235,233,226,226,234,187,239,236,231,264,269,226,224,242
19099,"Jasper County, IA",357,354,352,323,338,385,379,336,409,352,363,358,359,365,365,393,363,423,396,391,473,449,422,372,417
19101,"Jefferson County, IA",138,148,155,158,143,154,140,148,165,168,144,165,150,153,148,155,170,192,178,177,213,185,202,177,209
19103,"Johnson County, IA",492,497,547,521,523,548,540,519,631,621,594,581,662,704,671,695,786,681,754,783,856,904,904,874,903
19105,"Jones County, IA",181,188,203,204,193,184,183,172,191,206,189,194,211,222,212,213,189,186,202,217,239,242,222,207,229
19107,"Keokuk County, IA",155,116,124,139,135,136,125,107,115,106,104,92,120,131,118,110,122,133,111,124,152,157,123,132,159
19109,"Kossuth County, IA",205,187,188,183,165,185,174,192,193,155,180,183,184,196,182,206,174,180,166,191,209,219,183,194,178
19111,"Lee County, IA",456,422,393,461,432,442,425,428,443,418,406,463,414,451,445,444,437,435,409,474,508,510,493,480,483
19113,"Linn County, IA",1435,1442,1478,1488,1480,1522,1603,1592,1555,1590,1576,1620,1675,1651,1710,1743,1806,1804,1836,1819,2269,2079,2270,2169,2128
19115,"Louisa County, IA",105,116,106,117,113,106,131,108,120,106,106,102,99,108,107,111,109,117,104,122,123,122,121,113,109
19117,"Lucas County, IA",109,112,100,112,105,122,109,96,113,90,118,103,112,113,111,121,111,115,111,110,125,126,124,107,127
19119,"Lyon County, IA",132,113,122,119,114,127,129,111,127,122,120,127,96,122,103,116,97,122,121,100,128,94,117,123,124
19121,"Madison County, IA",159,144,145,134,118,143,138,144,120,151,152,133,144,150,132,159,157,142,166,144,155,181,159,150,123
19123,"Mahaska County, IA",221,210,202,222,196,205,222,206,218,223,203,230,232,229,238,210,253,253,223,267,295,274,272,253,256
19125,"Marion County, IA",317,328,341,341,342,333,294,331,355,318,304,337,321,338,346,336,334,358,326,370,383,372,387,379,390
19127,"Marshall County, IA",506,526,468,503,450,464,469,410,516,477,448,491,461,473,479,492,472,468,515,470,563,532,552,507,456
19129,"Mills County, IA",145,127,123,140,131,136,140,135,128,141,160,148,164,123,133,129,117,143,134,151,157,156,182,134,129
19131,"Mitchell County, IA",140,129,151,123,139,137,130,106,137,125,124,133,143,120,133,131,125,155,139,147,157,150,147,134,134
19133,"Monona County, IA",168,183,166,166,177,167,138,152,159,162,145,142,150,166,156,147,143,139,142,144,188,157,146,104,166
19135,"Monroe County, IA",109,107,108,95,100,99,103,87,88,95,96,113,86,116,120,101,117,114,97,90,121,110,119,124,90
19137,"Montgomery County, IA",175,157,167,152,151,142,151,140,166,150,150,149,138,156,162,155,125,154,157,164,187,159,157,169,154
19139,"Muscatine County, IA",352,385,393,421,396,379,347,333,421,329,367,388,428,395,395,408,418,412,426,428,513,486,452,459,435
19141,"O'Brien County, IA",198,181,195,193,160,198,192,205,203,196,191,192,182,169,197,208,199,193,212,194,254,183,189,190,159
19143,"Osceola County, IA",79,97,77,74,81,89,90,63,80,82,79,67,74,60,71,76,86,64,65,73,91,91,73,79,70
19145,"Page County, IA",215,250,208,234,189,221,197,191,223,217,200,208,231,192,209,205,213,196,201,200,212,220,216,204,211
19147,"Palo Alto County, IA",124,147,127,134,127,113,127,138,133,114,120,139,125,140,129,128,116,138,126,148,140,139,140,133,105
19149,"Plymouth County, IA",275,236,248,231,237,262,257,239,237,212,232,233,240,249,259,221,241,274,247,243,303,251,286,277,273
19151,"Pocahontas County, IA",107,113,112,121,108,101,125,111,100,88,103,87,110,93,87,100,100,97,102,95,105,112,94,104,86
19153,"Polk County, IA",2774,2788,2865,2853,2761,2857,2862,2962,2995,2982,3018,3126,3107,3301,3326,3422,3489,3739,3563,3829,4459,4310,4398,4146,4278
19155,"Pottawattamie County, IA",868,862,835,908,842,824,832,847,896,908,835,876,863,876,946,949,938,956,921,1011,1182,1142,1122,1065,1058
19157,"Poweshiek County, IA",209,222,227,242,205,212,232,193,218,216,210,243,228,240,212,224,214,223,206,225,235,246,232,212,213
19159,"Ringgold County, IA",99,88,85,84,72,70,88,80,78,56,80,99,68,68,71,82,84,78,81,88,108,87,77,61,67
19161,"Sac County, IA",166,148,161,166,139,140,149,134,159,131,115,141,145,145,143,143,132,146,141,133,154,150,164,120,131
19163,"Scott County, IA",1244,1321,1319,1361,1279,1347,1269,1264,1298,1314,1408,1444,1422,1475,1430,1480,1516,1591,1602,1530,1912,1830,1757,1718,1807
19165,"Shelby County, IA",156,160,162,154,136,152,140,136,162,126,134,137,119,142,161,175,143,149,150,146,188,150,162,156,165
19167,"Sioux County, IA",238,233,314,262,216,256,225,252,247,247,266,246,270,255,258,250,262,256,247,231,319,257,284,256,262
19169,"Story County, IA",474,443,471,488,449,477,457,517,522,472,487,451,434,514,521,505,551,562,562,571,563,628,645,612,635
19171,"Tama County, IA",220,220,186,208,180,208,210,192,173,203,204,211,202,194,221,214,196,199,238,206,261,217,212,190,249
19173,"Taylor County, IA",86,97,97,82,97,72,85,88,93,79,91,76,69,92,87,74,71,97,74,71,92,105,74,78,81
19175,"Union County, IA",160,140,157,161,154,139,172,126,168,131,143,131,146,150,161,148,151,139,155,140,183,172,170,175,141
19177,"Van Buren County, IA",101,111,100,89,100,96,93,82,87,104,94,87,85,88,99,86,98,91,107,100,95,91,89,93,106
19179,"Wapello County, IA",451,385,408,405,399,430,408,388,440,394,408,397,412,407,444,413,392,401,454,431,517,470,475,444,418
19181,"Warren County, IA",338,326,336,370,313,337,332,370,386,374,375,376,369,399,363,390,421,450,453,439,504,533,525,504,518
19183,"Washington County, IA",217,239,238,246,215,240,223,202,279,226,250,247,228,229,239,251,242,263,255,236,300,266,265,267,264
19185,"Wayne County, IA",110,95,102,93,97,117,88,99,106,98,82,95,107,66,82,99,78,82,88,92,105,86,86,89,68
19187,"Webster County, IA",499,449,448,459,448,475,488,469,480,449,428,478,482,454,425,437,435,440,440,436,556,514,467,467,438
19189,"Winnebago County, IA",123,156,141,130,107,113,142,125,137,126,121,133,135,121,128,130,128,115,136,144,163,126,124,152,103
19191,"Winneshiek County, IA",190,196,193,170,171,173,167,157,187,177,158,190,168,190,210,190,201,199,189,191,201,202,226,178,200
19193,"Woodbury County, IA",950,881,994,941,900,882,917,940,929,927,902,899,932,934,907,1009,928,992,988,1009,1215,1085,1021,995,930
19195,"Worth County, IA",91,100,101,114,109,97,66,92,79,72,91,87,107,75,85,91,103,67,88,78,79,100,82,86,97
19197,"Wright County, IA",197,211,207,166,163,182,166,182,157,166,180,145,144,160,158,173,159,168,180,181,193,191,172,166,181
20001,"Allen County, KS",169,192,168,211,176,169,181,174,164,175,182,194,182,200,179,173,154,166,155,170,152,199,199,185,161
20003,"Anderson County, KS",104,99,109,104,97,103,100,75,96,107,95,106,96,94,77,95,113,118,103,100,105,103,115,112,103
20005,"Atchison County, KS",184,175,208,176,191,177,191,191,183,180,190,187,163,170,182,195,191,161,185,164,175,218,170,192,180
20007,"Barber County, KS",73,66,77,56,76,66,65,82,67,61,52,54,67,62,67,69,50,71,59,59,79,66,72,52,71
20009,"Barton County, KS",351,315,293,304,320,270,314,285,349,305,296,330,307,259,287,296,293,293,314,294,375,368,319,290,287
20011,"Bourbon County, KS",222,187,225,181,194,186,207,169,199,166,178,179,179,196,192,209,192,219,192,167,204,213,200,176,183
20013,"Brown County, KS",135,130,149,130,142,150,175,143,121,139,104,139,128,136,117,97,118,143,161,143,166,158,142,142,120
20015,"Butler County, KS",581,494,533,533,551,546,540,578,549,573,615,588,624,633,605,642,641,638,684,664,764,790,796,672,718
20017,"Chase County, KS",37,40,41,44,22,28,47,30,36,25,41,34,30,35,41,29,45,30,44,24,30,32,43,37,35
20019,"Chautauqua County, KS",65,76,88,69,63,73,63,60,70,53,52,64,51,60,50,55,60,51,56,49,47,66,56,51,48
20021,"Cherokee County, KS",277,261,254,255,262,305,269,289,291,264,278,277,273,245,270,244,247,286,284,320,323,312,299,281,271
20023,"Cheyenne County, KS",43,42,40,40,36,49,46,48,37,52,39,39,43,31,33,37,37,30,42,41,55,41,34,42,38
20025,"Clark County, KS",28,23,38,22,33,37,30,28,30,33,30,38,30,29,38,39,30,32,29,31,36,31,27,22,33
20027,"Clay County, KS",107,99,126,84,106,120,110,119,123,111,108,104,89,115,110,111,102,88,112,91,116,112,128,111,92
20029,"Cloud County, KS",175,154,159,170,153,138,150,161,148,155,132,130,131,121,132,150,146,135,148,135,149,157,172,127,121
20031,"Coffey County, KS",95,129,111,109,101,128,112,94,105,83,112,107,103,109,78,106,97,95,100,111,107,111,138,98,112
20033,"Comanche County, KS",31,25,47,34,31,34,39,44,28,27,39,29,23,34,39,37,29,30,27,32,33,32,21,31,26
20035,"Cowley County, KS",440,437,443,435,417,431,398,422,409,418,415,453,406,433,434,461,435,407,442,485,487,504,491,452,433
20037,"Crawford County, KS",484,447,444,480,424,461,438,476,424,367,439,430,414,383,422,439,433,449,426,436,572,517,509,452,427
20039,"Decatur County, KS",47,59,56,50,43,60,60,40,61,44,48,68,59,39,37,42,48,52,47,53,45,58,45,41,42
20041,"Dickinson County, KS",228,224,287,236,212,232,207,228,234,212,234,245,261,223,220,258,240,237,223,238,241,285,319,262,262
20043,"Doniphan County, KS",108,89,71,90,78,90,67,76,79,80,79,82,73,77,79,87,78,102,99,87,102,111,94,79,91
20045,"Douglas County, KS",540,552,558,530,528,603,598,570,552,589,627,595,647,649,695,723,649,798,803,707,872,849,860,885,840
20047,"Edwards County, KS",45,40,48,46,49,42,36,37,40,44,34,44,44,30,41,39,32,53,42,51,77,59,62,54,45
20049,"Elk County, KS",72,56,51,54,51,47,49,49,42,41,48,38,42,45,37,44,40,52,48,32,43,50,44,34,41
20051,"Ellis County, KS",229,249,262,247,240,241,219,252,271,243,225,233,261,249,239,261,258,254,235,227,302,235,265,223,229
20053,"Ellsworth County, KS",103,93,94,69,78,88,76,72,86,80,100,81,69,89,73,103,86,98,82,61,107,83,81,70,65
20055,"Finney County, KS",226,208,212,208,176,188,198,174,200,199,190,188,201,219,201,228,212,219,226,254,319,325,249,260,255
20057,"Ford County, KS",265,295,282,251,254,224,211,226,235,226,266,233,218,246,228,239,241,259,241,267,313,276,281,250,237
20059,"Franklin County, KS",245,237,238,229,231,224,245,251,246,242,245,233,252,255,256,266,297,272,261,282,312,338,321,311,303
20061,"Geary County, KS",196,204,209,198,182,186,197,170,210,217,203,195,206,201,188,218,230,207,200,222,246,273,278,255,218
20063,"Gove County, KS",32,41,38,48,31,34,40,41,39,51,26,39,34,50,41,37,41,31,23,37,55,44,41,35,26
20065,"Graham County, KS",43,38,42,36,38,44,34,39,43,36,39,31,39,20,35,35,33,49,40,29,34,40,41,45,25
20067,"Grant County, KS",64,43,53,55,53,48,60,58,51,40,58,45,70,40,55,53,51,65,62,63,69,59,63,57,54
20069,"Gray County, KS",56,49,70,59,45,62,52,53,51,49,54,43,47,44,47,55,68,39,53,60,62,66,49,75,58
20071,"Greeley County, KS",19,15,23,19,27,17,10,13,,15,14,15,19,16,18,29,23,28,21,24,29,27,29,15,19
20073,"Greenwood County, KS",114,136,136,127,109,114,117,105,104,80,95,86,111,95,96,104,109,116,85,93,99,124,109,81,75
20075,"Hamilton County, KS",31,32,31,24,26,37,29,29,32,31,28,34,32,27,22,31,19,28,20,26,25,27,29,17,19
20077,"Harper County, KS",107,98,106,106,105,107,112,96,93,108,101,96,82,78,80,104,84,93,92,96,108,78,87,90,69
20079,"Harvey County, KS",368,324,347,368,368,321,376,387,349,335,399,378,391,399,415,398,410,402,436,418,458,512,454,431,408
20081,"Haskell County, KS",30,36,27,26,35,27,34,32,32,25,28,29,19,31,26,30,29,30,34,29,28,35,44,35,29
20083,"Hodgeman County, KS",14,26,31,17,35,22,26,22,18,26,17,17,11,20,20,23,24,26,26,34,22,41,31,34,22
20085,"Jackson County, KS",130,139,130,122,103,140,146,113,154,137,120,136,123,126,123,157,125,165,141,124,150,155,176,151,134
20087,"Jefferson County, KS",160,151,165,150,161,180,184,181,161,138,183,182,190,170,182,195,178,211,169,182,209,204,246,202,190
20089,"Jewell County, KS",67,56,51,55,50,43,52,48,45,41,41,46,40,45,45,36,35,33,52,34,41,59,28,43,40
20091,"Johnson County, KS",2663,2861,2867,2863,2834,3105,3162,3096,3365,3241,3317,3454,3558,3728,3652,3873,3748,3988,4124,4361,4723,4826,4818,4722,4805
20093,"Kearny County, KS",38,28,51,39,25,34,39,36,39,38,34,49,45,50,33,36,35,25,33,37,37,48,51,41,37
20095,"Kingman County, KS",100,114,122,111,121,112,95,120,89,105,81,90,107,100,114,110,142,202,204,135,244,265,242,170,119
20097,"Kiowa County, KS",42,48,25,35,31,26,33,33,34,29,23,29,29,31,32,18,20,32,40,32,32,37,36,32,21
20099,"Labette County, KS",328,303,303,300,306,273,283,277,293,254,250,269,280,260,274,254,285,259,255,293,289,303,278,285,291
20101,"Lane County, KS",20,18,39,39,26,24,26,28,30,25,16,34,23,19,28,29,33,31,30,28,31,32,36,33,25
20103,"Leavenworth County, KS",443,563,524,553,524,544,525,496,529,523,553,565,553,562,556,613,656,605,639,677,795,793,766,686,701
20105,"Lincoln County, KS",53,73,49,66,39,56,39,59,46,44,39,52,34,31,34,37,39,35,35,38,47,40,43,48,45
20107,"Linn County, KS",114,130,107,96,86,94,116,105,132,114,108,106,128,115,105,103,117,113,121,110,147,166,153,128,106
20109,"Logan County, KS",50,44,37,32,32,26,40,41,39,30,29,34,35,40,50,35,22,42,42,28,42,50,49,44,43
20111,"Lyon County, KS",325,280,291,281,292,322,289,313,258,275,266,330,256,295,273,299,252,299,307,295,362,320,330,301,315
20113,"McPherson County, KS",344,336,380,325,329,362,375,346,378,357,345,374,365,379,411,381,354,388,361,370,431,421,377,409,373
20115,"Marion County, KS",210,136,211,167,181,192,164,172,180,152,141,183,156,164,170,185,168,165,157,181,159,222,166,149,135
20117,"Marshall County, KS",140,147,134,166,136,145,142,127,110,122,137,130,140,121,129,120,129,142,146,144,143,132,144,124,144
20119,"Meade County, KS",52,38,49,60,45,44,45,50,50,49,51,54,43,55,42,48,53,60,57,41,67,58,59,44,37
20121,"Miami County, KS",265,253,253,257,239,239,228,242,271,245,290,260,233,250,312,320,303,334,273,286,348,419,355,341,323
20123,"Mitchell County, KS",111,82,91,100,97,95,99,88,102,104,99,77,100,96,73,83,67,95,94,95,94,97,81,92,89
20125,"Montgomery County, KS",490,475,490,495,478,491,487,446,478,418,457,464,437,402,422,453,457,457,462,401,481,545,489,441,443
20127,"Morris County, KS",83,77,73,88,69,70,69,74,78,78,71,88,80,68,69,89,82,76,75,77,94,75,90,67,69
20129,"Morton County, KS",33,27,33,31,43,40,33,39,38,36,36,50,27,42,37,40,31,32,38,53,43,44,31,20,21
20131,"Nemaha County, KS",159,169,135,141,153,143,147,143,139,104,134,141,131,135,130,118,118,140,139,146,184,123,131,136,112
20133,"Neosho County, KS",208,194,193,227,192,197,208,204,210,182,197,220,187,195,215,190,202,195,227,204,232,241,244,202,201
20135,"Ness County, KS",61,42,47,54,41,63,51,51,46,45,37,44,38,48,51,47,43,58,43,48,62,53,42,39,53
20137,"Norton County, KS",81,65,64,70,86,58,72,72,75,66,66,51,57,61,63,62,80,59,57,84,84,56,59,74,54
20139,"Osage County, KS",172,191,184,184,184,200,173,175,183,200,162,175,167,191,195,224,188,194,180,185,280,232,222,207,199
20141,"Osborne County, KS",74,70,70,78,74,57,61,75,63,49,46,63,62,65,62,78,66,64,50,50,60,59,61,56,64
20143,"Ottawa County, KS",68,88,77,91,68,66,81,67,72,66,73,68,67,70,60,77,86,83,53,73,80,75,66,78,57
20145,"Pawnee County, KS",102,89,93,86,82,66,85,73,83,79,72,73,77,72,94,76,85,99,95,81,96,86,95,82,88
20147,"Phillips County, KS",84,85,119,95,63,79,75,80,78,70,77,94,66,74,75,70,70,76,77,81,78,77,77,77,68
20149,"Pottawatomie County, KS",174,168,162,172,171,167,177,176,154,170,147,136,164,178,199,193,165,178,176,170,203,225,199,198,217
20151,"Pratt County, KS",128,130,122,110,128,117,94,153,116,96,121,128,114,136,110,119,128,106,133,117,144,129,117,103,123
20153,"Rawlins County, KS",49,41,34,40,49,41,49,34,50,31,34,32,34,51,37,43,42,39,44,42,39,37,48,45,44
20155,"Reno County, KS",700,703,703,643,600,716,700,723,693,692,686,732,763,773,762,741,721,771,706,744,867,825,932,798,786
20157,"Republic County, KS",109,111,104,93,83,78,72,72,68,82,85,95,92,88,95,88,81,96,77,82,82,86,94,74,70
20159,"Rice County, KS",135,131,123,129,140,134,135,110,141,118,121,129,139,131,131,121,115,131,124,125,125,145,146,106,140
20161,"Riley County, KS",297,333,331,279,317,295,284,288,320,330,311,332,316,313,324,340,378,369,411,385,414,431,411,438,425
20163,"Rooks County, KS",71,80,73,70,75,64,73,59,75,73,57,63,66,60,73,62,66,67,72,74,65,73,60,67,84
20165,"Rush County, KS",54,61,67,47,50,56,51,52,48,35,46,50,55,46,50,54,67,58,69,58,70,60,73,44,42
20167,"Russell County, KS",106,99,94,103,110,134,90,110,96,86,106,91,103,84,91,85,81,95,106,99,148,85,110,109,82
20169,"Saline County, KS",493,510,467,502,495,479,528,600,585,461,517,530,536,548,534,539,517,613,558,597,655,736,699,599,647
20171,"Scott County, KS",58,48,65,53,39,52,58,68,47,65,56,66,68,48,44,41,55,51,52,59,62,72,43,56,39
20173,"Sedgwick County, KS",3629,3688,3858,3856,3702,3957,3761,3898,3849,3904,3943,4034,4049,4140,4317,4449,4509,4431,4579,4688,5738,5631,5633,5128,5257
20175,"Seward County, KS",161,152,127,148,139,148,135,132,135,146,134,124,137,121,145,128,134,116,138,135,162,163,154,159,144
20177,"Shawnee County, KS",1758,1786,1704,1740,1564,1604,1647,1658,1756,1660,1643,1685,1753,1713,1873,1891,1874,1886,2054,1957,2296,2155,2248,1979,2127
20179,"Sheridan County, KS",27,46,35,34,27,34,32,23,33,31,34,32,32,24,37,32,30,24,32,30,51,40,43,31,30
20181,"Sherman County, KS",73,67,79,66,78,72,75,78,74,84,62,77,65,89,65,82,66,64,68,71,67,62,77,84,48
20183,"Smith County, KS",76,79,60,78,65,75,45,70,75,53,62,60,62,68,76,52,70,58,54,57,54,55,70,54,63
20185,"Stafford County, KS",74,70,80,46,63,57,64,71,56,53,67,65,57,55,60,66,40,69,62,65,69,81,57,56,52
20187,"Stanton County, KS",26,16,22,19,25,15,24,13,19,19,17,16,21,12,25,17,22,21,24,20,23,19,17,26,16
20189,"Stevens County, KS",52,63,39,50,47,50,43,53,45,41,52,43,47,45,58,53,45,56,42,46,57,54,65,39,46
20191,"Sumner County, KS",309,247,271,294,277,283,296,261,271,260,279,288,272,257,253,258,247,266,289,266,316,322,331,277,272
20193,"Thomas County, KS",79,75,77,62,96,89,69,70,94,69,88,63,65,83,76,88,69,67,89,95,83,72,97,80,96
20195,"Trego County, KS",49,45,46,37,54,45,56,44,41,49,47,49,47,40,50,49,55,42,41,38,50,45,28,51,39
20197,"Wabaunsee County, KS",75,77,55,65,60,64,78,68,58,51,76,75,73,70,59,68,68,48,77,63,67,92,60,62,47
20199,"Wallace County, KS",19,21,21,26,,23,17,17,18,16,21,16,17,19,21,23,16,13,17,13,20,19,16,13,12
20201,"Washington County, KS",100,110,96,94,92,77,95,85,76,87,77,70,71,74,60,79,75,69,79,60,78,83,68,60,64
20203,"Wichita County, KS",26,24,29,20,35,22,28,15,21,29,22,26,26,28,23,25,22,25,26,17,38,30,26,14,20
20205,"Wilson County, KS",169,138,135,147,132,125,132,162,135,139,130,114,137,130,127,115,102,118,121,109,124,155,141,147,115
20207,"Woodson County, KS",55,65,69,61,59,63,58,49,66,60,48,50,51,64,44,53,52,42,52,40,60,55,54,42,42
20209,"Wyandotte County, KS",1533,1556,1591,1522,1458,1431,1435,1321,1406,1311,1307,1330,1352,1379,1361,1363,1349,1365,1427,1480,1725,1654,1586,1640,1710
21001,"Adair County, KY",179,163,183,185,168,167,165,145,198,213,177,185,200,194,186,188,197,226,211,215,309,270,268,242,269
21003,"Allen County, KY",181,187,201,228,187,202,179,179,200,228,178,220,201,216,220,229,244,255,250,248,270,290,283,250,285
21005,"Anderson County, KY",154,164,176,168,156,170,174,179,153,172,199,194,168,205,207,209,253,265,236,220,292,292,269,277,278
21007,"Ballard County, KY",121,101,116,100,89,103,125,101,93,109,114,100,108,106,104,101,119,111,108,107,106,134,129,130,113
21009,"Barren County, KY",422,430,424,435,406,448,416,451,448,473,422,445,455,450,538,491,511,536,540,549,612,654,611,634,610
21011,"Bath County, KY",133,128,120,145,122,127,133,140,142,144,149,136,137,132,131,151,152,155,163,157,180,222,207,177,198
21013,"Bell County, KY",354,362,394,399,335,380,373,379,359,366,392,363,400,361,366,438,402,385,422,419,441,549,465,442,410
21015,"Boone County, KY",505,539,585,560,563,642,630,645,713,752,695,691,759,773,786,893,871,972,912,1007,1088,1170,1187,1049,1085
21017,"Bourbon County, KY",202,202,199,213,202,208,199,180,191,222,209,197,203,190,205,220,235,224,253,250,250,334,273,250,238
21019,"Boyd County, KY",632,594,618,590,621,619,561,577,642,568,589,567,594,616,582,619,656,679,655,679,762,802,797,726,702
21021,"Boyle County, KY",285,339,304,295,299,324,299,288,293,296,314,348,278,290,322,310,341,335,353,381,407,442,390,389,401
21023,"Bracken County, KY",92,91,82,78,83,85,77,96,90,100,76,87,88,100,106,103,89,97,103,93,110,140,113,114,103
21025,"Breathitt County, KY",165,184,203,179,174,207,176,166,190,184,183,163,189,199,220,185,200,184,219,187,214,277,225,242,198
21027,"Breckinridge County, KY",195,191,222,207,226,203,211,202,241,196,200,237,238,221,221,255,225,250,234,210,282,355,317,245,263
21029,"Bullitt County, KY",350,373,388,396,350,422,405,444,451,470,477,466,517,540,572,614,665,679,656,675,814,857,899,828,848
21031,"Butler County, KY",134,122,137,123,133,132,133,125,157,119,136,158,135,149,146,132,186,158,168,177,213,189,155,172,161
21033,"Caldwell County, KY",154,192,173,165,171,180,148,160,165,173,171,158,188,165,183,168,151,150,175,189,186,210,165,175,182
21035,"Calloway County, KY",367,366,348,369,297,332,339,327,373,391,377,400,371,370,412,396,380,386,420,417,469,511,495,414,478
21037,"Campbell County, KY",831,859,883,878,829,835,835,773,805,824,790,810,874,790,861,832,909,861,884,911,968,957,932,883,814
21039,"Carlisle County, KY",76,77,51,72,63,61,62,82,76,62,74,60,66,67,61,83,68,76,55,85,82,107,88,81,66
21041,"Carroll County, KY",137,115,103,125,100,131,118,95,105,119,109,132,133,111,128,168,139,123,140,145,148,155,160,141,153
21043,"Carter County, KY",298,308,284,283,299,294,293,290,278,326,301,319,288,285,298,346,290,376,333,380,369,440,488,419,406
21045,"Casey County, KY",167,184,183,195,175,197,185,170,190,196,205,189,187,184,181,198,214,186,188,208,246,243,250,204,245
21047,"Christian County, KY",606,579,575,613,573,582,621,572,582,581,568,604,613,632,573,542,601,620,662,642,788,837,778,719,734
21049,"Clark County, KY",312,302,365,299,310,314,343,309,359,348,365,373,402,424,413,419,422,387,481,428,451,529,504,498,463
21051,"Clay County, KY",238,222,252,242,243,235,195,233,240,242,272,281,262,241,239,264,297,259,291,273,275,393,337,307,309
21053,"Clinton County, KY",104,116,123,126,125,140,118,127,117,110,118,133,129,131,136,157,121,130,122,141,175,157,152,155,179
21055,"Crittenden County, KY",133,151,118,126,107,117,114,135,121,97,109,125,142,124,123,132,133,122,136,135,136,157,133,123,124
21057,"Cumberland County, KY",103,114,90,91,89,109,104,117,111,111,101,100,88,105,105,110,109,96,98,113,112,111,119,108,106
21059,"Daviess County, KY",950,901,899,881,874,959,890,855,976,943,992,929,986,1012,1027,1017,1096,1111,1091,1125,1214,1310,1246,1252,1157
21061,"Edmonson County, KY",98,108,116,121,99,102,121,103,119,130,127,119,139,126,142,147,145,162,144,148,164,187,175,157,152
21063,"Elliott County, KY",72,75,68,68,80,82,68,83,76,57,67,67,79,77,72,61,90,78,75,86,78,115,80,83,88
21065,"Estill County, KY",164,191,187,164,161,185,155,164,164,170,174,202,165,209,200,205,188,226,203,185,220,275,226,253,195
21067,"Fayette County, KY",1975,2008,2051,1946,1839,2005,1968,2058,2012,1955,2043,2074,2138,2205,2300,2355,2464,2482,2521,2421,2906,2842,2900,2771,2675
21069,"Fleming County, KY",149,150,146,157,146,172,158,148,147,167,162,157,172,209,175,184,179,178,172,174,207,208,235,180,199
21071,"Floyd County, KY",493,445,494,523,499,482,491,492,525,522,483,527,521,490,463,554,556,565,516,573,662,681,730,599,596
21073,"Franklin County, KY",449,454,496,500,434,517,432,415,474,465,495,482,488,522,504,534,585,571,590,571,629,760,738,659,658
21075,"Fulton County, KY",115,109,126,114,99,132,103,97,98,117,99,106,107,116,98,78,93,113,94,108,117,125,113,98,103
21077,"Gallatin County, KY",86,76,100,83,85,86,64,80,100,74,96,93,100,97,108,96,108,116,103,93,118,120,108,118,94
21079,"Garrard County, KY",130,132,121,145,130,129,138,157,168,152,144,144,176,162,183,168,160,217,195,183,234,241,237,243,220
21081,"Grant County, KY",184,218,184,181,160,212,200,198,199,213,190,195,236,217,234,252,247,262,265,238,282,321,314,271,289
21083,"Graves County, KY",457,477,444,465,423,441,429,428,447,425,458,447,466,440,454,426,494,444,460,510,561,578,514,485,463
21085,"Grayson County, KY",280,310,257,271,246,248,296,254,261,268,289,335,324,314,304,321,341,339,353,319,382,447,416,348,346
21087,"Green County, KY",113,144,155,136,145,126,147,124,138,130,128,122,129,147,123,160,147,140,155,160,170,164,175,160,175
21089,"Greenup County, KY",421,390,430,378,410,376,388,433,472,439,419,447,426,471,459,476,473,500,486,522,570,578,569,536,549
21091,"Hancock County, KY",61,71,83,69,70,81,60,64,87,79,73,83,84,87,75,86,77,89,83,103,123,114,110,103,99
21093,"Hardin County, KY",697,672,712,659,686,691,768,695,754,816,826,803,853,858,890,929,906,865,1013,997,1202,1397,1278,1105,1115
21095,"Harlan County, KY",421,440,426,466,428,424,413,419,391,403,395,392,429,484,385,420,412,422,449,449,559,586,517,459,432
21097,"Harrison County, KY",186,194,213,169,183,201,197,208,175,202,223,221,213,236,225,230,220,226,236,238,254,298,293,267,232
21099,"Hart County, KY",201,180,194,169,196,213,207,201,206,194,168,187,228,201,220,224,218,249,211,226,264,270,253,238,255
21101,"Henderson County, KY",460,439,444,438,420,454,457,427,463,492,500,476,446,507,504,532,520,520,522,533,631,638,610,546,591
21103,"Henry County, KY",166,150,169,130,146,162,136,170,172,154,160,172,164,170,156,185,172,210,182,196,194,230,213,188,183
21105,"Hickman County, KY",58,71,71,74,62,74,54,58,74,74,79,62,42,65,75,56,70,65,72,72,93,72,89,90,80
21107,"Hopkins County, KY",549,519,597,591,569,573,562,535,578,533,543,542,641,579,576,641,649,620,581,582,716,759,666,637,652
21109,"Jackson County, KY",140,152,153,164,134,128,143,147,146,151,177,164,170,154,130,159,174,168,184,175,213,225,180,198,189
21111,"Jefferson County, KY",7181,7055,7265,7093,6766,6849,6866,6995,6912,6755,7081,7196,7375,7304,7521,7861,8149,8107,8113,8068,9564,9589,9370,8652,8248
21113,"Jessamine County, KY",290,313,315,303,319,333,334,367,340,333,384,372,361,399,479,488,455,517,462,504,549,600,569,555,500
21115,"Johnson County, KY",268,266,263,277,266,296,283,257,280,270,267,284,301,295,278,294,306,344,345,308,350,438,376,340,334
21117,"Kenton County, KY",1216,1355,1345,1307,1294,1403,1329,1308,1338,1317,1367,1384,1397,1423,1453,1586,1506,1530,1577,1562,1642,1758,1572,1623,1473
21119,"Knott County, KY",163,177,163,182,144,180,203,199,158,173,191,211,226,196,187,192,228,197,216,188,231,272,263,239,238
21121,"Knox County, KY",332,341,364,354,349,381,370,359,391,411,374,394,352,331,406,408,426,431,394,433,484,525,532,476,434
21123,"Larue County, KY",148,133,154,163,147,169,146,170,139,154,155,165,157,157,175,152,172,177,175,182,191,226,198,190,222
21125,"Laurel County, KY",520,513,517,503,509,519,511,508,594,556,564,597,567,539,548,618,660,669,672,705,838,940,825,742,758
21127,"Lawrence County, KY",170,175,183,169,186,157,189,142,184,193,195,188,213,193,212,197,210,215,242,213,214,279,262,242,215
21129,"Lee County, KY",74,104,106,103,101,97,78,97,90,115,107,108,101,97,109,86,113,100,105,132,145,152,118,134,129
21131,"Leslie County, KY",136,136,133,145,144,131,129,117,124,156,170,156,161,162,164,145,165,150,173,190,159,207,193,155,172
21133,"Letcher County, KY",302,315,313,301,279,279,334,293,294,273,297,334,313,336,296,311,354,339,340,372,373,431,426,362,393
21135,"Lewis County, KY",147,137,167,170,157,155,118,133,161,137,164,132,168,142,161,168,186,198,192,184,217,232,216,167,171
21137,"Lincoln County, KY",218,238,260,239,241,213,247,257,257,260,283,252,266,270,306,315,298,292,307,327,377,436,386,286,341
21139,"Livingston County, KY",100,112,119,124,124,106,114,112,133,117,133,130,117,132,125,126,137,136,129,124,180,175,162,119,126
21141,"Logan County, KY",259,296,272,286,272,294,298,280,287,287,306,293,298,302,328,318,289,339,344,338,368,389,384,360,369
21143,"Lyon County, KY",117,105,90,95,106,105,102,107,113,122,109,101,92,121,119,137,115,112,125,117,134,139,141,123,140
21145,"McCracken County, KY",799,755,765,752,691,737,783,744,769,788,787,796,812,851,789,813,833,775,833,796,917,1007,1006,842,889
21147,"McCreary County, KY",166,168,168,194,201,168,183,150,186,168,176,177,221,199,193,218,213,252,230,232,237,290,276,216,236
21149,"McLean County, KY",108,126,108,120,104,108,130,129,112,115,107,119,114,126,128,109,144,116,122,116,146,145,129,142,128
21151,"Madison County, KY",509,527,605,533,524,566,607,609,623,625,651,678,659,700,727,774,753,837,825,833,992,1072,995,949,1021
21153,"Magoffin County, KY",142,141,115,117,132,138,135,162,161,142,138,160,140,137,165,160,147,174,185,176,179,218,208,166,170
21155,"Marion County, KY",182,200,167,176,177,187,187,173,177,194,188,208,205,198,215,192,222,224,227,217,255,258,245,225,233
21157,"Marshall County, KY",357,361,386,345,385,353,381,374,400,411,390,408,403,376,450,405,472,423,464,447,461,512,461,446,451
21159,"Martin County, KY",113,139,125,113,118,102,147,125,118,138,137,146,154,135,114,142,151,139,156,135,161,187,161,159,129
21161,"Mason County, KY",221,185,205,198,178,183,207,226,176,197,196,197,187,228,241,218,230,232,221,263,241,273,251,234,212
21163,"Meade County, KY",158,176,164,155,197,168,179,205,150,196,214,221,202,212,235,257,245,273,290,274,299,358,286,259,297
21165,"Menifee County, KY",51,71,58,61,58,71,61,75,77,80,81,65,62,68,75,96,88,97,92,75,97,128,97,98,114
21167,"Mercer County, KY",257,217,218,235,241,235,247,262,244,247,238,236,267,232,255,277,284,246,331,295,313,351,336,325,281
21169,"Metcalfe County, KY",96,146,151,125,144,103,117,111,123,129,128,131,123,127,114,140,143,129,117,163,178,160,167,177,140
21171,"Monroe County, KY",132,132,145,142,128,130,147,155,164,146,179,161,152,151,144,170,152,168,144,148,173,185,192,185,166
21173,"Montgomery County, KY",218,226,238,210,201,211,257,223,255,259,229,239,285,226,268,311,331,322,307,323,358,436,367,342,342
21175,"Morgan County, KY",126,104,134,111,115,144,100,153,123,160,135,139,128,149,144,155,149,130,160,149,165,183,181,158,164
21177,"Muhlenberg County, KY",389,389,400,406,359,345,398,382,420,421,360,384,352,377,410,393,364,407,387,413,432,482,457,409,427
21179,"Nelson County, KY",338,303,312,302,304,289,320,359,355,357,356,334,373,388,361,405,442,458,454,459,516,618,548,527,562
21181,"Nicholas County, KY",80,83,94,89,98,87,100,113,93,107,94,106,93,106,100,106,112,90,92,98,93,117,117,88,87
21183,"Ohio County, KY",269,264,267,285,228,247,248,250,278,250,229,259,280,277,270,290,311,284,298,286,307,372,360,293,306
21185,"Oldham County, KY",268,255,266,273,252,325,305,298,288,320,327,314,374,345,420,407,405,440,442,449,498,486,508,463,502
21187,"Owen County, KY",105,105,100,130,98,111,97,103,98,99,103,109,108,127,106,118,118,117,122,131,159,158,151,145,146
21189,"Owsley County, KY",64,86,76,60,67,82,76,68,79,64,70,80,93,81,75,81,69,68,76,80,106,83,92,87,78
21191,"Pendleton County, KY",122,125,100,113,119,138,146,140,150,148,125,178,124,144,151,166,147,156,179,182,194,209,181,187,177
21193,"Perry County, KY",294,342,355,369,326,378,381,346,373,417,422,430,404,401,378,415,460,439,419,488,523,594,517,437,405
21195,"Pike County, KY",776,753,810,787,730,802,817,811,823,779,811,799,832,794,839,827,814,778,841,846,969,1080,1011,958,970
21197,"Powell County, KY",119,141,120,127,142,158,136,139,145,133,171,137,180,166,175,174,157,193,184,187,191,221,215,193,190
21199,"Pulaski County, KY",622,614,649,660,649,654,636,669,704,729,732,724,800,793,824,809,871,864,821,826,970,1044,976,1004,964
21201,"Robertson County, KY",26,42,24,32,20,31,32,31,27,32,49,26,38,37,42,36,28,40,29,26,46,39,35,41,31
21203,"Rockcastle County, KY",156,172,185,180,182,180,194,172,198,218,195,208,202,197,205,194,188,186,235,225,221,320,275,282,256
21205,"Rowan County, KY",158,161,177,182,211,182,190,204,197,184,218,207,221,230,216,240,244,250,230,210,268,329,282,256,269
21207,"Russell County, KY",204,193,192,193,181,169,217,176,190,208,229,221,225,219,242,234,274,268,234,252,301,310,269,265,285
21209,"Scott County, KY",253,223,230,239,234,201,262,281,297,308,282,303,314,321,347,390,379,441,469,423,487,564,500,522,533
21211,"Shelby County, KY",284,279,276,290,278,266,273,298,286,285,335,304,347,327,398,338,405,339,447,377,488,509,520,439,479
21213,"Simpson County, KY",171,172,179,170,164,184,158,178,183,158,191,199,187,155,201,174,231,204,223,231,259,266,263,251,219
21215,"Spencer County, KY",103,90,76,100,96,93,104,103,99,131,119,118,147,111,132,151,161,148,146,154,186,213,175,187,205
21217,"Taylor County, KY",266,273,248,245,243,267,238,268,265,299,261,270,292,272,290,302,286,329,300,340,376,447,410,355,359
21219,"Todd County, KY",111,123,141,137,136,118,142,133,124,130,131,119,136,126,125,124,152,153,140,132,144,184,156,177,157
21221,"Trigg County, KY",152,161,165,146,154,142,162,156,156,170,161,163,163,199,163,162,167,175,170,182,224,258,210,222,191
21223,"Trimble County, KY",87,75,72,83,84,93,85,76,73,88,85,62,93,91,85,115,108,105,94,105,115,147,116,86,121
21225,"Union County, KY",159,184,184,190,153,164,142,140,201,192,157,153,143,158,176,178,202,172,178,158,173,245,188,183,176
21227,"Warren County, KY",735,783,804,811,725,823,759,777,846,800,838,926,934,962,904,1006,1015,1052,1064,1083,1290,1337,1265,1286,1286
21229,"Washington County, KY",145,116,109,111,113,118,113,108,133,119,128,140,139,117,127,142,158,133,143,144,173,151,187,161,163
21231,"Wayne County, KY",199,222,202,235,227,196,203,215,205,192,185,231,206,248,265,236,240,268,216,257,300,335,284,290,277
21233,"Webster County, KY",158,163,159,165,156,152,166,161,172,162,171,168,169,156,170,184,171,178,158,152,207,205,195,168,174
21235,"Whitley County, KY",401,426,402,488,411,445,398,383,437,432,430,464,444,489,472,519,497,516,528,472,554,636,620,551,563
21237,"Wolfe County, KY",97,85,105,102,101,99,86,87,92,105,109,98,107,98,110,109,115,95,108,127,123,165,135,129,128
21239,"Woodford County, KY",212,182,201,193,188,192,223,188,184,202,208,225,230,207,228,251,246,255,241,278,281,303,310,276,257
22001,"Acadia Parish, LA",599,644,610,606,605,680,644,664,596,606,639,694,640,629,650,645,616,648,675,717,896,891,792,702,734
22003,"Allen Parish, LA",246,220,221,242,247,269,73,26,93,229,235,251,230,255,274,250,270,290,257,277,369,339,308,263,261
22005,"Ascension Parish, LA",478,507,537,576,543,543,588,657,648,663,623,640,650,714,775,662,762,751,819,722,997,1035,1043,975,1037
22007,"Assumption Parish, LA",189,202,200,202,194,203,175,204,241,207,202,221,205,215,226,235,199,251,208,236,258,325,247,244,215
22009,"Avoyelles Parish, LA",481,464,517,462,502,526,466,464,463,445,491,498,531,503,502,457,487,490,515,503,607,627,545,540,544
22011,"Beauregard Parish, LA",300,326,305,308,330,365,356,347,347,350,321,314,329,350,387,344,407,415,390,364,485,469,393,399,396
22013,"Bienville Parish, LA",233,225,236,226,232,203,214,212,214,194,211,207,213,226,186,197,207,175,194,209,261,265,201,200,226
22015,"Bossier Parish, LA",776,774,797,855,860,845,848,832,829,903,936,920,925,977,1038,1062,1034,1077,1091,1139,1326,1381,1294,1246,1198
22017,"Caddo Parish, LA",2631,2720,2624,2694,2614,2712,2650,2671,2743,2601,2672,2650,2782,2757,2790,2777,2736,2808,2819,2739,3561,3412,3212,2862,2985
22019,"Calcasieu Parish, LA",1684,1753,1705,1761,1833,1902,1830,1844,1900,1788,1907,1791,1869,1931,2034,2025,2029,2142,2012,2098,2615,2455,2101,2033,2101
22021,"Caldwell Parish, LA",112,120,105,139,126,129,118,125,144,127,120,143,126,117,130,131,109,141,132,129,150,158,164,161,168
22023,"Cameron Parish, LA",65,81,68,68,79,75,57,50,52,56,42,39,41,35,49,53,47,50,52,53,67,52,50,38,66
22025,"Catahoula Parish, LA",106,139,138,114,130,123,115,120,135,131,123,122,131,156,131,152,147,121,122,94,162,148,138,133,124
22027,"Claiborne Parish, LA",245,215,194,201,185,208,169,208,205,183,187,195,187,203,179,193,190,200,182,200,238,202,192,197,201
22029,"Concordia Parish, LA",198,217,211,209,215,260,257,223,277,230,244,219,233,250,258,275,247,240,259,241,305,296,261,247,257
22031,"De Soto Parish, LA",300,274,279,315,274,301,290,273,314,271,279,279,292,275,282,300,308,307,299,321,357,376,345,331,309
22033,"East Baton Rouge Parish, LA",3204,3296,3433,3352,3361,3501,3651,3476,3605,3496,3505,3448,3729,3621,3777,3835,3854,3893,3985,3924,4868,5084,4577,4240,4533
22035,"East Carroll Parish, LA",122,90,99,107,106,90,96,98,94,82,85,71,87,88,89,84,82,80,98,92,100,116,82,82,107
22037,"East Feliciana Parish, LA",211,224,229,234,243,234,226,219,233,209,193,220,246,250,251,221,267,262,238,276,317,295,263,288,284
22039,"Evangeline Parish, LA",408,392,388,379,403,412,353,366,385,362,375,348,363,354,359,382,374,376,392,396,502,490,399,450,408
22041,"Franklin Parish, LA",285,307,236,286,266,268,247,246,247,261,276,256,285,265,273,297,281,249,286,244,338,314,319,270,285
22043,"Grant Parish, LA",214,182,201,195,196,211,196,238,209,189,177,211,236,215,202,210,204,233,249,213,283,283,279,251,246
22045,"Iberia Parish, LA",602,685,649,682,646,694,688,706,739,703,697,706,672,756,727,749,731,750,791,740,932,932,874,822,757
22047,"Iberville Parish, LA",319,310,339,329,343,367,301,292,261,270,284,272,329,314,372,349,350,334,336,330,461,437,372,386,357
22049,"Jackson Parish, LA",192,227,216,214,192,206,167,180,202,199,190,168,177,203,195,198,197,181,198,188,238,224,224,229,186
22051,"Jefferson Parish, LA",4083,4117,4260,4155,4122,4382,3892,4005,3998,3912,3983,4010,4103,4114,4136,4043,4181,4379,4303,4381,5237,5130,4631,4335,4293
22053,"Jefferson Davis Parish, LA",343,325,328,325,321,363,339,336,382,383,359,358,347,391,385,353,377,420,387,416,453,515,452,417,411
22055,"Lafayette Parish, LA",1370,1383,1424,1483,1424,1492,1539,1626,1602,1559,1632,1623,1719,1650,1675,1753,1700,1840,1855,1853,2274,2421,2226,2238,2175
22057,"Lafourche Parish, LA",711,737,735,766,705,797,777,784,815,778,817,841,815,955,901,877,862,958,908,928,1102,1218,1082,995,938
22059,"LaSalle Parish, LA",184,165,160,171,180,182,162,160,154,168,158,171,168,181,145,167,161,177,171,163,215,200,216,202,210
22061,"Lincoln Parish, LA",356,319,301,350,365,371,297,360,354,388,383,328,339,399,372,384,366,415,379,417,512,490,428,494,417
22063,"Livingston Parish, LA",650,709,712,714,730,805,860,849,905,906,907,942,1011,1024,1099,1099,1079,1035,1173,1105,1336,1603,1463,1363,1357
22065,"Madison Parish, LA",155,174,144,147,168,175,156,140,150,147,144,133,133,116,142,131,131,143,119,144,139,151,123,128,133
22067,"Morehouse Parish, LA",353,360,374,383,391,377,409,410,373,350,393,383,357,373,385,378,338,393,369,393,487,506,388,360,404
22069,"Natchitoches Parish, LA",409,345,397,378,381,383,383,361,358,363,388,388,381,377,372,410,435,413,386,426,510,535,508,421,471
22071,"Orleans Parish, LA",5057,5020,5070,4994,5037,5073,2695,2660,2771,2744,2801,2947,3042,3209,3119,3196,3273,3418,3373,3431,4370,4106,3808,3592,3304
22073,"Ouachita Parish, LA",1386,1421,1318,1395,1272,1510,1423,1420,1518,1481,1417,1493,1447,1518,1529,1525,1617,1557,1698,1620,2014,2055,1866,1738,1766
22075,"Plaquemines Parish, LA",203,230,218,230,225,228,151,178,191,178,149,187,192,181,180,176,176,201,176,201,237,225,204,189,196
22077,"Pointe Coupee Parish, LA",242,233,230,244,250,237,226,242,257,231,219,223,261,258,309,253,260,258,257,275,326,329,342,307,269
22079,"Rapides Parish, LA",1341,1352,1357,1425,1304,1356,1360,1156,1315,1305,1272,1348,1437,1458,1388,1441,1480,1551,1508,1534,1887,1980,1767,1641,1691
22081,"Red River Parish, LA",121,127,103,107,96,124,105,116,111,118,84,102,109,121,106,116,100,117,120,93,153,135,113,115,99
22083,"Richland Parish, LA",274,256,272,242,242,267,215,249,234,244,260,232,250,235,204,236,216,245,249,228,297,304,289,277,262
22085,"Sabine Parish, LA",275,266,281,266,258,259,236,276,271,232,288,276,289,292,282,287,254,309,281,280,380,375,336,299,314
22087,"St. Bernard Parish, LA",717,733,768,802,806,839,278,228,283,276,274,311,343,302,329,358,378,372,402,363,446,493,400,399,385
22089,"St. Charles Parish, LA",336,315,322,371,326,378,372,363,356,369,385,402,372,392,450,390,407,429,432,466,537,503,481,414,467
22091,"St. Helena Parish, LA",94,100,106,96,98,107,127,95,120,110,139,110,122,128,130,119,137,130,111,132,160,173,152,133,139
22093,"St. James Parish, LA",191,189,189,181,189,171,213,190,195,199,189,152,213,192,209,177,227,218,199,202,248,256,239,228,200
22095,"St. John the Baptist Parish, LA",300,295,296,345,364,343,343,337,411,383,391,390,382,373,408,382,412,422,441,426,515,478,412,454,466
22097,"St. Landry Parish, LA",859,927,863,968,901,938,924,925,973,947,921,897,916,922,1008,1001,998,986,1044,1071,1257,1252,1171,1059,1045
22099,"St. Martin Parish, LA",411,379,421,441,391,444,440,414,441,431,413,417,433,469,520,475,507,483,545,499,677,632,621,583,531
22101,"St. Mary Parish, LA",461,478,500,536,563,548,554,498,525,507,520,559,534,554,523,585,544,573,583,561,689,719,693,600,556
22103,"St. Tammany Parish, LA",1441,1487,1581,1553,1630,1812,1750,1888,1931,1883,1893,1942,2054,2096,2188,2111,2122,2283,2382,2391,2787,2969,2812,2706,2741
22105,"Tangipahoa Parish, LA",946,983,956,995,1046,1079,1089,1112,1170,1116,1076,1083,1151,1209,1180,1167,1282,1312,1267,1300,1524,1782,1593,1567,1484
22107,"Tensas Parish, LA",79,82,81,65,69,88,85,57,60,75,56,57,58,59,55,44,72,52,58,71,80,85,50,63,54
22109,"Terrebonne Parish, LA",766,841,839,811,841,934,973,931,992,941,963,975,981,1047,1042,1021,976,1121,1072,1054,1258,1395,1153,1106,1027
22111,"Union Parish, LA",285,259,248,267,227,261,263,264,266,222,267,237,253,291,264,256,276,298,280,280,408,350,353,288,327
22113,"Vermilion Parish, LA",516,526,582,551,545,546,523,556,571,526,530,571,537,530,547,564,566,575,618,598,727,779,668,647,659
22115,"Vernon Parish, LA",341,345,338,393,317,360,344,317,349,348,336,349,368,410,399,378,428,428,457,411,541,490,508,443,502
22117,"Washington Parish, LA",559,525,529,572,565,603,560,583,532,580,533,553,575,542,612,593,602,605,620,644,739,763,699,674,636
22119,"Webster Parish, LA",518,554,522,584,500,535,551,534,529,501,542,445,500,578,506,513,554,559,540,477,674,699,610,566,529
22121,"West Baton Rouge Parish, LA",157,166,166,177,179,214,204,177,163,171,155,196,180,220,210,233,205,202,216,207,293,288,262,279,267
22123,"West Carroll Parish, LA",146,147,148,160,149,143,141,138,138,157,144,117,139,158,125,139,167,132,147,132,173,159,165,184,148
22125,"West Feliciana Parish, LA",97,83,102,106,91,126,130,86,113,105,110,117,120,116,128,132,130,152,146,131,168,172,175,144,131
22127,"Winn Parish, LA",205,210,206,214,222,178,181,204,167,193,162,142,181,171,171,170,175,179,177,189,229,212,205,200,194
23001,"Androscoggin County, ME",1023,1051,1045,1074,1008,1061,1010,1038,997,982,1053,1027,1049,995,1069,1136,1143,1162,1194,1301,1264,1480,1397,1358,1302
23003,"Aroostook County, ME",813,818,863,916,828,892,756,852,831,793,802,865,827,855,817,936,886,875,858,877,963,1108,1142,1072,1003
23005,"Cumberland County, ME",2344,2394,2481,2389,2384,2375,2351,2325,2351,2400,2349,2455,2436,2592,2540,2707,2631,2745,2772,2821,2960,3100,3148,3176,3159
23007,"Franklin County, ME",278,276,247,283,272,264,280,294,316,290,296,306,295,291,324,344,337,351,372,355,339,410,398,385,447
23009,"Hancock County, ME",513,597,575,551,592,563,531,554,553,558,538,529,533,595,594,621,575,660,603,660,684,753,714,655,675
23011,"Kennebec County, ME",1079,1147,1190,1143,1151,1166,1128,1160,1175,1231,1318,1227,1193,1356,1318,1377,1263,1365,1365,1357,1459,1630,1617,1603,1613
23013,"Knox County, ME",455,458,469,442,409,412,443,420,431,404,427,418,408,464,428,539,487,506,503,502,485,540,518,573,557
23015,"Lincoln County, ME",375,404,353,339,392,407,371,419,378,387,393,390,434,405,451,386,436,435,421,397,468,453,508,475,524
23017,"Oxford County, ME",557,613,561,646,623,652,598,604,617,620,561,629,614,651,628,644,671,674,709,701,723,849,810,818,766
23019,"Penobscot County, ME",1403,1313,1392,1343,1387,1446,1370,1326,1440,1400,1398,1461,1521,1549,1470,1643,1657,1636,1737,1725,1842,2000,2033,1921,1861
23021,"Piscataquis County, ME",190,208,270,219,219,215,211,197,226,208,232,208,241,210,235,242,235,264,248,250,247,303,287,282,265
23023,"Sagadahoc County, ME",275,283,331,299,343,355,351,312,275,346,312,323,317,335,372,387,374,358,365,362,375,437,443,428,404
23025,"Somerset County, ME",551,531,479,532,458,529,490,550,518,502,587,530,535,570,563,604,665,626,588,634,663,774,781,740,687
23027,"Waldo County, ME",384,331,322,356,329,371,345,353,351,379,357,371,350,372,386,404,367,474,409,452,458,529,533,485,520
23029,"Washington County, ME",438,415,452,414,440,455,389,403,427,405,421,417,413,455,407,439,443,433,449,415,528,531,614,515,469
23031,"York County, ME",1676,1582,1664,1594,1608,1705,1670,1686,1655,1689,1706,1845,1704,1852,1908,2070,2012,2112,2122,2256,2282,2372,2421,2264,2343
24001,"Allegany County, MD",921,886,923,912,913,940,890,920,861,893,913,908,869,946,910,951,938,937,869,912,1165,1056,1026,944,1033
24003,"Anne Arundel County, MD",3554,3578,3675,3566,3551,3747,3828,3724,3908,3768,3776,3951,3953,4181,4235,4089,4373,4444,4607,4529,5027,4996,4979,4806,4676
24005,"Baltimore County, MD",7657,7652,7642,7741,7368,7789,7709,7580,7699,7836,7491,7592,7678,7096,7391,8128,8442,8487,8519,8503,9905,9466,9057,8566,8498
24009,"Calvert County, MD",494,504,558,549,579,603,621,616,609,586,578,631,618,643,640,659,721,701,676,780,825,860,843,890,837
24011,"Caroline County, MD",329,315,319,311,303,296,322,306,313,330,300,315,325,325,355,329,337,355,357,316,412,436,397,379,358
24013,"Carroll County, MD",1163,1235,1212,1304,1237,1309,1291,1252,1333,1341,1400,1362,1426,1498,1510,1527,1601,1615,1676,1651,1845,1886,1839,1754,1672
24015,"Cecil County, MD",689,744,722,724,721,716,774,841,806,856,823,851,848,902,878,940,939,1034,1008,1094,1220,1252,1245,1085,1073
24017,"Charles County, MD",739,784,828,832,853,845,829,794,879,866,876,914,964,935,952,992,1080,1082,1142,1226,1435,1476,1450,1375,1401
24019,"Dorchester County, MD",403,408,400,394,359,387,377,376,359,373,339,359,381,354,383,395,405,434,410,415,444,493,462,447,441
24021,"Frederick County, MD",1289,1333,1360,1446,1376,1448,1390,1437,1477,1475,1441,1584,1619,1660,1703,1753,1954,1853,1868,1954,2215,2214,2211,2038,2105
24023,"Garrett County, MD",283,302,316,288,310,300,271,305,318,309,302,290,306,307,283,333,331,339,347,358,441,396,378,355,374
24025,"Harford County, MD",1479,1548,1586,1645,1708,1702,1709,1781,1798,1796,1787,1850,1946,1915,1955,2076,2186,2183,2250,2209,2581,2607,2571,2397,2424
24027,"Howard County, MD",1234,1192,1224,1234,1151,1234,1240,1265,1400,1324,1349,1411,1364,1449,1486,1649,1596,1655,1782,1819,2079,1997,2056,1992,2167
24029,"Kent County, MD",227,265,238,262,274,217,270,265,273,277,250,229,250,263,255,247,258,270,281,263,324,316,258,250,285
24031,"Montgomery County, MD",5235,5244,5181,5390,5312,5289,5213,5277,5294,5230,5358,5373,5494,5445,5460,6179,6023,6420,6419,6205,7694,6982,7005,6775,6793
24033,"Prince George's County, MD",5209,5334,5492,5432,5427,5258,5355,5298,5461,5379,5437,5351,5327,5591,5667,5576,5961,6288,6133,6431,8389,7655,7444,7132,7031
24035,"Queen Anne's County, MD",327,345,354,358,360,359,344,371,336,330,351,380,421,385,425,392,429,429,451,475,460,526,508,493,491
24037,"St. Mary's County, MD",612,559,618,635,595,679,643,674,646,707,656,663,715,779,753,784,757,850,876,868,1008,1054,1011,935,928
24039,"Somerset County, MD",270,243,267,284,262,229,249,242,220,258,279,256,232,257,259,244,256,312,279,266,351,314,331,312,297
24041,"Talbot County, MD",394,427,402,394,404,441,444,446,454,442,424,416,432,437,467,461,397,439,468,513,550,556,561,493,522
24043,"Washington County, MD",1283,1287,1303,1369,1352,1358,1235,1421,1336,1349,1372,1394,1467,1575,1511,1513,1528,1575,1708,1693,1969,2030,1940,1679,1704
24045,"Wicomico County, MD",830,799,788,847,819,872,881,957,897,934,838,872,878,953,957,908,1014,993,1043,1050,1201,1256,1092,1121,1045
24047,"Worcester County, MD",552,582,530,566,531,518,564,579,585,593,604,575,615,597,606,648,649,644,646,628,742,743,746,744,740
24510,"Baltimore city, MD",8580,8273,8032,8016,7467,7356,7133,7030,6630,6591,6381,6218,6349,7196,6826,6474,6649,6587,6753,6642,7790,7550,7046,6470,6414
25001,"Barnstable County, MA",2769,2765,2717,2835,2777,2689,2682,2676,2625,2754,2771,2802,2744,2902,2857,2986,2938,2992,3047,3015,3137,3311,3281,3162,3168
25003,"Berkshire County, MA",1560,1580,1590,1583,1527,1488,1461,1505,1518,1373,1352,1422,1441,1521,1457,1564,1445,1619,1581,1582,1676,1760,1691,1722,1596
25005,"Bristol County, MA",5110,5222,5257,5207,4953,4925,4876,4817,4995,4912,4889,5060,4958,5134,5211,5349,5320,5659,5529,5502,6433,6248,6155,5755,5583
25007,"Dukes County, MA",125,120,128,154,127,129,133,118,135,122,139,140,149,140,129,156,156,142,170,144,169,171,171,164,183
25009,"Essex County, MA",6540,6548,6661,6613,6407,6137,6217,6350,6257,6082,6088,6233,6228,6294,6510,6920,6692,7045,7142,7156,8357,7486,7456,7292,7313
25011,"Franklin County, MA",700,631,646,608,656,631,646,653,648,634,630,655,667,683,709,720,719,720,723,707,839,717,802,807,729
25013,"Hampden County, MA",4734,4563,4656,4686,4433,4402,4498,4363,4344,4153,4307,4243,4279,4376,4395,4532,4441,4716,4777,4635,5684,5153,5124,4959,4839
25015,"Hampshire County, MA",1288,1141,1232,1206,1132,1180,1206,1240,1217,1184,1224,1175,1168,1268,1275,1242,1225,1297,1340,1351,1493,1403,1459,1387,1405
25017,"Middlesex County, MA",11859,11717,11760,11247,10998,11001,10892,10632,10654,10602,10685,11062,10775,10804,11030,11549,11476,11639,11784,11686,13665,12204,12340,12018,11841
25019,"Nantucket County, MA",54,66,65,68,65,63,63,52,77,56,67,73,51,50,80,71,71,72,77,64,77,90,86,91,72
25021,"Norfolk County, MA",5841,5775,5804,5782,5517,5389,5435,5365,5336,5308,5291,5517,5465,5670,5676,5946,5873,5913,5882,5908,6816,6186,6242,6147,5954
25023,"Plymouth County, MA",3902,4152,4089,4109,4112,3966,4030,3760,4067,3973,4143,4168,3954,4386,4479,4606,4741,4677,4815,4862,5686,5440,5456,5198,5081
25025,"Suffolk County, MA",5484,5579,5415,5323,5155,5092,4847,4746,4787,4666,4570,4579,4634,4671,4584,4846,4778,4908,4734,4751,5932,5146,5091,4827,4591
25027,"Worcester County, MA",6715,6895,6908,6870,6652,6782,6464,6640,6858,6489,6427,6581,6664,6668,6808,7319,7086,7404,7551,7267,8259,7800,8012,7642,7617
26001,"Alcona County, MI",179,158,182,190,154,142,176,150,168,165,181,196,182,188,171,205,179,184,176,189,204,227,190,214,195
26003,"Alger County, MI",118,117,89,129,119,100,126,107,117,118,102,106,115,102,139,128,108,105,120,109,98,115,110,119,120
26005,"Allegan County, MI",858,830,896,780,829,838,883,859,874,809,907,896,899,949,979,1013,1025,1009,1017,1083,1259,1279,1191,1116,1229
26007,"Alpena County, MI",375,330,360,321,342,359,357,325,358,324,354,381,366,355,337,403,372,404,395,371,410,477,426,428,428
26009,"Antrim County, MI",221,254,226,235,249,238,229,240,219,238,260,256,240,273,279,290,261,260,281,268,307,333,306,343,352
26011,"Arenac County, MI",196,192,170,200,228,196,189,177,206,200,199,195,204,222,191,188,228,225,188,200,246,253,234,202,254
26013,"Baraga County, MI",118,99,108,111,101,109,83,86,108,118,105,97,109,102,95,97,105,112,105,123,125,115,126,83,89
26015,"Barry County, MI",462,465,481,453,498,515,490,468,476,487,461,520,518,532,494,563,573,529,618,565,634,769,657,592,618
26017,"Bay County, MI",1135,1056,1124,1134,1073,1082,1135,1138,1151,1114,1113,1195,1122,1159,1199,1245,1285,1256,1275,1368,1536,1559,1387,1316,1281
26019,"Benzie County, MI",156,172,169,181,155,161,191,191,170,186,179,218,194,219,224,210,182,184,217,232,267,241,234,231,260
26021,"Berrien County, MI",1604,1624,1572,1604,1595,1664,1624,1588,1626,1589,1598,1645,1714,1637,1818,1781,1796,1779,1801,1701,1921,2008,2006,1779,1785
26023,"Branch County, MI",388,405,443,420,406,417,421,449,477,401,433,449,427,460,423,471,479,451,484,495,546,565,498,493,520
26025,"Calhoun County, MI",1427,1478,1474,1403,1364,1404,1413,1456,1377,1327,1534,1425,1481,1415,1404,1560,1519,1574,1605,1587,1920,1851,1789,1655,1630
26027,"Cass County, MI",470,472,497,454,454,499,488,499,492,485,507,484,497,537,522,539,526,535,553,526,669,635,649,596,607
26029,"Charlevoix County, MI",232,238,247,233,206,256,253,257,283,262,249,295,227,290,295,287,266,304,291,312,286,376,364,311,342
26031,"Cheboygan County, MI",295,273,282,300,299,269,260,289,302,329,275,305,300,285,329,322,317,333,331,354,398,443,380,386,334
26033,"Chippewa County, MI",312,317,319,290,314,307,297,329,338,336,318,354,336,349,387,339,336,340,419,379,376,453,442,417,402
26035,"Clare County, MI",361,350,369,400,386,395,369,396,377,359,405,391,384,376,409,445,451,445,447,497,509,558,490,467,450
26037,"Clinton County, MI",471,436,500,476,476,453,474,479,464,480,526,531,540,616,632,598,603,616,603,645,739,771,712,678,719
26039,"Crawford County, MI",168,142,161,155,164,156,148,154,152,149,163,166,153,169,169,168,165,194,196,215,182,219,216,206,203
26041,"Delta County, MI",420,414,409,419,407,398,391,411,409,393,428,456,395,438,406,414,468,478,470,474,596,555,479,497,481
26043,"Dickinson County, MI",306,320,337,314,307,347,281,286,328,303,287,326,319,307,290,336,329,288,301,318,402,360,320,344,312
26045,"Eaton County, MI",774,791,784,808,842,893,830,866,857,858,895,921,975,1022,952,991,984,1042,1112,1083,1242,1330,1211,1182,1032
26047,"Emmet County, MI",296,291,308,292,249,292,270,268,323,279,316,330,306,358,394,339,392,371,368,383,436,387,417,427,437
26049,"Genesee County, MI",3920,3899,4117,3857,3942,4001,3980,3867,4073,4087,4092,4127,4245,4328,4599,4472,4516,4684,4802,4714,5524,5644,5551,5089,4933
26051,"Gladwin County, MI",291,315,288,298,293,318,329,311,327,348,317,331,338,331,321,349,367,357,397,368,451,481,417,414,351
26053,"Gogebic County, MI",251,245,275,254,237,248,243,238,242,234,234,228,224,208,206,200,197,207,177,221,251,211,220,202,212
26055,"Grand Traverse County, MI",620,623,660,641,658,708,717,695,769,747,764,790,792,809,824,872,868,879,948,906,1050,1122,1051,1001,992
26057,"Gratiot County, MI",427,407,445,446,427,456,408,447,447,422,435,416,425,436,430,482,432,459,497,496,563,528,516,472,465
26059,"Hillsdale County, MI",400,471,433,451,417,424,417,409,405,428,462,442,456,457,491,451,493,502,510,543,637,651,609,532,515
26061,"Houghton County, MI",404,388,386,384,374,397,383,346,397,351,351,352,348,360,359,363,353,360,352,378,406,381,389,378,351
26063,"Huron County, MI",463,450,469,470,447,392,433,468,437,464,425,432,447,418,483,479,452,441,499,418,500,529,498,477,433
26065,"Ingham County, MI",1923,1823,1891,1936,1927,1924,1897,1928,1932,1978,1897,2016,1957,2139,2143,2194,2059,2262,2225,2302,2670,2849,2678,2477,2407
26067,"Ionia County, MI",492,460,458,411,459,475,442,449,505,482,509,432,477,520,532,504,567,525,529,560,610,629,625,588,568
26069,"Iosco County, MI",340,370,385,404,385,402,384,382,385,377,362,407,388,454,401,425,423,404,431,412,470,499,484,463,466
26071,"Iron County, MI",208,189,236,211,184,210,224,193,171,205,181,209,188,191,181,178,198,204,189,205,250,197,223,170,174
26073,"Isabella County, MI",370,420,420,439,409,448,438,382,408,419,425,454,449,435,464,487,500,479,539,486,626,685,607,604,540
26075,"Jackson County, MI",1442,1412,1486,1582,1581,1582,1508,1517,1465,1487,1465,1569,1547,1657,1650,1670,1740,1827,1748,1739,2005,2165,1874,1831,1854
26077,"Kalamazoo County, MI",1919,1945,1964,1905,1866,1903,1848,1908,1974,1990,2080,1987,1884,2061,2071,2122,2186,2114,2274,2202,2558,2664,2546,2460,2356
26079,"Kalkaska County, MI",159,155,160,144,144,148,163,158,155,154,176,187,179,193,182,194,208,197,215,229,246,251,272,235,220
26081,"Kent County, MI",4112,4002,4039,4087,4194,4246,4024,4031,4247,4127,4191,4371,4258,4430,4624,4734,4813,4796,4943,4982,5706,5813,5333,5170,5187
26083,"Keweenaw County, MI",21,25,15,24,28,27,22,23,23,21,21,26,18,22,19,24,25,31,28,25,28,35,30,29,36
26085,"Lake County, MI",149,162,153,143,156,165,147,147,141,144,135,145,145,160,164,152,151,176,196,150,210,194,176,190,194
26087,"Lapeer County, MI",645,558,628,678,605,616,681,659,694,729,763,714,774,767,851,828,889,894,901,961,1037,1207,1080,946,1024
26089,"Leelanau County, MI",176,159,184,185,190,184,195,172,197,195,210,201,208,274,246,227,221,259,277,235,287,317,295,272,276
26091,"Lenawee County, MI",906,870,845,919,784,864,941,887,927,922,896,938,941,1005,1017,1061,1085,1036,1062,1093,1241,1311,1227,1085,1136
26093,"Livingston County, MI",911,936,947,1000,1033,1055,1084,1144,1154,1192,1234,1328,1339,1341,1453,1389,1426,1490,1533,1493,1773,1914,1781,1711,1816
26095,"Luce County, MI",77,79,100,81,86,67,65,68,70,81,66,65,72,62,72,66,91,59,77,81,72,83,104,85,83
26097,"Mackinac County, MI",165,138,130,140,139,127,137,126,134,131,147,123,112,149,137,156,137,145,155,172,165,195,177,144,181
26099,"Macomb County, MI",7177,7182,7456,7257,7182,7431,7360,7493,7647,7579,7683,8074,8014,8508,8498,8636,8694,8956,8849,8953,10877,10662,9733,8991,9146
26101,"Manistee County, MI",284,280,321,314,267,276,267,259,294,283,284,300,318,315,302,311,323,352,321,311,407,373,400,357,352
26103,"Marquette County, MI",635,635,630,650,615,641,586,583,616,617,585,654,606,644,659,701,690,702,712,694,723,794,696,656,661
26105,"Mason County, MI",302,365,330,295,310,303,304,328,323,284,318,372,321,350,335,322,338,334,367,360,402,441,425,376,361
26107,"Mecosta County, MI",356,349,357,307,334,301,337,359,322,317,379,378,372,407,378,384,399,427,405,419,498,474,477,411,432
26109,"Menominee County, MI",288,309,280,263,248,259,263,256,242,223,268,265,280,269,276,276,270,307,298,303,308,326,286,316,313
26111,"Midland County, MI",608,613,641,648,612,678,646,671,678,655,656,753,707,709,717,707,797,797,767,755,911,938,919,926,852
26113,"Missaukee County, MI",142,123,143,136,130,145,139,144,146,149,152,146,142,165,182,174,156,156,172,174,198,204,200,203,216
26115,"Monroe County, MI",1172,1195,1214,1239,1213,1182,1286,1298,1271,1247,1270,1395,1422,1431,1458,1463,1458,1547,1560,1565,1793,1933,1784,1727,1738
26117,"Montcalm County, MI",539,537,546,573,532,584,533,552,573,539,544,574,575,619,619,573,616,625,656,702,735,820,802,704,731
26119,"Montmorency County, MI",143,174,150,146,136,155,158,139,160,162,150,157,143,193,139,152,168,154,175,160,195,200,173,175,206
26121,"Muskegon County, MI",1623,1598,1573,1607,1600,1588,1646,1584,1540,1636,1569,1664,1622,1696,1648,1753,1707,1738,1845,1793,2197,2155,2074,1944,1899
26123,"Newaygo County, MI",418,417,438,468,401,450,413,408,447,461,479,480,483,457,474,518,485,538,502,526,580,642,588,598,577
26125,"Oakland County, MI",8910,8929,9129,9060,8753,9012,9074,9274,9420,9358,9568,9787,10052,9917,10397,10542,10516,10751,10709,10809,12933,12425,11934,11394,11170
26127,"Oceana County, MI",245,222,238,228,240,248,237,222,286,249,257,235,242,259,269,287,292,266,261,267,330,330,296,289,294
26129,"Ogemaw County, MI",304,297,281,281,326,315,311,282,277,261,289,268,297,327,313,305,349,316,359,324,346,386,360,320,347
26131,"Ontonagon County, MI",108,102,110,126,118,96,96,128,136,105,96,105,81,88,111,97,113,101,97,92,133,102,122,94,109
26133,"Osceola County, MI",221,248,209,209,205,215,234,222,207,220,220,262,223,223,249,237,243,260,249,267,277,285,313,290,277
26135,"Oscoda County, MI",114,111,99,112,109,117,115,141,121,121,128,116,139,119,126,109,128,149,128,115,172,172,142,141,144
26137,"Otsego County, MI",192,200,215,215,198,232,214,232,223,245,240,221,254,265,238,281,266,258,279,283,326,366,358,278,332
26139,"Ottawa County, MI",1466,1422,1537,1502,1476,1495,1550,1590,1643,1581,1656,1662,1694,1764,1900,1873,1922,1961,2055,2120,2509,2545,2488,2290,2355
26141,"Presque Isle County, MI",221,175,171,181,157,173,186,186,173,183,202,171,206,177,194,194,198,220,202,187,205,211,238,227,210
26143,"Roscommon County, MI",348,380,402,354,367,354,355,386,371,358,397,396,389,394,384,408,445,447,376,395,465,470,440,440,407
26145,"Saginaw County, MI",2031,2103,2030,2072,2011,2136,2132,2069,2070,1981,1957,2020,2056,1948,2051,2119,2132,2176,2264,2132,2708,2584,2517,2270,2279
26147,"St. Clair County, MI",1465,1436,1506,1482,1444,1476,1465,1544,1552,1575,1635,1622,1607,1748,1739,1799,1774,1797,1782,1861,2105,2358,1990,1890,1906
26149,"St. Joseph County, MI",631,571,565,557,610,590,580,578,631,551,623,604,621,617,693,639,678,674,676,683,759,795,746,697,699
26151,"Sanilac County, MI",487,443,470,438,466,454,446,482,495,473,445,440,422,488,487,492,527,524,498,506,569,644,583,539,523
26153,"Schoolcraft County, MI",114,101,111,124,124,112,113,110,109,108,102,106,103,118,119,88,112,130,118,106,131,132,121,122,131
26155,"Shiawassee County, MI",620,627,643,631,596,622,581,609,668,670,711,633,709,745,730,720,729,730,776,782,847,879,881,854,821
26157,"Tuscola County, MI",519,552,554,498,521,576,479,593,569,594,542,521,543,566,580,585,618,587,654,667,775,795,724,649,682
26159,"Van Buren County, MI",629,671,687,710,676,725,667,724,747,715,680,694,694,737,690,754,779,825,777,762,914,982,875,816,811
26161,"Washtenaw County, MI",1895,1830,1806,1931,1812,1842,1856,1941,2011,1945,2002,2071,2061,2151,2143,2148,2274,2243,2402,2478,2709,2644,2574,2559,2565
26163,"Wayne County, MI",20299,20203,20016,19428,18899,18910,18621,18621,18841,17690,17956,17590,17951,18048,18003,18102,18359,18382,18368,18331,23041,21774,20216,18239,18017
26165,"Wexford County, MI",314,299,316,294,299,297,304,290,305,296,345,344,338,379,355,380,330,367,367,354,384,507,427,413,406
27001,"Aitkin County, MN",189,189,189,169,164,177,186,176,201,207,203,229,192,198,224,199,246,228,203,253,270,248,231,257,270
27003,"Anoka County, MN",1409,1448,1463,1420,1428,1491,1405,1424,1604,1535,1693,1816,1762,1880,1931,2038,2081,2262,2241,2317,2754,2765,2759,2587,2715
27005,"Becker County, MN",347,318,327,315,324,327,313,311,334,360,350,331,335,344,325,368,328,367,359,405,444,413,377,385,376
27007,"Beltrami County, MN",304,358,328,335,317,337,360,366,337,333,367,403,410,406,405,412,387,424,421,395,546,513,487,428,401
27009,"Benton County, MN",294,313,325,296,311,334,294,331,309,278,312,323,326,328,335,363,353,367,394,393,488,407,401,339,380
27011,"Big Stone County, MN",108,77,87,91,89,85,65,73,83,83,78,87,70,78,70,80,71,78,76,88,79,76,89,73,75
27013,"Blue Earth County, MN",457,393,460,441,425,428,435,423,447,434,474,489,460,457,486,466,527,499,516,491,536,595,535,589,592
27015,"Brown County, MN",255,258,268,280,306,253,285,303,297,276,256,298,294,303,331,270,284,302,295,307,325,342,307,294,293
27017,"Carlton County, MN",317,317,325,326,330,326,352,333,346,366,374,340,370,386,394,393,387,364,386,373,428,473,470,438,370
27019,"Carver County, MN",295,286,304,302,337,343,371,385,419,417,405,417,431,470,450,511,495,515,545,571,616,674,685,670,731
27021,"Cass County, MN",285,329,261,308,289,292,264,312,295,288,269,307,288,300,356,309,334,340,338,339,380,429,423,391,342
27023,"Chippewa County, MN",152,153,171,149,164,148,133,142,138,136,140,144,149,170,143,143,156,162,167,160,178,172,185,153,164
27025,"Chisago County, MN",298,294,320,337,302,326,305,347,321,312,368,368,340,416,405,429,402,448,444,484,504,544,484,515,524
27027,"Clay County, MN",379,432,425,385,351,398,405,387,384,417,385,455,468,464,447,480,474,523,474,486,568,551,589,535,550
27029,"Clearwater County, MN",111,102,114,103,98,102,76,87,87,87,94,87,117,91,122,100,93,114,85,107,116,125,98,89,94
27031,"Cook County, MN",58,42,46,43,43,36,46,59,55,47,39,40,41,55,55,36,53,60,49,57,57,49,57,47,66
27033,"Cottonwood County, MN",137,151,161,150,144,155,159,156,153,169,147,142,128,142,136,136,127,145,136,158,178,166,143,148,164
27035,"Crow Wing County, MN",507,523,512,547,538,525,544,549,592,579,580,614,632,680,631,652,707,675,725,723,757,817,810,725,814
27037,"Dakota County, MN",1687,1611,1760,1772,1792,1906,1913,1900,1846,2047,2145,2239,2212,2315,2422,2424,2558,2591,2684,2807,3210,3245,3270,3216,3278
27039,"Dodge County, MN",121,135,117,115,118,129,122,126,157,124,123,122,143,129,154,159,134,171,168,163,158,163,153,156,159
27041,"Douglas County, MN",341,313,366,327,310,334,319,337,336,388,364,360,410,379,379,433,441,423,441,474,519,449,497,452,439
27043,"Faribault County, MN",208,212,235,214,189,216,202,173,199,163,192,199,202,187,175,190,190,185,183,173,198,185,177,173,180
27045,"Fillmore County, MN",237,258,262,245,241,249,247,208,223,236,219,231,226,260,222,241,228,228,255,227,254,248,271,262,263
27047,"Freeborn County, MN",355,370,413,354,372,370,342,322,368,361,348,362,335,330,380,370,366,377,373,346,402,392,412,384,395
27049,"Goodhue County, MN",446,461,452,408,430,443,380,428,463,431,487,478,475,495,462,480,463,494,482,535,583,567,549,526,527
27051,"Grant County, MN",84,80,85,90,91,84,87,77,85,73,86,70,73,63,83,69,71,67,69,64,81,78,83,66,79
27053,"Hennepin County, MN",7952,8000,7945,7755,7592,7653,7477,7635,7989,7434,7763,7842,7916,8154,8143,8545,8557,8888,8792,9017,10687,9941,10050,9669,9674
27055,"Houston County, MN",195,179,179,159,204,185,184,178,169,185,171,175,157,161,188,207,163,179,202,192,223,202,240,232,206
27057,"Hubbard County, MN",172,160,186,168,174,160,170,159,192,170,192,183,188,213,222,187,209,218,230,234,262,242,242,243,251
27059,"Isanti County, MN",206,228,247,261,267,244,252,252,265,255,261,272,313,290,316,286,334,322,345,347,368,435,406,410,375
27061,"Itasca County, MN",458,482,492,472,480,455,470,443,468,448,480,511,525,496,565,569,500,503,550,508,559,685,599,529,600
27063,"Jackson County, MN",138,130,142,124,126,125,89,92,102,124,134,113,95,101,114,102,106,95,115,115,114,106,118,95,128
27065,"Kanabec County, MN",124,134,132,104,128,137,113,123,157,150,144,144,133,145,151,155,170,152,120,175,208,213,182,176,173
27067,"Kandiyohi County, MN",373,344,361,381,373,359,353,343,354,335,391,380,400,342,424,381,380,365,437,389,473,439,420,450,414
27069,"Kittson County, MN",68,75,70,72,72,73,70,73,70,78,66,53,71,78,90,58,55,77,57,60,87,62,81,60,50
27071,"Koochiching County, MN",173,146,165,149,142,169,158,162,176,138,165,151,145,171,128,160,157,122,162,165,175,186,193,165,153
27073,"Lac qui Parle County, MN",107,107,129,96,99,111,94,86,110,91,103,101,93,88,79,84,82,88,97,78,108,102,96,109,84
27075,"Lake County, MN",115,130,128,147,135,151,159,144,127,130,158,116,132,151,136,145,136,148,159,117,160,169,158,158,142
27077,"Lake of the Woods County, MN",48,52,38,48,36,61,44,45,36,46,41,61,42,46,43,54,41,48,38,49,53,50,41,48,47
27079,"Le Sueur County, MN",223,236,226,212,189,196,184,205,202,217,203,185,217,235,220,232,233,228,224,263,253,284,250,253,285
27081,"Lincoln County, MN",93,95,108,93,115,108,75,85,102,86,89,77,76,71,80,84,86,71,82,92,81,101,62,55,77
27083,"Lyon County, MN",240,225,224,252,227,225,202,234,239,232,205,201,206,221,212,250,232,215,215,231,274,247,238,262,246
27085,"McLeod County, MN",284,285,284,297,307,290,302,268,254,311,318,313,306,349,320,339,359,351,324,351,443,417,430,406,414
27087,"Mahnomen County, MN",51,56,56,57,45,49,57,63,52,66,62,53,61,53,70,60,59,78,70,66,79,90,70,72,63
27089,"Marshall County, MN",107,100,87,98,80,83,93,80,82,91,86,81,72,91,64,89,78,83,81,98,108,99,82,74,102
27091,"Martin County, MN",233,255,258,234,197,267,238,254,242,225,246,246,232,242,274,275,246,270,243,245,254,303,274,262,242
27093,"Meeker County, MN",232,230,230,250,221,222,224,213,233,190,217,210,223,218,243,211,218,247,240,230,272,244,241,264,232
27095,"Mille Lacs County, MN",253,254,236,265,227,241,261,239,288,245,283,276,279,302,276,292,334,281,297,319,371,377,335,338,324
27097,"Morrison County, MN",305,284,324,310,309,295,281,330,281,322,265,285,384,318,304,331,310,285,362,338,393,415,369,387,392
27099,"Mower County, MN",418,404,404,375,392,417,376,381,402,367,354,384,381,409,356,391,419,443,402,433,419,447,451,421,426
27101,"Murray County, MN",111,98,93,104,107,93,94,101,97,94,88,108,119,97,93,105,89,113,89,93,70,109,83,74,87
27103,"Nicollet County, MN",159,188,200,179,185,207,207,207,204,217,197,191,206,247,201,231,223,239,270,298,269,298,295,275,293
27105,"Nobles County, MN",183,177,190,200,176,168,187,196,155,188,171,163,193,193,216,151,167,189,203,182,238,185,191,196,193
27107,"Norman County, MN",100,106,111,106,88,106,109,107,83,95,112,80,97,94,78,104,98,115,104,88,78,87,95,93,94
27109,"Olmsted County, MN",775,737,832,787,800,818,835,832,869,898,904,914,934,967,1001,1021,1078,1058,1186,1082,1273,1267,1400,1272,1271
27111,"Otter Tail County, MN",644,651,681,652,613,644,593,605,603,676,634,691,675,662,677,679,672,656,691,670,798,785,765,742,684
27113,"Pennington County, MN",151,141,139,167,141,134,131,120,135,137,124,160,151,125,127,124,134,141,140,144,140,156,170,134,143
27115,"Pine County, MN",265,219,258,241,236,247,265,240,253,236,252,242,267,238,291,314,302,277,288,323,353,394,358,331,364
27117,"Pipestone County, MN",128,135,146,113,127,131,133,119,131,121,109,100,116,111,105,119,121,128,122,110,125,129,142,126,106
27119,"Polk County, MN",353,352,395,395,306,346,344,356,380,351,351,374,348,336,322,360,340,339,365,371,421,381,394,346,371
27121,"Pope County, MN",154,141,159,152,131,144,150,129,143,132,138,143,129,118,130,129,131,105,137,140,131,148,146,129,133
27123,"Ramsey County, MN",4160,3996,4019,3697,3821,3870,3741,3759,3801,3726,3829,3898,3841,3986,4062,4174,4108,4350,4394,4333,5141,4982,5049,4826,4730
27125,"Red Lake County, MN",47,47,48,44,44,45,55,44,35,37,33,49,44,51,27,28,29,32,39,36,31,44,41,43,36
27127,"Redwood County, MN",209,202,211,212,200,206,197,204,181,176,176,192,203,190,190,175,203,199,168,175,204,187,160,161,185
27129,"Renville County, MN",225,223,201,207,235,182,200,172,235,194,224,192,211,178,181,195,189,175,166,185,194,203,169,170,154
27131,"Rice County, MN",393,467,438,452,414,437,410,411,426,431,433,457,480,489,477,448,495,575,515,531,593,616,569,536,560
27133,"Rock County, MN",118,151,132,143,119,115,115,128,133,108,152,118,123,117,112,111,110,124,107,136,147,122,113,109,106
27135,"Roseau County, MN",146,135,134,150,135,130,132,128,120,124,131,153,119,144,136,139,136,142,126,152,196,173,162,129,164
27137,"St. Louis County, MN",2177,2200,2225,2184,2116,2004,2111,2036,2049,2055,2073,2083,2155,2034,2024,2098,2094,2087,2136,2065,2476,2372,2371,2264,2392
27139,"Scott County, MN",377,403,417,442,458,447,485,464,537,499,498,605,547,562,607,694,721,689,686,749,878,912,930,894,977
27141,"Sherburne County, MN",320,359,381,438,411,406,397,397,423,442,464,466,450,493,470,532,523,567,541,590,705,727,651,660,683
27143,"Sibley County, MN",165,148,160,124,148,151,140,115,121,133,145,151,147,130,157,154,163,127,147,136,124,170,137,132,137
27145,"Stearns County, MN",832,765,792,750,802,793,767,781,855,842,860,988,959,930,976,1036,1026,1044,1121,1128,1376,1281,1280,1194,1246
27147,"Steele County, MN",250,305,294,306,253,240,239,249,293,283,278,278,297,289,324,296,296,353,319,315,363,384,356,352,359
27149,"Stevens County, MN",103,85,86,85,64,67,91,77,89,85,111,78,83,76,95,78,79,84,83,99,91,74,78,77,81
27151,"Swift County, MN",136,122,131,111,115,124,109,121,127,105,120,116,94,99,100,119,117,137,113,112,140,94,118,101,118
27153,"Todd County, MN",217,234,240,217,224,228,227,211,193,190,219,187,196,218,225,231,224,195,214,216,238,252,256,266,245
27155,"Traverse County, MN",60,55,55,59,55,42,54,62,52,42,68,55,58,53,50,56,47,58,66,60,61,63,54,50,39
27157,"Wabasha County, MN",169,198,199,199,206,164,187,190,159,171,184,172,165,204,192,206,180,196,200,199,223,219,230,241,218
27159,"Wadena County, MN",193,197,186,213,192,198,198,173,167,179,191,174,187,196,188,218,208,218,216,198,195,222,219,233,213
27161,"Waseca County, MN",187,168,156,174,191,153,159,164,175,124,160,172,167,179,150,170,180,171,183,190,196,188,208,195,192
27163,"Washington County, MN",983,989,1075,1091,1065,1120,1065,1142,1262,1275,1268,1326,1335,1468,1473,1555,1611,1708,1708,1747,2030,2019,2048,2072,2083
27165,"Watonwan County, MN",138,128,112,130,106,108,133,116,134,122,123,110,121,136,105,131,104,125,128,115,157,128,133,112,115
27167,"Wilkin County, MN",74,79,69,74,73,76,67,58,96,95,74,72,87,83,66,89,75,80,89,83,94,89,89,72,69
27169,"Winona County, MN",427,436,390,402,380,361,426,372,402,431,397,379,390,392,412,462,430,444,426,428,470,431,470,444,477
27171,"Wright County, MN",479,553,592,569,547,608,603,605,605,642,675,681,668,713,755,714,835,853,813,918,993,1098,1008,1027,1011
27173,"Yellow Medicine County, MN",133,131,136,150,110,132,136,125,105,112,111,138,118,118,109,116,120,112,93,109,107,109,114,89,101
28001,"Adams County, MS",410,441,395,415,379,387,406,413,444,407,409,415,414,428,423,393,416,398,445,428,493,467,463,424,396
28003,"Alcorn County, MS",495,407,423,390,400,461,407,405,463,432,449,440,458,452,484,483,472,475,469,489,541,541,507,436,506
28005,"Amite County, MS",153,147,137,164,141,126,174,161,168,149,115,147,143,145,153,173,171,157,160,167,193,224,204,179,193
28007,"Attala County, MS",242,276,263,270,278,270,261,291,289,274,292,258,258,266,282,309,297,245,241,271,312,305,308,299,291
28009,"Benton County, MS",97,99,87,85,87,80,93,75,103,95,101,78,99,105,110,114,115,113,103,113,137,132,110,122,124
28011,"Bolivar County, MS",458,442,415,388,409,409,460,415,441,425,438,438,394,426,390,416,401,413,395,413,553,493,470,408,400
28013,"Calhoun County, MS",198,197,158,180,174,186,167,157,189,185,176,189,189,192,176,212,166,175,166,183,252,232,191,202,183
28015,"Carroll County, MS",105,94,87,115,101,116,104,104,93,110,94,103,117,107,128,117,104,112,106,126,161,156,169,146,137
28017,"Chickasaw County, MS",214,228,176,183,182,186,186,169,181,179,182,179,155,183,182,210,208,187,206,202,250,248,271,235,247
28019,"Choctaw County, MS",90,103,89,77,78,104,89,105,104,109,98,72,93,90,89,97,111,121,116,113,133,115,129,128,142
28021,"Claiborne County, MS",116,114,100,104,100,118,112,113,99,102,96,90,93,93,126,103,104,106,113,120,124,131,121,129,106
28023,"Clarke County, MS",201,200,181,185,186,199,185,199,209,186,197,214,195,184,233,230,240,212,223,212,260,256,230,208,233
28025,"Clay County, MS",228,237,214,233,209,223,202,203,222,212,214,208,216,247,251,248,236,245,223,217,275,287,273,229,232
28027,"Coahoma County, MS",358,343,375,343,327,321,302,327,334,281,274,294,305,297,299,304,277,294,293,313,388,391,340,324,301
28029,"Copiah County, MS",284,305,276,275,280,288,279,324,294,291,318,326,325,324,323,329,362,342,290,331,416,399,396,398,372
28031,"Covington County, MS",200,214,255,226,205,245,240,236,243,208,228,261,258,293,241,278,276,269,274,262,346,302,299,284,282
28033,"DeSoto County, MS",794,825,846,887,897,936,906,965,975,1070,1128,1112,1196,1266,1256,1327,1401,1416,1433,1497,1754,2086,1967,1686,1706
28035,"Forrest County, MS",733,708,730,734,671,741,700,670,711,679,713,660,756,733,721,710,788,786,826,769,925,1032,929,781,841
28037,"Franklin County, MS",116,94,87,84,98,85,69,80,93,81,88,99,109,107,117,109,83,87,116,107,122,142,138,106,110
28039,"George County, MS",206,195,203,222,238,194,212,236,236,224,250,220,246,257,240,280,266,309,273,306,325,381,353,356,336
28041,"Greene County, MS",101,122,117,135,115,123,133,109,113,128,119,128,126,126,130,128,164,152,137,124,164,143,166,133,157
28043,"Grenada County, MS",334,298,319,310,310,260,283,273,275,253,229,282,301,316,288,286,285,315,344,299,375,350,331,318,293
28045,"Hancock County, MS",483,438,463,433,456,482,347,348,379,377,418,420,411,467,489,507,543,513,493,521,617,659,626,595,616
28047,"Harrison County, MS",1806,1707,1840,1772,1810,1975,1640,1523,1674,1520,1607,1752,1859,1875,1945,1992,1986,2122,2147,2249,2447,2860,2501,2337,2322
28049,"Hinds County, MS",2149,2032,2135,2099,2005,2118,2034,2025,2002,1967,1952,2013,2031,2162,2162,2130,2295,2217,2191,2344,2872,2884,2666,2409,2420
28051,"Holmes County, MS",250,251,267,251,293,241,227,225,200,231,197,188,220,189,225,231,202,236,202,241,296,299,264,240,240
28053,"Humphreys County, MS",141,107,156,126,105,107,137,112,94,123,99,88,104,111,92,94,98,106,97,117,137,144,123,131,116
28055,"Issaquena County, MS",19,12,13,13,,15,19,10,10,21,13,11,12,17,11,11,,11,19,20,13,13,16,11,10
28057,"Itawamba County, MS",267,301,270,299,280,291,257,235,291,245,283,270,244,282,285,286,315,283,278,336,363,358,335,314,294
28059,"Jackson County, MS",1186,1123,1189,1201,1169,1241,1209,1098,1118,1200,1250,1263,1270,1270,1317,1399,1315,1373,1443,1551,1683,1826,1744,1616,1634
28061,"Jasper County, MS",237,177,187,161,153,189,202,180,167,161,180,193,230,191,206,197,209,199,187,211,247,317,273,216,208
28063,"Jefferson County, MS",82,97,91,94,101,70,78,79,72,75,79,83,85,69,98,92,95,90,93,72,107,104,89,101,102
28065,"Jefferson Davis County, MS",166,143,130,164,139,147,151,158,128,148,141,172,156,159,155,157,165,162,167,163,177,199,166,190,168
28067,"Jones County, MS",703,715,681,734,746,708,744,704,726,721,640,689,691,720,748,827,746,793,807,798,902,1048,966,864,855
28069,"Kemper County, MS",100,117,114,115,97,85,102,97,103,114,104,99,100,104,98,112,101,113,109,100,128,133,115,105,121
28071,"Lafayette County, MS",271,296,344,297,294,367,334,326,376,351,372,350,393,407,351,409,359,423,370,388,492,524,516,420,470
28073,"Lamar County, MS",291,282,316,305,323,340,344,318,360,317,385,385,400,394,393,456,461,444,439,424,563,577,584,530,518
28075,"Lauderdale County, MS",978,954,989,957,936,936,899,900,932,800,867,862,852,917,828,914,843,832,892,889,1189,1071,927,923,925
28077,"Lawrence County, MS",151,143,149,134,139,134,138,142,154,141,162,142,154,149,134,146,168,172,168,169,202,203,202,159,196
28079,"Leake County, MS",233,231,264,269,233,280,284,276,251,283,242,225,231,253,258,222,245,235,241,236,315,317,300,231,259
28081,"Lee County, MS",778,723,765,681,723,732,928,1040,859,909,861,856,875,890,924,908,928,954,889,932,1136,1168,980,993,942
28083,"Leflore County, MS",418,411,438,390,372,387,350,369,361,361,335,392,364,371,353,368,392,365,386,358,555,443,436,377,371
28085,"Lincoln County, MS",447,400,348,383,329,380,403,375,377,357,405,402,415,422,404,434,401,450,416,440,546,537,442,428,452
28087,"Lowndes County, MS",469,535,541,548,533,574,522,531,545,533,523,589,524,614,595,604,643,657,634,705,802,758,685,702,672
28089,"Madison County, MS",801,846,958,991,984,1023,1053,1048,1042,998,1005,954,1009,973,963,994,957,1027,1059,1052,1186,1176,1126,985,1015
28091,"Marion County, MS",353,312,310,352,326,340,342,337,325,325,353,336,358,348,305,355,343,328,282,353,447,408,402,361,348
28093,"Marshall County, MS",333,348,359,375,368,376,407,358,357,391,387,389,385,426,408,436,368,422,423,451,509,581,508,494,463
28095,"Monroe County, MS",418,385,393,381,418,412,387,395,389,371,393,427,407,436,427,436,455,456,431,476,590,554,512,476,499
28097,"Montgomery County, MS",154,116,145,135,130,149,132,149,163,141,159,164,154,150,135,136,148,124,166,157,203,171,183,128,155
28099,"Neshoba County, MS",319,346,311,309,303,355,321,312,315,322,311,328,344,395,371,410,419,390,392,406,560,470,419,413,402
28101,"Newton County, MS",237,243,236,240,221,237,214,218,240,286,236,227,254,307,285,263,284,264,246,267,319,324,301,288,310
28103,"Noxubee County, MS",115,116,113,127,113,95,103,112,114,128,126,111,95,129,110,132,130,124,129,124,165,152,132,121,134
28105,"Oktibbeha County, MS",286,249,293,288,276,258,283,281,306,296,261,295,278,289,303,327,309,328,328,341,455,429,393,352,382
28107,"Panola County, MS",369,352,344,333,327,393,433,383,363,385,348,410,359,372,411,404,398,416,374,410,475,499,489,492,455
28109,"Pearl River County, MS",482,469,502,502,497,521,569,585,615,567,585,592,579,626,604,655,660,691,727,704,849,935,831,770,806
28111,"Perry County, MS",151,121,132,113,110,116,131,123,119,122,149,110,115,154,137,152,130,129,135,146,210,195,153,141,176
28113,"Pike County, MS",424,441,462,463,448,474,495,461,510,491,500,493,467,473,526,528,505,539,542,516,622,640,603,568,554
28115,"Pontotoc County, MS",256,246,268,256,228,256,209,234,233,247,258,279,253,316,295,289,301,324,320,299,425,458,354,393,367
28117,"Prentiss County, MS",227,236,241,243,261,270,259,232,256,226,304,284,288,297,278,306,311,331,336,316,399,367,348,352,353
28119,"Quitman County, MS",132,112,105,108,122,108,110,141,116,112,114,119,96,98,83,93,87,103,107,101,140,130,110,105,92
28121,"Rankin County, MS",780,829,849,804,827,853,853,889,927,953,1039,1095,1036,1018,1064,1150,1141,1198,1258,1223,1613,1608,1524,1422,1512
28123,"Scott County, MS",244,322,287,252,265,245,244,256,305,278,306,284,276,275,282,287,278,351,298,317,353,398,376,324,314
28125,"Sharkey County, MS",59,65,61,69,58,62,60,70,62,64,59,64,65,79,70,55,60,76,61,61,84,76,65,73,44
28127,"Simpson County, MS",321,320,306,311,279,304,269,290,307,269,309,294,282,305,298,326,308,327,306,308,406,399,386,333,345
28129,"Smith County, MS",154,175,153,161,172,235,227,202,150,162,156,158,163,169,177,202,173,166,171,184,204,221,208,211,193
28131,"Stone County, MS",139,156,139,156,141,174,158,142,164,153,171,195,196,172,161,175,211,198,180,202,252,282,209,246,245
28133,"Sunflower County, MS",339,318,324,342,301,351,341,335,325,287,331,283,310,308,284,296,302,322,330,332,437,398,350,343,338
28135,"Tallahatchie County, MS",153,160,148,153,139,138,141,142,141,149,146,141,162,162,146,157,149,157,162,141,211,193,165,175,163
28137,"Tate County, MS",241,264,251,269,231,258,249,253,249,267,274,269,272,287,272,303,297,293,325,300,419,413,369,357,371
28139,"Tippah County, MS",246,279,276,263,225,252,234,245,245,234,273,268,241,268,265,266,293,285,266,270,332,334,299,319,295
28141,"Tishomingo County, MS",276,289,265,242,253,223,254,266,247,284,260,285,283,297,296,308,279,301,294,290,366,394,367,309,317
28143,"Tunica County, MS",91,104,118,95,102,104,113,102,122,91,116,116,100,96,97,108,103,115,126,109,144,164,91,106,104
28145,"Union County, MS",275,271,266,272,244,267,278,257,245,254,289,264,277,273,301,296,328,303,326,318,355,379,338,339,315
28147,"Walthall County, MS",178,170,178,158,158,181,166,156,199,174,189,169,153,196,200,194,188,167,213,173,233,229,221,199,219
28149,"Warren County, MS",502,542,522,532,507,515,476,516,490,477,507,495,506,508,508,594,576,534,508,465,674,653,593,535,554
28151,"Washington County, MS",681,652,675,636,610,637,616,599,626,634,601,581,582,643,590,584,582,570,595,646,790,713,668,606,656
28153,"Wayne County, MS",192,207,217,196,200,204,204,181,255,179,216,230,226,205,218,245,220,233,235,203,256,302,290,257,261
28155,"Webster County, MS",146,140,149,152,136,160,128,162,148,153,149,127,127,164,139,140,137,139,157,124,168,205,189,175,140
28157,"Wilkinson County, MS",123,143,170,122,133,129,132,117,142,133,130,122,99,106,126,119,136,135,126,130,147,123,134,114,110
28159,"Winston County, MS",235,213,211,200,222,224,196,216,275,223,213,232,233,235,242,214,231,230,263,231,299,299,231,229,235
28161,"Yalobusha County, MS",149,133,170,172,164,156,168,160,173,169,164,171,163,157,163,185,180,189,177,208,245,196,204,197,206
28163,"Yazoo County, MS",315,285,323,285,263,284,290,229,266,245,255,260,284,321,304,311,304,316,307,284,360,362,341,320,295
29001,"Adair County, MO",219,238,250,201,209,246,207,216,193,190,200,210,227,210,253,213,209,244,212,249,242,291,250,214,223
29003,"Andrew County, MO",173,167,172,156,179,172,190,157,156,165,143,160,163,180,177,162,176,155,158,172,218,191,184,167,163
29005,"Atchison County, MO",93,92,103,76,86,78,65,86,88,85,95,92,85,73,62,81,74,70,71,90,95,95,92,84,74
29007,"Audrain County, MO",274,279,309,343,276,315,291,294,312,300,301,269,282,312,286,298,301,327,311,315,389,330,337,319,312
29009,"Barry County, MO",377,350,410,423,372,416,360,399,423,351,397,394,407,403,390,427,445,437,454,419,523,501,509,463,452
29011,"Barton County, MO",130,137,137,127,144,147,131,132,130,134,134,128,135,165,147,161,137,141,122,154,155,169,164,145,164
29013,"Bates County, MO",221,230,227,194,211,191,190,213,201,188,198,216,211,202,224,208,210,229,185,216,225,244,250,211,220
29015,"Benton County, MO",251,240,254,250,253,248,275,277,296,260,272,253,294,269,317,308,297,309,326,317,367,365,373,387,323
29017,"Bollinger County, MO",114,134,117,101,159,138,112,131,137,131,154,120,134,130,140,130,142,158,144,119,186,163,153,171,147
29019,"Boone County, MO",848,835,865,903,814,862,901,909,933,949,962,982,957,1056,1013,1050,1039,1086,1238,1210,1402,1393,1415,1280,1269
29021,"Buchanan County, MO",929,938,943,911,928,976,944,896,998,897,933,984,987,949,980,948,899,989,959,926,1132,1120,1044,1061,1059
29023,"Butler County, MO",495,518,558,580,505,555,527,520,517,536,546,562,520,587,574,629,510,585,607,569,687,708,674,594,629
29025,"Caldwell County, MO",100,117,99,97,100,87,118,102,121,94,108,92,112,102,116,94,99,102,117,105,120,136,123,123,114
29027,"Callaway County, MO",345,355,350,322,379,308,334,328,359,353,370,366,353,372,339,397,401,397,459,422,519,503,498,419,490
29029,"Camden County, MO",391,345,394,446,420,395,394,412,437,437,433,447,470,466,477,494,496,471,534,522,646,664,602,569,610
29031,"Cape Girardeau County, MO",692,676,663,671,687,759,691,708,727,657,734,752,721,741,755,774,863,768,820,839,1079,926,906,851,857
29033,"Carroll County, MO",134,147,141,135,132,127,111,139,124,135,115,116,134,129,114,107,117,115,121,107,139,111,127,113,109
29035,"Carter County, MO",88,74,69,74,72,79,84,71,81,101,72,93,65,58,65,82,86,81,92,87,92,102,74,70,94
29037,"Cass County, MO",713,734,753,758,697,798,729,838,864,812,877,822,899,948,898,888,931,1002,1026,1023,1119,1255,1237,1090,1166
29039,"Cedar County, MO",198,197,190,196,179,220,175,196,208,188,210,167,203,189,202,224,214,192,221,223,187,237,218,218,213
29041,"Chariton County, MO",129,130,116,118,115,118,110,107,100,100,98,90,88,78,130,98,90,100,97,96,133,118,126,102,95
29043,"Christian County, MO",416,397,453,475,468,485,481,507,551,499,558,505,566,571,622,675,600,699,688,734,857,952,909,841,822
29045,"Clark County, MO",90,72,88,89,95,78,82,75,97,71,85,84,95,99,90,90,85,70,82,83,99,102,85,98,97
29047,"Clay County, MO",1387,1420,1454,1411,1382,1456,1463,1533,1598,1485,1555,1544,1583,1607,1724,1811,1693,1818,1848,1906,2215,2227,2251,2129,2212
29049,"Clinton County, MO",224,199,238,248,242,270,254,212,266,232,227,255,241,250,274,254,250,267,261,231,313,246,279,287,259
29051,"Cole County, MO",586,623,552,586,586,595,572,596,627,605,599,593,608,630,657,646,679,625,710,717,882,778,800,749,784
29053,"Cooper County, MO",179,163,176,188,179,179,172,180,213,186,178,208,187,183,196,190,214,183,200,186,203,227,199,167,199
29055,"Crawford County, MO",260,265,259,282,247,275,230,277,288,279,282,298,269,271,295,286,324,317,315,322,362,386,377,311,369
29057,"Dade County, MO",120,130,115,130,137,129,109,100,117,110,106,108,88,96,113,105,107,101,116,117,135,119,141,128,102
29059,"Dallas County, MO",176,178,181,172,179,172,195,178,167,194,180,150,162,193,201,202,205,201,214,214,305,303,245,231,230
29061,"Daviess County, MO",97,97,77,86,92,92,81,88,74,85,90,85,90,95,87,103,97,84,86,85,112,107,108,103,91
29063,"DeKalb County, MO",106,112,106,114,118,117,130,122,117,97,123,117,130,129,115,114,117,129,160,103,157,131,149,138,134
29065,"Dent County, MO",191,221,197,199,174,172,176,188,199,203,206,186,185,191,196,195,212,191,174,227,268,269,248,255,243
29067,"Douglas County, MO",148,154,148,146,153,128,161,146,133,151,141,165,141,185,151,178,183,176,206,180,205,229,207,210,192
29069,"Dunklin County, MO",470,464,475,492,444,483,442,421,445,465,443,439,461,428,477,428,426,459,472,435,558,519,482,504,413
29071,"Franklin County, MO",805,900,899,898,852,811,929,899,1026,903,970,998,972,908,960,1021,1056,1005,1075,1153,1282,1331,1358,1149,1139
29073,"Gasconade County, MO",208,207,189,230,208,209,198,213,181,202,176,218,205,196,183,215,194,223,213,226,271,248,237,220,210
29075,"Gentry County, MO",123,82,93,99,101,94,82,100,81,98,87,75,94,100,93,75,93,105,96,87,108,105,89,74,88
29077,"Greene County, MO",2347,2402,2393,2443,2309,2358,2409,2297,2522,2446,2539,2541,2536,2649,2678,2859,2872,2979,2951,3003,3415,3577,3485,3198,3168
29079,"Grundy County, MO",139,153,176,147,124,144,131,133,150,141,143,126,117,143,144,155,139,112,127,126,152,152,161,137,144
29081,"Harrison County, MO",139,125,121,124,122,132,110,108,132,117,100,122,115,120,128,114,118,125,108,111,123,112,116,104,106
29083,"Henry County, MO",302,283,295,316,293,301,294,301,292,304,302,312,323,297,308,334,282,296,301,309,363,340,370,299,303
29085,"Hickory County, MO",119,144,126,135,141,136,152,110,141,134,145,163,141,138,153,161,154,151,153,146,161,197,186,159,156
29087,"Holt County, MO",62,63,65,91,60,74,69,66,60,73,72,63,69,69,64,67,57,56,54,59,72,83,68,66,67
29089,"Howard County, MO",108,90,129,114,112,106,101,116,122,79,101,108,81,111,109,95,101,118,115,106,109,146,111,112,123
29091,"Howell County, MO",484,469,449,465,468,478,490,460,500,465,453,511,482,546,499,533,495,500,531,547,637,639,653,549,595
29093,"Iron County, MO",176,166,185,180,159,159,136,145,168,155,143,133,133,127,162,162,149,167,143,157,185,190,182,186,165
29095,"Jackson County, MO",6084,6179,6007,6020,5931,6029,6172,5956,6146,5927,5907,6006,6072,6178,6081,6341,6144,6494,6376,6501,7542,7874,7668,7000,7048
29097,"Jasper County, MO",1063,1106,1101,1133,1093,1110,1078,1125,1148,1100,1115,1221,1122,1170,1218,1109,1201,1290,1265,1242,1505,1538,1526,1418,1436
29099,"Jefferson County, MO",1462,1510,1615,1584,1529,1622,1640,1695,1746,1775,1832,1830,1843,1830,1950,1980,2070,2137,2178,2172,2468,2504,2551,2330,2426
29101,"Johnson County, MO",306,336,341,356,356,349,344,378,383,359,386,406,378,373,408,449,444,402,398,421,494,565,487,411,495
29103,"Knox County, MO",56,65,59,62,43,51,62,58,78,51,55,46,56,58,48,47,51,37,56,40,49,67,51,62,51
29105,"Laclede County, MO",337,327,333,376,342,374,351,389,366,344,355,362,399,380,396,412,425,446,459,464,495,567,497,502,445
29107,"Lafayette County, MO",391,380,406,403,339,383,388,354,366,336,335,324,352,378,386,400,393,405,413,384,461,471,441,433,419
29109,"Lawrence County, MO",425,410,411,408,398,394,416,433,430,408,423,426,422,459,446,442,479,498,514,501,545,581,538,472,485
29111,"Lewis County, MO",138,117,108,104,114,146,131,123,118,110,113,98,132,97,105,129,126,127,123,112,124,156,132,128,122
29113,"Lincoln County, MO",302,323,371,382,366,338,363,356,437,371,414,455,405,421,430,503,501,487,502,521,562,607,623,619,598
29115,"Linn County, MO",201,210,185,180,175,184,172,150,183,177,172,177,158,183,177,185,172,175,183,149,194,186,176,190,185
29117,"Livingston County, MO",196,163,209,186,187,196,212,191,206,193,175,208,185,168,212,197,202,173,165,185,201,220,213,176,193
29119,"McDonald County, MO",201,201,193,208,206,194,230,219,180,210,194,204,206,229,246,235,222,255,244,254,307,304,298,288,260
29121,"Macon County, MO",223,225,218,226,203,226,220,225,211,164,202,202,208,187,210,203,184,196,215,213,267,227,217,221,196
29123,"Madison County, MO",157,144,170,157,147,136,169,157,176,186,161,162,154,188,158,175,164,179,176,149,210,215,193,172,177
29125,"Maries County, MO",105,93,108,94,85,91,88,102,85,90,111,102,85,107,100,101,106,109,93,114,151,133,132,122,114
29127,"Marion County, MO",334,342,350,383,350,352,356,343,369,305,327,338,296,318,342,343,342,356,342,358,377,396,401,376,341
29129,"Mercer County, MO",53,45,43,41,43,50,31,31,41,37,49,50,50,28,47,43,51,41,54,39,70,52,46,43,46
29131,"Miller County, MO",304,257,251,279,263,296,249,284,284,248,255,270,272,290,263,316,265,283,293,294,347,365,324,305,342
29133,"Mississippi County, MO",179,161,172,185,194,175,170,181,182,199,200,195,193,168,149,156,171,189,196,176,219,221,208,167,197
29135,"Moniteau County, MO",163,145,145,136,153,139,149,135,144,157,150,139,146,148,151,141,152,145,175,150,199,173,191,154,167
29137,"Monroe County, MO",127,102,108,128,91,117,126,100,99,87,91,93,74,87,98,100,106,102,103,115,128,123,124,104,130
29139,"Montgomery County, MO",156,162,180,152,139,172,168,172,149,142,154,172,136,152,171,154,164,195,150,193,195,185,191,154,135
29141,"Morgan County, MO",257,252,260,282,250,254,264,266,246,292,272,328,296,265,293,283,336,264,315,288,338,327,340,303,323
29143,"New Madrid County, MO",239,259,215,261,231,236,226,279,245,239,261,256,257,237,244,225,251,238,272,253,337,296,308,246,313
29145,"Newton County, MO",577,543,526,539,502,512,551,510,591,557,576,580,622,658,621,650,639,663,693,664,748,820,767,688,727
29147,"Nodaway County, MO",209,187,186,187,193,192,212,199,193,174,190,203,190,195,199,200,186,199,212,180,201,168,201,214,201
29149,"Oregon County, MO",151,142,113,136,146,136,122,137,140,142,133,138,135,151,128,151,150,145,159,134,166,179,190,187,170
29151,"Osage County, MO",145,122,158,117,107,118,108,117,138,117,119,130,138,116,145,123,122,140,146,136,146,165,149,137,131
29153,"Ozark County, MO",148,114,137,109,136,128,113,127,134,132,114,133,130,128,136,120,128,134,138,118,162,188,152,140,174
29155,"Pemiscot County, MO",227,246,245,250,219,245,258,230,224,236,223,225,231,273,235,248,242,231,243,226,304,292,277,220,233
29157,"Perry County, MO",211,195,184,196,170,195,144,185,206,221,205,184,193,188,195,194,218,185,219,194,258,226,230,216,191
29159,"Pettis County, MO",421,426,446,414,406,406,400,360,407,388,402,443,401,427,402,434,445,494,482,447,589,516,518,478,536
29161,"Phelps County, MO",416,434,440,375,409,415,391,431,494,401,415,421,435,424,441,482,495,475,431,481,591,603,542,536,574
29163,"Pike County, MO",204,195,212,212,212,195,195,200,188,197,180,178,187,203,212,209,203,210,213,197,229,212,234,218,221
29165,"Platte County, MO",487,470,533,482,488,490,532,514,525,550,577,575,612,569,626,668,687,744,743,743,874,903,924,908,830
29167,"Polk County, MO",277,272,326,320,283,323,316,322,298,378,352,355,324,346,340,337,329,419,374,381,420,429,405,356,378
29169,"Pulaski County, MO",255,293,280,300,263,271,259,285,297,270,262,300,300,306,317,311,320,329,341,348,409,460,425,371,388
29171,"Putnam County, MO",61,80,78,71,71,74,69,69,80,51,56,58,74,59,64,60,80,74,61,89,72,88,85,60,55
29173,"Ralls County, MO",91,99,90,102,88,82,71,64,100,79,77,85,89,107,94,105,108,88,84,106,146,137,133,125,110
29175,"Randolph County, MO",299,296,322,275,246,277,240,267,282,247,259,250,273,306,281,289,295,294,280,301,342,356,328,304,287
29177,"Ray County, MO",223,224,255,209,275,213,204,226,269,259,242,223,252,261,245,235,282,285,277,247,338,354,340,286,274
29179,"Reynolds County, MO",83,80,92,72,81,89,77,79,78,76,84,85,66,89,107,94,72,78,99,98,95,112,96,84,99
29181,"Ripley County, MO",186,178,181,155,172,190,206,183,196,201,183,195,178,189,170,200,169,200,190,195,220,237,209,209,193
29183,"St. Charles County, MO",1653,1655,1825,1894,1863,2005,1982,1972,2102,2100,2300,2287,2332,2501,2626,2746,2841,2997,3147,3130,3791,3660,3601,3451,3676
29185,"St. Clair County, MO",116,136,145,139,143,131,148,132,125,143,140,139,142,138,147,161,151,143,117,143,165,153,152,158,170
29186,"Ste. Genevieve County, MO",156,205,168,166,142,168,168,150,169,178,168,197,190,185,199,198,193,196,214,182,206,246,228,204,225
29187,"St. Francois County, MO",702,716,703,682,666,702,687,669,750,727,675,722,796,751,778,779,746,797,810,782,974,1029,920,917,840
29189,"St. Louis County, MO",9650,9631,9861,9529,9381,9185,9359,9007,9540,9109,9291,9231,9399,9569,9629,9982,10025,10269,10880,10354,12525,11417,11319,10661,10445
29195,"Saline County, MO",298,286,269,250,327,285,278,282,262,254,228,283,228,291,252,237,255,272,263,251,315,327,286,272,266
29197,"Schuyler County, MO",55,55,57,42,56,57,53,57,58,45,60,43,51,60,56,59,46,51,58,50,60,64,52,48,49
29199,"Scotland County, MO",78,75,68,64,50,62,61,68,53,51,64,57,53,60,52,80,66,49,41,49,61,69,49,49,47
29201,"Scott County, MO",445,364,426,436,368,416,390,424,416,443,415,422,423,443,445,423,463,420,469,461,563,586,522,487,499
29203,"Shannon County, MO",77,92,91,96,95,90,90,81,94,82,83,93,92,103,96,86,90,101,90,123,141,120,129,112,88
29205,"Shelby County, MO",90,89,99,93,93,89,82,101,97,71,83,83,78,86,86,86,87,98,67,75,97,87,100,81,76
29207,"Stoddard County, MO",369,387,353,382,361,359,359,386,391,363,363,409,367,395,353,433,384,402,407,385,454,450,465,442,401
29209,"Stone County, MO",278,333,296,315,310,305,324,352,329,329,328,337,360,411,433,361,406,410,443,423,454,500,465,458,444
29211,"Sullivan County, MO",112,88,87,89,95,98,80,72,71,79,82,72,86,81,88,66,57,79,83,68,84,86,73,75,83
29213,"Taney County, MO",425,449,413,432,438,443,428,445,467,436,461,500,538,540,514,614,588,648,600,598,718,795,743,706,724
29215,"Texas County, MO",286,273,293,291,310,296,288,298,311,265,283,255,305,287,292,322,297,307,331,331,394,441,388,346,367
29217,"Vernon County, MO",232,228,259,278,231,231,269,219,235,219,245,265,236,255,270,274,237,258,237,243,281,340,312,293,290
29219,"Warren County, MO",202,207,228,242,262,186,234,237,279,267,254,245,270,272,307,291,301,322,323,298,371,463,434,391,373
29221,"Washington County, MO",238,204,252,246,259,254,247,274,280,239,240,255,223,296,299,294,302,311,273,307,370,402,367,315,336
29223,"Wayne County, MO",164,187,202,212,210,183,173,191,205,192,177,186,185,218,192,199,187,199,214,158,224,242,206,167,201
29225,"Webster County, MO",267,259,274,282,268,291,309,276,276,314,307,263,305,315,313,355,328,354,394,368,434,508,457,366,405
29227,"Worth County, MO",37,39,26,37,28,26,36,26,27,27,35,32,24,32,31,31,37,35,26,29,29,32,50,21,22
29229,"Wright County, MO",223,206,246,203,201,222,221,220,200,208,218,229,227,210,244,209,247,294,272,247,232,290,303,252,238
29510,"St. Louis city, MO",4206,4196,4177,3993,3736,3539,3584,3318,3311,3097,3067,2990,2936,2900,2993,2965,3009,3139,3040,3023,3645,3405,3297,3036,2767
30001,"Beaverhead County, MT",73,96,75,90,77,59,84,77,71,82,84,70,80,83,98,83,96,99,88,81,118,122,118,114,117
30003,"Big Horn County, MT",103,93,120,91,103,104,128,123,133,96,81,111,135,119,131,136,143,134,134,162,216,165,149,126,128
30005,"Blaine County, MT",66,81,66,65,56,67,64,64,76,61,72,77,63,65,71,73,74,63,54,79,109,76,63,74,85
30007,"Broadwater County, MT",49,46,38,45,39,47,64,54,61,43,52,60,57,52,41,61,70,62,58,53,56,92,61,73,81
30009,"Carbon County, MT",108,87,106,88,85,100,92,93,90,83,107,87,93,96,88,110,106,105,105,107,128,109,108,95,96
30011,"Carter County, MT",18,17,18,15,13,10,12,16,15,17,14,17,16,10,16,,16,19,18,12,22,12,22,16,15
30013,"Cascade County, MT",792,783,763,746,745,813,735,741,746,732,756,810,788,835,764,869,873,939,895,908,1078,1029,1053,1001,1048
30015,"Chouteau County, MT",78,61,59,61,58,63,55,62,51,66,53,51,59,55,85,54,63,66,63,49,71,72,61,68,68
30017,"Custer County, MT",135,136,151,138,134,145,140,144,129,149,144,149,140,149,126,159,135,129,140,142,139,158,155,131,121
30019,"Daniels County, MT",21,25,29,43,24,29,15,26,23,23,31,26,13,27,33,23,17,25,25,17,28,20,18,20,30
30021,"Dawson County, MT",93,101,112,109,108,110,89,104,118,96,117,125,101,101,79,112,89,102,88,79,135,141,97,113,104
30023,"Deer Lodge County, MT",131,143,116,131,119,140,111,102,122,126,119,124,134,116,117,128,141,114,122,116,151,125,109,129,134
30025,"Fallon County, MT",24,33,35,25,24,27,36,49,37,36,31,24,36,36,25,36,29,34,29,27,39,34,28,23,29
30027,"Fergus County, MT",160,160,164,165,131,141,134,162,156,150,156,159,153,167,149,166,155,176,131,156,178,172,158,152,167
30029,"Flathead County, MT",655,651,686,758,715,716,744,741,717,731,773,738,784,803,916,922,864,921,934,954,1137,1251,1131,1079,1143
30031,"Gallatin County, MT",360,355,357,411,336,391,434,429,446,481,485,533,486,548,505,514,584,560,553,606,629,668,701,681,702
30033,"Garfield County, MT",,13,21,14,,13,11,14,13,16,,,15,10,12,21,10,16,15,,13,19,16,15,10
30035,"Glacier County, MT",114,98,120,100,107,130,131,128,114,105,121,144,132,130,133,135,141,181,133,118,180,183,177,165,150
30037,"Golden Valley County, MT",,,,,11,,,17,,,13,,13,13,,,14,,,,15,17,10,17,12
30039,"Granite County, MT",33,29,27,27,15,30,23,16,23,31,33,31,35,31,31,30,36,37,31,28,29,39,43,37,35
30041,"Hill County, MT",144,165,140,146,157,134,153,153,137,166,145,133,155,143,135,159,153,152,150,147,195,205,180,175,185
30043,"Jefferson County, MT",63,103,82,80,85,78,85,77,91,104,94,96,102,113,90,113,85,102,107,103,155,177,133,142,132
30045,"Judith Basin County, MT",16,18,21,27,14,18,20,17,15,18,20,29,18,23,20,17,15,14,23,25,16,24,18,18,18
30047,"Lake County, MT",274,253,243,247,271,250,263,294,263,260,273,257,258,291,284,333,284,322,314,334,367,397,366,392,369
30049,"Lewis and Clark County, MT",440,490,476,460,486,507,490,511,557,545,546,551,512,554,584,601,579,660,604,692,710,782,746,708,702
30051,"Liberty County, MT",17,23,25,23,16,25,25,21,19,20,22,27,21,25,21,29,18,17,15,12,21,15,29,21,26
30053,"Lincoln County, MT",205,183,198,192,186,196,223,237,220,228,216,213,238,245,244,264,249,242,245,250,292,331,328,306,357
30055,"McCone County, MT",21,15,19,15,11,20,17,25,22,18,18,26,14,17,21,16,21,24,18,18,14,26,10,15,24
30057,"Madison County, MT",76,74,77,76,70,62,71,73,89,63,75,79,85,68,61,77,96,84,65,113,104,105,108,92,71
30059,"Meagher County, MT",22,14,27,29,19,30,20,23,28,17,29,22,28,30,29,28,20,22,25,23,20,19,26,20,30
30061,"Mineral County, MT",29,39,39,53,39,40,47,45,56,51,52,43,50,45,53,69,61,46,51,52,63,84,54,63,68
30063,"Missoula County, MT",642,667,660,703,680,725,677,722,752,751,752,809,764,827,839,881,934,910,888,914,999,1090,1014,956,951
30065,"Musselshell County, MT",61,58,58,62,54,53,53,63,62,59,58,66,50,57,46,53,59,64,75,51,72,92,49,64,49
30067,"Park County, MT",157,151,154,135,140,131,145,145,163,144,132,152,138,135,167,160,157,151,140,174,194,208,207,179,184
30069,"Petroleum County, MT",,,,,,,,,,,,,,,,,,,,,,,,,11
30071,"Phillips County, MT",58,61,70,48,38,41,42,54,57,51,48,59,54,63,56,43,42,45,70,70,58,67,57,47,46
30073,"Pondera County, MT",86,72,83,73,97,72,65,73,47,68,71,67,71,73,74,57,78,80,85,78,74,69,91,90,102
30075,"Powder River County, MT",29,20,16,23,16,16,20,20,19,16,15,31,18,22,14,24,20,20,15,22,20,22,17,17,21
30077,"Powell County, MT",62,72,76,82,72,75,68,65,79,78,68,83,69,75,79,71,91,73,78,85,95,82,89,91,84
30079,"Prairie County, MT",15,18,18,28,18,15,13,12,14,12,20,17,20,22,16,15,24,18,21,21,20,12,26,13,14
30081,"Ravalli County, MT",295,357,372,373,334,379,358,368,417,396,392,396,396,431,436,419,472,458,467,526,560,665,552,528,588
30083,"Richland County, MT",98,105,108,108,88,106,96,97,114,95,78,101,109,99,89,84,91,100,89,85,114,129,106,98,122
30085,"Roosevelt County, MT",106,114,129,136,109,116,118,106,122,135,101,122,107,137,175,131,131,125,120,135,196,193,146,118,129
30087,"Rosebud County, MT",63,65,78,76,72,87,71,66,81,87,71,78,71,104,74,97,80,96,97,93,138,126,113,91,112
30089,"Sanders County, MT",111,110,109,125,109,127,116,114,137,103,109,153,124,150,146,155,143,159,149,170,190,233,185,162,171
30091,"Sheridan County, MT",55,68,60,51,62,52,69,61,59,62,65,50,48,70,55,58,48,42,40,50,38,61,62,51,40
30093,"Silver Bow County, MT",432,425,442,403,429,444,425,406,410,419,418,398,398,400,394,446,404,417,411,446,468,536,493,439,490
30095,"Stillwater County, MT",67,71,73,66,66,81,75,66,86,72,92,86,83,91,98,100,87,90,84,77,107,133,91,87,118
30097,"Sweet Grass County, MT",41,40,47,32,27,34,44,40,36,38,37,45,34,50,43,42,48,32,28,36,51,42,52,35,51
30099,"Teton County, MT",69,63,74,72,55,77,44,63,62,67,62,69,59,74,67,53,74,70,55,76,81,92,82,77,76
30101,"Toole County, MT",56,49,60,57,54,59,62,49,46,49,47,47,47,55,43,56,48,45,70,46,55,75,63,49,55
30103,"Treasure County, MT",,,,,,,,,,,,11,,,14,12,,11,,,,,10,,14
30105,"Valley County, MT",80,96,111,102,90,69,92,82,88,64,85,75,86,100,76,88,80,86,95,102,103,102,101,106,88
30107,"Wheatland County, MT",29,27,35,31,27,26,19,24,24,23,22,18,29,17,25,27,16,36,35,27,33,31,22,19,23
30109,"Wibaux County, MT",13,23,13,20,23,16,20,19,26,13,17,17,13,15,16,20,17,14,15,18,23,21,25,22,17
30111,"Yellowstone County, MT",1122,1130,1236,1175,1167,1212,1250,1264,1355,1295,1318,1334,1363,1432,1367,1498,1510,1582,1614,1608,1896,1940,1747,1762,1730
31001,"Adams County, NE",258,299,329,294,288,315,286,300,314,328,293,287,294,294,331,313,311,326,339,307,388,367,369,360,321
31003,"Antelope County, NE",89,83,73,85,74,76,74,85,67,61,80,77,73,79,64,86,87,84,72,47,91,83,64,71,94
31005,"Arthur County, NE",,,,,,,,,,,,0,,,,,,,,,,,,,
31007,"Banner County, NE",,,,,,,,,10,,,,0,,10,,,,,,,,,13,
31009,"Blaine County, NE",,,0,,,,,,,,,,,,,,,,,,,,,,
31011,"Boone County, NE",58,66,75,68,69,87,79,70,52,71,71,71,55,70,67,75,57,74,66,65,75,82,69,63,74
31013,"Box Butte County, NE",137,132,123,127,116,119,114,113,130,112,125,119,113,128,115,118,112,134,118,119,133,130,136,121,141
31015,"Boyd County, NE",28,35,39,36,41,34,43,26,22,29,32,26,32,39,29,34,41,31,26,41,38,38,32,31,24
31017,"Brown County, NE",47,41,42,51,34,35,41,49,34,48,37,37,48,37,47,36,37,38,40,36,51,50,36,49,35
31019,"Buffalo County, NE",323,302,325,364,329,308,342,365,370,345,348,330,347,339,354,357,345,369,361,398,457,424,437,462,480
31021,"Burt County, NE",109,111,119,121,89,102,95,104,102,93,90,98,113,91,95,92,95,89,99,98,109,73,107,98,101
31023,"Butler County, NE",111,102,122,93,90,106,101,104,79,89,96,103,97,94,102,114,103,101,105,127,104,109,99,105,102
31025,"Cass County, NE",203,228,207,219,209,207,205,228,202,224,253,224,192,246,255,246,237,242,228,219,305,268,252,269,299
31027,"Cedar County, NE",106,100,128,134,95,104,93,104,107,109,105,102,94,89,99,116,95,115,98,102,105,87,122,100,107
31029,"Chase County, NE",53,50,54,58,62,52,40,57,59,57,47,54,45,44,70,54,48,50,58,53,56,60,55,62,54
31031,"Cherry County, NE",74,68,68,71,67,65,51,67,58,61,57,52,65,58,67,66,61,74,67,60,80,79,50,39,66
31033,"Cheyenne County, NE",122,133,108,119,90,121,98,106,104,76,95,84,88,99,98,88,111,101,101,95,126,136,114,136,113
31035,"Clay County, NE",84,66,95,78,68,74,77,71,92,83,77,71,75,59,71,82,68,61,77,68,90,83,72,67,74
31037,"Colfax County, NE",110,96,101,89,99,104,93,81,91,84,69,82,101,84,81,86,83,57,84,79,78,65,73,60,62
31039,"Cuming County, NE",127,105,118,127,103,127,141,100,103,89,97,110,105,112,94,96,83,97,93,116,121,121,103,113,101
31041,"Custer County, NE",147,164,167,159,141,174,134,145,163,147,141,154,122,131,128,136,119,130,138,97,144,144,123,124,135
31043,"Dakota County, NE",164,143,159,152,144,186,171,180,143,144,171,162,145,145,159,157,194,180,152,153,242,157,201,196,177
31045,"Dawes County, NE",86,88,99,89,106,89,75,88,73,91,83,91,89,90,66,89,104,83,90,88,106,107,103,97,88
31047,"Dawson County, NE",240,238,209,221,220,212,232,203,226,216,202,188,240,230,198,215,185,210,209,229,261,241,239,187,218
31049,"Deuel County, NE",20,38,30,40,26,32,23,22,27,26,27,22,19,23,20,25,24,27,21,22,22,35,17,17,24
31051,"Dixon County, NE",70,82,66,62,78,69,57,57,77,67,66,78,75,56,55,72,63,67,61,53,74,64,60,67,77
31053,"Dodge County, NE",388,435,384,426,393,371,414,435,411,408,400,472,428,440,443,475,433,448,446,461,532,488,431,495,446
31055,"Douglas County, NE",3536,3649,3686,3644,3512,3552,3580,3589,3714,3434,3635,3789,3837,3898,3969,4211,3940,4170,4196,4244,4937,4700,4734,4677,4607
31057,"Dundy County, NE",28,29,29,33,32,30,32,32,37,39,18,30,38,31,34,16,28,31,28,26,25,26,16,22,19
31059,"Fillmore County, NE",101,104,103,82,88,96,84,93,88,73,95,86,81,87,97,81,83,93,63,87,78,82,86,95,83
31061,"Franklin County, NE",63,48,60,56,48,45,45,56,44,40,42,57,40,31,39,38,40,45,35,44,47,65,43,44,46
31063,"Frontier County, NE",31,34,35,22,20,24,29,31,21,18,14,17,19,22,25,15,20,17,23,23,24,32,32,22,31
31065,"Furnas County, NE",101,91,85,74,83,63,85,71,71,71,69,69,63,68,81,74,57,68,71,55,67,79,52,46,64
31067,"Gage County, NE",316,271,259,299,270,256,297,272,295,283,288,270,275,289,264,276,285,267,264,283,299,331,335,296,292
31069,"Garden County, NE",39,34,37,41,32,37,31,38,23,31,29,40,35,31,23,35,30,20,29,41,35,36,31,22,31
31071,"Garfield County, NE",28,45,35,40,34,31,30,34,24,25,32,29,34,42,23,31,39,44,43,33,30,40,39,48,32
31073,"Gosper County, NE",26,34,29,31,31,22,13,28,29,22,28,17,27,28,16,26,25,25,20,26,40,22,29,20,32
31075,"Grant County, NE",,,,10,,,,,,,,,,,,,,,,12,14,,,,0
31077,"Greeley County, NE",41,31,42,34,37,34,29,29,32,39,34,32,31,22,26,33,27,39,24,28,34,28,20,29,22
31079,"Hall County, NE",524,489,479,507,479,506,542,493,514,517,541,528,527,505,504,574,567,588,568,553,630,627,588,596,560
31081,"Hamilton County, NE",93,97,117,75,101,96,76,99,97,83,87,82,82,89,93,84,72,84,92,84,120,112,102,112,93
31083,"Harlan County, NE",43,45,39,50,55,38,45,45,46,48,45,54,61,33,27,48,47,36,48,33,42,62,52,48,46
31085,"Hayes County, NE",,10,,11,,,,,11,,,,,,,,,,,10,,,,,
31087,"Hitchcock County, NE",52,33,48,46,42,38,39,37,45,39,48,27,44,36,36,41,38,40,36,43,55,45,42,29,32
31089,"Holt County, NE",126,120,147,121,119,143,130,135,133,131,134,126,114,129,118,136,127,128,143,109,132,126,116,127,123
31091,"Hooker County, NE",11,,16,13,11,14,11,12,13,13,10,,18,,12,23,18,12,12,14,11,15,11,,
31093,"Howard County, NE",82,55,64,56,65,63,81,72,81,60,56,62,82,64,59,64,74,73,65,91,81,93,70,77,76
31095,"Jefferson County, NE",125,88,123,101,97,105,109,128,119,101,106,127,113,115,120,106,96,108,106,119,118,123,114,108,118
31097,"Johnson County, NE",57,48,65,64,45,49,66,49,58,67,55,61,53,70,61,60,72,67,78,66,54,67,62,66,61
31099,"Kearney County, NE",71,75,72,66,78,74,74,64,45,65,71,85,62,69,69,85,79,80,73,63,74,63,79,73,75
31101,"Keith County, NE",108,89,92,106,86,102,94,94,107,89,107,82,87,100,90,96,103,84,94,98,89,133,122,100,116
31103,"Keya Paha County, NE",10,,10,,,10,,12,,,,10,11,,,,,,,,10,,,14,
31105,"Kimball County, NE",43,39,72,60,58,50,61,42,54,47,56,54,60,41,48,49,51,62,53,64,67,50,46,42,62
31107,"Knox County, NE",127,146,140,120,133,132,128,154,116,117,103,121,110,132,114,117,105,117,108,95,130,122,123,105,108
31109,"Lancaster County, NE",1652,1682,1742,1718,1691,1698,1646,1766,1832,1788,1847,1974,1927,1993,2057,2173,2171,2243,2326,2333,2561,2552,2665,2584,2486
31111,"Lincoln County, NE",305,365,346,359,322,342,356,334,345,350,320,346,366,344,354,390,375,370,361,416,468,501,470,432,422
31113,"Logan County, NE",,15,14,,,10,,,,12,,,,,,,,,,,13,,,10,
31115,"Loup County, NE",,,,11,,,,,,,,,,,,,,12,,14,,,,,
31117,"McPherson County, NE",,,,,,,,,,,,,,0,,,,,,,,,,,
31119,"Madison County, NE",323,320,369,361,338,360,344,338,372,375,321,320,342,404,363,349,378,386,388,363,384,357,383,399,407
31121,"Merrick County, NE",81,76,94,87,84,76,81,78,93,85,82,89,80,82,94,82,67,101,86,93,98,96,96,77,91
31123,"Morrill County, NE",56,82,50,54,59,61,47,63,48,51,53,57,59,56,69,64,62,58,62,54,76,73,70,63,68
31125,"Nance County, NE",45,64,52,69,56,58,48,56,52,45,51,58,56,45,50,53,39,75,45,62,61,49,70,59,48
31127,"Nemaha County, NE",96,105,91,94,59,70,97,80,100,68,96,81,99,74,73,88,78,80,84,88,99,90,110,81,76
31129,"Nuckolls County, NE",80,64,87,72,81,57,72,61,81,78,59,66,63,65,56,58,59,72,68,62,81,62,49,54,64
31131,"Otoe County, NE",174,172,212,186,158,178,167,190,203,178,188,183,198,180,200,180,177,185,169,176,179,193,201,171,182
31133,"Pawnee County, NE",56,52,60,45,36,43,38,50,48,41,47,31,45,42,39,34,33,39,41,38,47,41,47,33,31
31135,"Perkins County, NE",39,41,49,38,43,32,38,47,35,29,31,33,34,31,41,33,34,31,38,38,35,36,34,28,29
31137,"Phelps County, NE",126,124,104,112,117,106,121,112,95,90,102,138,105,97,104,131,118,119,105,105,118,141,93,106,113
31139,"Pierce County, NE",95,98,88,77,96,75,78,75,71,70,72,57,73,79,82,84,59,77,74,69,75,82,73,51,66
31141,"Platte County, NE",268,246,271,251,212,246,224,243,243,249,282,270,255,270,289,292,274,293,316,305,351,344,281,313,300
31143,"Polk County, NE",59,56,79,75,55,73,65,47,56,67,68,80,72,65,62,55,59,58,73,56,102,63,83,75,79
31145,"Red Willow County, NE",128,134,117,136,127,134,121,153,130,120,134,111,105,118,140,121,149,124,139,139,148,171,149,139,143
31147,"Richardson County, NE",150,156,145,152,149,132,120,135,139,117,116,112,130,106,123,125,115,112,134,109,156,131,110,149,114
31149,"Rock County, NE",20,20,22,25,22,21,18,17,22,21,22,21,26,19,25,29,29,26,20,20,20,24,27,14,22
31151,"Saline County, NE",178,155,169,170,147,144,144,146,153,134,156,127,170,133,138,150,150,156,136,130,116,133,132,131,117
31153,"Sarpy County, NE",502,634,625,618,594,602,632,712,723,746,734,781,831,896,952,912,964,1010,1074,1084,1313,1298,1317,1365,1428
31155,"Saunders County, NE",145,182,197,171,187,178,193,210,190,174,205,182,185,197,196,232,227,214,225,209,280,252,224,222,250
31157,"Scotts Bluff County, NE",423,410,498,436,424,429,432,414,457,416,413,414,429,408,371,449,383,450,383,482,537,465,419,447,502
31159,"Seward County, NE",146,152,160,176,168,183,173,168,160,151,182,156,161,154,161,198,176,176,186,155,180,177,203,161,178
31161,"Sheridan County, NE",85,76,88,92,64,93,75,87,72,66,62,68,80,78,79,74,63,88,83,82,94,71,76,94,57
31163,"Sherman County, NE",45,44,45,44,46,47,39,51,41,51,42,47,36,36,33,51,38,39,41,41,55,39,43,45,38
31165,"Sioux County, NE",10,,,,13,11,,,15,,,,,11,10,,10,,,,11,13,17,15,
31167,"Stanton County, NE",52,57,55,55,41,60,49,47,52,41,46,40,56,47,49,45,37,43,48,46,72,43,52,62,62
31169,"Thayer County, NE",89,94,98,99,92,77,63,83,81,95,77,70,90,82,81,71,79,90,80,84,78,95,75,65,78
31171,"Thomas County, NE",,13,,,,,,,,,12,,,,,,,,,,,,12,,
31173,"Thurston County, NE",67,69,95,74,64,74,82,73,74,64,73,64,67,76,81,72,85,76,89,97,103,104,96,73,78
31175,"Valley County, NE",63,58,65,72,55,48,56,61,60,61,53,54,65,59,51,48,60,52,45,67,47,73,44,44,51
31177,"Washington County, NE",171,143,169,173,161,147,161,162,161,166,158,160,159,179,174,195,171,205,190,174,209,201,206,193,193
31179,"Wayne County, NE",65,62,78,75,54,61,71,57,67,51,56,75,76,49,47,70,66,61,89,61,80,72,73,68,80
31181,"Webster County, NE",55,63,61,62,61,66,62,68,70,56,50,63,56,54,61,66,63,60,56,62,63,64,63,58,53
31183,"Wheeler County, NE",,,12,10,,11,,,12,,,,,,,,,,,,,,,11,
31185,"York County, NE",158,132,162,137,135,133,128,155,142,141,140,142,151,153,159,159,188,160,160,141,160,179,192,145,158
32001,"Churchill County, NV",228,197,210,222,229,231,270,235,261,251,248,274,273,260,251,288,273,276,294,293,374,388,332,369,219
32003,"Clark County, NV",10320,11014,11463,12039,12131,12914,12814,12555,12997,12957,13183,13693,14126,14432,14776,15519,16079,16994,16969,17554,21229,22803,21144,19989,21249
32005,"Douglas County, NV",290,295,331,318,385,392,366,376,429,436,407,453,406,461,502,494,452,532,531,554,613,660,700,617,494
32007,"Elko County, NV",213,215,256,287,235,246,273,278,286,288,241,299,286,307,287,295,321,315,328,331,411,511,475,404,391
32009,"Esmeralda County, NV",,11,11,15,,,14,10,16,10,16,12,16,13,12,,16,,10,,11,12,18,10,12
32011,"Eureka County, NV",13,13,,11,21,14,,11,22,12,21,,13,17,17,12,15,,14,20,15,28,36,19,27
32013,"Humboldt County, NV",93,102,96,127,109,129,110,132,120,118,117,143,132,110,130,132,143,111,148,125,146,206,177,129,131
32015,"Lander County, NV",39,44,32,45,39,54,39,43,37,37,40,33,36,44,46,52,47,45,53,54,65,71,56,48,38
32017,"Lincoln County, NV",38,48,50,46,40,46,61,50,48,49,38,44,48,62,50,50,68,44,39,60,56,68,75,83,54
32019,"Lyon County, NV",334,347,385,408,433,463,431,415,472,487,477,508,484,523,589,573,651,623,617,659,825,893,799,679,619
32021,"Mineral County, NV",76,84,73,77,82,82,70,86,69,107,75,80,74,83,55,77,80,62,63,89,95,86,94,90,64
32023,"Nye County, NV",377,430,441,476,552,580,548,592,600,582,648,654,654,679,685,683,715,769,823,841,931,1095,1033,946,749
32027,"Pershing County, NV",37,35,51,51,49,43,36,41,65,49,56,53,44,45,49,40,51,48,66,66,61,87,61,78,69
32029,"Storey County, NV",21,17,25,17,16,22,13,19,27,24,35,30,33,36,22,26,29,42,46,46,41,50,53,56,41
32031,"Washoe County, NV",2536,2709,2742,2985,2853,3062,3058,3081,3155,3093,3306,3323,3383,3623,3600,3707,4066,3955,3847,3981,4727,4870,4936,4603,4371
32033,"White Pine County, NV",90,84,112,76,104,89,102,87,103,92,97,100,94,100,96,112,84,85,95,85,89,107,123,99,95
32510,"Carson City, NV",549,640,640,658,644,654,661,676,628,632,618,636,683,673,626,813,812,742,772,820,929,988,848,789,787
33001,"Belknap County, NH",537,575,577,573,566,616,563,623,595,686,590,610,637,643,648,681,731,731,777,787,824,823,841,843,841
33003,"Carroll County, NH",426,420,455,452,442,511,467,471,458,487,481,496,471,497,529,547,559,544,600,582,584,612,701,653,624
33005,"Cheshire County, NH",675,700,670,636,641,622,669,645,680,618,660,735,720,648,664,724,730,784,794,747,773,900,869,885,899
33007,"Coos County, NH",410,424,429,395,444,402,390,389,419,386,426,388,419,410,436,462,458,450,459,463,479,574,565,520,490
33009,"Grafton County, NH",674,672,651,712,716,704,678,723,755,702,724,750,779,806,819,805,826,862,896,904,884,936,1031,980,962
33011,"Hillsborough County, NH",2788,2735,2781,2681,2801,2875,2975,2896,2841,2845,2754,3030,2907,3024,3216,3367,3388,3546,3493,3527,4004,3964,4016,3794,3833
33013,"Merrimack County, NH",1156,1127,1166,1195,1223,1241,1161,1186,1183,1142,1186,1246,1242,1290,1357,1404,1402,1385,1521,1412,1532,1561,1655,1635,1607
33015,"Rockingham County, NH",1804,1911,1829,1894,1978,1925,1943,2022,2010,1979,2077,2210,2255,2176,2343,2475,2523,2530,2595,2643,2924,2970,2985,2999,2947
33017,"Strafford County, NH",820,841,874,814,891,880,831,905,913,871,900,931,899,960,1085,1067,1132,1199,1185,1203,1220,1338,1307,1295,1282
33019,"Sullivan County, NH",407,410,421,356,409,418,383,443,414,384,403,427,401,443,419,452,454,473,454,476,476,520,545,542,516
34001,"Atlantic County, NJ",2537,2646,2793,2778,2732,2700,2613,2419,2531,2536,2496,2570,2543,2580,2598,2714,2787,2706,2834,2844,3313,3403,3117,2908,2877
34003,"Bergen County, NJ",7703,7643,7632,7466,7297,7144,6975,7066,7031,6628,6867,6917,7096,7135,6922,7111,7146,7328,7298,7425,9348,7617,7476,6821,7028
34005,"Burlington County, NJ",3559,3614,3786,3794,3637,3786,3560,3645,3612,3566,3647,3773,3762,3812,3985,4057,4199,4184,4171,4144,4803,4563,4531,4301,4186
34007,"Camden County, NJ",4825,4696,4798,4816,4672,4642,4627,4441,4586,4375,4450,4497,4457,4743,4576,4637,4700,4948,5093,4952,5892,5654,5276,4976,4878
34009,"Cape May County, NJ",1361,1381,1301,1331,1275,1388,1286,1215,1275,1280,1227,1255,1320,1369,1287,1279,1274,1332,1363,1308,1437,1435,1481,1258,1303
34011,"Cumberland County, NJ",1531,1567,1473,1549,1541,1622,1411,1385,1405,1381,1420,1416,1413,1496,1494,1567,1533,1633,1600,1625,1912,1922,1774,1636,1620
34013,"Essex County, NJ",7294,7196,7003,6892,6545,6482,6275,6244,6179,5763,5974,5937,5729,5816,5706,5822,5963,6104,6120,5946,8776,6787,6565,6034,6002
34015,"Gloucester County, NJ",2160,2252,2381,2411,2346,2539,2368,2250,2330,2333,2349,2416,2461,2603,2464,2565,2641,2774,2830,2787,3312,3192,3005,2869,2900
34017,"Hudson County, NJ",4796,4751,4576,4399,4281,4303,4235,3930,3961,3781,3755,3876,3748,3866,3736,3721,3713,3835,3838,3738,5808,4544,4151,3671,3571
34019,"Hunterdon County, NJ",802,815,843,792,764,829,818,807,837,788,836,781,881,854,902,905,918,886,900,937,1109,998,1087,1007,1026
34021,"Mercer County, NJ",3091,3032,2819,2929,2646,2726,2903,2894,2889,2728,2847,2847,2771,2909,2864,2895,2925,2846,2993,2976,3771,3444,3321,3104,2991
34023,"Middlesex County, NJ",5883,5667,5531,5455,5421,5284,5475,5458,5541,5540,5550,5647,5570,5734,5727,5734,5971,6068,6112,5977,7836,6784,6524,6026,6022
34025,"Monmouth County, NJ",5425,5523,5296,5422,5215,5285,5173,5184,5312,5184,5233,5345,5353,5307,5371,5319,5450,5538,5883,5663,6944,6326,6265,5805,5858
34027,"Morris County, NJ",3527,3519,3501,3469,3272,3645,3347,3429,3419,3341,3541,3604,3651,3758,3755,3745,3767,3915,4007,3916,4991,4199,4290,3959,4035
34029,"Ocean County, NJ",6874,7069,7049,6939,6898,6711,6748,6840,6766,6836,6964,7131,7182,6880,7184,7223,7272,7457,7309,7397,8675,8289,8135,7515,7346
34031,"Passaic County, NJ",4028,3990,4050,4051,3956,3771,3713,3668,3683,3445,3565,3597,3635,3632,3685,3697,3643,3834,3794,3793,5455,4224,4123,3799,3640
34033,"Salem County, NJ",707,721,683,714,699,745,738,692,740,706,677,742,684,701,704,727,769,731,769,756,937,915,804,806,778
34035,"Somerset County, NJ",2072,2054,2078,2121,2045,2040,2034,2144,1996,2149,2120,2163,2251,2248,2323,2397,2325,2442,2456,2489,3068,2642,2651,2566,2644
34037,"Sussex County, NJ",1029,1003,982,1053,1012,1069,1009,984,1011,1104,1120,1092,1134,1184,1149,1174,1218,1247,1265,1313,1553,1481,1447,1309,1256
34039,"Union County, NJ",4686,4717,4531,4388,4197,4353,4156,4028,4003,3942,3947,3996,3906,3851,3965,3937,3949,3984,4092,3989,5809,4423,4265,3888,3861
34041,"Warren County, NJ",910,854,903,920,920,899,892,939,919,871,910,956,987,925,919,1045,992,1054,1038,1035,1254,1190,1202,1109,1054
35001,"Bernalillo County, NM",4032,4365,4427,4493,4507,4652,4860,4844,5024,4951,4916,5035,5140,5107,5442,5515,5669,5825,5885,6054,7207,7441,7326,6935,6813
35003,"Catron County, NM",27,36,39,38,37,34,23,43,33,21,40,37,49,41,26,43,38,40,50,49,44,73,72,69,61
35005,"Chaves County, NM",620,579,632,641,614,619,590,596,654,634,613,671,612,677,646,612,693,695,664,685,852,847,749,772,739
35006,"Cibola County, NM",197,221,197,211,202,224,214,224,224,232,234,235,251,262,259,261,258,251,251,277,366,400,323,333,303
35007,"Colfax County, NM",141,139,155,155,136,138,162,142,140,137,142,133,152,164,153,149,168,123,125,155,180,179,175,157,172
35009,"Curry County, NM",351,380,398,364,368,395,366,350,357,370,375,384,388,354,387,450,406,425,410,417,475,560,544,472,445
35011,"DeBaca County, NM",29,33,30,28,22,32,23,24,20,29,23,23,39,34,32,33,24,35,19,24,35,38,29,30,24
35013,"Dona Ana County, NM",1057,1092,1170,1264,1206,1239,1219,1297,1407,1386,1446,1449,1498,1500,1504,1510,1525,1640,1623,1692,2295,2326,2181,2074,2048
35015,"Eddy County, NM",555,554,559,598,488,533,523,506,529,510,539,533,536,582,567,564,557,558,614,618,636,788,654,599,587
35017,"Grant County, NM",335,303,318,311,317,296,312,353,364,299,310,348,346,311,350,341,338,335,342,391,437,429,430,394,366
35019,"Guadalupe County, NM",48,40,52,41,55,45,47,44,44,43,39,43,33,43,49,37,41,58,55,52,60,59,51,59,49
35021,"Harding County, NM",11,,13,,,,,,,,14,,,,,10,,,14,,14,14,,,14
35023,"Hidalgo County, NM",47,46,54,44,56,60,43,54,42,53,35,54,42,49,56,52,49,49,68,58,63,61,53,54,56
35025,"Lea County, NM",465,517,475,515,435,487,523,488,481,443,540,493,532,522,553,520,533,530,575,608,713,744,663,605,592
35027,"Lincoln County, NM",166,158,166,191,140,160,161,183,154,172,179,193,181,197,202,216,219,235,246,240,238,320,289,256,240
35028,"Los Alamos County, NM",112,122,96,108,102,95,103,115,96,116,104,117,127,127,115,123,139,121,146,123,141,141,163,156,142
35029,"Luna County, NM",248,235,266,243,241,280,303,269,289,270,284,288,272,299,308,311,303,309,309,297,393,424,340,345,340
35031,"McKinley County, NM",433,485,453,484,471,479,468,497,489,446,507,529,556,535,620,592,668,674,698,697,1208,1062,908,808,771
35033,"Mora County, NM",49,53,42,37,47,40,48,47,44,42,36,52,59,37,46,55,45,31,50,54,48,56,57,62,40
35035,"Otero County, NM",447,441,482,504,505,517,506,485,541,521,542,559,545,587,597,608,640,596,662,620,759,856,735,669,692
35037,"Quay County, NM",115,134,124,136,127,136,117,106,130,114,137,120,117,131,103,114,122,130,119,116,163,175,140,103,143
35039,"Rio Arriba County, NM",337,335,337,338,322,360,397,373,355,355,340,387,402,368,406,416,421,413,447,428,513,608,593,532,501
35041,"Roosevelt County, NM",145,141,164,160,132,159,168,167,158,176,168,151,169,137,146,147,147,166,146,173,190,220,200,169,162
35043,"Sandoval County, NM",536,606,625,627,670,693,747,813,826,820,862,914,903,958,1063,1003,1092,1196,1193,1248,1434,1568,1527,1459,1518
35045,"San Juan County, NM",709,787,773,795,775,795,828,867,891,881,860,906,916,884,988,1006,1061,1080,1137,1178,1541,1714,1479,1305,1294
35047,"San Miguel County, NM",286,232,279,266,241,273,272,266,269,260,275,261,281,272,272,288,306,308,284,292,303,392,361,310,343
35049,"Santa Fe County, NM",764,807,794,887,830,892,904,943,989,927,992,1063,1106,1114,1110,1168,1232,1188,1210,1317,1460,1602,1615,1587,1572
35051,"Sierra County, NM",210,218,222,248,195,232,210,220,220,238,219,236,227,264,235,236,272,254,267,210,305,280,265,247,238
35053,"Socorro County, NM",131,146,126,157,132,157,145,148,157,161,174,166,167,169,182,149,201,162,160,172,231,227,203,213,199
35055,"Taos County, NM",209,240,239,243,220,239,252,269,275,256,236,250,291,260,272,314,307,347,331,297,406,429,421,416,397
35057,"Torrance County, NM",112,114,108,147,108,125,169,125,132,146,141,140,152,141,183,136,173,155,154,166,181,239,193,201,218
35059,"Union County, NM",51,59,51,49,44,61,62,32,38,42,45,58,42,46,50,53,38,40,44,49,60,58,62,56,52
35061,"Valencia County, NM",450,502,478,479,544,529,524,583,629,584,564,617,573,627,651,653,672,699,709,749,856,970,845,831,882
36001,"Albany County, NY",2960,2802,2830,2859,2808,2850,2643,2666,2700,2594,2591,2708,2734,2647,2557,2728,2706,2863,2830,2731,3142,3190,3048,3070,2940
36003,"Allegany County, NY",499,460,507,483,457,481,440,478,436,440,414,489,475,470,457,498,467,494,526,484,554,562,566,529,525
36005,"Bronx County, NY",10238,10624,10043,10219,9734,9602,9535,9174,9189,9231,8932,9105,9091,9274,9161,9401,9670,9481,9785,9772,15934,11762,11125,10264,10404
36007,"Broome County, NY",2220,2143,2121,2069,2073,2018,2148,2057,1999,2104,2033,2119,2056,2150,2063,2151,2051,2149,2143,2166,2406,2512,2473,2261,2153
36009,"Cattaraugus County, NY",834,848,835,836,911,883,798,784,784,815,870,808,785,814,798,882,792,878,900,849,937,1158,1059,947,923
36011,"Cayuga County, NY",735,691,741,774,698,784,778,680,738,690,729,739,783,706,749,806,764,768,817,736,897,940,882,795,899
36013,"Chautauqua County, NY",1542,1491,1546,1485,1431,1445,1421,1407,1426,1370,1441,1542,1405,1474,1438,1491,1566,1555,1588,1455,1570,1891,1723,1545,1487
36015,"Chemung County, NY",962,941,912,941,903,1005,906,946,1000,950,934,950,951,873,971,1027,942,1070,1009,1091,1116,1138,1145,1072,989
36017,"Chenango County, NY",528,539,581,538,551,490,504,570,527,526,550,505,550,552,529,627,599,561,592,586,627,697,693,641,635
36019,"Clinton County, NY",617,673,646,647,626,643,616,677,639,641,655,693,724,706,733,693,710,682,774,787,808,866,914,826,871
36021,"Columbia County, NY",716,678,715,670,718,636,657,638,638,619,708,669,638,666,700,709,668,712,683,667,696,762,735,694,688
36023,"Cortland County, NY",426,441,406,449,428,443,438,417,437,407,425,435,464,435,420,451,457,469,441,455,528,558,510,460,482
36025,"Delaware County, NY",566,535,589,532,531,581,542,576,528,544,528,522,557,542,521,516,552,486,566,572,590,672,693,591,597
36027,"Dutchess County, NY",2210,2264,2296,2193,2255,2232,2247,2206,2155,2286,2249,2366,2333,2405,2367,2356,2520,2511,2700,2584,2947,3140,2912,2745,2767
36029,"Erie County, NY",10083,10066,10020,10013,9698,9785,9430,9515,9431,9410,9297,9626,9363,9729,9678,9876,9804,9769,9874,9699,11162,10898,10784,10139,9646
36031,"Essex County, NY",397,415,423,378,427,378,406,398,418,388,380,329,456,436,390,450,416,426,401,484,471,490,512,496,468
36033,"Franklin County, NY",465,433,442,428,438,437,427,419,459,456,410,502,440,408,447,495,455,489,453,477,487,547,541,545,508
36035,"Fulton County, NY",585,607,610,575,568,611,550,544,567,560,565,617,644,598,581,597,615,597,600,634,681,803,749,699,673
36037,"Genesee County, NY",583,565,584,609,539,564,530,593,655,611,602,610,604,613,614,586,609,633,650,660,726,734,697,670,660
36039,"Greene County, NY",547,516,544,555,529,511,513,541,517,505,526,514,466,478,522,549,481,549,547,514,546,653,650,561,576
36041,"Hamilton County, NY",72,75,72,55,61,71,61,61,64,70,55,56,58,69,67,53,48,82,62,62,72,79,72,77,56
36043,"Herkimer County, NY",745,716,738,765,718,701,702,674,646,641,616,639,672,678,701,754,668,694,683,655,715,834,711,769,748
36045,"Jefferson County, NY",870,885,880,855,929,827,844,860,841,911,899,898,826,894,863,913,855,942,934,963,965,1081,1097,1078,1007
36047,"Kings County, NY",18670,18595,18353,17989,17625,17359,16533,16410,16419,15699,15839,16200,15683,15959,15640,15814,15940,16115,16011,15893,24875,18800,17820,15940,15819
36049,"Lewis County, NY",234,221,225,236,221,241,234,226,224,251,250,233,233,229,243,256,249,242,247,293,231,305,285,276,266
36051,"Livingston County, NY",534,498,493,513,468,513,490,496,522,490,540,550,531,544,485,559,540,596,583,618,590,678,640,609,574
36053,"Madison County, NY",579,540,586,588,609,548,546,571,581,544,608,584,632,584,626,611,625,568,611,595,725,716,753,683,680
36055,"Monroe County, NY",6371,6187,6291,6404,6266,6264,6162,6196,6323,6193,6244,6537,6428,6305,6561,6670,6617,6760,6805,6947,7791,8114,7581,7381,7183
36057,"Montgomery County, NY",624,643,644,667,622,618,613,611,599,583,566,559,603,597,561,612,580,583,597,562,663,737,659,659,632
36059,"Nassau County, NY",11234,11527,11370,11068,10787,10578,10440,10466,10867,10459,10634,10769,11015,10785,10619,10958,11017,10973,11039,10901,14272,12171,11525,10770,10686
36061,"New York County, NY",11632,11857,11352,11214,10809,10886,10450,10106,10381,10089,9868,9971,9714,10076,9912,10110,9916,9915,10283,9965,14018,11360,11150,10176,10060
36063,"Niagara County, NY",2319,2333,2407,2348,2307,2231,2287,2323,2237,2291,2243,2313,2280,2427,2297,2376,2441,2424,2409,2402,2808,2968,2784,2536,2456
36065,"Oneida County, NY",2558,2775,2562,2521,2486,2420,2418,2486,2450,2432,2447,2456,2519,2466,2465,2599,2507,2609,2595,2642,2942,3040,2765,2695,2599
36067,"Onondaga County, NY",4155,4047,4131,4024,3969,4112,3973,3967,4057,3930,4015,4128,4141,4110,4252,4406,4441,4325,4285,4449,5120,5176,4883,4709,4584
36069,"Ontario County, NY",865,912,993,882,962,920,914,891,986,952,983,1066,1026,1009,1024,1062,1107,1086,1102,1100,1122,1193,1196,1182,1091
36071,"Orange County, NY",2479,2558,2579,2508,2549,2520,2438,2547,2550,2463,2494,2571,2481,2647,2638,2708,2768,2717,2824,2750,3517,3167,3209,2997,2942
36073,"Orleans County, NY",398,391,397,374,362,377,351,351,395,411,385,388,426,442,432,402,424,460,398,430,496,488,475,421,405
36075,"Oswego County, NY",1028,999,1062,1068,1040,1011,1076,1022,998,995,1026,1012,1057,1085,1077,1058,1068,1139,1087,1156,1181,1329,1318,1242,1220
36077,"Otsego County, NY",604,534,650,627,596,574,575,556,551,601,615,571,607,591,592,589,583,669,619,638,691,735,711,652,662
36079,"Putnam County, NY",582,571,625,591,623,606,596,578,625,642,643,626,692,681,647,762,712,696,694,732,897,756,846,795,728
36081,"Queens County, NY",16342,16291,16017,15568,15119,15149,14800,14526,14218,14044,13942,13939,14185,14179,14307,14449,14482,14600,14630,14575,23062,17246,16186,14665,14691
36083,"Rensselaer County, NY",1478,1502,1517,1377,1473,1476,1433,1416,1433,1512,1477,1489,1502,1486,1515,1483,1484,1480,1510,1476,1663,1787,1726,1668,1654
36085,"Richmond County, NY",3516,3757,3641,3625,3590,3577,3599,3353,3587,3480,3427,3330,3462,3649,3587,3689,3710,3712,3752,3807,5051,4399,4165,3905,3836
36087,"Rockland County, NY",2117,2164,2109,2126,1986,2013,2050,1952,2043,2023,2016,2066,2105,2169,1996,2158,2265,2147,2312,2295,3220,2479,2344,2218,2219
36089,"St. Lawrence County, NY",1057,1039,1138,1022,1039,1070,1035,1066,1058,993,1012,987,1034,1020,930,935,992,989,1034,1071,1118,1264,1281,1142,1163
36091,"Saratoga County, NY",1402,1502,1494,1440,1508,1632,1457,1534,1558,1692,1570,1634,1664,1723,1654,1834,1876,1969,1955,1923,2051,2364,2281,2160,2076
36093,"Schenectady County, NY",1544,1532,1607,1597,1559,1511,1474,1506,1466,1505,1464,1465,1510,1570,1531,1545,1520,1652,1606,1497,1746,1851,1740,1703,1548
36095,"Schoharie County, NY",304,317,311,285,295,289,291,288,236,276,269,253,240,300,285,300,282,278,322,310,317,357,358,315,336
36097,"Schuyler County, NY",194,168,189,210,164,182,176,158,183,172,228,207,191,186,178,182,217,223,198,206,221,259,260,244,210
36099,"Seneca County, NY",334,316,343,337,308,339,327,320,327,318,338,301,345,316,360,372,374,378,383,348,387,410,370,364,396
36101,"Steuben County, NY",1005,1071,1062,994,1031,975,958,1012,989,952,984,964,964,983,1045,992,1000,1014,1072,1065,1172,1267,1264,1097,1123
36103,"Suffolk County, NY",11197,11350,11561,11514,11244,11411,11132,10963,11256,11186,11142,11418,11558,11728,11753,11982,12467,12459,12617,12658,15738,14272,13923,13084,12887
36105,"Sullivan County, NY",800,759,732,691,724,682,718,708,749,726,716,709,764,740,719,686,770,717,724,760,888,876,882,791,818
36107,"Tioga County, NY",387,403,434,446,415,468,435,438,404,418,406,463,476,449,477,470,487,469,465,502,578,559,613,541,579
36109,"Tompkins County, NY",573,619,566,579,575,620,561,640,598,600,670,638,683,682,673,684,712,713,715,694,704,758,723,792,725
36111,"Ulster County, NY",1553,1659,1632,1518,1533,1534,1474,1557,1500,1518,1512,1612,1510,1681,1625,1744,1764,1757,1736,1768,1991,2048,1974,1881,1805
36113,"Warren County, NY",641,589,567,626,582,635,629,652,613,598,626,625,653,681,696,733,699,729,751,753,792,884,770,748,767
36115,"Washington County, NY",587,612,580,642,575,608,567,536,564,614,603,614,617,596,645,592,636,642,682,690,755,782,792,776,730
36117,"Wayne County, NY",813,798,814,841,821,740,803,780,823,784,812,831,828,824,815,886,896,863,937,916,971,1043,1045,993,947
36119,"Westchester County, NY",7444,7606,7366,7277,7235,7131,7099,7008,6958,6690,6795,7059,6905,7184,7132,7108,7135,7168,7367,7221,9641,8046,7632,7229,7161
36121,"Wyoming County, NY",373,329,392,366,365,380,333,352,346,330,385,353,373,369,364,389,383,385,390,376,453,430,437,407,398
36123,"Yates County, NY",276,261,245,246,208,249,223,231,230,250,229,242,279,250,259,254,257,277,278,308,306,279,287,253,256
37001,"Alamance County, NC",1342,1298,1289,1374,1276,1360,1345,1411,1459,1414,1405,1453,1576,1579,1557,1683,1639,1690,1697,1835,2038,2032,2041,1852,1888
37003,"Alexander County, NC",304,290,264,285,308,306,335,322,333,334,338,362,351,341,376,404,376,445,395,409,499,623,476,499,501
37005,"Alleghany County, NC",130,132,158,129,133,143,126,137,142,118,131,139,105,115,134,133,150,138,147,158,158,174,165,176,180
37007,"Anson County, NC",287,290,307,293,253,265,300,290,310,266,296,261,292,296,292,350,321,302,318,304,340,420,353,316,324
37009,"Ashe County, NC",278,289,293,310,289,329,280,296,299,318,315,334,323,313,363,350,327,320,340,369,400,444,439,381,432
37011,"Avery County, NC",188,158,207,208,191,212,183,173,175,193,195,206,194,166,199,203,193,212,212,242,245,252,233,242,267
37013,"Beaufort County, NC",552,572,527,525,523,571,567,489,531,551,563,523,555,561,592,620,616,610,625,583,668,697,712,647,632
37015,"Bertie County, NC",280,289,262,219,244,253,239,244,237,252,249,257,237,242,265,241,241,251,253,255,302,323,287,273,310
37017,"Bladen County, NC",368,398,393,402,410,408,362,374,387,397,367,367,386,365,429,435,417,406,428,419,491,591,503,437,491
37019,"Brunswick County, NC",725,738,739,785,855,880,942,901,1012,1074,1067,1136,1203,1232,1296,1335,1397,1541,1506,1621,1782,2054,2063,1997,2095
37021,"Buncombe County, NC",2207,2269,2202,2170,2124,2233,2201,2301,2291,2299,2321,2288,2392,2443,2451,2655,2611,2752,2735,2610,3038,3179,3035,2972,2888
37023,"Burke County, NC",851,822,795,880,890,873,852,833,949,899,1015,990,1003,1005,1025,1024,1047,1024,1040,1070,1205,1329,1303,1318,1272
37025,"Cabarrus County, NC",1122,1098,1159,1259,1197,1287,1275,1251,1315,1331,1385,1384,1414,1471,1414,1633,1496,1663,1528,1635,1876,1978,2027,1831,1794
37027,"Caldwell County, NC",741,795,793,779,717,829,867,765,801,843,935,866,896,897,986,930,989,969,962,1051,1164,1331,1309,1254,1123
37029,"Camden County, NC",63,64,69,60,69,56,79,84,59,52,77,69,76,66,84,89,96,82,87,97,114,105,118,95,114
37031,"Carteret County, NC",640,699,671,762,687,695,680,641,729,736,726,739,758,721,755,795,804,784,949,891,881,1074,1039,986,929
37033,"Caswell County, NC",217,257,262,245,260,246,223,230,252,222,254,270,288,271,263,251,289,276,279,296,338,366,352,316,330
37035,"Catawba County, NC",1291,1338,1264,1334,1333,1326,1352,1408,1463,1480,1563,1484,1598,1568,1611,1698,1642,1789,1718,1640,2012,2341,2054,2009,1922
37037,"Chatham County, NC",487,491,482,497,483,508,499,575,566,568,588,621,618,636,619,657,673,705,738,769,845,842,867,830,874
37039,"Cherokee County, NC",302,315,328,328,313,313,323,335,345,315,330,361,361,352,403,362,333,414,403,412,428,552,473,484,479
37041,"Chowan County, NC",194,171,194,168,198,196,172,171,189,171,189,174,159,194,167,197,183,206,179,226,221,241,242,197,207
37043,"Clay County, NC",122,108,110,119,113,135,124,110,133,141,138,121,143,159,132,143,144,179,162,156,139,194,161,185,191
37045,"Cleveland County, NC",1025,1019,980,1016,1024,974,1069,1050,1090,1098,1077,1069,1173,1092,1218,1222,1242,1196,1249,1277,1484,1520,1511,1428,1337
37047,"Columbus County, NC",640,658,651,614,635,626,694,682,635,644,698,622,658,764,684,678,714,748,660,759,887,924,836,795,787
37049,"Craven County, NC",831,833,830,903,901,905,908,938,914,891,961,980,982,1021,1028,1089,1137,1082,1145,1131,1361,1342,1338,1268,1236
37051,"Cumberland County, NC",2016,2001,2008,2126,1993,2061,2108,2059,2148,2144,2286,2284,2377,2295,2418,2478,2559,2578,2647,2725,3059,3675,3336,3173,3103
37053,"Currituck County, NC",164,162,161,174,176,171,187,193,187,191,191,234,224,224,222,217,224,224,253,213,304,336,274,323,316
37055,"Dare County, NC",271,232,288,254,277,275,233,274,252,273,294,295,288,299,305,295,366,363,395,355,383,417,394,416,405
37057,"Davidson County, NC",1383,1349,1435,1462,1378,1500,1512,1474,1459,1518,1553,1625,1657,1694,1746,1825,1740,1885,1853,1870,2204,2417,2267,2246,2063
37059,"Davie County, NC",348,338,350,331,342,329,379,356,353,335,390,391,406,434,441,482,508,468,452,495,524,591,589,532,547
37061,"Duplin County, NC",523,481,491,531,505,520,513,507,492,492,515,485,519,526,528,581,550,531,523,563,704,761,620,652,656
37063,"Durham County, NC",1736,1624,1704,1720,1650,1674,1738,1714,1767,1691,1796,1718,1767,1854,1861,1995,1979,2092,2063,2181,2433,2388,2416,2347,2224
37065,"Edgecombe County, NC",648,604,616,607,572,612,573,606,621,572,573,584,584,595,628,646,670,639,762,707,805,744,750,775,734
37067,"Forsyth County, NC",2777,2703,2774,2811,2800,2860,2834,2835,2933,2829,2857,3133,3088,3155,3136,3354,3296,3611,3462,3507,3973,4224,4271,4094,3895
37069,"Franklin County, NC",446,451,418,450,424,455,445,485,463,470,456,481,529,573,531,550,575,601,673,657,712,769,752,751,760
37071,"Gaston County, NC",2021,2007,1924,1934,1938,1926,1935,2039,2048,2033,2077,2087,2200,2187,2220,2282,2289,2361,2423,2481,2786,3104,2973,2751,2663
37073,"Gates County, NC",135,122,130,116,109,118,113,127,113,124,129,110,117,89,117,127,119,143,139,139,142,164,144,170,133
37075,"Graham County, NC",118,100,98,95,99,100,106,81,108,96,97,101,122,98,117,95,103,102,111,117,137,132,106,129,108
37077,"Granville County, NC",443,445,441,452,454,448,498,517,549,492,458,447,493,506,506,521,533,586,566,567,701,725,698,613,639
37079,"Greene County, NC",174,151,175,211,187,186,170,183,173,199,169,193,152,199,211,196,204,214,204,209,247,271,225,237,216
37081,"Guilford County, NC",3567,3383,3515,3542,3538,3672,3543,3637,3697,3821,3709,3898,3933,3981,4194,4290,4372,4589,4595,4736,5180,5794,5425,5242,4978
37083,"Halifax County, NC",653,688,692,645,645,659,635,681,615,668,620,654,653,668,671,631,656,661,702,703,820,882,788,700,744
37085,"Harnett County, NC",746,738,721,784,824,739,811,792,804,849,827,787,913,897,947,995,982,1004,1054,1061,1249,1466,1314,1285,1287
37087,"Haywood County, NC",624,650,660,650,665,719,662,689,682,681,667,679,705,694,764,779,763,820,841,840,963,995,1034,939,928
37089,"Henderson County, NC",1126,1062,1149,1176,1193,1241,1305,1286,1298,1243,1243,1313,1282,1337,1336,1458,1379,1386,1445,1461,1535,1681,1626,1496,1542
37091,"Hertford County, NC",307,295,292,309,298,296,252,282,287,261,234,285,257,236,277,256,263,266,276,300,368,315,314,267,302
37093,"Hoke County, NC",246,227,264,249,274,259,252,291,260,248,249,341,287,289,294,300,315,384,367,376,476,517,491,453,435
37095,"Hyde County, NC",77,64,64,66,68,80,53,72,62,63,54,60,59,47,59,63,67,74,57,70,59,54,46,53,57
37097,"Iredell County, NC",1153,1092,1111,1184,1113,1264,1292,1270,1375,1328,1345,1440,1437,1481,1495,1510,1567,1645,1546,1616,1878,2101,1981,1888,1903
37099,"Jackson County, NC",302,300,324,314,318,306,329,354,314,291,352,320,326,372,319,368,417,403,401,399,455,477,431,446,485
37101,"Johnston County, NC",967,946,988,1022,1073,1058,1024,1074,1122,1166,1185,1217,1239,1276,1222,1451,1491,1449,1536,1632,1822,2147,1971,1931,1951
37103,"Jones County, NC",133,114,130,117,94,106,103,123,119,103,148,133,126,114,137,117,106,150,117,116,166,172,155,145,166
37105,"Lee County, NC",524,465,453,477,491,483,471,512,495,490,536,556,505,526,544,632,541,652,610,595,746,807,748,694,676
37107,"Lenoir County, NC",710,732,698,754,663,703,667,691,660,723,706,645,710,706,713,742,713,762,736,731,896,964,893,850,746
37109,"Lincoln County, NC",571,563,594,573,620,607,623,635,697,691,672,715,681,725,716,841,818,797,824,860,1014,1083,1032,985,1029
37111,"McDowell County, NC",395,346,377,348,441,434,471,431,457,458,415,519,482,515,543,495,539,515,562,531,629,694,672,676,586
37113,"Macon County, NC",372,362,405,395,422,425,423,441,406,370,418,439,418,436,443,436,487,487,482,471,536,637,628,520,555
37115,"Madison County, NC",230,199,228,219,209,250,209,251,222,204,211,216,209,229,240,236,248,262,275,275,282,300,310,293,286
37117,"Martin County, NC",419,365,417,378,333,344,307,315,309,298,310,320,325,317,314,306,313,331,323,296,401,403,398,369,336
37119,"Mecklenburg County, NC",4594,4471,4641,4732,4691,4805,4842,5004,5033,5077,5079,5155,5378,5476,5758,6024,6227,6191,6480,6462,7694,8001,7508,7205,7193
37121,"Mitchell County, NC",224,197,201,222,185,195,223,193,199,211,212,203,205,212,203,244,221,215,242,239,251,274,267,245,219
37123,"Montgomery County, NC",278,244,294,262,306,309,250,239,215,248,267,285,266,291,275,290,293,314,312,348,367,407,369,382,324
37125,"Moore County, NC",865,856,925,914,968,961,920,1002,964,1035,1012,998,1028,1095,1062,1115,1158,1163,1114,1164,1327,1410,1445,1372,1327
37127,"Nash County, NC",887,853,910,897,918,924,917,914,915,916,948,976,964,969,998,1022,1058,1153,1081,1129,1243,1261,1224,1150,1125
37129,"New Hanover County, NC",1339,1473,1421,1445,1429,1482,1520,1566,1576,1583,1573,1707,1703,1745,1831,1925,2005,1926,1977,2132,2336,2419,2399,2312,2370
37131,"Northampton County, NC",283,287,286,287,293,312,260,288,267,265,249,241,298,258,262,279,287,255,260,265,352,326,316,312,299
37133,"Onslow County, NC",751,797,757,775,819,847,822,829,889,847,858,912,924,914,1027,1104,1193,1179,1269,1286,1432,1679,1644,1574,1524
37135,"Orange County, NC",699,701,685,716,696,736,655,732,717,672,774,743,699,740,754,787,825,815,815,850,905,947,974,961,966
37137,"Pamlico County, NC",126,158,157,140,146,170,122,159,148,140,147,141,148,130,175,173,166,181,169,185,189,213,231,228,210
37139,"Pasquotank County, NC",372,374,338,383,358,375,346,359,363,356,390,413,406,421,384,419,428,430,447,443,519,538,476,494,441
37141,"Pender County, NC",372,376,383,370,379,385,451,454,436,446,450,441,507,496,509,549,607,563,616,632,679,779,747,707,756
37143,"Perquimans County, NC",143,162,159,138,142,155,147,137,160,134,138,133,146,172,152,162,176,163,173,159,223,196,220,217,196
37145,"Person County, NC",386,393,358,418,356,385,389,430,398,398,421,395,418,390,440,429,437,422,508,458,536,558,524,527,516
37147,"Pitt County, NC",1060,1019,1063,1084,1048,1110,1081,1103,1167,1136,1097,1180,1170,1159,1222,1290,1247,1331,1286,1392,1649,1696,1705,1663,1671
37149,"Polk County, NC",288,264,284,286,276,283,276,299,315,287,303,273,253,297,279,290,299,310,319,306,321,359,342,296,353
37151,"Randolph County, NC",1119,1157,1132,1132,1111,1229,1225,1267,1306,1341,1327,1275,1426,1360,1439,1502,1516,1628,1577,1624,1868,2059,1928,1737,1724
37153,"Richmond County, NC",523,526,551,538,501,500,538,526,557,522,550,535,539,518,512,593,564,598,533,587,659,737,699,673,603
37155,"Robeson County, NC",1183,1221,1144,1254,1129,1134,1219,1218,1212,1148,1175,1218,1244,1270,1306,1341,1435,1416,1456,1481,1757,1950,1728,1643,1573
37157,"Rockingham County, NC",1084,955,1048,1096,1002,1037,1122,1066,1043,1049,1024,1055,1096,1131,1119,1169,1165,1121,1180,1251,1449,1528,1467,1279,1287
37159,"Rowan County, NC",1364,1328,1368,1290,1288,1365,1342,1345,1400,1410,1464,1482,1503,1612,1578,1615,1626,1691,1661,1632,1973,2165,2003,1800,1776
37161,"Rutherford County, NC",760,753,773,743,761,786,829,831,815,771,821,803,785,884,859,891,849,869,859,877,1053,1134,1031,1016,955
37163,"Sampson County, NC",633,638,615,649,631,591,574,635,618,592,643,591,612,624,692,694,716,709,700,696,769,906,831,769,749
37165,"Scotland County, NC",415,344,312,384,351,375,377,384,428,373,367,362,409,383,379,365,423,425,402,408,573,552,515,469,473
37167,"Stanly County, NC",613,563,615,616,563,594,657,568,620,628,658,631,671,656,672,731,714,759,691,743,857,938,857,795,801
37169,"Stokes County, NC",420,402,414,464,393,447,434,468,456,471,494,490,473,495,508,543,564,597,597,550,656,683,731,669,652
37171,"Surry County, NC",762,773,794,753,775,820,845,817,848,811,848,870,829,809,883,910,906,977,984,999,1097,1102,1158,1008,1013
37173,"Swain County, NC",172,151,162,196,156,167,183,190,176,185,186,189,176,182,169,181,178,203,214,219,254,251,277,246,229
37175,"Transylvania County, NC",326,349,388,394,361,360,313,384,377,344,407,414,376,421,376,397,458,421,411,453,447,516,485,479,472
37177,"Tyrrell County, NC",40,53,61,34,33,46,25,33,58,56,62,48,42,38,35,50,44,43,53,40,50,50,46,51,50
37179,"Union County, NC",829,847,954,888,950,942,1044,1021,1157,1066,1218,1147,1238,1272,1313,1379,1430,1503,1489,1555,1680,2009,1853,1736,1645
37181,"Vance County, NC",452,494,484,502,487,494,421,452,431,448,436,444,476,516,482,500,545,572,528,514,669,640,647,581,559
37183,"Wake County, NC",3249,3332,3362,3575,3518,3693,3745,4031,4110,4159,4286,4427,4715,4835,5085,5237,5555,5741,5851,6019,6706,7038,6965,6850,6896
37185,"Warren County, NC",209,250,228,251,217,231,223,235,211,238,224,214,221,229,234,250,275,258,262,246,310,311,303,308,271
37187,"Washington County, NC",203,181,147,146,157,161,131,170,153,151,161,150,138,160,137,160,159,169,157,173,196,220,181,202,157
37189,"Watauga County, NC",276,274,312,312,285,287,321,278,291,331,322,347,288,327,325,347,319,359,345,408,437,471,439,394,390
37191,"Wayne County, NC",1098,1031,1036,1049,1105,1058,1063,1094,1050,1170,1109,1156,1135,1054,1134,1134,1261,1243,1323,1390,1549,1546,1419,1450,1444
37193,"Wilkes County, NC",684,645,673,683,647,689,672,683,705,712,721,674,783,807,791,817,860,829,837,868,986,1062,1003,967,1008
37195,"Wilson County, NC",742,741,708,736,796,778,827,767,775,789,791,773,815,863,808,838,796,916,979,922,1131,1198,1096,954,952
37197,"Yadkin County, NC",382,372,390,366,350,409,378,382,369,382,410,378,375,463,415,441,430,465,450,456,521,519,562,536,518
37199,"Yancey County, NC",218,177,170,199,195,202,214,205,192,197,226,232,236,211,227,219,221,215,248,250,274,310,299,262,311
38001,"Adams County, ND",47,40,32,39,40,32,37,31,36,34,31,26,34,33,29,30,39,26,34,33,31,42,21,28,33
38003,"Barnes County, ND",130,171,132,148,167,148,140,110,128,132,117,128,141,135,120,143,108,132,142,138,175,163,128,157,159
38005,"Benson County, ND",54,61,68,73,61,67,75,63,49,68,71,71,77,66,84,72,68,64,60,68,102,105,91,66,79
38007,"Billings County, ND",,,,,,,,,,,,,,,,,,,,10,,,,,
38009,"Bottineau County, ND",84,103,97,98,81,63,100,85,92,100,91,77,86,71,69,65,97,91,94,72,80,66,70,78,83
38011,"Bowman County, ND",43,55,37,48,44,46,42,30,44,44,48,46,56,47,45,38,26,36,40,36,48,37,38,44,35
38013,"Burke County, ND",25,21,25,27,22,19,23,24,27,33,19,25,24,25,30,22,24,19,17,13,22,21,17,26,33
38015,"Burleigh County, ND",550,483,577,534,460,500,546,524,631,594,607,672,659,644,664,728,719,738,737,771,1021,905,823,853,918
38017,"Cass County, ND",753,762,808,835,767,745,783,795,841,867,899,832,881,1021,1050,1035,1118,1133,1103,1273,1432,1338,1339,1307,1295
38019,"Cavalier County, ND",79,65,51,53,52,59,68,60,50,59,46,61,58,46,43,35,42,58,59,43,54,58,38,67,40
38021,"Dickey County, ND",86,65,59,95,76,85,77,53,77,76,75,71,74,61,76,80,72,79,64,58,94,69,68,72,67
38023,"Divide County, ND",45,45,36,44,30,33,32,39,28,28,20,27,34,24,30,31,29,20,32,33,18,31,25,28,26
38025,"Dunn County, ND",27,49,42,29,35,34,36,36,35,23,43,42,39,25,29,37,36,35,32,33,38,42,40,47,33
38027,"Eddy County, ND",52,49,45,33,44,46,53,38,53,52,43,46,52,51,46,40,49,41,43,45,40,49,45,39,34
38029,"Emmons County, ND",68,61,48,40,52,62,67,58,52,55,59,52,44,44,53,55,51,38,49,42,62,49,49,47,53
38031,"Foster County, ND",62,61,64,62,33,32,42,50,47,48,43,40,49,44,39,52,44,39,36,46,58,45,36,50,42
38033,"Golden Valley County, ND",21,18,14,17,16,17,15,17,16,13,18,19,24,23,21,14,12,13,13,10,17,19,15,17,14
38035,"Grand Forks County, ND",433,464,438,417,438,407,455,443,422,446,464,447,482,487,458,458,491,521,547,526,584,550,569,515,533
38037,"Grant County, ND",48,46,48,33,36,40,34,34,38,36,34,17,31,46,26,34,28,23,31,36,41,47,34,31,26
38039,"Griggs County, ND",37,36,59,48,40,46,41,35,32,42,36,36,37,45,41,46,34,36,39,41,39,24,36,34,37
38041,"Hettinger County, ND",39,44,34,42,29,34,34,27,35,28,39,39,39,39,30,31,32,22,30,33,48,26,32,23,31
38043,"Kidder County, ND",33,36,36,25,33,40,34,32,37,22,16,23,17,17,12,24,18,21,19,27,28,36,24,18,19
38045,"LaMoure County, ND",44,54,53,58,69,66,59,48,54,49,49,40,39,51,38,48,47,34,47,41,56,36,55,42,40
38047,"Logan County, ND",34,31,33,29,27,30,37,38,23,27,20,31,27,27,32,26,33,25,29,21,27,27,23,18,30
38049,"McHenry County, ND",68,58,52,84,64,74,78,48,59,62,49,65,64,74,59,59,61,69,69,63,89,75,68,54,68
38051,"McIntosh County, ND",60,67,56,60,78,68,69,62,60,59,45,65,55,61,55,45,37,59,52,54,64,44,52,39,46
38053,"McKenzie County, ND",63,41,61,77,55,51,56,52,53,60,56,60,58,75,57,73,70,63,68,71,108,101,97,86,76
38055,"McLean County, ND",129,117,117,136,116,129,121,103,115,112,122,119,109,108,94,95,100,117,117,122,137,115,107,115,85
38057,"Mercer County, ND",74,96,77,80,69,80,66,77,65,81,76,73,86,71,106,79,76,80,82,75,71,94,99,75,85
38059,"Morton County, ND",244,246,211,241,213,241,218,253,245,227,254,273,249,275,253,262,316,299,315,329,390,376,334,339,367
38061,"Mountrail County, ND",81,105,92,111,84,77,82,76,71,86,74,79,82,73,73,99,88,94,104,97,126,101,109,86,102
38063,"Nelson County, ND",84,62,72,65,64,66,56,65,50,60,71,74,51,57,65,52,55,57,59,54,60,44,57,50,52
38065,"Oliver County, ND",10,15,10,13,,15,11,,15,13,11,13,13,13,14,15,11,10,14,10,18,13,,,12
38067,"Pembina County, ND",83,109,76,85,90,101,87,84,91,106,79,81,79,101,88,69,62,90,91,90,85,89,87,94,74
38069,"Pierce County, ND",64,87,72,64,59,80,57,57,64,59,61,73,78,62,69,63,52,48,61,43,65,59,60,57,57
38071,"Ramsey County, ND",138,171,171,158,156,150,127,127,144,136,134,141,121,122,135,154,121,126,144,139,174,132,168,130,143
38073,"Ransom County, ND",92,93,82,88,86,84,71,85,87,91,65,89,70,73,91,75,92,83,79,83,91,71,82,72,93
38075,"Renville County, ND",33,31,41,28,34,20,30,32,29,35,26,19,37,35,33,19,36,29,33,30,36,31,26,21,24
38077,"Richland County, ND",148,172,134,165,142,154,126,132,128,130,153,140,106,138,155,145,140,158,136,161,162,129,148,165,127
38079,"Rolette County, ND",104,117,119,107,133,130,127,125,109,138,141,126,138,127,146,121,132,149,128,127,180,197,191,153,152
38081,"Sargent County, ND",45,37,33,41,24,38,49,36,37,38,40,25,38,44,32,39,31,37,36,36,49,50,41,33,38
38083,"Sheridan County, ND",18,19,17,18,11,20,13,15,18,,10,16,,10,10,11,13,11,,,20,19,15,14,12
38085,"Sioux County, ND",25,30,33,37,26,30,44,35,51,43,40,40,38,53,42,48,42,38,43,43,58,59,51,41,30
38087,"Slope County, ND",,,,,,,,,,,,,,,,,,,,,,,,,
38089,"Stark County, ND",201,215,214,197,199,231,205,211,204,214,218,241,200,243,234,244,223,235,237,245,297,274,276,252,274
38091,"Steele County, ND",23,31,15,18,21,,19,13,16,11,15,19,19,21,22,17,25,20,11,16,19,26,16,16,15
38093,"Stutsman County, ND",230,244,236,216,253,219,239,211,233,227,247,244,236,241,239,232,236,264,212,259,286,251,221,241,227
38095,"Towner County, ND",32,37,39,50,39,37,39,33,34,30,26,25,43,31,27,31,22,25,37,27,37,30,25,33,32
38097,"Traill County, ND",102,95,109,128,110,89,96,87,107,100,78,93,94,87,98,110,96,90,80,99,113,95,93,90,113
38099,"Walsh County, ND",144,161,161,156,145,180,140,136,142,121,113,139,138,160,153,156,150,135,139,153,149,121,137,143,150
38101,"Ward County, ND",503,484,476,522,412,477,529,452,505,506,522,469,481,518,474,456,446,474,487,499,726,579,530,521,530
38103,"Wells County, ND",91,69,72,80,56,52,85,65,67,65,84,74,88,62,48,64,59,75,62,73,67,60,62,70,61
38105,"Williams County, ND",163,210,202,225,195,181,192,203,216,210,234,216,248,222,241,234,223,221,236,241,252,235,258,218,251
39001,"Adams County, OH",302,326,307,294,294,295,303,298,314,315,321,307,331,337,314,349,364,367,339,396,415,516,419,369,362
39003,"Allen County, OH",1116,1088,1119,1083,987,1004,1042,1031,1048,1049,1080,1051,1121,1082,1097,1114,1140,1166,1164,1185,1374,1359,1297,1178,1204
39005,"Ashland County, OH",463,473,487,536,467,481,536,477,504,537,533,531,566,548,547,546,611,582,599,600,684,725,719,611,596
39007,"Ashtabula County, OH",1177,1075,1089,1064,1053,1132,1087,1118,1118,1090,1118,1179,1155,1193,1156,1216,1171,1234,1243,1263,1314,1545,1367,1286,1219
39009,"Athens County, OH",476,486,520,463,409,419,475,473,464,462,515,507,468,413,487,519,467,497,503,505,589,648,628,575,597
39011,"Auglaize County, OH",446,469,468,451,414,449,490,512,466,471,476,462,505,476,480,505,503,402,522,519,628,609,565,514,544
39013,"Belmont County, OH",916,915,891,978,929,903,868,904,910,865,951,923,929,873,824,899,885,872,931,907,1019,1130,955,865,869
39015,"Brown County, OH",368,383,411,395,418,458,407,431,476,431,457,465,459,501,485,521,518,545,565,531,646,681,619,601,559
39017,"Butler County, OH",2637,2692,2786,2778,2664,2743,2751,2892,2794,2973,2855,3077,2906,3190,3145,3307,3358,3548,3536,3506,4217,4221,3965,3702,3713
39019,"Carroll County, OH",259,249,248,275,252,236,263,261,288,273,275,312,285,286,377,301,295,366,321,351,402,400,398,367,364
39021,"Champaign County, OH",376,382,375,407,366,386,394,402,366,374,393,394,373,353,397,415,429,409,422,417,507,502,489,477,428
39023,"Clark County, OH",1628,1699,1612,1705,1584,1652,1519,1645,1580,1597,1615,1660,1713,1663,1693,1802,1797,1800,1773,1747,2082,2135,2055,1830,1843
39025,"Clermont County, OH",1305,1268,1319,1350,1281,1441,1329,1356,1521,1446,1551,1504,1612,1599,1658,1769,1765,1895,1919,1878,2230,2411,2327,2074,2123
39027,"Clinton County, OH",387,367,352,380,392,376,381,354,422,421,403,456,447,431,428,441,406,492,478,477,553,577,577,450,458
39029,"Columbiana County, OH",1248,1167,1260,1211,1177,1224,1160,1143,1276,1131,1137,1198,1179,1274,1282,1327,1304,1337,1285,1380,1522,1627,1491,1339,1386
39031,"Coshocton County, OH",373,351,421,390,383,392,360,373,394,361,364,398,410,459,397,376,399,404,457,465,499,550,464,417,411
39033,"Crawford County, OH",509,504,502,524,465,526,477,517,482,453,490,506,541,525,586,558,549,624,568,570,685,723,624,568,585
39035,"Cuyahoga County, OH",15303,15352,15214,14720,14698,14648,14036,13807,14037,13202,13390,13825,13780,13697,13288,13711,14003,14334,14182,13842,16214,16021,14720,13732,13504
39037,"Darke County, OH",528,563,559,605,571,517,538,565,566,566,503,567,535,602,582,625,614,602,651,665,710,727,692,582,651
39039,"Defiance County, OH",316,351,357,319,345,360,362,332,372,382,352,386,376,347,400,389,395,430,400,440,476,486,456,436,422
39041,"Delaware County, OH",633,685,632,746,707,681,779,755,781,871,881,860,943,989,1031,1028,1089,1090,1204,1278,1474,1528,1531,1590,1615
39043,"Erie County, OH",811,870,828,817,828,861,809,859,915,848,893,918,873,930,936,958,972,1016,964,965,1183,1136,992,957,997
39045,"Fairfield County, OH",1053,1011,998,1054,1084,1064,1058,1067,1159,1125,1101,1109,1162,1166,1186,1264,1279,1393,1468,1466,1688,1818,1698,1555,1601
39047,"Fayette County, OH",342,321,352,352,311,336,328,322,348,293,335,357,346,353,350,373,363,415,352,384,397,441,423,406,417
39049,"Franklin County, OH",8119,8186,8408,8414,8290,8520,8334,8245,8547,8475,8528,8650,8830,8907,9019,9744,9624,10031,10234,10173,11878,11878,11264,10680,10424
39051,"Fulton County, OH",372,362,354,355,359,336,393,373,393,379,400,372,387,428,413,406,416,489,446,449,507,546,516,463,470
39053,"Gallia County, OH",327,323,352,314,342,343,338,340,324,335,343,347,356,370,374,356,388,398,429,382,451,439,447,389,401
39055,"Geauga County, OH",631,689,702,671,700,699,682,700,717,691,746,738,761,776,791,832,855,796,851,903,1031,1095,994,986,984
39057,"Greene County, OH",1182,1057,1212,1188,1152,1257,1148,1174,1270,1274,1256,1302,1366,1334,1433,1469,1437,1535,1533,1684,1875,1913,1723,1647,1646
39059,"Guernsey County, OH",418,408,463,430,430,446,441,410,434,435,450,425,438,488,452,472,463,507,478,521,538,656,605,524,510
39061,"Hamilton County, OH",8322,8309,8513,8068,7955,8034,8216,7764,7832,7519,7537,7769,7508,7653,8000,8094,7884,8374,8142,7991,9355,9038,8730,8079,7922
39063,"Hancock County, OH",609,625,574,670,670,628,644,577,671,641,677,702,703,663,706,778,767,827,824,774,915,920,891,830,795
39065,"Hardin County, OH",284,291,349,311,323,300,328,296,316,307,319,300,329,328,318,292,338,309,341,326,396,486,423,338,368
39067,"Harrison County, OH",217,199,212,235,219,192,186,201,215,203,200,183,217,173,227,214,190,199,218,202,228,289,236,219,211
39069,"Henry County, OH",270,259,283,286,219,268,237,288,266,224,268,277,280,248,276,321,268,284,311,300,376,370,350,326,339
39071,"Highland County, OH",448,491,430,414,435,451,453,417,448,463,476,468,499,454,478,525,499,515,503,495,580,645,624,538,563
39073,"Hocking County, OH",301,307,299,265,245,302,256,307,299,286,278,313,300,315,306,264,302,331,360,344,391,435,399,337,344
39075,"Holmes County, OH",256,279,280,287,275,257,283,256,269,297,295,276,293,304,309,325,356,318,338,346,427,418,347,341,335
39077,"Huron County, OH",536,521,499,543,533,574,560,522,548,524,548,559,587,628,573,579,560,643,620,670,788,733,763,633,608
39079,"Jackson County, OH",373,354,348,372,350,402,394,358,384,353,397,387,405,382,428,387,425,425,463,445,492,519,467,409,458
39081,"Jefferson County, OH",1039,1025,1005,1036,907,1015,952,1009,969,961,920,1046,979,922,973,954,970,957,935,940,1014,1178,1060,956,945
39083,"Knox County, OH",532,518,557,563,569,578,548,543,546,586,595,651,631,566,563,632,661,637,649,565,769,817,741,709,732
39085,"Lake County, OH",2042,2131,2170,2176,2105,2215,2180,2090,2247,2256,2266,2346,2329,2383,2353,2466,2535,2569,2577,2609,2932,3090,2957,2676,2598
39087,"Lawrence County, OH",738,737,753,753,738,719,721,727,716,684,690,713,745,752,738,822,810,848,920,871,960,1094,1012,866,871
39089,"Licking County, OH",1280,1300,1333,1302,1299,1368,1283,1298,1369,1406,1444,1411,1539,1466,1550,1674,1549,1690,1740,1801,1952,2179,1989,1862,1840
39091,"Logan County, OH",442,447,465,458,478,465,447,425,441,486,475,432,458,480,499,521,516,522,514,504,572,624,551,544,548
39093,"Lorain County, OH",2394,2444,2729,2534,2591,2627,2573,2577,2632,2610,2794,2893,2865,2936,2946,3077,3073,3257,3301,3276,3673,4046,3740,3570,3394
39095,"Lucas County, OH",4660,4520,4468,4449,4248,4384,4235,4263,4334,4255,4186,4230,4418,4439,4410,4395,4611,4607,4855,4662,5673,5499,5083,4678,4700
39097,"Madison County, OH",365,368,349,360,345,346,325,378,363,349,381,370,407,397,374,420,446,445,409,439,473,557,457,457,455
39099,"Mahoning County, OH",3160,3102,3035,3151,3016,3040,2960,2998,3082,2963,3054,3045,3072,3045,3043,3167,3036,3015,3114,3051,3805,3635,3380,3236,3190
39101,"Marion County, OH",613,634,648,670,694,652,656,693,652,679,658,645,715,705,732,760,783,773,790,814,842,934,869,841,758
39103,"Medina County, OH",1031,1072,1136,1137,1101,1097,1100,1201,1254,1224,1293,1372,1404,1353,1454,1473,1433,1626,1648,1508,1865,2005,1868,1756,1816
39105,"Meigs County, OH",278,259,259,248,255,284,287,264,292,255,257,265,251,278,278,281,331,285,364,275,357,380,387,307,318
39107,"Mercer County, OH",366,352,330,418,372,406,388,385,401,370,400,367,423,406,421,415,439,381,416,396,546,460,455,425,393
39109,"Miami County, OH",984,869,889,912,895,965,930,912,909,916,946,1011,993,1067,993,1063,1167,1071,1164,1188,1310,1465,1337,1198,1196
39111,"Monroe County, OH",176,183,155,187,159,217,163,153,152,198,172,172,166,178,196,166,172,165,205,175,199,235,215,180,186
39113,"Montgomery County, OH",5588,5565,5654,5510,5363,5399,5342,5373,5781,5404,5653,5693,5681,5893,5957,6104,6218,6542,6441,6412,7479,7371,7091,6423,6220
39115,"Morgan County, OH",167,168,167,165,136,151,150,168,161,152,152,178,173,171,148,175,168,190,183,182,221,267,220,206,206
39117,"Morrow County, OH",248,263,277,252,275,283,272,280,271,274,298,310,289,295,320,349,314,349,311,342,379,416,392,377,417
39119,"Muskingum County, OH",819,864,883,874,831,885,905,827,910,907,925,884,1005,932,1012,987,1015,1017,1052,1023,1156,1181,1082,1127,1101
39121,"Noble County, OH",115,107,142,114,109,124,119,119,140,122,120,127,117,150,122,135,143,133,147,148,160,162,140,148,153
39123,"Ottawa County, OH",412,441,450,434,450,451,493,452,454,460,444,444,500,486,432,483,515,504,539,508,602,626,581,540,569
39125,"Paulding County, OH",170,183,176,166,180,167,166,199,205,186,183,197,209,171,175,201,204,202,209,221,236,221,231,226,244
39127,"Perry County, OH",316,275,337,344,303,364,307,282,323,351,321,354,341,324,366,347,365,372,363,394,446,491,435,443,408
39129,"Pickaway County, OH",448,446,465,444,391,481,482,467,458,492,497,484,526,503,504,550,592,666,611,641,719,767,713,632,683
39131,"Pike County, OH",297,311,328,306,293,321,307,311,325,349,292,329,336,344,300,361,344,380,414,381,422,481,436,396,376
39133,"Portage County, OH",1062,1104,1151,1181,1212,1241,1160,1186,1254,1269,1307,1304,1384,1373,1375,1511,1472,1534,1570,1526,1699,1947,1804,1734,1641
39135,"Preble County, OH",387,380,398,384,407,412,423,376,407,415,439,456,455,460,474,445,484,505,494,499,559,631,534,506,535
39137,"Putnam County, OH",278,287,307,301,314,278,267,278,290,316,308,294,311,310,287,288,306,336,324,325,413,381,377,318,343
39139,"Richland County, OH",1211,1263,1226,1205,1229,1257,1288,1237,1249,1253,1315,1355,1310,1386,1427,1369,1447,1549,1519,1497,1725,1785,1786,1444,1565
39141,"Ross County, OH",709,701,769,779,669,772,709,726,744,763,813,810,857,763,812,873,898,824,897,926,1095,1146,1138,944,950
39143,"Sandusky County, OH",589,580,616,652,631,633,638,638,666,597,655,611,594,667,642,657,675,712,704,710,745,860,773,710,710
39145,"Scioto County, OH",970,973,991,975,926,891,884,893,1026,886,948,906,976,937,1035,969,1036,1084,1084,1106,1305,1315,1203,1144,1058
39147,"Seneca County, OH",589,534,527,557,559,579,587,582,578,551,527,576,650,569,554,588,607,672,618,614,722,774,676,645,629
39149,"Shelby County, OH",420,410,453,383,366,394,390,391,382,397,377,439,406,433,423,431,480,492,482,496,631,597,562,491,525
39151,"Stark County, OH",3883,3931,3841,4013,3688,3890,3826,3940,3999,3810,3952,4067,4070,4043,4072,4123,4391,4575,4432,4490,5287,5409,4814,4611,4484
39153,"Summit County, OH",5368,5360,5460,5521,5336,5438,5154,5257,5424,5362,5334,5543,5522,5552,5754,5896,5930,5916,5866,6104,6864,7042,6810,6228,6050
39155,"Trumbull County, OH",2401,2403,2484,2415,2385,2418,2471,2474,2463,2359,2360,2549,2529,2465,2543,2614,2566,2716,2639,2603,3134,3265,3027,2815,2789
39157,"Tuscarawas County, OH",942,917,949,909,868,947,895,932,937,943,928,987,968,1030,990,1050,1037,1135,1135,1123,1342,1374,1281,1126,1109
39159,"Union County, OH",288,268,285,291,315,322,325,296,318,294,317,319,328,357,359,385,360,408,417,423,488,493,543,465,453
39161,"Van Wert County, OH",314,286,338,332,276,321,300,293,317,287,256,287,316,331,331,335,335,328,324,311,394,403,359,305,345
39163,"Vinton County, OH",127,106,121,139,114,125,125,127,128,150,118,137,134,155,152,131,147,141,163,172,202,226,220,176,199
39165,"Warren County, OH",1067,1092,1176,1195,1198,1286,1218,1263,1322,1428,1398,1456,1519,1589,1627,1531,1766,1892,1862,1861,2229,2353,2212,2149,2251
39167,"Washington County, OH",693,690,696,706,641,689,654,652,758,671,632,742,699,725,712,783,769,780,754,755,836,878,932,813,822
39169,"Wayne County, OH",959,898,936,963,946,1038,956,950,1027,1012,1027,1023,1067,1052,1074,1087,1155,1158,1224,1245,1378,1495,1428,1286,1290
39171,"Williams County, OH",384,367,334,358,389,371,394,344,392,371,374,355,367,403,397,388,443,454,453,415,445,517,474,437,491
39173,"Wood County, OH",922,954,930,925,890,902,998,951,943,950,989,1015,959,1022,1133,1118,1156,1181,1229,1190,1391,1363,1278,1224,1189
39175,"Wyandot County, OH",245,232,233,243,250,230,227,232,222,235,214,207,231,256,248,267,254,252,266,258,318,304,306,243,237
40001,"Adair County, OK",233,214,263,232,218,241,223,220,213,227,216,239,229,227,234,263,248,266,257,238,280,347,310,283,257
40003,"Alfalfa County, OK",75,48,64,86,74,75,67,67,66,61,72,80,76,74,57,58,56,57,68,63,84,53,61,58,49
40005,"Atoka County, OK",165,169,154,138,147,130,153,130,149,132,123,149,153,153,160,188,171,172,169,148,210,195,190,188,185
40007,"Beaver County, OK",73,53,57,55,58,56,50,64,64,60,57,42,49,42,54,47,54,61,54,64,62,63,51,63,54
40009,"Beckham County, OK",263,240,260,253,230,255,267,255,254,263,232,229,236,240,258,227,230,260,237,245,300,302,283,255,260
40011,"Blaine County, OK",163,158,159,138,138,151,168,139,134,126,128,120,124,131,126,124,129,143,126,145,159,162,154,124,130
40013,"Bryan County, OK",474,403,444,462,466,462,461,458,440,428,423,467,464,490,505,513,507,546,502,541,629,717,676,576,654
40015,"Caddo County, OK",372,366,380,367,337,361,367,349,337,332,302,380,354,347,341,363,358,374,403,392,471,440,416,354,365
40017,"Canadian County, OK",657,621,650,720,699,709,690,689,763,803,810,868,866,881,916,984,941,1018,1119,1143,1295,1358,1290,1285,1358
40019,"Carter County, OK",629,542,615,567,642,621,594,624,620,589,602,606,570,661,599,612,555,615,586,582,697,818,672,675,666
40021,"Cherokee County, OK",374,390,407,395,431,450,464,444,455,401,461,447,492,470,497,483,451,522,532,494,602,636,633,531,607
40023,"Choctaw County, OK",202,211,218,251,226,235,219,213,225,216,220,183,231,215,233,238,240,197,204,197,268,295,249,232,220
40025,"Cimarron County, OK",34,43,54,45,31,38,36,36,34,36,25,32,39,32,28,40,31,27,18,26,23,31,37,38,26
40027,"Cleveland County, OK",1260,1268,1325,1378,1419,1434,1526,1610,1623,1564,1729,1762,1783,1945,1807,1955,1899,1989,2073,2188,2442,2574,2593,2436,2526
40029,"Coal County, OK",93,83,73,102,85,73,106,81,86,89,97,70,74,71,87,96,91,87,74,100,103,93,98,83,89
40031,"Comanche County, OK",808,831,875,901,874,976,897,920,979,948,954,916,961,997,1015,1032,1072,1056,1080,1010,1280,1438,1235,1137,1231
40033,"Cotton County, OK",96,81,67,81,98,78,88,82,80,93,70,81,76,80,81,76,94,64,74,80,94,107,87,83,76
40035,"Craig County, OK",196,169,185,169,205,172,198,209,226,203,184,209,198,204,174,210,194,225,186,208,230,226,241,205,225
40037,"Creek County, OK",698,670,745,754,673,741,795,783,792,774,770,751,827,805,817,876,891,826,844,898,978,1074,1015,918,977
40039,"Custer County, OK",303,274,314,264,260,278,283,252,279,279,300,283,281,278,296,334,265,319,312,320,399,333,318,325,321
40041,"Delaware County, OK",417,424,474,506,439,479,451,483,474,460,470,518,534,497,489,582,499,543,606,562,703,751,670,642,698
40043,"Dewey County, OK",111,86,60,80,85,77,72,84,66,90,61,69,64,67,73,71,65,76,62,69,72,85,79,77,66
40045,"Ellis County, OK",63,61,60,69,41,63,58,44,53,62,58,47,48,56,62,59,65,56,61,34,56,50,68,55,48
40047,"Garfield County, OK",687,688,743,689,685,707,658,694,675,664,650,680,675,715,651,686,755,697,660,732,840,864,826,692,747
40049,"Garvin County, OK",382,362,375,369,372,399,345,411,385,350,405,406,366,381,337,322,344,364,398,365,423,454,421,351,357
40051,"Grady County, OK",509,462,469,494,466,532,493,462,495,466,496,528,540,527,545,534,542,555,576,591,710,751,643,610,665
40053,"Grant County, OK",79,78,72,65,61,77,62,59,69,63,55,65,67,61,68,52,71,61,60,69,75,70,66,51,65
40055,"Greer County, OK",93,82,86,89,73,79,89,85,85,86,73,78,81,76,88,79,69,81,63,64,88,97,84,69,90
40057,"Harmon County, OK",53,66,56,56,45,51,48,62,35,50,40,26,30,33,39,20,30,33,43,30,45,45,46,32,39
40059,"Harper County, OK",47,57,64,70,48,58,48,39,51,75,37,42,48,38,43,42,38,38,47,38,58,38,37,34,40
40061,"Haskell County, OK",159,171,192,164,151,175,133,134,169,147,163,157,139,186,132,174,160,185,155,181,186,198,226,173,150
40063,"Hughes County, OK",196,202,213,219,192,191,173,177,207,174,199,167,211,208,178,192,206,206,179,183,230,230,211,198,206
40065,"Jackson County, OK",274,253,255,285,281,294,300,262,249,228,264,263,271,250,266,279,255,246,266,253,330,287,298,224,281
40067,"Jefferson County, OK",122,109,129,110,83,110,103,92,99,92,99,91,101,103,110,90,84,94,95,74,105,97,106,80,77
40069,"Johnston County, OK",134,132,150,146,140,131,126,143,127,165,157,143,127,125,128,136,130,155,141,148,143,177,169,130,147
40071,"Kay County, OK",590,562,653,627,594,594,575,588,591,551,578,578,541,624,566,587,560,609,615,610,712,681,661,573,592
40073,"Kingfisher County, OK",163,163,150,147,153,157,156,160,159,135,147,166,141,140,167,139,172,150,163,171,178,173,174,182,166
40075,"Kiowa County, OK",199,151,175,172,157,128,193,151,162,135,149,120,140,148,146,147,126,149,135,144,188,140,159,162,128
40077,"Latimer County, OK",142,117,127,136,121,133,134,118,125,109,117,117,131,113,127,168,146,172,148,124,124,168,146,127,148
40079,"Le Flore County, OK",537,569,582,568,552,576,553,542,629,614,564,622,581,623,573,619,590,692,645,649,745,801,745,687,654
40081,"Lincoln County, OK",355,328,346,370,350,364,354,388,356,313,354,380,357,371,375,395,409,386,425,371,444,485,481,448,434
40083,"Logan County, OK",317,318,335,301,293,321,318,298,335,309,336,343,319,348,348,381,373,361,391,411,438,509,497,421,433
40085,"Love County, OK",106,113,107,98,91,110,101,117,103,126,110,103,97,121,108,111,110,125,125,115,144,148,175,131,142
40087,"McClain County, OK",249,270,264,266,268,287,282,284,272,288,325,312,315,326,336,354,372,389,416,356,447,437,473,407,436
40089,"McCurtain County, OK",430,464,404,406,429,423,406,372,401,386,405,376,385,416,435,407,459,428,388,425,534,602,515,461,432
40091,"McIntosh County, OK",281,245,284,285,279,280,259,307,326,285,325,327,297,308,307,265,300,312,333,300,366,416,368,324,322
40093,"Major County, OK",105,109,101,96,103,105,99,93,114,79,89,78,97,85,82,106,98,113,122,83,124,120,104,106,83
40095,"Marshall County, OK",181,182,189,164,189,175,168,206,190,162,179,186,187,192,198,224,188,189,207,202,250,267,258,218,234
40097,"Mayes County, OK",401,439,430,438,418,417,408,419,438,458,453,471,503,420,457,501,510,492,472,525,549,652,545,489,503
40099,"Murray County, OK",152,156,215,208,172,169,197,167,176,191,187,199,160,196,185,186,184,198,189,209,218,242,233,168,213
40101,"Muskogee County, OK",818,792,858,803,831,826,819,874,930,828,878,898,855,893,908,973,950,894,901,931,1066,1152,1042,946,891
40103,"Noble County, OK",109,128,131,141,108,114,115,123,112,131,117,137,123,131,131,143,140,154,149,140,154,178,169,143,140
40105,"Nowata County, OK",136,135,135,118,127,126,111,126,117,152,117,126,132,143,140,149,142,137,134,131,134,164,153,161,156
40107,"Okfuskee County, OK",163,149,157,134,186,158,143,144,158,163,159,167,163,155,198,176,173,173,197,210,213,191,196,161,186
40109,"Oklahoma County, OK",6372,6425,6445,6429,6147,6411,6212,6347,6508,6284,6615,6763,6644,7050,7086,7120,7081,7370,7346,7534,8867,8974,8623,7969,8117
40111,"Okmulgee County, OK",458,462,465,478,486,518,461,503,486,470,484,490,506,485,476,500,523,536,522,526,620,670,637,564,549
40113,"Osage County, OK",380,373,367,408,377,421,418,424,474,438,461,443,414,455,453,458,431,455,484,501,518,617,589,502,489
40115,"Ottawa County, OK",444,445,411,431,407,447,431,473,452,467,408,445,425,389,420,454,454,450,422,447,481,566,507,455,442
40117,"Pawnee County, OK",210,188,188,199,180,197,165,191,226,183,228,211,210,211,202,217,202,201,213,230,249,259,254,242,208
40119,"Payne County, OK",507,534,564,536,532,513,511,570,546,551,519,552,533,551,533,556,545,608,630,639,688,764,716,723,763
40121,"Pittsburg County, OK",580,566,543,518,500,570,631,614,613,555,573,581,567,609,620,629,591,618,623,605,695,810,722,668,638
40123,"Pontotoc County, OK",487,413,433,413,390,425,379,427,433,443,443,423,415,371,427,447,433,419,477,428,503,600,515,480,462
40125,"Pottawatomie County, OK",737,745,711,742,721,706,727,734,727,701,743,802,727,778,819,811,892,877,870,866,1011,1147,1038,987,994
40127,"Pushmataha County, OK",184,145,157,173,171,166,160,156,172,160,171,164,135,182,169,177,159,149,144,171,193,254,218,187,180
40129,"Roger Mills County, OK",46,48,28,52,37,35,43,38,30,32,42,35,30,37,35,34,42,32,37,41,56,52,35,41,32
40131,"Rogers County, OK",543,582,615,622,615,655,736,698,744,653,705,736,726,831,850,880,897,919,939,877,1100,1126,1130,1101,1042
40133,"Seminole County, OK",348,354,312,328,319,328,332,331,331,317,338,308,324,343,366,357,328,345,363,348,422,428,404,373,379
40135,"Sequoyah County, OK",399,403,457,409,429,450,429,394,453,465,459,493,441,545,494,520,543,572,521,493,664,694,642,605,609
40137,"Stephens County, OK",618,604,568,575,557,571,547,583,616,535,598,525,584,534,605,556,561,541,613,605,628,699,674,596,663
40139,"Texas County, OK",144,155,152,143,130,132,142,142,140,133,131,152,139,145,175,188,206,172,185,181,197,162,172,148,135
40141,"Tillman County, OK",123,130,120,137,121,151,118,131,105,94,94,95,103,90,100,106,91,84,103,96,120,123,114,102,95
40143,"Tulsa County, OK",5161,5251,5249,5382,5055,5546,5316,5447,5628,5254,5342,5451,5490,5716,5677,5731,5797,6042,6142,5980,7062,7810,7194,6877,6881
40145,"Wagoner County, OK",382,375,376,435,445,476,446,487,515,531,568,584,578,644,634,602,605,628,648,675,785,908,915,791,863
40147,"Washington County, OK",578,562,552,607,542,590,583,560,598,600,584,599,559,568,637,616,651,638,705,639,722,786,734,728,750
40149,"Washita County, OK",123,155,130,153,143,131,145,135,137,160,137,141,131,133,138,132,150,151,157,137,168,163,174,130,161
40151,"Woods County, OK",132,143,127,112,116,123,94,120,124,105,100,104,104,110,95,92,80,103,105,132,108,100,105,104,104
40153,"Woodward County, OK",195,167,182,192,169,196,199,194,204,259,195,178,176,188,172,171,222,205,199,197,254,251,211,217,255
41001,"Baker County, OR",186,211,195,201,207,256,198,207,193,201,216,197,204,208,206,219,190,209,221,232,243,273,271,241,246
41003,"Benton County, OR",440,449,483,498,485,496,510,567,507,534,523,560,570,509,599,552,592,590,574,616,619,745,648,766,711
41005,"Clackamas County, OR",2635,2636,2659,2730,2729,2832,2865,2891,2960,2973,2980,3001,3043,3198,3194,3378,3511,3408,3422,3513,3791,4042,4040,3979,4104
41007,"Clatsop County, OR",376,405,413,382,360,365,396,355,387,373,376,361,371,425,389,392,397,437,382,400,417,544,537,446,479
41009,"Columbia County, OR",384,403,378,396,404,388,403,396,411,417,389,423,406,422,450,442,473,460,485,475,535,628,594,595,595
41011,"Coos County, OR",813,837,906,887,829,879,873,810,840,842,848,867,824,886,860,899,865,973,942,939,939,1140,1158,1142,1130
41013,"Crook County, OR",205,196,179,208,172,201,205,212,200,194,230,227,206,247,244,255,257,273,282,258,263,322,327,321,316
41015,"Curry County, OR",349,308,345,360,320,336,344,363,376,346,369,344,346,387,383,427,390,375,341,414,471,512,480,446,407
41017,"Deschutes County, OR",916,956,973,1000,969,1071,1107,1097,1171,1155,1257,1263,1338,1362,1338,1517,1474,1517,1534,1540,1589,1812,1788,1802,1855
41019,"Douglas County, OR",1157,1122,1268,1227,1213,1216,1213,1251,1297,1259,1385,1407,1321,1406,1398,1492,1452,1555,1516,1560,1692,2059,1890,1739,1772
41021,"Gilliam County, OR",21,24,25,24,27,23,17,21,20,32,19,19,23,17,19,22,21,21,25,13,16,37,31,29,23
41023,"Grant County, OR",101,93,100,103,77,75,100,95,65,66,88,87,77,78,72,90,95,94,95,96,104,117,107,105,116
41025,"Harney County, OR",80,77,65,71,66,74,85,82,64,77,91,83,68,87,78,87,100,66,87,96,98,124,96,92,109
41027,"Hood River County, OR",177,174,186,192,181,166,176,147,189,175,156,185,174,181,193,185,176,190,192,186,189,200,187,195,180
41029,"Jackson County, OR",1878,1917,1946,1990,1893,1934,2073,1979,2042,2034,2171,2134,2238,2287,2291,2436,2360,2470,2356,2431,2653,2951,2822,2732,2664
41031,"Jefferson County, OR",168,178,173,181,160,182,169,181,186,216,177,188,186,184,228,201,207,201,212,224,308,330,271,276,247
41033,"Josephine County, OR",965,968,1043,1076,1030,1019,1148,1057,1127,1091,1094,1265,1123,1198,1161,1223,1244,1236,1240,1283,1329,1574,1445,1410,1423
41035,"Klamath County, OR",648,680,725,667,706,734,705,732,704,744,675,702,734,707,760,759,790,830,845,856,927,1095,1008,982,997
41037,"Lake County, OR",90,72,90,85,87,93,98,101,80,84,103,77,75,85,93,97,114,74,109,107,111,144,145,110,115
41039,"Lane County, OR",2845,2822,2980,2869,2970,3067,3037,3068,3120,3078,3056,3284,3291,3386,3433,3537,3495,3718,3642,3904,4059,4533,4648,4309,4311
41041,"Lincoln County, OR",542,573,580,524,529,525,547,526,547,546,586,584,526,569,545,599,610,652,596,664,683,732,821,736,772
41043,"Linn County, OR",927,1023,1003,1029,1069,1098,1119,1143,1125,1171,1145,1141,1087,1152,1294,1284,1314,1319,1304,1404,1492,1738,1579,1504,1461
41045,"Malheur County, OR",291,244,297,269,277,287,292,290,288,273,316,319,272,316,296,331,298,323,291,290,385,392,370,313,308
41047,"Marion County, OR",2430,2449,2575,2540,2438,2425,2453,2597,2712,2599,2533,2533,2613,2669,2652,2727,2847,2876,2793,2924,3167,3435,3570,3280,3257
41049,"Morrow County, OR",72,84,76,82,83,67,70,61,81,97,63,80,73,97,64,97,77,73,84,91,107,122,132,114,126
41051,"Multnomah County, OR",5718,5730,5901,5750,5435,5657,5520,5543,5422,5272,5238,5444,5493,5738,5500,5832,5679,5823,5772,5928,6430,6863,7033,6686,6579
41053,"Polk County, OR",487,536,568,581,549,532,537,563,645,653,604,605,638,649,676,662,677,719,707,744,798,866,940,945,855
41055,"Sherman County, OR",19,14,17,19,20,14,18,17,22,18,16,10,20,17,21,22,20,19,19,21,22,26,24,23,23
41057,"Tillamook County, OR",261,287,281,301,262,324,288,279,279,278,259,273,285,282,276,307,322,301,303,306,347,417,425,356,344
41059,"Umatilla County, OR",572,610,586,651,613,584,579,585,668,635,661,635,620,640,628,651,696,658,673,672,839,886,839,782,683
41061,"Union County, OR",217,272,239,232,233,271,229,243,239,277,250,274,262,224,270,291,263,264,289,324,292,374,350,342,297
41063,"Wallowa County, OR",82,75,71,79,70,76,80,71,85,68,76,91,92,84,88,87,85,89,92,92,80,103,135,83,94
41065,"Wasco County, OR",280,298,299,272,285,250,289,278,310,278,304,309,308,311,327,332,322,334,336,309,343,381,385,371,341
41067,"Washington County, OR",2573,2704,2782,2718,2802,2772,2801,2790,2860,2809,2830,2922,3027,3129,3195,3311,3407,3428,3447,3521,3816,4204,4334,4163,4176
41069,"Wheeler County, OR",23,13,20,16,22,16,29,17,18,19,18,21,25,14,18,25,15,17,25,14,19,21,23,27,20
41071,"Yamhill County, OR",624,718,692,702,741,786,807,788,727,752,788,873,800,788,912,937,943,1032,954,923,1047,1247,1145,1090,1112
42001,"Adams County, PA",811,821,910,933,864,919,877,921,890,863,917,941,985,980,996,1069,1047,1046,1127,1028,1184,1234,1197,1205,1181
42003,"Allegheny County, PA",15120,15490,15138,15158,14572,14842,14116,13934,14169,13619,13479,13847,13408,13512,13520,13894,13815,14133,13802,13632,15197,15256,14557,13643,13330
42005,"Armstrong County, PA",867,866,914,846,838,848,832,838,827,866,776,827,856,817,845,852,912,900,828,868,930,1073,939,889,842
42007,"Beaver County, PA",2070,2150,2213,2116,2090,2126,2114,2113,2174,2033,1926,2090,2119,2170,2107,2189,2204,2192,2218,2203,2469,2438,2400,2196,2186
42009,"Bedford County, PA",537,481,472,501,485,513,489,476,521,487,507,561,499,574,591,581,586,615,570,584,745,715,636,581,602
42011,"Berks County, PA",3624,3655,3642,3561,3457,3663,3492,3474,3558,3544,3630,3683,3679,3871,3728,3984,4061,4034,3924,4085,4620,4816,4418,4132,4089
42013,"Blair County, PA",1590,1670,1667,1593,1552,1634,1582,1462,1555,1606,1569,1550,1575,1706,1495,1657,1638,1614,1609,1596,1902,1883,1754,1616,1603
42015,"Bradford County, PA",654,635,663,698,636,661,654,619,690,673,674,668,633,686,701,726,657,699,719,716,721,843,819,753,749
42017,"Bucks County, PA",5031,4984,5025,5165,5141,5308,5020,5065,5063,5218,5366,5462,5457,5809,5700,5983,6033,6176,6299,6176,7172,6903,6944,6639,6420
42019,"Butler County, PA",1640,1714,1817,1761,1874,1744,1734,1807,1794,1771,1795,1846,1890,1882,1898,1945,1976,2094,2009,2104,2322,2428,2292,2172,2186
42021,"Cambria County, PA",2014,1961,1919,1882,1869,1885,1889,1832,1804,1816,1865,1817,1805,1797,1782,1942,1935,1907,1848,1887,2170,2066,1988,1887,1774
42023,"Cameron County, PA",70,75,72,76,81,68,77,60,63,69,66,68,70,54,53,65,48,73,80,55,68,80,87,73,81
42025,"Carbon County, PA",790,761,790,712,729,800,820,760,717,776,789,819,788,802,777,863,820,833,798,753,970,987,933,854,879
42027,"Centre County, PA",864,909,852,939,833,894,865,892,944,916,934,939,922,899,877,988,966,1003,995,1008,1225,1229,1137,1077,1069
42029,"Chester County, PA",3319,3204,3312,3306,3298,3485,3418,3418,3559,3504,3477,3683,3673,3675,3765,3952,3882,4111,4105,4084,4674,4408,4453,4346,4363
42031,"Clarion County, PA",437,426,456,431,432,434,420,400,447,416,414,416,414,422,431,399,427,412,437,422,523,609,524,490,450
42033,"Clearfield County, PA",909,907,943,908,906,921,951,939,963,899,940,922,918,919,906,903,981,984,975,995,1019,1244,1118,974,968
42035,"Clinton County, PA",429,424,390,414,419,428,374,400,445,380,364,417,363,428,399,392,406,392,462,442,429,490,468,462,422
42037,"Columbia County, PA",630,620,690,709,670,677,652,687,739,696,689,708,635,654,695,722,686,724,730,698,785,880,794,758,711
42039,"Crawford County, PA",977,959,960,922,936,941,941,999,1009,934,994,981,937,1058,957,1049,993,994,1016,1019,1107,1240,1100,1057,1011
42041,"Cumberland County, PA",1987,1970,2059,2032,2041,2070,2149,2081,2180,2046,2181,2211,2234,2264,2223,2308,2369,2524,2453,2381,2778,2783,2720,2596,2690
42043,"Dauphin County, PA",2453,2478,2408,2491,2433,2456,2328,2339,2505,2315,2345,2533,2336,2417,2410,2546,2568,2595,2551,2587,3030,3175,3018,2663,2784
42045,"Delaware County, PA",5886,5685,5752,5735,5531,5660,5599,5544,5498,5261,5489,5421,5392,5532,5395,5425,5618,5510,5462,5630,6573,5924,5686,5497,5383
42047,"Elk County, PA",361,388,380,380,373,360,340,355,357,363,380,395,376,400,374,410,391,395,383,367,379,470,419,417,351
42049,"Erie County, PA",2745,2665,2727,2678,2697,2816,2622,2661,2808,2681,2650,2822,2890,2825,2862,2866,2945,3020,2912,2934,3293,3400,3272,2996,2984
42051,"Fayette County, PA",1815,1865,1816,1817,1756,1790,1724,1773,1886,1834,1801,1783,1780,1770,1753,1810,1834,1922,1795,1802,1993,2340,2057,1995,1752
42053,"Forest County, PA",77,66,79,81,74,66,93,73,92,84,78,100,91,87,85,81,87,94,77,96,101,116,97,85,97
42055,"Franklin County, PA",1289,1268,1258,1342,1280,1355,1286,1342,1300,1409,1374,1393,1399,1409,1521,1554,1584,1669,1619,1572,1984,2033,1893,1720,1750
42057,"Fulton County, PA",135,145,113,136,136,135,136,121,139,126,149,113,147,161,150,196,164,160,150,157,185,233,197,159,172
42059,"Greene County, PA",449,445,482,484,427,386,420,374,427,440,470,437,448,430,390,468,451,448,466,454,491,544,506,434,432
42061,"Huntingdon County, PA",437,409,411,438,450,456,419,451,477,451,405,449,462,419,447,465,469,495,520,469,574,603,534,490,500
42063,"Indiana County, PA",895,902,917,894,853,875,886,839,853,859,888,901,861,899,882,881,950,1000,879,900,1114,1128,1050,1017,929
42065,"Jefferson County, PA",539,565,558,564,547,529,542,525,569,511,601,534,583,549,560,570,538,577,580,526,626,669,625,628,560
42067,"Juniata County, PA",239,209,224,196,198,246,223,208,236,222,242,217,263,245,250,280,266,239,243,263,334,357,310,276,282
42069,"Lackawanna County, PA",2951,2914,2829,2911,2755,2839,2712,2622,2821,2631,2599,2672,2754,2728,2617,2718,2632,2720,2784,2542,2968,2963,2847,2751,2569
42071,"Lancaster County, PA",4265,4180,4313,4344,4422,4463,4353,4356,4644,4491,4392,4502,4756,4776,4814,5029,5121,5181,5165,5099,6072,5918,5866,5368,5369
42073,"Lawrence County, PA",1178,1167,1226,1192,1198,1164,1061,1071,1137,1107,1099,1164,1112,1147,1196,1155,1210,1232,1184,1175,1424,1419,1291,1189,1198
42075,"Lebanon County, PA",1285,1241,1262,1324,1329,1391,1331,1344,1345,1372,1350,1442,1326,1491,1315,1489,1486,1532,1575,1543,1813,1876,1745,1562,1570
42077,"Lehigh County, PA",3259,3137,3128,3196,3067,3159,3135,3066,3048,3096,3163,3263,3401,3296,3375,3342,3400,3404,3532,3416,4027,4002,3699,3538,3575
42079,"Luzerne County, PA",4491,4464,4347,4533,4208,4225,4073,4117,4127,4023,3973,3984,3905,4184,4027,4031,3922,4167,4180,4202,4743,4622,4348,3936,3804
42081,"Lycoming County, PA",1267,1220,1208,1282,1229,1290,1185,1303,1218,1301,1227,1253,1245,1182,1318,1293,1257,1272,1315,1353,1483,1580,1412,1381,1344
42083,"Mc Kean County, PA",584,549,538,500,521,528,537,529,498,523,505,521,529,539,496,537,507,494,572,534,532,626,608,544,545
42085,"Mercer County, PA",1543,1422,1410,1389,1354,1496,1375,1461,1456,1411,1408,1383,1398,1422,1377,1467,1463,1553,1521,1479,1710,1825,1593,1491,1514
42087,"Mifflin County, PA",527,527,507,525,535,556,525,477,540,478,522,512,484,518,533,584,516,571,586,579,738,658,618,607,579
42089,"Monroe County, PA",1154,1170,1234,1181,1174,1200,1230,1204,1259,1354,1242,1237,1338,1373,1343,1535,1479,1449,1538,1555,1811,1815,1821,1589,1501
42091,"Montgomery County, PA",7256,7003,7120,6970,7178,7148,7017,7118,6957,7050,6995,7249,7196,7274,7332,7415,7534,7820,7673,7861,9029,8424,8339,7938,7967
42093,"Montour County, PA",239,229,237,204,213,263,232,234,234,210,201,235,213,220,236,228,239,231,242,212,257,248,230,226,225
42095,"Northampton County, PA",2454,2523,2660,2594,2661,2703,2583,2629,2723,2684,2745,2765,2811,2897,2965,3019,2970,3079,3209,3014,3572,3546,3428,3108,3250
42097,"Northumberland County, PA",1203,1207,1223,1121,1212,1227,1134,1144,1206,1094,1162,1226,1136,1138,1149,1179,1169,1184,1205,1190,1469,1346,1192,1241,1138
42099,"Perry County, PA",360,379,392,380,416,378,400,396,419,384,411,433,428,435,438,476,467,461,463,450,534,581,490,518,498
42101,"Philadelphia County, PA",17717,17269,16907,16719,16293,15948,15420,15247,14732,14519,14048,14788,14296,13977,14031,14148,14508,14498,14333,14224,18123,16479,15691,14415,13993
42103,"Pike County, PA",385,366,409,404,291,445,384,426,427,428,395,457,468,486,460,534,515,529,594,508,619,676,651,606,639
42105,"Potter County, PA",197,199,228,225,195,196,204,192,192,196,192,199,198,213,211,209,207,233,204,219,225,302,229,222,225
42107,"Schuylkill County, PA",2108,2136,2070,2069,2144,2032,1986,1850,1939,1854,1862,1944,1944,1995,1936,1940,2052,1965,1912,1932,2289,2133,2038,1915,1882
42109,"Snyder County, PA",361,302,325,337,315,330,311,301,357,329,329,316,366,374,338,332,349,347,375,401,419,441,416,381,397
42111,"Somerset County, PA",924,904,945,997,875,961,940,938,913,923,893,935,910,1064,969,1002,986,1036,923,995,1107,1189,1082,990,1002
42113,"Sullivan County, PA",101,104,113,93,99,107,94,98,102,96,104,125,106,109,102,111,83,105,91,109,104,132,82,91,112
42115,"Susquehanna County, PA",459,478,481,436,437,452,453,453,509,412,479,483,430,464,504,518,472,512,523,467,553,576,558,512,494
42117,"Tioga County, PA",463,390,418,408,360,429,428,411,438,430,456,432,417,487,450,454,428,492,492,453,522,596,543,537,516
42119,"Union County, PA",358,344,337,398,341,384,369,343,375,386,394,379,350,379,364,364,377,399,362,374,478,484,415,391,378
42121,"Venango County, PA",650,653,633,700,688,667,617,596,660,631,636,711,674,609,637,666,623,689,612,685,752,873,766,691,669
42123,"Warren County, PA",482,497,483,503,447,496,466,494,508,497,457,507,495,543,483,518,478,538,516,480,579,683,577,571,553
42125,"Washington County, PA",2448,2572,2450,2365,2501,2410,2394,2314,2512,2440,2429,2518,2523,2546,2511,2615,2543,2641,2560,2614,2783,2982,2746,2682,2571
42127,"Wayne County, PA",572,537,639,618,602,590,598,541,603,565,562,591,606,620,614,603,642,605,616,621,703,826,714,656,663
42129,"Westmoreland County, PA",4269,4323,4542,4412,4362,4324,4252,4303,4378,4330,4249,4415,4299,4415,4505,4558,4604,4559,4650,4577,5080,5291,5001,4668,4728
42131,"Wyoming County, PA",260,262,266,256,251,291,281,267,292,291,272,272,299,302,288,310,304,343,364,334,339,412,383,317,311
42133,"York County, PA",3353,3289,3314,3284,3489,3449,3375,3477,3635,3556,3621,3770,3680,3798,3975,4204,4190,4231,4190,4293,5002,5269,4820,4620,4519
44001,"Bristol County, RI",529,536,504,526,515,528,499,548,518,518,458,462,488,474,519,558,538,520,521,521,568,595,537,510,482
44003,"Kent County, RI",1688,1744,1741,1756,1693,1774,1740,1675,1703,1672,1729,1695,1677,1762,1695,1774,1673,1815,1724,1878,2009,2108,1950,1893,1889
44005,"Newport County, RI",751,770,750,801,804,752,745,766,790,718,746,791,763,808,778,847,816,856,774,871,837,887,891,810,885
44007,"Providence County, RI",6123,6031,6269,6003,5786,5926,5659,5669,5683,5437,5583,5537,5433,5599,5636,5743,5612,5770,5808,5724,6995,6271,5959,5946,5683
44009,"Washington County, RI",936,940,982,953,971,1027,1047,1065,1044,1050,1063,1096,993,1149,1142,1241,1096,1196,1256,1262,1410,1382,1367,1276,1348
45001,"Abbeville County, SC",229,238,271,272,245,218,284,271,271,246,288,278,268,268,277,305,328,283,331,299,369,418,348,318,321
45003,"Aiken County, SC",1321,1429,1410,1454,1407,1423,1408,1456,1555,1493,1516,1557,1621,1673,1725,1676,1718,1861,1904,1891,2232,2503,2285,2114,2089
45005,"Allendale County, SC",109,118,101,133,119,139,128,139,133,116,113,129,108,115,130,102,109,132,137,116,140,155,110,120,125
45007,"Anderson County, SC",1700,1745,1770,1836,1826,1865,1792,1932,1852,1863,1980,1929,2034,1980,1990,2203,2313,2204,2269,2249,2870,3033,2713,2620,2461
45009,"Bamberg County, SC",210,154,178,160,156,195,169,187,189,178,201,199,170,181,165,188,196,181,228,184,255,237,234,221,188
45011,"Barnwell County, SC",223,249,251,256,224,250,219,227,248,261,236,243,259,288,262,243,269,273,261,266,342,317,305,274,313
45013,"Beaufort County, SC",921,971,1054,1048,1046,1062,1079,1063,1180,1196,1226,1299,1326,1433,1534,1491,1604,1611,1629,1693,1929,2109,2160,2040,2120
45015,"Berkeley County, SC",879,955,987,959,934,1049,995,1038,1025,1076,1153,1115,1229,1277,1354,1388,1503,1521,1552,1663,1902,2142,2086,2015,2013
45017,"Calhoun County, SC",158,155,165,171,167,164,162,132,172,157,179,160,157,169,171,176,165,174,203,166,228,235,216,235,215
45019,"Charleston County, SC",2905,2685,2878,2731,2692,2736,2781,2862,2818,2838,2825,2875,2904,2898,2986,3207,3171,3366,3323,3460,3842,3837,3821,3609,3685
45021,"Cherokee County, SC",529,560,571,600,622,556,568,572,600,536,551,594,591,596,585,673,617,659,704,693,815,934,746,749,809
45023,"Chester County, SC",341,344,332,353,345,373,352,311,396,374,341,403,344,414,434,381,405,451,440,460,572,546,546,441,475
45025,"Chesterfield County, SC",425,379,442,426,440,475,430,470,489,486,463,462,492,479,521,517,546,514,564,541,698,694,654,589,601
45027,"Clarendon County, SC",331,332,340,341,337,344,336,332,390,342,387,372,353,380,403,385,382,426,436,404,578,563,512,428,444
45029,"Colleton County, SC",386,390,394,414,387,410,419,453,477,497,507,466,447,509,530,502,542,554,561,535,663,730,629,600,578
45031,"Darlington County, SC",742,717,722,746,696,732,739,709,771,730,787,785,771,825,831,799,869,915,859,871,1047,1099,1038,891,902
45033,"Dillon County, SC",316,325,360,358,358,293,342,335,323,343,359,330,364,362,375,386,401,376,357,400,520,504,447,445,436
45035,"Dorchester County, SC",715,679,728,799,728,752,792,771,819,853,870,858,936,917,990,1101,1180,1182,1269,1221,1471,1591,1465,1530,1445
45037,"Edgefield County, SC",198,239,212,203,207,227,224,216,220,236,193,182,217,204,225,229,235,225,246,232,329,370,339,286,313
45039,"Fairfield County, SC",322,248,275,298,282,282,311,259,254,272,281,250,270,283,303,302,291,317,275,302,373,390,360,319,348
45041,"Florence County, SC",1327,1282,1326,1267,1364,1352,1343,1352,1395,1372,1427,1441,1480,1501,1478,1435,1516,1492,1639,1686,2024,2062,1854,1763,1701
45043,"Georgetown County, SC",532,536,585,536,597,600,587,630,620,688,659,658,726,732,679,772,783,782,812,825,1034,1053,1017,961,994
45045,"Greenville County, SC",3355,3368,3355,3342,3171,3417,3388,3567,3636,3543,3694,3825,3852,3920,4015,4294,4424,4425,4553,4392,5332,5905,5637,5096,5139
45047,"Greenwood County, SC",702,659,681,691,660,701,693,700,709,691,699,661,670,746,696,756,753,834,863,822,994,1014,934,843,872
45049,"Hampton County, SC",226,212,191,218,224,186,203,223,258,217,217,185,233,223,216,218,239,246,241,269,291,295,261,271,247
45051,"Horry County, SC",1941,1879,1921,2043,2009,2223,2239,2279,2329,2483,2625,2715,2849,2980,3165,3293,3501,3642,3821,3915,4753,5265,5114,5047,5213
45053,"Jasper County, SC",150,150,188,166,174,185,194,173,221,178,241,188,201,230,235,237,215,258,274,276,325,388,427,408,403
45055,"Kershaw County, SC",516,515,492,513,514,498,528,535,568,635,586,557,642,649,606,683,697,647,682,743,870,985,852,815,828
45057,"Lancaster County, SC",624,574,583,574,573,570,574,634,688,687,694,796,728,825,849,884,874,911,904,1011,1162,1297,1185,1159,1148
45059,"Laurens County, SC",711,715,738,745,723,749,741,719,742,754,747,747,823,852,816,805,801,927,888,903,996,1128,937,968,920
45061,"Lee County, SC",188,218,206,229,227,230,228,196,221,261,202,256,213,205,215,225,267,248,258,257,296,296,262,249,263
45063,"Lexington County, SC",1694,1724,1733,1843,1793,1833,1890,1944,1912,1987,2208,2185,2150,2244,2280,2380,2470,2582,2599,2664,3098,3294,3247,3134,3104
45065,"McCormick County, SC",99,113,127,124,114,124,135,136,106,124,117,121,111,114,136,131,130,155,135,179,157,180,165,154,197
45067,"Marion County, SC",417,359,374,374,350,382,395,392,406,408,408,380,429,445,426,414,417,422,448,443,546,516,471,455,465
45069,"Marlboro County, SC",356,349,361,309,304,320,332,290,323,298,306,327,316,364,352,367,373,349,312,393,421,459,425,360,385
45071,"Newberry County, SC",356,411,423,423,387,421,379,401,406,408,434,440,407,408,406,490,439,411,440,450,592,562,538,487,499
45073,"Oconee County, SC",639,621,656,693,684,734,740,736,760,791,770,816,868,844,864,912,835,942,1007,947,1034,1194,1157,1119,1084
45075,"Orangeburg County, SC",935,925,968,976,954,946,1075,1025,989,1036,1094,967,982,1045,1101,1036,1040,1073,1133,1109,1364,1418,1289,1232,1279
45077,"Pickens County, SC",902,873,928,915,875,971,944,953,1011,1016,1033,1095,1097,1154,1186,1194,1183,1228,1249,1317,1595,1699,1454,1477,1410
45079,"Richland County, SC",2607,2508,2587,2606,2464,2638,2637,2707,2577,2680,2564,2664,2818,3050,2922,3043,3028,3118,3192,3052,3842,3992,3676,3511,3563
45081,"Saluda County, SC",202,188,216,217,193,209,174,193,209,176,198,210,215,191,234,222,229,208,207,213,309,285,281,218,238
45083,"Spartanburg County, SC",2602,2611,2523,2587,2615,2673,2522,2566,2727,2633,2747,2756,2846,2890,2950,3102,3047,3184,3243,3254,3894,4311,3848,3698,3622
45085,"Sumter County, SC",948,906,924,947,926,984,990,973,935,944,1002,1018,1007,1003,1095,1143,1122,1178,1180,1144,1434,1515,1279,1272,1299
45087,"Union County, SC",357,334,357,391,378,376,373,374,371,358,376,379,379,391,365,408,428,369,400,389,480,516,463,433,426
45089,"Williamsburg County, SC",361,383,415,424,393,371,419,427,401,364,398,394,414,436,387,430,405,430,443,422,556,540,467,446,487
45091,"York County, SC",1241,1287,1437,1401,1392,1469,1508,1579,1587,1624,1712,1805,1881,1889,1989,2070,2070,2155,2169,2241,2649,2846,2798,2592,2568
46003,"Aurora County, SD",38,50,43,39,32,35,27,31,30,31,26,29,30,32,28,24,20,32,37,32,46,46,38,32,33
46005,"Beadle County, SD",216,196,189,188,199,212,194,193,189,205,187,206,184,176,196,206,195,177,188,205,218,184,186,223,165
46007,"Bennett County, SD",27,29,33,33,31,25,23,40,26,31,37,31,30,29,32,34,45,42,39,32,38,50,44,39,29
46009,"Bon Homme County, SD",87,93,79,82,69,82,79,100,71,83,70,69,71,80,77,71,75,89,74,92,118,106,95,59,94
46011,"Brookings County, SD",191,186,179,192,186,149,191,184,214,203,165,184,230,182,202,182,202,177,202,202,253,203,246,204,207
46013,"Brown County, SD",368,367,341,356,336,334,353,357,349,336,397,356,382,399,393,362,376,365,369,337,462,372,404,389,358
46015,"Brule County, SD",48,53,51,62,50,59,64,53,43,54,48,57,69,50,53,57,60,45,43,64,54,49,57,59,53
46017,"Buffalo County, SD",30,22,14,13,18,15,18,17,20,24,16,18,18,16,17,21,32,20,27,20,36,53,28,27,33
46019,"Butte County, SD",92,82,106,102,82,106,95,110,103,92,100,123,112,93,103,112,98,121,99,131,116,141,102,100,131
46021,"Campbell County, SD",14,19,14,13,12,19,18,,14,14,13,21,17,10,11,18,13,19,12,16,21,26,26,19,15
46023,"Charles Mix County, SD",112,91,95,109,96,119,97,92,91,122,99,98,84,83,95,129,113,111,113,107,150,117,98,97,112
46025,"Clark County, SD",38,50,45,44,44,68,48,35,41,52,57,64,40,50,45,40,47,40,37,41,45,31,52,37,33
46027,"Clay County, SD",114,88,90,98,100,82,91,83,68,91,102,90,101,101,100,101,105,110,101,97,114,115,118,130,123
46029,"Codington County, SD",217,240,218,217,222,232,232,252,243,238,237,239,229,224,263,235,241,248,240,269,357,280,285,289,285
46031,"Corson County, SD",46,36,35,36,45,37,43,42,35,49,40,44,42,52,37,47,51,52,53,51,68,58,67,50,56
46033,"Custer County, SD",72,85,75,62,67,82,77,88,63,75,83,81,89,77,85,93,108,96,100,111,107,96,103,92,123
46035,"Davison County, SD",189,174,192,207,210,168,188,205,208,157,191,207,213,180,241,210,225,217,235,237,255,235,234,195,208
46037,"Day County, SD",88,96,96,103,91,82,95,74,71,95,66,86,77,73,66,71,76,86,87,68,102,71,93,73,90
46039,"Deuel County, SD",48,45,47,52,61,49,66,50,63,42,36,45,39,40,37,48,47,53,50,44,48,41,58,38,38
46041,"Dewey County, SD",58,40,50,50,70,66,56,54,57,50,57,48,66,68,68,73,52,59,57,57,90,95,100,60,80
46043,"Douglas County, SD",47,40,46,39,38,52,33,42,44,41,50,58,39,38,47,45,42,36,45,44,51,47,35,31,41
46045,"Edmunds County, SD",72,60,48,45,58,52,57,47,47,50,45,50,55,44,39,39,43,45,48,34,53,59,42,40,30
46047,"Fall River County, SD",113,115,116,115,112,114,107,108,104,109,104,114,112,118,131,120,115,122,116,123,138,149,148,125,143
46049,"Faulk County, SD",26,34,29,31,29,19,40,30,34,20,29,23,27,34,28,40,31,27,35,29,42,30,46,33,27
46051,"Grant County, SD",105,90,92,93,103,96,95,83,80,89,67,76,67,107,86,89,91,87,83,98,113,96,103,115,94
46053,"Gregory County, SD",94,66,72,72,66,65,74,56,89,57,75,60,74,63,66,64,59,57,63,59,86,75,41,52,72
46055,"Haakon County, SD",43,19,27,26,26,25,32,26,23,15,22,27,26,36,23,29,22,30,26,25,26,28,22,30,23
46057,"Hamlin County, SD",61,62,80,61,74,79,77,82,71,73,60,78,77,69,62,59,73,55,61,73,103,53,51,61,69
46059,"Hand County, SD",46,46,48,49,50,37,44,37,42,28,43,44,38,55,41,49,49,41,52,38,52,58,52,44,45
46061,"Hanson County, SD",19,28,20,15,16,25,19,23,25,19,22,24,13,21,34,20,23,34,17,24,24,34,24,20,26
46063,"Harding County, SD",,,,13,,12,,,,,12,13,,,11,,,12,,,12,11,,,
46065,"Hughes County, SD",142,152,164,150,119,153,158,130,143,164,137,147,126,135,137,154,147,163,159,202,204,210,191,156,175
46067,"Hutchinson County, SD",110,148,131,133,129,109,110,92,123,105,112,111,106,108,118,119,116,110,111,112,118,109,105,112,101
46069,"Hyde County, SD",21,24,21,28,25,21,23,25,22,18,20,15,26,14,15,21,28,29,15,26,22,36,20,23,22
46071,"Jackson County, SD",21,19,31,26,33,26,37,37,29,29,34,35,34,33,34,36,37,44,29,21,48,70,35,32,38
46073,"Jerauld County, SD",31,33,30,28,32,28,31,25,27,29,27,32,38,18,28,25,26,30,31,38,36,12,19,31,27
46075,"Jones County, SD",10,,,11,12,,,14,,,,16,10,,,10,,16,12,,,13,11,,
46077,"Kingsbury County, SD",97,88,104,97,93,83,78,76,89,68,78,73,58,77,70,75,68,68,59,58,64,72,80,65,55
46079,"Lake County, SD",102,126,103,104,103,91,116,93,106,108,113,103,111,106,112,118,126,129,122,86,102,118,115,107,131
46081,"Lawrence County, SD",191,183,202,201,197,186,233,203,196,202,209,203,243,227,227,241,237,249,255,228,294,305,258,260,272
46083,"Lincoln County, SD",157,154,171,183,209,227,227,191,206,168,186,221,206,183,210,230,260,281,270,305,376,310,387,379,449
46085,"Lyman County, SD",36,35,33,34,30,29,28,25,21,34,27,45,41,24,31,41,40,31,45,31,54,50,52,41,35
46087,"McCook County, SD",53,67,73,72,75,70,71,74,72,83,75,68,80,72,83,85,72,63,68,83,86,74,74,47,74
46089,"McPherson County, SD",50,34,35,39,37,49,37,34,35,26,33,37,35,41,43,37,40,33,28,41,37,37,39,33,40
46091,"Marshall County, SD",48,69,60,46,49,61,53,46,45,65,73,59,56,47,49,39,63,39,39,37,46,54,64,48,56
46093,"Meade County, SD",173,173,175,185,211,226,220,202,219,176,157,166,180,190,199,185,193,222,220,241,230,248,268,278,253
46095,"Mellette County, SD",25,17,20,22,33,24,17,22,25,22,25,25,24,20,18,27,28,38,32,24,29,30,37,32,25
46097,"Miner County, SD",40,37,42,34,32,39,38,32,37,33,38,37,28,34,29,34,38,30,35,32,32,40,29,30,23
46099,"Minnehaha County, SD",1084,1114,1058,1165,1024,1150,1158,1159,1236,1230,1271,1308,1241,1261,1283,1408,1384,1435,1511,1588,1892,1683,1634,1641,1728
46101,"Moody County, SD",70,58,50,60,57,67,69,55,47,53,56,49,53,54,58,54,48,62,68,57,85,71,78,59,65
46103,"Pennington County, SD",655,664,706,734,639,706,658,629,722,700,759,798,803,748,834,884,903,973,945,1080,1185,1254,1152,1106,1134
46105,"Perkins County, SD",48,45,34,39,38,42,46,51,43,35,48,55,38,38,51,40,42,44,33,42,53,36,47,34,40
46107,"Potter County, SD",42,37,47,48,33,45,37,32,47,40,28,42,44,29,34,40,39,34,31,25,45,32,33,41,32
46109,"Roberts County, SD",127,106,118,114,125,127,94,101,126,105,111,101,141,103,126,106,111,113,121,117,134,122,141,107,121
46111,"Sanborn County, SD",26,30,22,40,24,37,29,21,17,21,17,30,31,35,33,25,28,22,31,27,24,30,35,29,26
46113,"Shannon County, SD",111,110,125,129,135,123,121,118,112,108,132,110,131,124,112,149,163,163,149,134,214,197,204,156,161
46115,"Spink County, SD",89,74,85,89,66,79,75,87,79,89,72,73,85,85,67,76,83,76,76,66,105,68,89,80,67
46117,"Stanley County, SD",19,21,20,11,14,19,25,,26,13,19,22,17,14,27,19,24,22,12,23,21,34,33,32,26
46119,"Sully County, SD",11,,,,18,11,11,,,,10,,13,13,,11,,12,16,,13,15,14,10,
46121,"Todd County, SD",81,68,73,79,79,64,73,81,83,86,68,82,98,102,87,86,94,88,107,86,132,140,111,104,85
46123,"Tripp County, SD",80,89,87,80,65,85,83,66,66,78,81,66,70,67,72,73,82,78,65,88,95,68,67,75,66
46125,"Turner County, SD",118,123,102,118,100,109,103,105,97,92,90,107,94,92,124,109,109,119,106,93,142,109,104,133,103
46127,"Union County, SD",116,119,95,88,95,93,105,102,114,106,123,108,122,92,138,116,121,139,123,145,166,133,143,140,153
46129,"Walworth County, SD",87,99,83,76,98,92,86,58,68,62,75,77,79,80,92,94,87,68,80,60,80,86,67,67,77
46135,"Yankton County, SD",204,173,194,225,200,199,178,197,207,189,212,211,201,207,223,254,240,249,240,273,265,268,249,251,256
46137,"Ziebach County, SD",20,10,14,18,,10,,17,17,17,23,11,11,12,12,20,17,19,14,19,25,42,27,33,28
47001,"Anderson County, TN",790,801,823,874,826,808,839,813,865,868,928,862,936,935,981,922,911,1071,1043,1040,1112,1293,1208,1111,1109
47003,"Bedford County, TN",388,363,397,398,392,394,382,443,424,408,412,450,447,448,476,451,544,506,522,510,607,671,583,558,549
47005,"Benton County, TN",225,218,230,210,216,210,237,275,253,258,234,244,246,243,260,238,268,271,274,256,313,335,268,285,255
47007,"Bledsoe County, TN",120,124,110,119,107,100,99,125,114,134,124,129,125,136,124,156,128,154,154,157,175,185,155,190,184
47009,"Blount County, TN",1047,1088,1189,1234,1160,1113,1140,1161,1218,1121,1282,1243,1273,1379,1373,1308,1437,1427,1530,1544,1692,1934,1966,1826,1802
47011,"Bradley County, TN",823,755,771,868,791,850,865,842,881,887,913,931,950,952,1060,1056,1012,1108,1183,1163,1396,1612,1360,1348,1312
47013,"Campbell County, TN",437,467,514,466,460,459,513,478,494,535,518,487,520,588,553,594,618,626,608,608,663,784,730,662,641
47015,"Cannon County, TN",147,147,141,144,148,150,127,133,138,130,152,160,168,165,193,196,169,188,188,166,214,220,204,204,205
47017,"Carroll County, TN",457,427,446,410,396,416,440,433,458,382,381,431,380,392,419,476,411,438,430,403,527,488,481,413,466
47019,"Carter County, TN",617,642,622,698,645,660,681,647,616,670,636,631,639,730,680,690,745,725,791,820,925,971,933,864,780
47021,"Cheatham County, TN",258,266,280,294,276,299,298,280,309,339,338,359,375,372,347,442,411,433,431,457,486,569,521,496,501
47023,"Chester County, TN",165,154,138,163,132,151,151,171,147,156,177,176,168,169,224,177,190,181,195,211,224,263,221,204,203
47025,"Claiborne County, TN",357,367,350,351,330,380,343,332,400,394,355,427,424,413,446,437,463,430,427,421,492,598,511,502,523
47027,"Clay County, TN",86,96,119,106,116,95,90,96,91,95,107,118,129,102,96,129,123,120,107,110,168,139,151,140,135
47029,"Cocke County, TN",380,436,409,441,445,402,442,384,402,445,405,452,490,496,529,512,527,551,535,569,662,742,758,705,632
47031,"Coffee County, TN",508,545,584,543,581,548,579,520,589,607,598,633,661,661,631,675,671,722,715,659,813,885,906,720,822
47033,"Crockett County, TN",180,191,192,208,189,177,168,164,193,181,175,179,170,191,157,186,186,216,204,189,241,215,212,217,192
47035,"Cumberland County, TN",552,530,581,540,539,604,604,574,649,685,689,744,770,783,815,830,813,873,863,879,1030,1262,1128,1079,1042
47037,"Davidson County, TN",5060,5124,5179,5192,4854,4895,5108,4974,5086,4935,4977,4858,4985,5085,5174,5242,5433,5499,5526,5516,6522,6546,6137,5996,5836
47039,"Decatur County, TN",149,151,187,161,168,198,144,166,149,188,171,157,170,144,207,166,181,183,167,177,242,217,195,186,210
47041,"DeKalb County, TN",206,184,182,216,226,229,207,212,212,225,235,223,233,255,242,232,255,258,231,283,316,340,293,276,279
47043,"Dickson County, TN",367,423,435,456,405,422,470,436,462,428,479,505,469,514,507,566,596,594,600,605,647,775,692,655,638
47045,"Dyer County, TN",464,424,421,425,403,408,421,438,403,415,411,433,407,453,422,428,517,494,489,506,619,629,559,477,497
47047,"Fayette County, TN",276,276,303,291,334,317,288,345,334,337,372,308,301,365,402,417,451,410,425,436,536,568,571,525,496
47049,"Fentress County, TN",180,212,218,230,202,234,233,206,233,223,224,213,225,270,212,259,259,264,266,252,324,385,323,346,307
47051,"Franklin County, TN",428,442,399,415,436,425,400,454,436,439,456,471,500,506,480,509,509,526,488,519,631,656,639,583,568
47053,"Gibson County, TN",699,712,687,709,653,646,726,679,677,637,679,679,673,637,653,674,734,670,673,683,874,922,798,742,704
47055,"Giles County, TN",314,351,365,370,398,331,314,323,357,333,334,362,343,390,337,352,363,408,392,433,490,535,476,393,431
47057,"Grainger County, TN",203,220,235,211,236,219,244,221,245,244,260,253,250,298,277,291,286,296,318,304,385,396,353,341,350
47059,"Greene County, TN",692,761,755,752,709,762,775,750,835,790,822,862,851,834,866,885,960,992,958,1035,1130,1292,1174,1141,1108
47061,"Grundy County, TN",207,178,175,169,166,185,169,184,204,174,189,205,216,211,196,192,225,235,197,189,240,247,240,245,210
47063,"Hamblen County, TN",625,593,627,674,625,621,608,666,716,649,710,675,686,781,803,743,762,788,753,837,1028,1136,988,925,940
47065,"Hamilton County, TN",3210,3178,3205,3170,3227,3237,3152,3091,3286,3183,3121,3366,3294,3441,3434,3477,3551,3793,3788,3840,4239,4568,4288,4039,3929
47067,"Hancock County, TN",89,93,85,92,71,91,88,84,87,96,91,108,87,99,106,113,94,112,99,94,110,127,120,102,132
47069,"Hardeman County, TN",302,284,310,276,276,288,288,270,277,279,296,295,267,292,284,284,338,322,299,306,381,384,409,364,331
47071,"Hardin County, TN",330,348,304,362,355,333,294,317,341,318,318,342,361,401,395,381,383,410,390,410,469,530,455,393,420
47073,"Hawkins County, TN",520,550,541,573,572,579,619,589,610,644,620,683,647,647,757,733,736,723,728,831,902,1053,1009,893,861
47075,"Haywood County, TN",221,217,259,202,214,227,199,220,213,202,195,182,200,173,192,200,211,227,248,209,266,288,250,230,235
47077,"Henderson County, TN",315,284,325,332,321,316,294,307,282,303,313,301,328,303,319,372,345,351,327,364,435,437,444,404,414
47079,"Henry County, TN",441,411,445,425,433,476,440,424,445,464,453,442,469,463,434,479,480,460,492,493,571,572,570,537,502
47081,"Hickman County, TN",247,234,224,252,215,235,236,203,244,245,250,275,266,253,280,277,294,296,312,294,388,381,414,338,313
47083,"Houston County, TN",88,92,121,117,107,112,108,110,101,92,99,106,108,116,96,110,127,120,121,122,164,142,118,130,126
47085,"Humphreys County, TN",193,191,217,210,227,214,207,210,220,219,212,240,229,252,227,252,230,278,281,241,274,356,265,281,297
47087,"Jackson County, TN",156,135,142,138,146,148,128,146,137,155,145,136,159,153,145,183,145,158,170,171,204,182,218,176,190
47089,"Jefferson County, TN",420,457,447,443,477,505,472,509,542,555,546,565,587,542,540,643,628,683,660,647,759,898,831,780,833
47091,"Johnson County, TN",176,209,196,208,208,217,224,214,192,206,206,186,216,233,218,231,250,256,271,270,292,306,310,272,305
47093,"Knox County, TN",3618,3586,3702,3665,3617,3629,3568,3701,3892,3832,3964,4000,4112,4003,4477,4329,4413,4582,4776,4730,5380,5898,5712,5376,5250
47095,"Lake County, TN",107,115,106,92,101,85,80,97,86,106,90,105,82,90,103,100,109,104,96,96,115,140,99,105,106
47097,"Lauderdale County, TN",306,294,302,257,286,265,248,302,287,256,268,260,275,280,285,287,329,320,290,310,347,366,343,350,345
47099,"Lawrence County, TN",401,421,423,443,485,464,502,427,450,465,477,481,512,498,522,550,528,582,599,563,716,697,705,560,595
47101,"Lewis County, TN",123,124,126,145,146,147,133,146,132,120,133,145,124,161,150,151,144,164,159,185,201,224,197,201,180
47103,"Lincoln County, TN",394,394,348,375,373,361,378,403,381,378,399,381,418,371,404,415,436,411,485,441,531,556,536,501,472
47105,"Loudon County, TN",429,439,457,468,455,479,502,487,525,477,501,528,629,651,617,625,679,681,647,703,730,845,890,761,817
47107,"McMinn County, TN",513,490,576,582,579,561,548,578,604,594,629,640,623,666,702,655,691,684,704,731,857,953,856,842,778
47109,"McNairy County, TN",341,293,331,338,313,296,281,366,336,326,373,311,326,346,353,374,384,391,400,390,472,466,486,427,432
47111,"Macon County, TN",195,214,229,232,235,232,188,218,283,254,243,252,265,277,286,282,257,270,304,251,354,349,364,316,332
47113,"Madison County, TN",909,824,878,910,870,939,849,857,891,843,917,846,922,899,970,1020,1048,1144,1041,1026,1310,1313,1221,1189,1273
47115,"Marion County, TN",287,307,318,310,296,324,326,304,340,313,319,312,333,392,326,366,392,384,383,350,424,478,470,464,403
47117,"Marshall County, TN",260,271,262,262,278,272,279,289,299,305,306,331,274,323,305,355,353,353,366,384,443,468,410,403,414
47119,"Maury County, TN",670,709,689,692,716,694,721,718,723,788,727,761,748,837,873,884,976,960,939,1040,1081,1222,1207,1019,1138
47121,"Meigs County, TN",95,117,122,116,116,107,118,123,135,120,173,138,154,147,150,160,174,165,170,196,192,214,237,195,225
47123,"Monroe County, TN",382,425,415,382,376,467,437,459,474,456,494,511,480,497,518,569,572,564,625,649,720,827,762,695,681
47125,"Montgomery County, TN",840,829,872,880,912,905,1002,970,990,1067,1056,1033,1121,1096,1142,1239,1248,1346,1519,1407,1750,1962,1777,1655,1761
47127,"Moore County, TN",49,54,49,47,50,61,56,46,63,55,62,73,68,64,66,68,59,75,67,73,81,96,83,52,74
47129,"Morgan County, TN",189,176,183,188,199,190,204,218,185,214,233,215,209,238,226,248,251,258,241,278,261,338,343,312,282
47131,"Obion County, TN",369,380,405,405,358,424,371,379,432,404,353,409,421,397,391,374,348,388,429,407,525,510,477,479,454
47133,"Overton County, TN",248,219,293,266,254,262,226,243,255,285,267,260,292,314,264,284,310,325,332,321,392,407,358,347,334
47135,"Perry County, TN",95,80,108,101,96,103,111,89,83,89,90,103,95,119,112,131,124,122,136,113,135,145,121,120,142
47137,"Pickett County, TN",69,61,77,74,52,64,51,64,71,52,49,76,77,69,63,68,75,77,93,76,89,79,106,92,85
47139,"Polk County, TN",176,193,199,225,186,215,229,175,174,200,202,216,243,223,187,236,212,253,251,249,276,351,298,268,250
47141,"Putnam County, TN",642,583,636,693,615,660,666,701,669,674,673,692,760,802,791,876,850,792,848,844,1070,1059,985,988,941
47143,"Rhea County, TN",308,293,281,321,318,351,365,354,369,340,352,336,363,352,421,440,416,435,447,416,503,559,522,516,496
47145,"Roane County, TN",610,633,568,618,630,638,619,609,628,665,690,664,673,760,696,730,729,772,785,818,877,935,873,859,882
47147,"Robertson County, TN",504,448,488,553,525,519,547,575,607,547,566,617,636,579,635,654,701,701,697,709,886,967,959,795,789
47149,"Rutherford County, TN",1141,1142,1187,1220,1265,1232,1331,1355,1410,1457,1553,1597,1678,1600,1690,1869,1941,2124,2115,2243,2649,2915,2656,2484,2621
47151,"Scott County, TN",201,200,196,232,242,215,193,213,230,254,220,274,275,276,286,271,265,296,294,268,285,382,323,308,285
47153,"Sequatchie County, TN",122,100,101,110,101,120,120,129,142,147,143,147,164,155,169,174,160,159,162,170,188,230,199,214,228
47155,"Sevier County, TN",650,653,662,753,680,727,685,760,770,832,905,861,926,956,1021,1021,1063,1095,1142,1139,1287,1491,1299,1237,1271
47157,"Shelby County, TN",8199,7821,7945,7788,7564,7903,7533,7626,7537,7501,7555,7460,7719,7942,7913,8242,8129,8270,8528,8723,10656,11202,9854,9483,9294
47159,"Smith County, TN",208,162,207,203,194,222,213,192,235,202,219,227,223,217,206,184,210,191,252,234,264,286,290,260,259
47161,"Stewart County, TN",154,150,157,147,120,156,162,140,139,170,160,166,155,161,174,154,163,146,179,178,192,214,208,202,197
47163,"Sullivan County, TN",1708,1761,1783,1913,1770,1826,1861,1769,1765,1733,1924,1994,2080,1983,2062,2115,2013,2180,2126,2194,2531,2730,2620,2372,2529
47165,"Sumner County, TN",1065,1046,1110,1139,1137,1165,1163,1191,1291,1299,1265,1327,1328,1410,1427,1481,1589,1700,1682,1701,2026,2334,2157,1993,1990
47167,"Tipton County, TN",469,445,465,496,459,521,484,473,521,514,499,502,489,531,560,624,627,614,617,619,711,814,819,670,719
47169,"Trousdale County, TN",94,83,84,87,101,89,95,94,91,79,99,83,105,73,105,100,111,96,113,77,130,152,120,121,136
47171,"Unicoi County, TN",227,239,243,262,243,266,243,286,232,255,249,257,242,300,270,275,284,290,308,299,346,378,337,279,285
47173,"Union County, TN",153,160,163,169,159,175,159,167,163,186,167,209,212,216,234,241,204,235,226,225,298,352,294,287,266
47175,"Van Buren County, TN",55,45,52,60,56,65,61,47,54,42,60,58,69,72,70,71,99,71,91,107,94,147,93,95,95
47177,"Warren County, TN",372,399,403,430,422,476,431,435,464,426,466,486,435,509,455,496,526,502,519,528,584,618,618,532,548
47179,"Washington County, TN",1108,1139,1165,1199,1162,1174,1245,1217,1199,1166,1223,1313,1358,1369,1355,1407,1408,1555,1477,1525,1811,1927,1815,1704,1682
47181,"Wayne County, TN",150,180,179,171,180,201,189,175,177,198,183,169,193,200,222,211,214,229,197,213,231,264,261,221,237
47183,"Weakley County, TN",374,380,381,345,371,393,369,359,376,358,358,375,380,378,355,395,394,388,401,420,449,499,496,416,429
47185,"White County, TN",294,278,320,326,304,282,266,293,302,297,320,363,370,350,356,379,377,367,402,356,425,485,478,415,438
47187,"Williamson County, TN",625,699,714,708,737,861,826,862,960,845,944,977,1013,996,1064,1181,1214,1341,1382,1483,1627,1680,1692,1615,1649
47189,"Wilson County, TN",633,746,761,777,712,791,750,787,831,829,852,913,909,995,1063,1043,1088,1098,1167,1248,1525,1572,1528,1512,1456
48001,"Anderson County, TX",626,576,616,596,597,551,595,549,625,614,605,652,618,641,661,655,651,690,692,668,737,884,714,722,694
48003,"Andrews County, TX",94,99,124,108,111,125,125,125,130,115,132,115,139,108,124,138,109,154,130,125,156,159,147,140,119
48005,"Angelina County, TX",824,809,746,797,777,735,787,767,850,848,846,836,866,852,868,872,907,924,964,909,1162,1257,1035,1022,1129
48007,"Aransas County, TX",298,264,251,263,299,267,307,278,349,322,308,317,346,353,323,359,339,357,309,361,438,430,408,392,416
48009,"Archer County, TX",71,66,86,67,66,82,73,60,79,65,80,71,72,78,80,91,100,88,80,99,89,112,90,84,82
48011,"Armstrong County, TX",24,20,31,26,31,21,25,33,15,29,27,26,39,24,30,38,27,26,26,32,38,31,31,27,21
48013,"Atascosa County, TX",306,314,316,332,300,305,308,338,367,352,364,377,358,407,405,408,378,408,430,437,573,629,542,487,497
48015,"Austin County, TX",274,288,295,258,311,274,263,244,262,284,257,264,259,252,280,273,287,284,279,302,324,365,380,320,372
48017,"Bailey County, TX",55,56,75,63,68,68,66,59,50,57,65,54,65,61,61,50,75,51,56,62,75,81,64,64,62
48019,"Bandera County, TX",144,162,164,169,141,178,180,193,178,173,185,209,181,204,226,221,215,263,262,285,312,329,322,314,298
48021,"Bastrop County, TX",446,451,474,523,487,482,501,555,519,558,540,581,583,628,665,664,702,700,723,685,826,944,921,839,889
48023,"Baylor County, TX",64,79,75,61,66,68,52,59,56,54,69,52,72,60,49,61,66,67,68,64,69,81,63,64,62
48025,"Bee County, TX",227,246,225,220,223,229,212,248,224,210,247,233,222,252,247,271,249,280,293,268,321,399,306,298,301
48027,"Bell County, TX",1555,1540,1657,1622,1657,1691,1700,1837,1871,1794,1909,1872,1882,1996,2077,2276,2164,2209,2337,2510,2833,3358,3036,2813,2953
48029,"Bexar County, TX",10190,10007,10364,10420,10456,10548,10662,10711,10756,10919,11193,11455,11899,12365,12490,13000,13216,13280,14165,13945,16703,18972,16594,15898,15704
48031,"Blanco County, TX",104,112,82,104,93,103,89,104,112,111,119,109,107,102,107,122,135,120,142,118,133,157,149,145,144
48033,"Borden County, TX",,,,,,,,,,,,,,,,10,,,,11,,,,,
48035,"Bosque County, TX",278,276,251,258,247,224,242,271,251,235,238,251,248,241,269,224,258,256,261,262,334,303,301,320,291
48037,"Bowie County, TX",992,989,1003,1015,975,1010,888,899,944,946,988,924,994,1036,960,1081,954,1068,1112,1082,1243,1381,1294,1203,1129
48039,"Brazoria County, TX",1610,1694,1711,1778,1688,1841,1839,1886,1937,1890,1892,1990,2045,2194,2254,2160,2388,2420,2383,2421,2882,3458,2904,2820,2834
48041,"Brazos County, TX",742,747,753,843,744,808,777,751,844,864,847,836,853,938,1003,1066,959,983,1122,1129,1347,1414,1318,1378,1266
48043,"Brewster County, TX",79,80,79,76,82,74,66,65,86,62,99,80,63,58,66,82,89,87,79,92,103,109,84,97,99
48045,"Briscoe County, TX",19,21,18,21,14,19,17,19,28,15,20,19,17,17,21,20,25,15,17,19,28,16,14,21,16
48047,"Brooks County, TX",69,72,69,82,47,65,85,85,85,73,85,79,73,99,89,91,69,73,83,91,117,98,110,92,82
48049,"Brown County, TX",466,451,509,496,474,448,457,466,514,437,503,460,448,503,483,515,503,504,465,531,671,647,625,572,564
48051,"Burleson County, TX",162,144,154,179,152,162,164,169,172,197,169,198,216,191,213,215,246,237,236,241,257,297,258,247,262
48053,"Burnet County, TX",376,412,372,410,397,435,389,363,393,407,415,418,434,432,492,530,489,498,528,558,592,693,642,657,615
48055,"Caldwell County, TX",269,284,295,278,276,271,293,328,257,302,297,290,283,308,350,322,329,371,393,386,482,489,436,410,455
48057,"Calhoun County, TX",152,170,193,184,174,199,199,203,188,198,183,185,213,197,205,198,203,213,208,204,253,268,228,255,236
48059,"Callahan County, TX",150,143,146,133,150,137,157,147,163,168,169,140,171,166,180,179,187,174,166,169,234,231,177,196,185
48061,"Cameron County, TX",1808,2003,2128,2047,1937,2080,2043,2319,2185,2247,2389,2378,2428,2522,2666,2687,2728,2737,2796,2782,4243,3809,3540,3290,3208
48063,"Camp County, TX",171,132,159,132,135,134,136,155,163,139,128,160,145,142,144,132,156,137,152,146,201,233,176,174,159
48065,"Carson County, TX",62,62,67,63,55,59,70,69,66,70,58,70,72,73,58,58,58,80,57,54,97,85,83,67,62
48067,"Cass County, TX",395,383,391,402,381,411,363,389,419,405,406,373,403,402,377,418,431,432,378,417,541,590,517,444,435
48069,"Castro County, TX",59,71,77,65,59,69,54,58,64,60,41,55,69,64,69,65,50,60,75,59,87,96,66,75,67
48071,"Chambers County, TX",192,192,200,202,198,211,183,205,225,227,219,256,259,275,256,291,281,284,289,294,386,418,350,342,358
48073,"Cherokee County, TX",503,543,538,532,549,449,457,524,549,512,514,506,526,474,512,560,553,590,568,553,687,795,579,616,589
48075,"Childress County, TX",92,88,111,66,60,86,79,92,71,85,57,72,79,69,80,74,89,75,61,95,86,84,92,82,77
48077,"Clay County, TX",110,92,110,89,100,122,101,115,104,119,120,114,128,112,115,131,118,132,120,145,147,152,154,153,159
48079,"Cochran County, TX",42,45,34,39,39,46,28,26,30,33,33,24,31,35,32,31,30,25,23,31,37,46,29,31,25
48081,"Coke County, TX",43,63,57,64,54,50,63,48,52,60,59,53,51,55,44,53,56,52,48,51,62,69,62,68,63
48083,"Coleman County, TX",157,145,158,169,136,133,158,134,135,127,115,126,126,113,158,133,122,143,140,162,152,214,163,160,137
48085,"Collin County, TX",1814,1942,2114,2103,2248,2386,2496,2609,2963,2944,3093,3280,3398,3597,3822,4010,4208,4411,4704,4869,5722,6214,6084,5885,6057
48087,"Collingsworth County, TX",47,54,39,51,54,50,40,50,43,44,38,45,44,38,29,39,39,30,46,36,48,42,32,56,31
48089,"Colorado County, TX",266,290,241,254,247,213,229,259,255,264,247,253,292,278,256,256,263,268,246,268,306,344,287,273,288
48091,"Comal County, TX",642,669,795,701,767,750,762,840,840,830,976,970,1082,1001,990,1109,1152,1240,1352,1321,1614,1784,1664,1634,1671
48093,"Comanche County, TX",209,204,199,193,160,164,193,173,189,192,176,149,156,179,181,188,171,185,180,191,238,220,202,206,199
48095,"Concho County, TX",36,39,32,28,29,35,26,34,39,38,31,32,31,40,34,33,31,36,27,37,34,34,33,48,34
48097,"Cooke County, TX",381,385,383,401,382,351,384,371,431,400,380,382,431,405,414,413,408,399,412,454,491,521,469,495,464
48099,"Coryell County, TX",356,331,345,314,360,397,366,379,372,390,408,397,393,399,447,526,461,475,498,533,612,706,656,618,647
48101,"Cottle County, TX",38,25,26,17,10,,36,25,29,20,15,19,30,36,21,31,26,23,24,14,35,21,20,23,18
48103,"Crane County, TX",36,29,39,49,43,52,40,36,34,33,33,38,43,52,37,36,27,41,37,46,48,48,49,44,39
48105,"Crockett County, TX",40,33,44,33,36,36,30,54,33,29,41,41,33,31,34,26,35,46,41,41,61,55,38,41,47
48107,"Crosby County, TX",84,75,65,75,86,83,79,68,64,81,87,63,68,51,78,77,66,75,81,66,97,99,63,78,63
48109,"Culberson County, TX",23,21,20,17,27,22,17,15,13,18,19,14,14,22,13,14,24,18,20,26,36,31,30,29,31
48111,"Dallam County, TX",48,39,57,53,49,46,63,51,55,50,37,51,54,45,44,38,48,49,36,49,80,79,73,48,56
48113,"Dallas County, TX",13983,14086,14150,13883,13784,13934,13923,13869,14018,14006,14132,14481,14514,15184,15532,15761,16048,16446,16679,16531,20071,20609,18861,17709,17265
48115,"Dawson County, TX",147,156,144,148,152,149,132,112,139,139,149,120,126,148,152,129,126,136,140,128,193,166,181,153,137
48117,"Deaf Smith County, TX",153,160,151,154,157,145,149,130,161,170,137,144,145,169,146,145,150,150,148,156,206,216,153,148,161
48119,"Delta County, TX",78,60,76,90,55,50,70,56,74,57,79,73,83,70,86,73,71,70,86,54,90,91,73,74,86
48121,"Denton County, TX",1752,1806,1983,1961,1975,2043,2205,2428,2558,2610,2693,2843,2952,3063,3273,3381,3627,3761,3890,4124,4864,5346,5193,5116,5083
48123,"DeWitt County, TX",280,253,250,264,228,271,265,238,254,229,239,248,252,222,287,253,271,261,288,271,304,289,260,261,253
48125,"Dickens County, TX",41,44,34,49,30,28,33,25,19,22,19,32,24,37,29,26,28,28,29,29,42,30,25,32,34
48127,"Dimmit County, TX",104,94,87,75,70,88,83,79,82,80,77,86,85,87,107,109,98,68,96,103,107,157,120,110,110
48129,"Donley County, TX",54,55,52,38,55,44,51,56,54,50,53,51,51,58,48,51,53,51,43,56,55,64,66,50,56
48131,"Duval County, TX",133,136,120,136,110,127,118,121,105,141,122,115,126,128,133,149,121,146,121,118,137,173,149,147,150
48133,"Eastland County, TX",291,311,271,246,320,277,237,242,262,259,271,251,233,246,281,265,263,243,252,277,279,383,336,270,253
48135,"Ector County, TX",1015,967,1053,1090,1113,1054,1124,1104,1172,1130,1129,1228,1155,1159,1182,1196,1170,1269,1213,1275,1629,1615,1526,1337,1315
48137,"Edwards County, TX",14,15,19,23,18,19,18,16,11,15,18,21,19,20,21,33,24,27,25,25,34,31,28,23,37
48139,"Ellis County, TX",862,935,871,888,964,883,893,922,943,1000,970,1073,1060,1115,1155,1211,1228,1336,1309,1314,1675,1821,1669,1527,1726
48141,"El Paso County, TX",3948,4042,4245,4375,4162,4400,4384,4160,4547,4496,4599,4891,4898,4876,5199,5306,5218,5448,5604,5724,8436,7307,7022,6424,6481
48143,"Erath County, TX",320,341,305,307,349,354,325,336,281,321,292,304,289,299,322,323,352,385,326,315,365,463,398,341,353
48145,"Falls County, TX",227,242,213,225,225,201,247,199,204,198,194,192,183,179,200,178,193,195,191,182,199,245,208,211,197
48147,"Fannin County, TX",449,411,427,418,415,400,467,432,422,444,419,416,408,385,396,458,461,441,442,444,493,597,540,459,473
48149,"Fayette County, TX",316,317,340,319,338,328,308,348,300,301,279,281,315,349,294,327,298,363,305,296,378,391,393,386,342
48151,"Fisher County, TX",67,59,48,61,65,47,62,56,55,63,42,56,52,61,58,52,48,41,40,46,70,66,70,52,52
48153,"Floyd County, TX",94,95,78,67,77,74,75,76,72,70,75,58,73,59,77,67,64,53,66,67,110,93,71,74,57
48155,"Foard County, TX",22,15,11,30,10,11,22,23,19,15,19,21,17,23,31,16,20,24,22,21,31,25,22,22,26
48157,"Fort Bend County, TX",1374,1537,1614,1644,1683,1804,1944,1969,2109,2171,2321,2337,2483,2672,2854,2992,3160,3375,3513,3608,4565,4858,4597,4594,4683
48159,"Franklin County, TX",90,113,108,125,93,106,116,110,110,125,135,111,106,102,119,122,123,113,136,119,160,129,143,158,144
48161,"Freestone County, TX",216,209,240,217,227,209,194,212,200,200,190,214,234,221,228,203,194,200,252,232,281,256,290,236,262
48163,"Frio County, TX",125,128,112,116,119,132,128,122,94,130,111,122,129,131,138,155,128,139,157,146,191,221,186,162,156
48165,"Gaines County, TX",103,82,96,107,104,110,109,108,105,117,104,101,121,112,119,128,120,106,118,131,167,176,163,128,134
48167,"Galveston County, TX",2155,2190,2356,2262,2269,2419,2354,2335,2430,2237,2227,2264,2321,2376,2551,2681,2776,2872,2850,2850,3347,3695,3327,3208,3288
48169,"Garza County, TX",62,57,57,55,46,48,44,44,55,45,58,59,42,58,54,56,33,55,49,44,67,64,66,44,48
48171,"Gillespie County, TX",320,266,283,280,279,328,270,282,322,333,367,330,342,351,304,319,357,389,378,340,389,417,399,368,376
48173,"Glasscock County, TX",,,,,,,,,,11,,,,12,,,,,,,10,12,,11,
48175,"Goliad County, TX",87,62,78,76,76,70,78,69,61,68,61,71,76,73,88,87,104,80,79,76,75,98,92,95,99
48177,"Gonzales County, TX",233,213,224,181,197,224,187,221,186,202,210,182,177,208,205,187,214,225,196,224,260,272,240,203,249
48179,"Gray County, TX",294,285,275,257,270,281,292,260,280,270,272,235,271,256,288,270,260,272,280,265,296,350,303,282,290
48181,"Grayson County, TX",1306,1282,1221,1202,1228,1273,1291,1294,1271,1229,1339,1353,1346,1377,1356,1466,1357,1471,1583,1473,1795,1971,1737,1720,1745
48183,"Gregg County, TX",1210,1214,1164,1178,1189,1219,1167,1257,1238,1233,1280,1213,1203,1311,1269,1279,1250,1360,1343,1365,1642,1828,1587,1502,1404
48185,"Grimes County, TX",255,253,275,225,229,245,187,233,248,200,275,260,258,282,304,279,283,283,280,308,355,396,362,327,399
48187,"Guadalupe County, TX",603,617,668,713,667,716,733,822,838,820,852,886,911,947,986,1044,1096,1081,1189,1197,1380,1617,1445,1424,1363
48189,"Hale County, TX",318,310,289,304,306,315,303,285,282,337,300,293,277,312,303,322,308,301,321,333,454,395,342,306,289
48191,"Hall County, TX",59,58,63,60,53,57,52,45,40,49,44,56,56,49,51,57,43,46,35,46,53,52,48,47,53
48193,"Hamilton County, TX",150,142,122,137,143,134,132,114,128,123,137,142,112,140,132,155,149,138,127,136,122,157,148,129,174
48195,"Hansford County, TX",64,56,66,63,61,48,45,57,63,51,57,48,55,48,56,53,46,56,45,52,58,62,68,50,47
48197,"Hardeman County, TX",66,61,66,70,44,56,40,31,23,46,27,40,39,45,73,49,49,51,48,47,76,46,55,54,46
48199,"Hardin County, TX",489,465,467,464,502,508,485,505,518,485,513,544,536,578,581,536,610,582,621,625,670,806,692,691,702
48201,"Harris County, TX",19632,20687,20856,20680,20269,20875,20640,21603,22021,21922,21967,22150,23456,24087,24673,25477,25997,26806,27167,26730,32986,36311,31726,30248,30234
48203,"Harrison County, TX",628,651,607,585,594,661,589,659,607,597,574,622,617,614,617,689,692,645,704,663,789,952,760,750,718
48205,"Hartley County, TX",26,35,41,33,54,45,57,48,54,37,42,35,32,38,44,52,52,43,47,34,54,46,59,43,42
48207,"Haskell County, TX",109,85,88,93,103,80,77,106,95,72,84,81,104,80,96,62,85,76,80,71,84,111,83,75,59
48209,"Hays County, TX",505,541,565,582,566,589,661,712,739,736,793,769,844,895,846,1008,1088,1155,1170,1182,1348,1649,1598,1573,1564
48211,"Hemphill County, TX",26,36,39,22,39,31,39,30,26,36,28,37,35,36,29,35,37,49,24,34,24,24,43,44,41
48213,"Henderson County, TX",912,934,895,904,889,807,896,930,961,977,952,954,1007,981,1055,1085,1081,1148,1105,1139,1326,1572,1315,1259,1281
48215,"Hidalgo County, TX",2729,2989,3038,3091,3068,3323,3316,3309,3393,3578,3648,3602,3828,4067,4111,4184,4341,4445,4463,4763,7272,6411,5688,5186,5340
48217,"Hill County, TX",360,431,413,434,402,398,442,410,417,391,382,392,407,421,402,456,453,430,471,468,527,673,562,469,497
48219,"Hockley County, TX",179,202,220,221,211,202,204,195,193,210,211,185,191,205,211,224,215,228,203,223,324,294,294,244,250
48221,"Hood County, TX",482,498,469,449,528,523,543,558,561,521,552,585,616,651,694,754,676,673,793,745,903,991,924,880,880
48223,"Hopkins County, TX",373,357,357,415,363,363,310,341,354,362,375,366,379,365,380,399,363,459,403,436,524,525,492,457,491
48225,"Houston County, TX",341,322,301,309,304,317,277,341,313,292,308,267,313,319,294,271,302,310,299,273,356,395,369,329,345
48227,"Howard County, TX",398,383,380,351,378,393,372,380,348,342,348,382,378,392,375,416,366,398,383,337,467,460,438,400,380
48229,"Hudspeth County, TX",16,16,20,16,18,16,17,22,20,13,22,17,19,16,17,12,23,30,25,33,39,39,46,35,30
48231,"Hunt County, TX",705,718,806,766,736,760,794,766,847,824,865,852,786,863,913,958,927,990,968,973,1165,1303,1185,1122,1135
48233,"Hutchinson County, TX",268,283,248,238,252,238,258,266,251,232,274,225,243,253,240,276,242,237,230,270,318,348,299,257,264
48235,"Irion County, TX",12,11,,15,14,,13,12,12,14,15,15,13,11,20,10,15,12,15,15,19,24,15,16,15
48237,"Jack County, TX",90,95,88,98,81,92,97,85,87,82,85,82,80,99,87,96,103,94,98,101,104,108,118,109,101
48239,"Jackson County, TX",172,138,171,161,147,137,158,135,172,126,134,151,153,165,150,146,151,155,195,146,184,171,180,139,173
48241,"Jasper County, TX",424,350,457,399,421,370,371,378,427,391,406,369,430,388,409,461,419,425,449,454,531,607,522,486,504
48243,"Jeff Davis County, TX",23,24,23,12,23,18,15,16,13,19,21,19,11,30,14,16,15,22,18,29,29,28,35,28,31
48245,"Jefferson County, TX",2620,2576,2548,2594,2522,2631,2509,2469,2615,2433,2368,2332,2394,2399,2549,2520,2549,2568,2486,2465,2970,3192,2718,2482,2599
48247,"Jim Hogg County, TX",42,61,47,40,45,56,43,50,50,64,47,48,48,59,62,50,46,43,60,51,60,69,65,52,62
48249,"Jim Wells County, TX",335,353,388,350,306,370,341,339,339,347,369,381,439,410,383,426,369,384,439,433,495,594,493,459,449
48251,"Johnson County, TX",1041,1042,1080,1089,1046,1118,1076,1086,1172,1130,1197,1194,1249,1266,1304,1342,1418,1408,1497,1543,1839,2033,1895,1912,1823
48253,"Jones County, TX",235,251,199,192,185,208,183,162,210,187,207,190,181,212,186,214,188,190,162,171,263,260,216,207,194
48255,"Karnes County, TX",159,175,150,144,148,137,155,157,136,154,135,161,159,174,142,131,121,145,169,164,189,176,176,158,146
48257,"Kaufman County, TX",674,712,736,742,716,736,764,785,787,800,783,763,824,849,926,897,918,962,1061,1102,1283,1471,1324,1267,1369
48259,"Kendall County, TX",239,243,242,264,238,256,304,263,284,303,289,309,308,354,325,377,379,367,378,388,457,457,517,462,538
48261,"Kenedy County, TX",,,,,,,,,,0,,,,,,,,,,,,,,,
48263,"Kent County, TX",18,19,21,,20,21,18,,10,15,,14,16,16,16,,,15,,,17,20,18,11,10
48265,"Kerr County, TX",612,630,655,626,654,630,664,663,674,677,640,686,720,698,690,774,724,726,767,736,831,864,823,864,755
48267,"Kimble County, TX",59,76,57,54,61,58,74,54,57,53,73,66,49,51,57,45,55,68,77,53,65,63,55,50,54
48269,"King County, TX",,,,,,,,,,,0,0,,,,0,,,,,,0,,,
48271,"Kinney County, TX",40,42,30,35,33,39,33,24,39,44,40,24,31,40,44,42,29,39,45,42,47,53,39,49,38
48273,"Kleberg County, TX",236,273,222,196,250,257,202,254,197,244,254,249,225,232,261,243,276,306,269,315,349,336,288,284,319
48275,"Knox County, TX",65,73,73,59,58,60,51,48,57,45,57,50,53,60,53,61,52,62,50,44,75,72,54,50,52
48277,"Lamar County, TX",584,572,580,552,587,610,569,592,613,626,555,569,614,636,619,645,564,632,638,647,791,823,699,621,659
48279,"Lamb County, TX",197,169,195,207,142,163,168,157,159,150,162,169,129,174,154,147,162,125,160,161,225,174,182,155,156
48281,"Lampasas County, TX",182,193,202,184,189,205,182,206,225,166,202,195,207,204,208,197,220,201,233,239,286,330,295,297,281
48283,"La Salle County, TX",48,51,59,32,44,53,51,37,45,47,50,70,42,60,47,61,65,58,56,49,78,86,77,53,51
48285,"Lavaca County, TX",279,273,291,273,269,202,294,231,234,244,212,209,245,271,270,269,248,283,255,246,319,296,253,247,267
48287,"Lee County, TX",148,132,146,147,130,141,162,165,175,155,145,152,138,156,183,184,182,173,204,161,227,209,199,190,178
48289,"Leon County, TX",174,212,201,198,207,199,192,211,199,214,201,227,178,248,210,223,211,208,223,230,252,274,270,231,269
48291,"Liberty County, TX",622,704,720,702,673,667,665,723,712,689,695,679,684,782,766,768,829,859,855,827,888,1157,968,936,928
48293,"Limestone County, TX",295,291,299,266,291,299,273,275,298,273,276,261,256,270,255,290,263,256,303,290,338,400,332,305,304
48295,"Lipscomb County, TX",44,34,32,37,43,29,36,32,32,40,23,32,32,30,25,22,28,29,35,28,36,40,37,23,32
48297,"Live Oak County, TX",120,96,104,88,78,76,97,104,116,106,99,107,119,124,123,143,130,128,120,112,157,156,133,142,149
48299,"Llano County, TX",266,260,288,236,274,275,291,267,285,274,293,294,309,290,289,311,300,325,348,359,378,412,380,401,409
48301,"Loving County, TX",0,0,0,,0,,0,,,0,0,,,0,,0,,,0,,0,,,,
48303,"Lubbock County, TX",1927,1961,1994,2053,1904,2073,2038,2110,2164,2243,2234,2186,2312,2284,2398,2443,2438,2591,2663,2632,3479,3352,3130,2823,2847
48305,"Lynn County, TX",72,55,71,76,51,66,55,59,53,58,44,58,68,48,54,51,62,67,60,65,94,85,67,55,60
48307,"McCulloch County, TX",130,119,109,119,118,109,99,123,100,115,109,118,98,115,111,117,77,118,109,123,125,166,145,122,112
48309,"McLennan County, TX",1990,1952,1958,2013,1959,2016,2028,2000,2064,1914,1992,1913,2050,2087,2148,2125,2033,2233,2263,2242,2749,2940,2661,2465,2441
48311,"McMullen County, TX",,,14,,,,,10,,,,,10,15,,,,12,,,18,14,12,13,
48313,"Madison County, TX",159,142,117,145,143,117,138,129,128,140,108,125,117,138,145,126,134,136,168,140,168,177,167,150,155
48315,"Marion County, TX",152,157,126,150,129,160,165,162,158,154,157,155,154,174,171,169,174,175,144,155,187,212,194,148,193
48317,"Martin County, TX",64,52,36,56,57,46,51,31,42,45,34,45,40,39,37,52,42,47,66,46,66,53,43,52,38
48319,"Mason County, TX",47,57,60,47,53,46,44,66,49,43,46,41,40,54,38,44,51,61,45,51,48,67,81,60,61
48321,"Matagorda County, TX",384,367,385,393,317,326,329,368,334,349,355,322,365,377,351,408,426,401,390,422,467,468,445,378,387
48323,"Maverick County, TX",263,267,263,251,242,318,300,285,327,325,301,364,340,359,380,401,403,386,405,412,690,621,548,433,441
48325,"Medina County, TX",347,314,308,321,342,348,332,356,403,356,367,353,372,410,407,430,412,426,452,488,522,587,529,534,531
48327,"Menard County, TX",35,32,31,40,31,28,39,35,42,25,41,35,37,22,40,33,41,31,39,31,41,38,35,40,42
48329,"Midland County, TX",894,931,883,991,908,864,916,890,1049,973,930,1055,987,1042,1059,1099,1096,1086,1143,1185,1317,1404,1352,1219,1250
48331,"Milam County, TX",306,305,278,280,284,312,335,319,284,277,290,255,292,285,309,288,308,307,299,286,308,415,359,334,302
48333,"Mills County, TX",65,95,74,78,57,71,76,58,61,70,70,63,65,68,68,62,68,63,81,89,78,92,82,76,75
48335,"Mitchell County, TX",134,99,149,128,107,92,89,104,96,92,103,82,84,111,102,109,107,88,86,85,92,109,94,97,71
48337,"Montague County, TX",288,279,310,279,271,316,235,254,309,279,262,288,249,285,275,263,258,296,260,318,375,370,333,299,300
48339,"Montgomery County, TX",2040,2106,2147,2264,2176,2426,2574,2420,2679,2802,2845,3043,2999,3166,3395,3649,3627,3960,3945,4054,4688,5412,4919,4884,5055
48341,"Moore County, TX",141,132,136,130,123,150,145,154,138,138,153,137,127,141,150,164,141,155,158,140,197,190,167,146,156
48343,"Morris County, TX",205,191,177,188,164,188,181,176,168,166,153,180,171,159,151,180,177,198,183,191,196,229,221,209,180
48345,"Motley County, TX",21,19,16,18,18,21,23,15,22,17,18,18,16,16,17,17,16,18,17,27,23,31,22,26,27
48347,"Nacogdoches County, TX",581,515,508,547,575,567,563,541,571,542,562,558,579,540,567,606,543,556,602,613,760,793,709,687,574
48349,"Navarro County, TX",554,539,493,495,501,491,526,477,522,511,465,454,492,501,503,570,563,562,523,586,635,687,615,595,671
48351,"Newton County, TX",137,143,168,149,156,172,168,166,153,180,165,161,163,172,150,164,158,167,162,151,214,232,189,174,180
48353,"Nolan County, TX",207,179,168,200,209,203,179,178,190,176,175,199,180,190,179,178,175,183,182,208,229,214,201,208,154
48355,"Nueces County, TX",2535,2523,2479,2534,2411,2396,2481,2491,2587,2570,2562,2683,2799,2818,2819,2953,2914,3041,2929,3013,3792,4067,3632,3355,3420
48357,"Ochiltree County, TX",73,70,88,79,56,71,75,72,70,88,67,77,91,90,105,83,82,80,66,59,107,89,74,74,75
48359,"Oldham County, TX",14,22,13,15,19,15,14,16,14,,13,13,18,18,14,18,11,18,19,17,20,19,21,20,19
48361,"Orange County, TX",831,912,882,913,869,927,832,936,940,856,895,868,945,943,949,952,995,1086,990,936,1153,1241,1059,1046,1009
48363,"Palo Pinto County, TX",340,397,331,331,332,330,314,330,325,319,303,285,298,303,321,349,348,341,318,337,457,458,404,392,407
48365,"Panola County, TX",238,257,262,240,282,260,280,277,240,255,265,292,237,303,259,271,293,267,282,280,391,371,360,294,310
48367,"Parker County, TX",720,739,762,749,755,785,801,879,884,861,941,942,906,1034,1036,1068,1152,1146,1142,1292,1424,1616,1631,1579,1566
48369,"Parmer County, TX",89,86,79,86,73,70,81,89,92,49,93,81,70,66,79,75,69,83,81,76,121,103,96,62,71
48371,"Pecos County, TX",98,128,139,146,120,120,111,119,126,100,96,117,122,118,105,114,131,134,128,112,194,176,149,124,132
48373,"Polk County, TX",558,534,616,559,600,582,640,613,620,630,606,551,647,619,657,681,632,672,687,666,837,964,810,808,793
48375,"Potter County, TX",1151,1203,1293,1187,1167,1177,1177,1139,1233,1117,1104,1148,1195,1175,1254,1232,1213,1179,1221,1369,1645,1584,1428,1257,1283
48377,"Presidio County, TX",48,28,37,47,37,36,45,44,49,51,34,34,34,53,62,37,42,61,42,47,66,71,69,57,59
48379,"Rains County, TX",100,113,113,104,119,108,113,113,116,111,108,122,124,133,156,150,154,156,162,138,193,205,174,184,181
48381,"Randall County, TX",711,712,759,827,737,764,826,806,904,899,917,902,987,1016,1002,1051,1083,1012,1089,1121,1407,1481,1430,1273,1318
48383,"Reagan County, TX",29,21,30,32,20,21,26,20,30,23,26,16,35,27,27,29,39,21,26,22,34,32,45,25,24
48385,"Real County, TX",28,40,23,49,52,35,45,42,39,48,43,54,66,53,54,38,61,53,55,46,73,63,68,64,73
48387,"Red River County, TX",237,224,255,212,217,202,203,220,195,194,179,183,200,192,159,180,164,184,181,214,256,231,217,165,216
48389,"Reeves County, TX",107,102,117,115,108,108,104,109,118,108,99,95,95,127,107,114,115,100,116,124,150,158,122,121,120
48391,"Refugio County, TX",93,90,83,100,93,84,88,84,88,66,112,102,84,99,103,108,99,87,82,80,110,112,105,109,79
48393,"Roberts County, TX",,,14,15,10,14,,,,,,,10,16,,,,,13,11,13,,,,
48395,"Robertson County, TX",213,209,216,186,192,205,191,179,202,183,193,182,185,166,211,174,199,207,187,187,235,268,241,228,216
48397,"Rockwall County, TX",309,302,319,330,358,344,383,381,369,385,428,494,529,500,577,545,518,628,686,636,753,877,825,828,898
48399,"Runnels County, TX",157,137,164,165,140,155,137,131,181,123,141,139,133,146,129,140,139,140,132,155,163,190,155,128,137
48401,"Rusk County, TX",531,544,534,545,507,528,510,479,506,525,570,550,572,505,554,544,523,562,542,557,684,767,653,638,602
48403,"Sabine County, TX",169,179,172,152,156,155,167,166,170,135,166,174,170,184,167,168,200,169,163,166,194,258,222,190,198
48405,"San Augustine County, TX",121,109,137,126,140,134,120,126,151,136,165,153,137,127,142,129,143,123,121,136,174,191,148,155,147
48407,"San Jacinto County, TX",196,214,228,224,225,232,264,252,284,246,294,275,302,280,291,314,343,314,318,342,379,484,389,399,445
48409,"San Patricio County, TX",525,534,539,530,521,528,497,564,527,513,605,586,615,644,601,645,611,683,636,637,770,885,783,738,713
48411,"San Saba County, TX",73,97,101,87,72,67,76,65,62,70,75,62,74,66,64,54,82,69,83,63,100,90,86,79,74
48413,"Schleicher County, TX",30,30,32,47,36,20,37,35,37,26,20,25,24,34,26,23,26,28,38,28,28,33,25,28,28
48415,"Scurry County, TX",171,178,179,168,166,170,145,134,170,178,140,188,173,171,160,179,166,158,193,163,223,223,195,166,193
48417,"Shackelford County, TX",41,34,51,45,48,49,32,48,33,36,33,36,32,36,35,27,31,35,29,29,51,42,44,46,37
48419,"Shelby County, TX",320,299,314,317,314,305,285,278,299,314,336,271,249,304,323,303,283,298,286,315,336,388,339,337,269
48421,"Sherman County, TX",24,30,29,36,29,25,26,21,21,20,25,28,30,29,35,35,17,29,26,27,29,33,31,22,26
48423,"Smith County, TX",1703,1821,1709,1759,1578,1476,1677,1755,1870,1806,1862,1996,1906,1990,2042,2113,2033,2152,2198,2186,2736,2981,2584,2484,2515
48425,"Somervell County, TX",72,81,91,72,61,72,75,68,81,89,76,74,80,99,74,97,88,92,102,91,113,123,116,115,115
48427,"Starr County, TX",249,272,295,294,282,314,278,349,367,332,406,375,356,387,382,399,408,437,413,460,721,633,531,504,465
48429,"Stephens County, TX",105,114,132,99,123,121,98,119,116,110,138,121,114,118,106,107,117,111,109,117,144,144,109,100,117
48431,"Sterling County, TX",,12,19,12,14,,12,,12,23,14,18,10,12,11,,13,15,18,11,14,16,15,16,13
48433,"Stonewall County, TX",21,30,15,29,16,25,25,31,23,18,23,17,28,23,25,29,,25,21,23,28,24,22,30,21
48435,"Sutton County, TX",40,25,42,41,35,27,30,41,31,30,31,33,38,33,37,30,31,29,34,33,49,47,46,32,35
48437,"Swisher County, TX",81,76,97,87,72,74,83,79,73,74,81,81,82,78,93,81,79,96,98,81,117,96,102,79,83
48439,"Tarrant County, TX",9362,9693,9889,9527,9707,9900,10067,10434,10764,10498,11018,11016,11489,11703,12112,12297,12899,13236,13493,13537,16418,17750,15904,15106,15143
48441,"Taylor County, TX",1142,1178,1175,1202,1203,1177,1174,1168,1206,1275,1225,1153,1308,1253,1245,1379,1323,1352,1474,1444,1636,1838,1587,1487,1516
48443,"Terrell County, TX",11,,10,14,13,,11,11,14,,,15,12,13,,17,11,10,,,14,20,,13,12
48445,"Terry County, TX",117,120,102,134,122,114,104,145,130,133,144,128,121,119,124,139,127,141,130,143,175,148,165,116,120
48447,"Throckmorton County, TX",22,23,30,24,25,19,20,24,17,26,21,22,24,14,21,30,22,23,17,24,17,23,36,27,21
48449,"Titus County, TX",267,287,257,246,249,244,240,267,269,249,231,265,268,272,262,311,275,292,297,331,346,358,341,323,315
48451,"Tom Green County, TX",1024,1017,1050,968,1001,983,934,979,1074,931,991,1012,950,1056,1088,973,1030,1152,1119,1078,1439,1458,1258,1173,1183
48453,"Travis County, TX",4001,4006,4098,4096,3993,4056,4359,4471,4534,4380,4605,4637,5068,4977,5162,5385,5474,5656,5982,5866,6989,7411,6876,6814,6780
48455,"Trinity County, TX",195,195,184,199,228,212,219,227,209,203,211,222,225,229,202,227,258,246,265,229,255,326,241,294,252
48457,"Tyler County, TX",238,253,238,265,279,251,230,259,229,240,239,278,257,283,290,276,260,268,300,280,322,411,306,316,335
48459,"Upshur County, TX",467,415,408,440,386,445,382,437,409,382,435,465,431,421,450,471,473,510,465,480,557,659,572,537,547
48461,"Upton County, TX",33,45,32,26,18,24,35,36,29,27,35,39,36,33,30,36,24,34,35,28,44,32,34,37,29
48463,"Uvalde County, TX",223,256,240,253,228,213,207,225,228,248,218,214,259,269,240,233,244,245,253,299,328,350,334,309,268
48465,"Val Verde County, TX",312,315,325,282,282,303,315,354,324,335,334,331,340,363,324,355,361,417,394,427,571,504,447,395,391
48467,"Van Zandt County, TX",577,591,590,577,567,586,577,656,653,615,646,632,634,609,645,621,664,662,650,681,838,986,831,803,782
48469,"Victoria County, TX",661,700,714,711,692,754,744,798,739,719,707,748,801,787,769,848,829,832,808,880,1040,1122,1065,857,925
48471,"Walker County, TX",435,419,412,429,433,389,424,453,454,506,472,466,511,495,474,518,537,552,551,551,673,712,684,682,693
48473,"Waller County, TX",224,238,245,264,247,298,263,275,255,275,286,271,281,298,304,305,326,325,335,342,459,502,469,428,446
48475,"Ward County, TX",115,83,119,98,109,97,115,116,114,99,96,115,122,111,109,134,121,115,119,96,135,122,139,121,104
48477,"Washington County, TX",355,341,343,370,347,351,337,375,361,354,350,367,376,383,380,389,361,376,377,373,479,522,439,438,403
48479,"Webb County, TX",904,1015,1004,1027,946,1085,1033,1082,1139,1084,1203,1174,1283,1231,1318,1361,1397,1412,1395,1434,2186,1985,1813,1657,1585
48481,"Wharton County, TX",345,424,440,436,451,414,371,399,370,377,399,401,418,437,384,419,437,440,448,435,538,569,515,472,450
48483,"Wheeler County, TX",66,99,91,82,72,90,71,78,47,65,58,55,71,76,72,72,59,75,74,53,75,93,80,69,72
48485,"Wichita County, TX",1263,1299,1313,1263,1293,1307,1291,1284,1258,1253,1336,1296,1286,1357,1330,1306,1363,1490,1402,1377,1641,1776,1628,1569,1471
48487,"Wilbarger County, TX",186,180,195,206,182,169,178,190,166,156,160,144,171,160,158,163,159,158,166,156,210,198,190,164,181
48489,"Willacy County, TX",101,102,108,103,117,143,117,144,116,163,143,141,167,170,188,151,176,191,175,175,254,228,231,180,195
48491,"Williamson County, TX",1187,1163,1310,1384,1413,1468,1557,1618,1765,1742,1879,2003,2138,2203,2369,2629,2768,2774,3103,3152,3691,4070,3949,3922,3991
48493,"Wilson County, TX",250,241,280,288,301,306,302,311,325,312,324,324,336,346,396,410,354,442,411,437,459,641,485,483,519
48495,"Winkler County, TX",82,77,79,69,87,74,83,78,67,59,70,53,82,63,70,70,61,77,73,76,89,88,66,66,68
48497,"Wise County, TX",437,395,449,438,431,427,432,480,475,479,437,479,498,482,562,554,658,607,640,656,785,833,810,741,764
48499,"Wood County, TX",493,527,543,547,496,512,516,538,585,580,573,568,627,607,625,614,618,635,639,672,754,912,803,730,768
48501,"Yoakum County, TX",54,50,56,59,50,69,43,48,58,53,66,50,74,61,61,63,61,62,66,63,96,80,84,73,76
48503,"Young County, TX",280,256,267,236,255,236,280,251,258,236,241,249,239,274,278,239,275,267,248,253,333,322,290,295,272
48505,"Zapata County, TX",79,89,79,88,66,103,64,71,85,99,85,90,71,90,94,85,110,87,100,98,127,142,123,104,111
48507,"Zavala County, TX",107,102,74,91,77,107,95,76,91,77,65,91,90,85,97,111,114,105,124,104,156,151,115,125,113
49001,"Beaver County, UT",62,44,61,65,61,80,52,65,50,73,58,54,57,52,72,61,54,64,68,55,50,90,69,72,66
49003,"Box Elder County, UT",279,297,303,295,297,298,280,316,284,300,352,322,359,353,379,353,376,440,403,388,493,513,467,453,425
49005,"Cache County, UT",447,397,426,452,419,409,412,440,434,458,475,528,453,524,527,521,577,549,603,600,657,732,763,752,788
49007,"Carbon County, UT",185,201,188,242,202,177,189,213,232,183,218,227,210,240,213,234,237,213,213,216,261,292,282,277,281
49009,"Daggett County, UT",0,,,,,,,,,,,,10,,12,14,10,15,,12,,,,13,
49011,"Davis County, UT",1094,1102,1213,1209,1211,1278,1295,1376,1381,1357,1351,1493,1534,1596,1656,1741,1789,1845,1876,1863,2212,2345,2153,2184,2200
49013,"Duchesne County, UT",101,114,120,113,125,110,115,115,113,99,145,125,146,121,145,159,134,148,149,161,164,194,166,218,198
49015,"Emery County, UT",60,75,79,81,72,83,74,91,102,78,87,88,85,101,89,76,110,107,103,110,108,127,124,117,104
49017,"Garfield County, UT",50,43,45,41,33,38,36,40,41,31,40,51,52,52,40,35,49,56,67,39,60,61,56,67,57
49019,"Grand County, UT",57,72,75,66,59,66,78,68,71,77,73,78,97,80,78,83,85,96,93,83,82,85,87,77,78
49021,"Iron County, UT",147,164,207,200,196,216,261,270,271,249,247,285,274,318,287,313,333,333,334,322,405,447,412,428,436
49023,"Juab County, UT",56,52,50,68,75,71,55,68,74,83,69,82,56,83,77,54,70,81,70,94,86,85,91,82,87
49025,"Kane County, UT",71,57,54,44,62,48,71,81,59,58,62,67,72,82,89,80,75,63,81,83,66,109,87,100,88
49027,"Millard County, UT",90,115,118,120,111,104,103,100,85,88,94,98,107,102,94,104,113,105,98,102,139,154,124,111,109
49029,"Morgan County, UT",26,25,35,40,41,29,31,47,49,39,41,52,53,64,52,49,66,67,67,71,81,65,75,66,64
49031,"Piute County, UT",15,15,21,18,19,12,17,19,16,17,15,22,14,13,16,17,15,17,27,16,18,23,21,18,18
49033,"Rich County, UT",11,,17,12,16,10,17,13,17,11,25,,,16,15,23,10,19,13,19,15,20,14,20,20
49035,"Salt Lake County, UT",5026,5155,5241,5338,5314,5291,5339,5483,5417,5490,5647,5726,6025,6260,6336,6498,6774,6605,6807,6913,7890,7964,7831,7564,7455
49037,"San Juan County, UT",74,86,73,95,79,63,77,95,73,90,89,94,94,90,100,106,112,119,126,126,168,162,145,128,150
49039,"Sanpete County, UT",166,165,174,178,181,167,169,160,163,167,188,189,192,192,173,185,194,206,199,202,246,283,267,260,270
49041,"Sevier County, UT",164,158,138,183,174,160,199,201,183,180,205,173,186,185,217,187,195,208,203,225,228,231,222,217,239
49043,"Summit County, UT",86,100,91,98,103,105,107,133,135,123,123,131,130,148,150,143,172,138,149,158,172,207,209,182,175
49045,"Tooele County, UT",230,202,236,255,259,255,266,264,261,271,320,297,315,335,351,352,350,377,382,424,418,526,475,476,497
49047,"Uintah County, UT",171,171,189,198,189,174,191,196,198,209,204,211,203,211,220,242,236,255,251,268,302,340,299,295,342
49049,"Utah County, UT",1551,1623,1722,1749,1700,1748,1852,1869,1900,1853,1943,2055,2114,2169,2262,2495,2480,2521,2596,2726,3099,3256,3261,3090,3270
49051,"Wasatch County, UT",82,89,114,89,87,111,94,87,100,104,109,115,108,110,136,128,147,134,146,153,195,175,201,201,202
49053,"Washington County, UT",670,684,739,766,807,841,935,846,886,951,1062,1067,1135,1191,1223,1235,1306,1428,1435,1458,1743,1895,1848,1809,1863
49055,"Wayne County, UT",19,20,12,24,20,18,22,24,23,29,21,25,22,30,29,32,28,21,27,19,37,33,29,36,32
49057,"Weber County, UT",1374,1420,1371,1367,1418,1467,1423,1455,1419,1461,1509,1600,1567,1640,1681,1814,1816,1805,1760,1830,2095,2148,2101,1962,1978
50001,"Addison County, VT",249,271,268,276,257,250,270,247,256,292,320,307,320,294,309,317,316,306,343,315,332,370,367,353,362
50003,"Bennington County, VT",430,373,364,376,397,410,398,404,414,434,419,452,405,434,438,449,473,475,487,453,482,548,536,510,492
50005,"Caledonia County, VT",285,316,288,273,265,260,252,294,280,274,289,300,300,317,304,329,321,306,303,336,328,389,397,373,355
50007,"Chittenden County, VT",932,944,984,1008,907,958,968,947,971,944,993,955,1013,1038,1077,1141,1133,1150,1178,1178,1262,1312,1372,1330,1347
50009,"Essex County, VT",64,58,57,65,60,51,64,66,60,59,74,49,69,51,61,68,75,85,72,78,80,87,68,98,70
50011,"Franklin County, VT",367,370,348,408,310,341,350,364,380,312,378,387,375,407,392,451,421,451,433,450,473,481,568,486,549
50013,"Grand Isle County, VT",46,52,46,56,55,48,64,53,48,51,55,59,63,53,55,66,60,66,58,53,66,95,75,73,70
50015,"Lamoille County, VT",179,192,158,168,165,158,179,178,200,173,184,184,193,197,188,203,215,214,188,214,246,246,251,212,244
50017,"Orange County, VT",209,237,224,263,220,234,226,236,243,237,228,243,231,258,263,268,263,270,303,291,290,298,321,311,328
50019,"Orleans County, VT",262,287,281,248,275,298,246,233,284,260,284,304,306,316,305,345,331,317,304,328,342,428,372,370,362
50021,"Rutland County, VT",631,643,590,605,614,621,634,645,643,600,636,673,647,697,689,689,667,733,743,697,781,803,794,795,763
50023,"Washington County, VT",511,492,497,479,467,461,476,532,481,485,507,504,513,570,535,532,546,561,545,546,644,610,593,578,577
50025,"Windham County, VT",459,414,415,373,380,402,368,389,414,408,456,458,466,425,431,454,485,473,462,444,463,536,528,569,508
50027,"Windsor County, VT",503,552,555,522,623,574,553,591,537,505,557,558,590,582,576,607,603,600,608,573,670,674,729,712,679
51001,"Accomack County, VA",439,458,463,481,443,456,449,465,424,444,450,486,415,434,449,436,430,391,479,449,509,554,494,476,515
51003,"Albemarle County, VA",636,579,594,611,603,654,643,718,677,716,706,725,737,788,771,869,782,862,880,860,1019,979,1034,1033,977
51005,"Alleghany County, VA",127,210,241,267,246,239,228,262,234,244,207,223,225,227,225,189,228,217,226,212,263,314,245,251,236
51007,"Amelia County, VA",138,119,131,134,114,124,133,147,126,118,120,140,147,132,121,143,159,156,152,176,188,224,176,180,159
51009,"Amherst County, VA",291,326,310,308,295,296,325,304,343,329,347,358,342,338,327,313,332,356,366,385,388,479,419,438,414
51011,"Appomattox County, VA",159,114,139,139,132,143,156,160,148,156,180,162,136,158,189,174,198,170,202,182,180,201,213,195,199
51013,"Arlington County, VA",1108,1112,1082,1050,1009,1026,974,956,919,963,912,930,924,975,945,908,928,911,865,885,1162,1018,1123,1028,980
51015,"Augusta County, VA",468,518,525,614,570,600,631,609,638,644,603,637,660,727,726,687,720,693,710,759,843,963,932,880,892
51017,"Bath County, VA",74,51,60,62,47,63,56,54,55,51,58,84,61,67,73,67,61,66,76,70,79,77,73,79,70
51019,"Bedford County, VA",403,454,480,530,473,504,552,553,560,601,613,593,668,687,692,744,830,857,835,825,961,1068,1004,864,933
51021,"Bland County, VA",82,66,68,79,80,83,92,84,72,81,74,91,88,85,79,93,80,96,76,78,95,102,80,98,104
51023,"Botetourt County, VA",242,249,250,232,268,279,283,297,307,299,305,292,310,327,313,339,330,374,363,374,390,481,427,444,460
51025,"Brunswick County, VA",211,190,242,214,193,195,170,216,189,200,200,178,171,198,197,200,205,263,206,201,227,275,258,239,205
51027,"Buchanan County, VA",267,305,324,303,320,294,291,262,309,280,287,286,307,257,319,339,328,311,310,321,383,396,422,339,376
51029,"Buckingham County, VA",126,169,153,180,200,183,167,163,180,145,153,159,144,165,150,148,168,167,150,184,210,223,203,212,219
51031,"Campbell County, VA",439,447,462,443,455,462,475,447,514,463,499,465,504,516,539,571,578,573,586,585,689,764,723,674,626
51033,"Caroline County, VA",201,228,223,238,206,223,249,252,237,240,225,231,251,270,247,274,273,302,286,301,343,378,346,321,315
51035,"Carroll County, VA",298,310,313,339,348,330,350,335,357,364,360,335,364,385,396,355,367,349,357,385,477,535,478,462,441
51036,"Charles City County, VA",68,61,70,74,70,79,54,65,77,87,80,78,77,68,61,65,89,91,90,101,100,115,96,87,91
51037,"Charlotte County, VA",154,171,161,160,144,154,166,140,164,159,139,159,155,158,139,156,151,179,163,171,190,236,179,174,178
51041,"Chesterfield County, VA",1450,1491,1521,1631,1654,1745,1763,1786,1813,1850,1841,2031,2112,2120,2213,2466,2392,2533,2653,2755,3070,3272,3207,3042,2998
51043,"Clarke County, VA",128,120,134,135,128,141,119,155,134,144,146,157,138,149,132,144,173,158,147,166,191,185,210,189,183
51045,"Craig County, VA",40,41,62,52,52,53,49,48,46,57,44,55,62,47,43,55,53,55,54,61,72,72,81,86,75
51047,"Culpeper County, VA",327,342,306,308,326,321,369,345,379,338,327,362,379,383,397,413,418,445,488,455,461,557,577,505,518
51049,"Cumberland County, VA",90,68,73,104,80,90,71,102,91,99,86,85,88,105,83,90,101,96,99,106,117,130,140,120,105
51051,"Dickenson County, VA",167,183,251,204,178,201,178,208,188,191,219,208,199,203,216,230,220,210,203,230,235,230,267,232,267
51053,"Dinwiddie County, VA",187,191,239,242,233,258,233,257,244,235,261,213,255,279,260,220,259,291,284,287,330,369,354,319,283
51057,"Essex County, VA",143,123,137,126,138,117,124,137,132,106,119,134,140,124,117,142,130,138,129,138,162,183,164,160,178
51059,"Fairfax County, VA",4203,4210,4300,4312,4138,4307,4356,4328,4468,4575,4517,4709,4799,4906,4889,4990,5060,5252,5176,5244,6331,5716,6025,5966,5920
51061,"Fauquier County, VA",369,432,385,485,488,448,487,447,464,492,508,522,472,538,545,536,556,564,573,563,620,708,675,667,655
51063,"Floyd County, VA",132,147,166,157,139,155,133,162,163,136,140,142,136,178,171,171,149,158,194,149,233,213,231,181,214
51065,"Fluvanna County, VA",146,166,144,164,142,185,179,174,202,179,168,208,187,212,185,248,192,259,227,243,257,290,255,247,300
51067,"Franklin County, VA",420,455,432,458,467,510,489,487,533,542,529,543,557,566,591,608,581,602,669,610,725,791,790,697,803
51069,"Frederick County, VA",370,458,423,420,534,484,487,468,499,526,551,543,625,644,689,684,705,688,790,771,894,1009,917,882,870
51071,"Giles County, VA",201,197,215,226,224,213,206,224,203,203,198,219,231,208,238,236,223,231,223,258,298,301,291,226,256
51073,"Gloucester County, VA",309,293,289,299,323,282,350,337,338,366,357,346,335,341,364,361,414,422,440,415,497,497,497,486,525
51075,"Goochland County, VA",149,156,153,154,127,161,163,137,165,144,154,181,174,194,192,189,179,209,211,228,247,279,263,279,252
51077,"Grayson County, VA",230,218,197,233,218,235,207,196,231,184,206,223,236,208,198,198,205,191,219,209,253,282,271,267,223
51079,"Greene County, VA",129,104,110,116,124,138,124,114,126,131,125,142,153,146,152,165,142,162,159,177,182,237,200,209,225
51081,"Greensville County, VA",128,92,97,84,82,118,98,124,103,113,128,114,119,115,147,219,138,150,137,121,159,157,145,171,147
51083,"Halifax County, VA",452,463,476,496,456,465,461,467,504,467,466,457,435,478,479,431,500,473,503,492,586,618,588,514,503
51085,"Hanover County, VA",684,615,649,651,692,732,717,698,735,664,744,773,861,868,866,914,902,958,952,1017,1136,1251,1254,1098,1121
51087,"Henrico County, VA",2348,2311,2303,2375,2287,2363,2351,2373,2385,2340,2405,2459,2469,2577,2650,2840,2786,2889,2834,2769,3499,3440,3456,3259,3241
51089,"Henry County, VA",557,571,611,653,625,668,684,640,711,663,656,730,693,727,722,594,698,673,728,752,877,975,953,804,847
51091,"Highland County, VA",28,39,33,36,26,20,35,19,31,27,25,29,25,27,31,31,21,20,41,34,28,33,29,30,38
51093,"Isle of Wight County, VA",239,304,300,281,323,252,324,297,299,311,325,340,363,334,343,306,342,377,379,366,423,475,469,447,428
51095,"James City County, VA",340,356,422,461,450,429,453,486,520,522,574,618,598,639,668,764,776,810,851,700,918,821,932,986,914
51097,"King and Queen County, VA",69,87,75,99,71,84,85,77,80,80,71,77,85,66,72,66,94,88,106,110,107,103,100,104,85
51099,"King George County, VA",129,129,123,120,127,134,156,134,135,137,149,147,155,179,164,165,172,192,182,201,226,201,250,244,223
51101,"King William County, VA",121,133,137,125,124,113,120,147,118,129,134,126,162,128,157,158,153,142,147,166,187,221,191,170,185
51103,"Lancaster County, VA",229,209,178,217,188,202,182,195,234,194,192,200,207,188,196,201,212,230,220,215,241,242,222,225,207
51105,"Lee County, VA",301,307,290,328,324,341,302,293,285,306,296,291,283,299,311,304,276,305,335,322,374,411,387,383,361
51107,"Loudoun County, VA",699,750,702,760,743,833,848,924,901,934,949,1065,1082,1145,1162,1228,1441,1443,1518,1504,1864,1756,1926,1837,1857
51109,"Louisa County, VA",262,259,296,251,251,256,255,290,266,275,274,319,261,299,292,300,337,348,378,379,406,492,495,417,475
51111,"Lunenburg County, VA",157,125,156,150,153,157,150,153,166,159,134,140,151,138,142,142,153,163,154,170,169,178,171,176,174
51113,"Madison County, VA",135,123,118,135,110,116,142,135,116,111,132,156,127,144,156,146,158,153,147,150,154,175,178,164,163
51115,"Mathews County, VA",131,139,132,128,128,143,140,107,96,116,114,112,112,119,96,147,139,119,129,124,141,177,137,143,149
51117,"Mecklenburg County, VA",402,409,415,424,401,465,413,430,432,439,415,452,432,439,433,433,457,492,496,454,518,560,549,503,535
51119,"Middlesex County, VA",160,145,140,130,135,156,126,144,135,143,151,158,160,152,149,146,176,161,171,164,191,212,219,183,198
51121,"Montgomery County, VA",484,533,507,534,518,503,533,532,519,551,564,611,576,618,561,625,614,642,662,655,725,799,794,706,716
51125,"Nelson County, VA",177,156,200,158,150,157,150,155,169,144,177,175,188,180,182,181,206,175,179,197,220,206,246,189,224
51127,"New Kent County, VA",101,108,97,103,111,120,109,92,124,115,158,131,132,144,143,173,136,171,187,210,208,245,240,249,254
51131,"Northampton County, VA",208,206,205,216,196,193,185,187,170,207,173,201,190,198,197,183,183,185,177,163,230,213,192,184,174
51133,"Northumberland County, VA",187,160,176,169,164,167,184,184,159,169,160,187,182,182,154,172,178,162,175,219,209,245,220,194,193
51135,"Nottoway County, VA",226,196,190,234,178,185,195,171,189,200,196,205,199,192,198,192,197,204,235,211,224,262,240,177,173
51137,"Orange County, VA",314,299,292,303,258,324,295,292,315,286,331,345,333,341,399,389,414,399,389,442,453,471,562,463,443
51139,"Page County, VA",232,235,250,247,269,245,235,249,265,270,287,294,284,275,301,290,288,286,302,322,370,358,381,334,322
51141,"Patrick County, VA",190,206,211,230,251,209,238,229,246,230,236,269,246,263,235,297,245,278,250,256,312,363,337,297,281
51143,"Pittsylvania County, VA",606,651,644,569,630,629,634,580,689,652,644,710,706,680,728,654,703,734,772,759,840,886,898,830,780
51145,"Powhatan County, VA",124,151,135,148,160,154,155,182,170,187,179,189,191,211,187,205,181,234,225,234,291,314,304,281,276
51147,"Prince Edward County, VA",215,234,208,228,196,233,184,232,213,216,206,235,203,211,248,246,218,243,250,248,274,274,286,251,253
51149,"Prince George County, VA",149,150,182,170,184,169,189,179,205,200,191,227,245,239,218,206,242,260,233,273,286,364,311,284,256
51153,"Prince William County, VA",1138,1127,1184,1242,1224,1283,1296,1458,1487,1390,1504,1487,1584,1685,1781,1751,1876,1990,2107,2041,2702,2541,2525,2496,2444
51155,"Pulaski County, VA",426,407,372,429,407,397,448,402,442,398,420,416,473,439,434,407,453,459,460,504,542,579,548,516,496
51157,"Rappahannock County, VA",69,70,72,70,67,65,59,67,72,67,76,53,85,70,66,64,59,71,68,82,76,96,93,98,89
51159,"Richmond County, VA",122,104,121,111,114,134,131,126,122,108,100,102,108,115,111,124,125,137,121,117,130,131,130,127,107
51161,"Roanoke County, VA",941,791,924,884,818,905,922,891,921,863,910,982,948,935,1024,996,984,1026,1122,992,1174,1271,1260,1182,1233
51163,"Rockbridge County, VA",177,171,230,222,208,229,237,216,241,203,219,235,258,233,230,284,258,257,274,265,324,345,311,272,257
51165,"Rockingham County, VA",540,559,596,599,599,574,619,630,628,642,603,661,713,716,711,684,709,746,771,745,915,1017,1005,923,864
51167,"Russell County, VA",304,337,326,338,351,335,354,312,348,334,357,349,346,349,363,355,381,364,353,371,402,463,411,409,438
51169,"Scott County, VA",328,302,290,296,312,313,296,322,311,291,291,338,320,303,332,344,348,330,300,334,382,393,377,403,352
51171,"Shenandoah County, VA",367,366,425,413,415,444,424,397,462,434,407,452,449,457,486,522,448,469,512,525,635,640,577,588,551
51173,"Smyth County, VA",394,403,411,414,409,451,452,419,405,433,433,442,430,413,405,440,407,484,486,473,535,604,569,540,510
51175,"Southampton County, VA",191,188,174,169,184,208,165,195,211,193,184,186,187,176,174,137,194,197,199,190,226,258,252,196,232
51177,"Spotsylvania County, VA",522,531,645,663,613,604,625,655,679,718,735,771,790,761,814,838,949,957,1007,961,1153,1199,1250,1175,1232
51179,"Stafford County, VA",429,413,475,511,477,525,549,535,547,553,594,558,634,696,641,689,742,778,812,861,903,1006,1004,998,973
51181,"Surry County, VA",46,74,87,85,47,59,56,69,69,60,90,62,84,58,65,95,81,85,71,74,89,101,102,75,75
51183,"Sussex County, VA",123,147,139,151,125,142,125,140,151,131,133,140,132,139,128,149,149,134,125,150,149,177,158,157,164
51185,"Tazewell County, VA",495,585,538,560,585,579,568,520,621,636,652,662,638,604,560,597,613,615,606,666,707,791,743,692,659
51187,"Warren County, VA",305,252,330,312,306,293,297,326,396,334,333,353,357,333,371,357,344,408,406,430,442,532,518,455,444
51191,"Washington County, VA",492,534,552,575,585,621,587,565,616,564,617,647,603,606,549,611,605,668,713,723,821,883,871,832,810
51193,"Westmoreland County, VA",230,202,232,214,199,201,205,215,231,194,198,219,193,200,240,248,222,240,233,248,276,258,309,268,260
51195,"Wise County, VA",466,468,462,490,480,470,463,503,474,478,468,502,533,524,534,526,524,512,486,539,591,658,605,537,520
51197,"Wythe County, VA",313,354,355,349,278,343,299,327,337,345,326,325,363,368,357,457,387,404,414,400,471,504,466,457,400
51199,"York County, VA",361,320,326,346,344,332,352,356,374,397,386,406,353,397,404,423,422,396,501,504,534,625,611,565,572
51510,"Alexandria city, VA",839,830,805,797,765,745,760,718,726,716,738,708,706,746,716,725,669,738,693,797,832,951,877,802,784
51515,"Bedford city, VA",148,133,106,119,102,97,102,95,103,93,106,94,92,54,,,,,,,,,,,
51520,"Bristol city, VA",261,258,258,268,264,237,229,230,216,259,217,277,324,289,340,306,350,278,248,219,297,310,351,313,294
51530,"Buena Vista city, VA",89,69,88,68,85,71,78,78,98,80,66,68,85,77,78,84,77,78,77,90,100,112,102,86,87
51540,"Charlottesville city, VA",333,346,327,334,292,298,264,294,273,274,259,253,257,259,293,298,275,302,281,299,307,372,343,268,318
51550,"Chesapeake city, VA",1360,1370,1466,1385,1427,1473,1442,1519,1555,1534,1471,1562,1588,1685,1654,1768,1752,1828,1854,1933,2186,2391,2143,2043,2179
51560,"Clifton Forge city, VA",90,,,,,,,,,,,,,,,,,,,,,,,,
51570,"Colonial Heights city, VA",212,206,208,216,229,206,210,241,216,201,219,204,215,210,244,274,280,254,253,250,277,319,293,269,268
51580,"Covington city, VA",110,96,88,73,82,106,68,81,75,69,66,72,72,75,84,130,124,115,114,98,103,122,111,97,113
51590,"Danville city, VA",724,768,750,746,642,752,715,689,690,665,644,734,637,712,642,700,674,723,668,729,779,905,824,782,701
51595,"Emporia city, VA",120,114,88,118,90,98,84,78,95,84,90,92,94,94,83,19,52,63,66,85,121,103,97,84,87
51600,"Fairfax city, VA",163,201,235,291,267,176,185,199,217,221,207,177,173,173,183,241,246,233,223,288,254,304,270,276,262
51610,"Falls Church city, VA",85,77,83,71,95,74,84,72,92,81,69,77,69,85,67,68,96,76,80,138,99,171,106,115,100
51620,"Franklin city, VA",155,147,132,144,112,114,139,145,124,102,130,131,124,134,127,137,149,145,144,136,160,181,192,148,152
51630,"Fredericksburg city, VA",240,221,203,233,195,200,182,186,199,207,164,197,159,182,182,199,200,212,169,235,232,310,229,203,230
51640,"Galax city, VA",138,113,93,99,86,91,106,98,97,103,87,103,112,84,135,178,180,170,176,140,145,174,123,118,113
51650,"Hampton city, VA",1150,1121,1134,1155,1150,1044,1061,1108,1198,1158,1139,1089,1143,1201,1296,1257,1255,1334,1319,1305,1460,1647,1478,1425,1437
51660,"Harrisonburg city, VA",295,277,207,254,242,301,270,256,249,249,275,254,255,220,244,334,321,291,319,320,348,368,338,283,310
51670,"Hopewell city, VA",264,277,287,263,281,284,232,281,252,267,291,253,276,284,309,320,313,307,314,311,335,426,357,333,318
51678,"Lexington city, VA",123,63,72,54,55,61,60,50,52,59,63,58,70,62,73,95,79,86,86,88,84,73,47,71,76
51680,"Lynchburg city, VA",851,830,770,765,793,695,763,763,751,687,728,791,780,782,860,788,733,801,853,836,924,979,912,876,842
51683,"Manassas city, VA",214,180,180,209,197,210,172,182,180,159,184,180,200,201,211,227,235,256,260,265,289,362,259,286,277
51685,"Manassas Park city, VA",51,26,27,29,37,38,43,48,33,46,50,49,40,45,38,23,38,28,31,62,38,83,35,36,27
51690,"Martinsville city, VA",273,265,243,237,237,222,242,223,235,207,231,235,242,188,229,334,313,337,298,308,300,303,317,273,260
51700,"Newport News city, VA",1477,1412,1380,1428,1379,1419,1354,1350,1350,1410,1381,1396,1443,1410,1510,1563,1599,1537,1567,1628,1899,1950,1845,1738,1722
51710,"Norfolk city, VA",2029,2089,2105,2032,1968,1985,2035,2088,1893,1991,1873,1863,1840,1970,1929,1965,1984,2055,2028,2038,2237,2450,2239,2155,1984
51720,"Norton city, VA",59,50,44,53,56,52,32,29,36,43,29,41,52,25,34,53,52,48,70,49,73,96,81,63,68
51730,"Petersburg city, VA",520,480,478,493,472,467,431,425,432,435,410,371,392,408,466,525,537,522,558,547,619,668,664,569,617
51735,"Poquoson city, VA",81,63,96,103,76,80,104,92,102,93,118,93,116,91,91,114,129,122,134,113,135,137,138,115,117
51740,"Portsmouth city, VA",1124,1064,1079,1111,1071,1055,994,1097,984,1053,1019,1061,984,1001,1027,1095,1106,1108,1063,971,1264,1346,1266,1204,1167
51750,"Radford city, VA",122,96,115,101,105,126,114,103,119,78,81,97,120,101,118,123,121,119,132,121,130,140,124,146,125
51760,"Richmond city, VA",2471,2301,2311,2377,2107,2152,2070,2065,1943,1896,1887,1830,1852,1871,1834,1715,1806,1851,1818,2017,2040,2522,2138,2009,1841
51770,"Roanoke city, VA",1168,1272,1260,1243,1173,1258,1187,1192,1239,1147,1209,1164,1172,1178,1083,1096,1229,1281,1276,1217,1501,1549,1470,1382,1310
51775,"Salem city, VA",330,332,306,291,289,280,297,264,283,300,281,292,303,303,273,367,364,360,353,347,426,400,394,402,352
51790,"Staunton city, VA",313,301,287,318,290,303,295,321,283,307,311,350,362,335,353,415,355,377,392,366,408,424,404,378,370
51800,"Suffolk city, VA",592,628,649,661,669,624,678,697,684,676,686,705,731,716,684,747,719,780,789,804,976,1065,984,917,930
51810,"Virginia Beach city, VA",2360,2465,2542,2648,2552,2624,2571,2645,2666,2706,2740,2764,2846,2952,3051,3065,3069,3223,3142,3308,3629,4063,3942,3769,3745
51820,"Waynesboro city, VA",266,255,243,197,225,215,266,221,225,235,250,249,253,221,252,291,291,261,285,288,274,318,342,297,285
51830,"Williamsburg city, VA",132,136,131,130,113,94,108,109,87,103,97,107,102,143,108,40,51,64,63,146,95,230,83,66,59
51840,"Winchester city, VA",266,260,276,228,243,255,275,249,269,254,280,238,283,264,297,236,245,282,256,270,324,343,320,269,266
53001,"Adams County, WA",97,120,118,112,109,112,95,111,122,124,112,106,113,121,133,136,126,115,100,128,126,155,165,114,124
53003,"Asotin County, WA",198,196,216,196,214,203,206,214,233,238,191,237,265,238,235,276,244,239,266,276,309,290,316,310,322
53005,"Benton County, WA",944,989,1028,1041,996,1033,1089,1165,1182,1190,1267,1248,1243,1275,1314,1476,1428,1469,1456,1500,1782,1904,1987,1744,1744
53007,"Chelan County, WA",562,556,592,598,538,609,560,599,658,623,589,673,646,690,727,696,659,678,704,763,759,833,879,775,766
53009,"Clallam County, WA",753,769,836,813,828,828,869,945,915,922,881,954,903,948,949,959,934,1022,1062,1141,1087,1255,1287,1210,1214
53011,"Clark County, WA",2344,2317,2496,2501,2623,2729,2669,2667,2765,2851,2860,3020,3013,3131,3290,3449,3373,3448,3637,3873,4195,4650,4595,4453,4422
53013,"Columbia County, WA",49,50,45,51,49,38,58,51,38,41,61,57,39,52,54,62,60,61,49,60,62,74,60,54,54
53015,"Cowlitz County, WA",953,871,983,937,956,1041,1018,1009,1005,985,982,1012,1040,1092,1113,1149,1155,1271,1140,1243,1321,1588,1354,1342,1382
53017,"Douglas County, WA",252,208,259,273,269,257,264,258,279,281,299,284,306,304,312,313,283,298,305,333,342,387,373,359,312
53019,"Ferry County, WA",45,51,48,72,72,85,75,93,66,74,80,89,81,89,80,76,84,90,83,84,102,133,119,131,96
53021,"Franklin County, WA",311,298,316,260,291,278,310,303,357,366,329,378,352,364,361,367,357,414,423,436,529,554,544,544,534
53023,"Garfield County, WA",30,31,24,21,30,25,29,24,29,27,27,36,31,26,12,32,24,23,35,26,27,32,34,25,32
53025,"Grant County, WA",498,551,564,580,569,573,609,570,597,603,640,667,657,674,641,686,671,715,719,705,826,912,884,858,805
53027,"Grays Harbor County, WA",814,837,797,760,779,765,731,825,777,767,759,768,807,813,823,796,839,862,875,910,963,1134,1155,1069,1053
53029,"Island County, WA",534,575,559,621,592,594,592,631,643,604,629,642,659,642,682,762,702,797,809,808,855,908,908,878,886
53031,"Jefferson County, WA",263,264,269,313,292,298,306,300,344,318,353,348,324,323,341,381,361,374,400,410,412,447,438,407,465
53033,"King County, WA",11563,11544,11598,11635,11213,11482,11610,11710,12001,11592,11758,12094,12296,12471,12641,12717,13045,13377,13256,13559,14506,15117,15789,15390,15180
53035,"Kitsap County, WA",1723,1835,1766,1790,1773,1813,1741,1904,1916,1979,1970,1945,1973,1994,2147,2150,2226,2268,2229,2367,2364,2647,2603,2465,2635
53037,"Kittitas County, WA",237,252,264,248,244,236,254,248,279,259,275,281,271,304,263,306,303,327,307,355,363,384,395,393,383
53039,"Klickitat County, WA",180,182,154,168,163,176,162,182,149,183,155,197,182,165,182,156,196,213,216,206,214,297,253,233,257
53041,"Lewis County, WA",765,727,775,817,792,757,723,747,720,791,785,840,847,804,800,899,870,927,956,930,1023,1135,1139,1059,1037
53043,"Lincoln County, WA",133,107,111,94,104,134,109,103,133,121,130,108,113,111,104,101,128,111,119,114,127,144,140,155,127
53045,"Mason County, WA",517,521,471,526,533,594,587,601,578,562,585,626,612,641,626,683,660,719,684,715,746,875,826,847,813
53047,"Okanogan County, WA",319,365,412,370,361,365,362,353,417,414,376,430,418,396,424,470,413,469,434,478,486,563,555,519,509
53049,"Pacific County, WA",315,312,307,284,274,297,283,305,300,331,289,291,282,295,316,330,283,351,342,330,325,414,401,366,389
53051,"Pend Oreille County, WA",108,113,122,132,141,120,126,159,149,143,145,139,143,143,139,143,154,167,173,156,177,236,232,211,153
53053,"Pierce County, WA",5177,5391,5442,5521,5233,5514,5444,5632,5856,5762,5687,5753,5686,6019,6142,6443,6638,6960,6888,6911,7492,8227,8364,8005,7831
53055,"San Juan County, WA",113,133,117,119,107,105,126,123,135,116,111,135,148,136,149,150,162,132,133,147,146,159,131,171,167
53057,"Skagit County, WA",940,979,951,1098,957,1027,1022,999,1133,1110,1080,1117,1072,1077,1131,1191,1228,1277,1229,1247,1364,1535,1483,1450,1439
53059,"Skamania County, WA",71,66,68,57,76,78,86,65,74,86,83,84,89,74,79,87,103,81,83,106,101,105,107,137,133
53061,"Snohomish County, WA",3830,3973,4002,4262,4113,4248,4151,4314,4377,4453,4470,4675,4676,4872,4962,5311,5293,5597,5577,5611,6208,6390,6750,6290,6224
53063,"Spokane County, WA",3670,3688,3705,3668,3695,3644,3736,3818,4075,4000,3929,4018,4180,4234,4157,4600,4528,4670,4733,4687,5298,5869,5569,5328,5505
53065,"Stevens County, WA",354,344,399,401,391,390,408,403,398,403,400,433,411,401,460,486,441,469,486,457,516,632,614,564,549
53067,"Thurston County, WA",1550,1650,1624,1685,1601,1745,1851,1854,1832,1828,1820,1957,1997,2013,2053,2237,2151,2296,2375,2432,2535,2910,3053,2799,2746
53069,"Wahkiakum County, WA",45,54,56,56,44,42,43,53,60,38,44,54,47,56,45,46,49,39,46,64,55,68,69,62,72
53071,"Walla Walla County, WA",518,500,561,539,507,549,532,567,581,585,539,495,559,554,582,591,607,624,554,568,643,711,738,677,668
53073,"Whatcom County, WA",1228,1232,1304,1308,1328,1331,1318,1422,1415,1387,1411,1435,1564,1590,1491,1634,1717,1695,1611,1855,1903,2082,2068,2026,2070
53075,"Whitman County, WA",244,221,221,215,202,227,214,225,229,235,239,247,234,260,270,299,254,294,265,267,320,396,318,300,322
53077,"Yakima County, WA",1694,1770,1758,1778,1711,1861,1752,1771,1810,1878,1806,1818,1826,1872,1869,1949,2020,2056,2118,2005,2537,2537,2499,2296,2244
54001,"Barbour County, WV",207,178,183,192,190,195,201,164,179,188,174,178,208,197,203,199,193,181,198,200,252,272,244,227,234
54003,"Berkeley County, WV",627,680,654,748,775,709,743,735,807,837,800,880,896,918,996,990,1047,1051,1103,1111,1371,1548,1409,1249,1285
54005,"Boone County, WV",307,287,307,306,289,303,332,348,367,285,333,333,281,311,352,342,299,339,327,327,353,402,383,357,320
54007,"Braxton County, WV",143,171,188,199,150,148,184,183,182,163,152,165,196,174,186,179,179,178,198,180,172,210,216,183,176
54009,"Brooke County, WV",306,337,307,335,332,308,337,348,308,302,361,354,336,282,340,349,349,295,312,338,398,433,371,321,349
54011,"Cabell County, WV",1162,1163,1171,1238,1163,1220,1129,1255,1255,1090,1145,1168,1079,1246,1284,1228,1258,1357,1337,1309,1381,1602,1535,1299,1363
54013,"Calhoun County, WV",92,99,82,97,90,98,78,87,91,88,90,95,105,94,85,95,79,98,109,95,106,128,127,107,94
54015,"Clay County, WV",123,116,130,106,113,124,136,121,121,100,100,102,112,113,112,108,123,118,136,123,142,155,150,147,124
54017,"Doddridge County, WV",97,76,80,80,88,84,81,62,80,80,75,81,83,78,90,86,85,83,80,68,91,95,93,82,84
54019,"Fayette County, WV",658,675,594,593,603,585,607,646,626,670,647,608,640,647,670,653,661,649,622,656,693,806,767,676,684
54021,"Gilmer County, WV",87,64,79,87,78,82,106,87,81,82,58,73,82,82,67,84,90,81,94,89,98,92,121,89,95
54023,"Grant County, WV",138,126,106,108,119,127,124,111,116,108,119,141,127,131,135,139,133,121,147,171,173,182,177,164,175
54025,"Greenbrier County, WV",441,467,424,438,453,473,442,428,498,483,458,529,467,441,456,496,477,499,499,563,556,655,631,563,518
54027,"Hampshire County, WV",199,189,227,210,217,207,194,205,208,220,246,253,251,269,238,280,256,290,254,304,317,355,329,311,299
54029,"Hancock County, WV",404,449,435,444,427,441,392,402,419,430,381,388,440,384,433,411,443,462,442,425,539,539,458,450,422
54031,"Hardy County, WV",126,149,137,157,141,128,132,140,128,150,143,144,131,128,158,169,169,137,170,151,206,205,198,178,184
54033,"Harrison County, WV",905,874,890,871,843,834,828,855,823,874,828,930,834,856,843,850,851,885,869,923,867,1097,1033,978,901
54035,"Jackson County, WV",309,305,317,300,259,330,306,318,346,331,326,315,352,328,340,367,348,391,382,346,397,460,462,438,412
54037,"Jefferson County, WV",378,367,381,422,388,381,378,434,402,423,440,417,449,395,471,444,490,536,503,501,615,611,662,556,553
54039,"Kanawha County, WV",2503,2550,2511,2471,2469,2495,2403,2443,2578,2457,2473,2391,2418,2496,2443,2534,2529,2607,2679,2522,2952,3140,2920,2659,2557
54041,"Lewis County, WV",217,207,223,244,208,234,235,240,219,223,198,202,238,210,229,240,234,244,247,232,269,352,288,257,241
54043,"Lincoln County, WV",280,261,240,269,276,243,254,263,268,264,277,286,245,258,261,259,277,275,307,318,323,388,370,336,313
54045,"Logan County, WV",481,495,498,471,474,526,507,484,498,508,483,549,515,540,515,574,540,571,555,548,601,721,629,521,493
54047,"McDowell County, WV",437,393,375,368,397,348,380,374,374,359,364,381,399,368,309,349,343,295,369,323,366,431,421,333,301
54049,"Marion County, WV",703,804,734,797,694,657,670,695,730,687,641,643,657,630,649,717,710,705,741,712,739,882,847,723,741
54051,"Marshall County, WV",395,348,387,401,397,393,388,373,406,389,387,408,437,410,406,409,391,398,399,414,462,523,437,374,449
54053,"Mason County, WV",313,265,282,321,289,311,321,295,311,314,359,325,326,337,358,365,342,345,372,392,398,494,428,379,392
54055,"Mercer County, WV",799,832,838,823,814,796,824,900,848,894,863,946,912,914,901,889,847,948,903,888,1043,1185,1081,1010,917
54057,"Mineral County, WV",325,316,316,305,306,312,321,277,287,331,327,319,310,338,280,343,338,331,344,341,407,433,417,361,330
54059,"Mingo County, WV",333,317,332,366,336,334,392,353,378,369,360,369,349,367,402,338,343,371,345,386,412,495,458,413,393
54061,"Monongalia County, WV",663,657,651,591,613,633,599,630,634,614,617,650,651,660,658,715,726,723,732,705,813,846,882,775,775
54063,"Monroe County, WV",156,139,145,153,163,161,145,165,165,153,175,173,166,183,183,177,161,169,191,188,219,232,213,164,159
54065,"Morgan County, WV",154,174,180,185,171,184,183,181,196,194,212,194,190,226,208,207,241,236,230,228,250,287,288,224,253
54067,"Nicholas County, WV",317,280,306,294,284,317,324,320,326,328,325,341,356,327,311,322,337,358,317,352,354,437,442,376,361
54069,"Ohio County, WV",601,631,578,621,600,549,549,611,571,609,557,580,630,562,586,585,617,569,570,613,693,719,636,606,596
54071,"Pendleton County, WV",92,68,96,86,99,92,95,97,106,68,94,104,103,95,87,93,95,96,100,104,125,116,117,119,105
54073,"Pleasants County, WV",82,91,95,89,84,102,68,79,83,82,90,104,103,72,95,91,94,101,97,103,103,125,105,109,111
54075,"Pocahontas County, WV",111,127,112,116,139,127,123,117,107,110,115,91,107,116,106,107,94,103,107,115,120,139,158,142,126
54077,"Preston County, WV",369,296,357,340,318,310,303,329,340,311,319,336,362,367,351,385,367,393,388,358,438,490,470,437,439
54079,"Putnam County, WV",445,420,450,490,464,479,453,472,535,504,504,510,582,547,574,567,621,621,603,654,694,745,724,643,670
54081,"Raleigh County, WV",962,943,968,923,886,894,902,962,919,990,1012,986,1071,963,967,1087,1053,1030,1101,1142,1218,1405,1239,1156,1135
54083,"Randolph County, WV",343,346,346,363,353,328,337,307,338,352,310,362,355,388,346,377,366,356,356,383,391,486,429,443,410
54085,"Ritchie County, WV",125,125,123,144,126,109,134,119,128,139,119,122,126,100,132,127,107,133,132,112,137,147,138,130,131
54087,"Roane County, WV",180,198,171,184,180,165,178,201,189,177,169,176,191,199,196,193,215,208,236,195,206,229,238,230,198
54089,"Summers County, WV",168,174,179,169,164,150,146,152,198,159,206,207,171,207,190,208,186,231,182,180,222,263,238,180,194
54091,"Taylor County, WV",212,200,198,177,196,180,164,171,195,180,199,203,179,196,175,214,199,189,207,190,253,270,233,192,205
54093,"Tucker County, WV",87,71,97,97,85,91,78,87,83,107,94,91,88,98,77,85,95,76,98,111,125,117,111,110,95
54095,"Tyler County, WV",113,104,127,118,103,108,106,112,109,103,127,152,124,110,117,115,122,112,117,115,98,145,155,112,106
54097,"Upshur County, WV",268,262,241,272,267,261,260,273,238,258,258,252,261,247,276,257,308,295,254,258,305,351,311,289,274
54099,"Wayne County, WV",442,452,511,444,447,509,468,436,445,483,482,456,459,473,516,526,513,552,530,526,635,723,614,584,582
54101,"Webster County, WV",114,117,118,115,120,110,128,121,110,117,98,131,128,131,114,133,117,129,128,124,119,152,137,132,126
54103,"Wetzel County, WV",225,204,212,205,231,184,219,206,206,230,215,227,227,221,219,210,197,246,234,221,235,322,266,226,245
54105,"Wirt County, WV",46,50,59,59,58,73,59,49,68,54,61,62,52,57,72,66,54,67,64,56,69,87,89,75,83
54107,"Wood County, WV",1042,1002,1002,995,937,942,936,950,1019,1021,989,1039,1007,1046,1097,1076,1110,1098,1142,1121,1205,1362,1214,1152,1152
54109,"Wyoming County, WV",302,276,266,309,327,296,290,313,315,344,320,345,351,310,321,343,313,344,319,294,380,417,398,346,338
55001,"Adams County, WI",231,250,219,242,222,226,220,250,203,227,258,239,226,295,345,263,271,265,269,273,299,322,317,293,320
55003,"Ashland County, WI",208,200,210,191,210,206,164,202,188,173,187,185,163,191,197,188,187,186,204,200,201,206,211,191,203
55005,"Barron County, WI",444,477,506,474,431,487,485,468,455,462,486,516,517,496,507,474,507,520,553,562,587,618,583,584,540
55007,"Bayfield County, WI",151,168,158,128,145,151,130,160,146,180,153,142,164,143,157,174,170,154,179,154,200,190,168,188,154
55009,"Brown County, WI",1591,1600,1577,1568,1561,1630,1620,1643,1685,1574,1613,1852,1813,1851,1792,1974,2067,2081,2060,2137,2453,2375,2450,2263,2287
55011,"Buffalo County, WI",124,133,131,145,112,116,117,117,140,124,146,129,118,140,179,123,127,142,130,140,133,143,118,166,150
55013,"Burnett County, WI",183,195,217,194,174,183,179,166,158,146,136,173,162,187,197,186,167,213,197,198,205,230,221,218,219
55015,"Calumet County, WI",253,242,246,235,273,265,253,288,278,303,284,295,321,400,597,355,365,367,377,352,418,404,380,345,413
55017,"Chippewa County, WI",536,521,535,496,464,522,465,508,502,514,487,523,484,609,592,635,592,570,608,657,693,674,684,698,639
55019,"Clark County, WI",306,300,353,348,353,341,312,296,339,325,354,311,316,358,332,347,343,347,362,327,395,389,391,380,367
55021,"Columbia County, WI",509,551,518,485,497,500,465,505,502,480,514,522,501,516,528,561,548,532,561,590,634,632,596,645,609
55023,"Crawford County, WI",178,176,176,177,165,172,175,179,163,165,158,183,187,171,171,173,156,183,176,197,209,197,203,241,210
55025,"Dane County, WI",2514,2666,2676,2666,2640,2652,2611,2788,2764,2748,2866,2962,3033,3162,3296,3188,3234,3370,3455,3429,3985,3769,4002,3927,3941
55027,"Dodge County, WI",848,854,896,921,829,828,871,871,846,842,913,839,841,868,790,945,921,902,985,989,1210,1111,1051,1007,1051
55029,"Door County, WI",315,318,317,293,289,318,274,287,313,332,311,316,332,317,346,351,345,353,340,326,390,381,423,382,358
55031,"Douglas County, WI",455,425,455,449,450,429,446,438,417,394,398,442,430,448,392,386,443,402,453,423,549,498,527,541,454
55033,"Dunn County, WI",279,259,298,267,271,260,288,289,314,284,305,304,285,339,315,341,338,360,387,343,365,414,387,376,381
55035,"Eau Claire County, WI",641,741,702,689,705,705,773,720,712,700,706,787,762,843,828,921,838,877,896,874,1020,998,947,948,987
55037,"Florence County, WI",62,51,48,53,56,52,55,46,57,50,66,47,41,63,57,66,65,78,60,68,78,67,63,54,55
55039,"Fond du Lac County, WI",908,940,877,867,888,1002,941,933,920,843,904,915,911,972,1029,906,928,979,984,1025,1167,1182,1177,1063,1054
55041,"Forest County, WI",132,103,103,109,103,105,130,120,122,106,109,120,116,108,105,130,127,115,113,141,128,152,124,123,119
55043,"Grant County, WI",499,526,466,496,508,497,520,513,479,465,505,509,430,494,535,516,486,513,471,548,591,578,520,509,467
55045,"Green County, WI",322,319,340,326,306,316,302,331,318,334,314,343,333,342,328,361,345,324,387,355,421,397,383,404,381
55047,"Green Lake County, WI",243,227,255,247,222,232,236,190,256,224,202,207,236,211,242,231,230,258,234,240,263,286,261,254,244
55049,"Iowa County, WI",196,213,192,189,201,178,197,186,205,164,208,216,194,200,200,229,216,208,185,203,239,212,262,226,236
55051,"Iron County, WI",85,85,92,94,89,109,79,86,77,87,84,75,93,117,83,97,85,88,83,94,109,109,97,96,92
55053,"Jackson County, WI",219,206,192,212,215,190,175,202,164,170,180,204,199,226,215,228,190,228,201,208,269,236,241,237,223
55055,"Jefferson County, WI",610,569,570,622,590,609,571,579,643,625,615,572,650,624,718,661,692,736,723,739,863,892,885,793,834
55057,"Juneau County, WI",264,276,262,312,279,277,267,281,272,257,276,277,268,336,307,311,303,296,284,316,306,383,395,333,322
55059,"Kenosha County, WI",1226,1231,1251,1281,1292,1270,1265,1313,1303,1216,1272,1391,1371,1370,1461,1409,1415,1447,1505,1534,1746,1707,1703,1596,1509
55061,"Kewaunee County, WI",190,202,187,172,184,182,181,195,167,183,148,175,185,201,181,167,181,212,189,190,229,206,220,227,205
55063,"La Crosse County, WI",888,950,888,879,891,818,906,940,907,904,925,972,980,942,980,956,1008,1050,1043,1067,1185,1140,1153,1114,1104
55065,"Lafayette County, WI",144,122,149,157,141,130,136,143,152,133,146,130,128,138,134,127,145,142,146,156,166,165,159,164,138
55067,"Langlade County, WI",221,238,244,237,244,234,217,242,251,229,202,227,233,237,253,238,238,216,198,277,291,306,291,288,267
55069,"Lincoln County, WI",333,313,346,295,287,317,297,288,326,290,299,326,332,364,318,350,336,342,337,335,435,437,415,400,413
55071,"Manitowoc County, WI",855,818,823,751,764,745,794,819,821,774,825,806,796,879,852,927,861,903,874,895,1012,949,1037,904,902
55073,"Marathon County, WI",923,976,992,946,928,979,933,1038,1099,1021,1102,1167,1113,1183,1259,1193,1230,1238,1261,1250,1433,1444,1465,1345,1384
55075,"Marinette County, WI",470,531,508,524,472,490,522,482,465,453,453,515,513,519,475,522,488,545,555,591,641,615,642,541,615
55077,"Marquette County, WI",172,180,166,169,168,187,179,159,156,162,180,163,157,184,159,214,184,195,210,186,243,250,241,204,194
55078,"Menominee County, WI",36,41,29,33,44,45,26,36,43,47,36,38,34,40,40,44,53,48,45,51,69,65,64,86,57
55079,"Milwaukee County, WI",9075,8870,9046,8641,8515,8635,8214,8181,8088,7888,8167,8112,8050,8259,8070,8099,8384,8403,8697,8517,10377,9517,9425,8778,8367
55081,"Monroe County, WI",415,377,433,415,408,400,383,384,421,402,390,417,433,424,406,405,414,456,444,427,495,547,537,474,476
55083,"Oconto County, WI",358,348,315,329,327,326,323,317,349,347,356,353,319,344,373,338,389,393,366,380,462,414,427,442,429
55085,"Oneida County, WI",432,361,400,358,421,420,425,423,387,429,429,442,439,428,460,490,437,483,475,468,573,531,562,515,508
55087,"Outagamie County, WI",1107,1083,1123,1151,1118,1197,1146,1194,1190,1146,1218,1303,1194,1283,1211,1500,1432,1414,1516,1567,1757,1674,1672,1670,1654
55089,"Ozaukee County, WI",583,616,567,622,636,608,679,692,682,690,747,678,755,692,707,822,763,777,826,837,937,906,942,841,875
55091,"Pepin County, WI",72,70,88,90,69,67,70,76,56,82,81,61,67,86,83,64,79,61,72,72,75,81,63,70,83
55093,"Pierce County, WI",245,211,253,229,234,229,214,230,252,242,233,214,255,264,256,287,286,321,286,280,350,371,351,328,328
55095,"Polk County, WI",378,404,423,422,398,403,405,408,454,406,403,394,401,451,443,451,429,477,469,479,496,580,543,544,502
55097,"Portage County, WI",406,453,464,419,456,493,460,481,461,450,480,506,511,536,552,533,523,536,535,559,624,718,636,651,595
55099,"Price County, WI",206,190,188,202,215,201,183,192,183,159,162,171,162,168,202,206,185,184,174,194,206,213,211,190,173
55101,"Racine County, WI",1614,1606,1489,1500,1504,1543,1610,1498,1614,1520,1631,1656,1737,1669,1740,1796,1871,1877,1866,1982,2298,2231,2227,2051,2108
55103,"Richland County, WI",185,183,197,180,166,164,171,183,184,177,162,189,182,174,173,188,190,199,212,185,222,227,219,219,183
55105,"Rock County, WI",1335,1336,1301,1317,1312,1412,1406,1272,1352,1315,1384,1421,1477,1462,1460,1492,1526,1549,1595,1577,1855,1771,1910,1729,1777
55107,"Rusk County, WI",168,212,179,173,176,192,167,148,159,159,170,170,189,193,205,201,168,159,200,193,195,234,193,186,189
55109,"St. Croix County, WI",445,429,482,460,415,430,436,444,469,520,540,548,534,527,597,596,610,625,619,629,748,812,757,771,720
55111,"Sauk County, WI",487,546,508,507,512,506,524,564,574,554,582,589,570,589,644,653,684,663,638,645,747,752,747,743,713
55113,"Sawyer County, WI",183,216,209,189,152,187,206,172,189,189,171,199,201,215,229,217,218,206,202,224,264,278,232,235,246
55115,"Shawano County, WI",476,430,458,445,421,450,431,414,451,375,450,439,430,491,442,441,492,480,498,491,561,505,512,481,476
55117,"Sheboygan County, WI",1084,1008,1095,994,1038,1092,1100,991,1016,1022,1003,1067,1106,1146,980,1127,1165,1097,1150,1167,1337,1251,1284,1185,1150
55119,"Taylor County, WI",176,192,202,172,159,196,148,175,195,191,198,176,145,190,163,199,184,190,190,195,206,226,211,218,225
55121,"Trempealeau County, WI",297,320,284,319,260,281,295,331,289,262,265,255,289,278,250,301,291,310,297,287,321,303,292,275,297
55123,"Vernon County, WI",331,333,309,286,272,324,281,296,294,295,270,320,255,285,289,305,316,304,294,292,371,355,364,346,323
55125,"Vilas County, WI",254,265,263,239,222,238,274,274,294,283,244,308,272,293,280,291,325,280,306,358,331,365,348,348,355
55127,"Walworth County, WI",825,791,818,796,873,867,848,808,810,845,839,898,849,977,933,917,895,961,981,999,1196,1095,1064,1037,988
55129,"Washburn County, WI",198,190,174,172,174,190,179,164,175,196,191,212,230,211,206,197,205,206,197,220,248,278,258,218,222
55131,"Washington County, WI",795,828,851,893,873,868,878,928,905,942,999,999,1035,1046,1068,1107,1123,1222,1172,1255,1393,1388,1382,1314,1335
55133,"Waukesha County, WI",2798,2668,2838,2750,2725,2911,2922,2741,3051,2916,3089,2978,3204,3166,3360,3293,3427,3488,3662,3592,4277,4149,4001,3765,3813
55135,"Waupaca County, WI",634,684,624,711,657,678,715,685,677,699,711,734,700,662,667,763,694,778,719,720,824,759,695,667,648
55137,"Waushara County, WI",243,282,250,268,297,237,247,271,252,225,260,273,291,264,248,274,274,289,293,310,337,331,311,319,327
55139,"Winnebago County, WI",1196,1271,1282,1317,1256,1264,1324,1277,1334,1360,1398,1482,1375,1414,1428,1443,1553,1495,1597,1580,1809,1731,1758,1663,1723
55141,"Wood County, WI",696,662,698,672,676,745,712,730,680,701,759,731,759,755,674,800,858,813,856,868,984,1051,999,880,945
56001,"Albany County, WY",197,193,185,179,169,167,198,182,167,171,196,179,204,198,187,153,206,200,204,193,253,267,239,235,239
56003,"Big Horn County, WY",134,139,137,109,122,143,141,152,155,119,138,130,136,132,137,125,127,164,130,165,147,191,140,128,136
56005,"Campbell County, WY",154,163,184,185,147,171,197,197,226,277,243,246,210,243,248,257,207,245,271,285,332,367,339,319,345
56007,"Carbon County, WY",145,134,148,132,139,128,138,146,137,144,125,123,116,132,154,124,152,148,118,129,169,162,160,145,151
56009,"Converse County, WY",94,80,86,99,101,70,79,103,100,102,105,116,122,133,121,130,121,135,112,118,144,163,136,132,155
56011,"Crook County, WY",58,48,58,52,44,55,46,44,47,55,58,54,73,67,54,55,65,63,68,66,105,82,86,64,72
56013,"Fremont County, WY",320,368,387,404,320,333,399,393,370,390,398,391,455,412,416,432,412,427,447,439,564,582,531,486,516
56015,"Goshen County, WY",132,127,150,134,146,126,122,137,118,128,152,126,147,136,150,135,144,133,159,156,194,188,172,173,167
56017,"Hot Springs County, WY",65,72,62,72,62,60,53,65,66,63,55,65,64,72,72,85,62,85,64,86,103,87,86,102,78
56019,"Johnson County, WY",86,72,58,78,81,88,80,75,87,83,94,77,86,84,87,102,97,102,111,84,101,110,95,102,96
56021,"Laramie County, WY",660,684,667,688,655,728,732,751,679,712,768,762,746,719,754,851,797,788,895,934,975,1250,1120,1008,1039
56023,"Lincoln County, WY",102,115,106,122,118,127,94,137,114,112,114,131,104,117,127,128,142,126,141,156,177,173,157,169,146
56025,"Natrona County, WY",567,593,615,576,543,601,663,567,602,644,645,649,645,736,707,747,692,712,741,767,924,936,835,847,866
56027,"Niobrara County, WY",34,20,30,33,19,28,37,21,29,30,25,23,27,24,30,40,22,27,26,23,39,36,28,24,25
56029,"Park County, WY",203,213,238,246,256,235,252,237,256,235,255,251,272,260,267,270,286,300,291,302,349,440,340,295,342
56031,"Platte County, WY",100,79,117,96,90,84,100,91,86,80,98,101,99,91,104,103,91,85,133,96,110,171,130,120,121
56033,"Sheridan County, WY",283,307,303,290,274,280,318,271,321,288,292,306,268,293,318,328,341,307,358,308,344,384,366,351,346
56035,"Sublette County, WY",44,40,54,45,54,62,51,49,55,53,47,49,47,43,57,50,52,50,80,65,74,78,73,75,70
56037,"Sweetwater County, WY",232,254,247,278,276,249,255,282,241,252,237,257,293,257,282,267,312,311,324,310,417,419,383,379,361
56039,"Teton County, WY",71,77,73,86,75,77,72,63,80,70,98,62,86,86,86,97,90,70,79,127,95,90,104,72,89
56041,"Uinta County, WY",100,112,119,116,115,126,131,140,140,120,138,129,117,139,146,152,142,146,139,171,181,187,209,164,184
56043,"Washakie County, WY",77,77,83,89,92,90,79,83,89,86,87,88,92,74,81,86,92,81,99,81,105,113,100,111,103
56045,"Weston County, WY",62,62,67,63,57,71,74,80,62,69,70,72,72,68,81,61,70,63,80,60,81,106,76,85,81
